date,house,debate_uri,speech_number,speaker,member_name,text
2018-12-13,dail,https://data.oireachtas.ie/akn/ie/debateRecord/dail/2018-12-13/debate/main,218,Deputy Catherine Connolly,Deputy Catherine Connolly,"deputy catherine connolly
          tomorrow, 14 december, is the 100th anniversary of the general election which saw the first dáil in 1919. it was a significant election on so many levels, not least the fact it was the first general election in ten years and it occurred just over one month after armistice day, when the war to end all wars stopped. it was an election that saw the size of the electorate increase from 700,000 voters to 1.93 million by extending the franchise, albeit a franchise limited to women over 30, with specific conditions, and to all men over 21.
          it is worth noting that voters were galvanised by anti-military and anti-conscription sentiment throughout the country. one woman, countess markievicz, was elected to that dáil and became a minister. unbelievably and unfortunately, it took 60 years before we had another female minister, when a fellow galwegian, máire geoghegan-quinn, was appointed. from the first to the thirty-second dáil, we have gone from one female minister out of 105 members to 35 female deputies, including ministers, out of 158.
           the glaring absence of female deputies in the intervening 100 years has had profound and detrimental consequences for women and society in general. it led to a complete absence of open and balanced public discourse on subjects of vital importance. indeed, successive male-dominated governments worked hand in hand with a male-dominated catholic hierarchy to shape a society that reflected their narrow and limited version of morality. they created an ireland that was unequal and positively hostile to women and mothers. it gave us the ireland of denial, deception and deceit in which church and state worked hand in hand with the male-dominated medical profession to defeat the most basic mother and baby scheme in 1951. it created the ireland of the institutions, the legacy of which we are still dealing with. it was the ireland of the magdalen laundries, industrial schools and mother and baby homes. it gave us the ireland of inequality which allowed men up to 65 to disinherit their wives completely. it permitted a marriage bar under which married women had to leave their jobs. it did not consider women fit to sit on juries until the very courageous máirín de burca took her case in 1973. it was an ireland that thought it was acceptable to interfere in the marital privacy of the bed, forcing a very courageous woman, mrs mcgee, to go to the supreme court which led to the irish solution to the irish problem of 1979. i could go on and on but will restrict myself to a couple of other issues. marital rape was unrecognised until 1991 and the eighth amendment took 35 years to remove from the constitution. deputies, particularly female deputies, have a duty to recognise what has gone before and to shape a different ireland in which a home and public health are basic human rights. we must be a voice for peace in circumstances in which we are shaping up, 100 years after a war, to have a european army."
2018-12-11,seanad,https://data.oireachtas.ie/akn/ie/debateRecord/seanad/2018-12-11/debate/main,589,Senator Rónán Mullen,Senator Rónán Mullen,"senator rónán mullen
          almost since the dawn of human civilisation, the remains of deceased members of society have been treated with dignity and buried or cremated in a dignified and respectful fashion. we see that in how our ancestors on this island buried their dead in the neolithic age and bronze age periods. we see it in the works of the great writers of the greek and roman civilisations, for example, sophocles, where the desecration or disrespect of dead bodies, such as dead soldiers on a battlefield, was viewed as the harshest form of humiliation and denigration. that respect for the remains of our deceased comes right up to the present day, with organised burial and cremation of remains taking place in this city since victorian times and with strict laws continuing to govern such practices.
           as someone who does not want to see the introduction of abortion into ireland, i am enough of a realist to know that, when the service is introduced, there will be foetal remains left as a result of the abortion procedures. that is an inevitability. in my eyes and those of a great many people, possibly the majority and certainly a very large minority, these are the remains of human beings who lived, if even for a short time and only in the womb. they are entitled, therefore, as human beings to the same basic level of dignity as any other human being. the amendment seeks to guarantee that.
           it is, of course, the case that, sadly, pregnancies end through miscarriage. it is, of course, the case that it is not always possible to arrange for the burial of the child that is lost in that situation. it is, of course, the case that, in the past, we did not have sufficient respect for babies who died in pregnancy, were stillborn and so on. we do not need to go into the tragic history. however, ""natural fallacy"" is the term that is used to describe the philosophical flaw in the argument that, because miscarriages happen every other day, somehow the little creatures who are miscarried are less valuable and that it might be legitimate, therefore, to procure or bring about that miscarriage deliberately. when one thinks about it, that argument is tantamount to saying that, in countries where there is a higher infant mortality rate, as there certainly is in many countries in the developing world, somehow the right to life of such children is less great.
           the amendment places a duty on hospitals and the hse to arrange for the dignified disposal of remains, where a surgical abortion takes place, by cremation or burial. as senator ó domhnaill has made clear and as i also want to make clear, this amendment does not compel women to have any responsibility for this unless they expressly want to. we have seen a major controversy in recent years in respect of the tuam mother and baby home and the allegations about the improper treatment and burial there of the remains of innocent infants. i do not see how anyone who is shocked and offended by the issue could not support this amendment, which would prevent any repeat of such practices as a result of the introduction of surgical abortion.
           we have seen reports of grotesque treatment of foetal remains abroad. i do not propose to go into the detail of how planned parenthood, the organisation with which the irish family planning association, ifpa, is affiliated, was found to have dealt with foetal remains. colleagues will be familiar with it by now. it shows what happens when strict guidelines are not in place and abortion becomes a money-making industry, as it is in the united states and, perhaps, many other places.
           there was also the exposure - as it has been referenced, i will not go into it now - of shocking practices in the treatment and use of foetal remains in hospitals in the uk.
          colleagues may be familiar with the case. they are remains of human beings whose lives were cut short because the law of the land allowed them to be. surely, as a society that strives to be decent, our laws should at least allow for some basic human decency in these situations and the remains of those children should be disposed of carefully and with respect. 
           i draw the attention of colleagues to one or two particular elements of the proposed new section 23. subsection (7) reads: ""a person who sells or offers to sell a foetus or the bodily remains or any part thereof of a foetus who has been the subject of a termination of pregnancy shall be guilty of an offence"". it seems strange that we even have to think about such issues, yet they are realities in our world. for example, planned parenthood has been implicated in such unacceptable and very cruel practices and chilling commentary on the sale and transfer of body parts of aborted foetuses. it does not do one good to listen to some of the conversations that took place involving some of the people from that organisation. i draw members' attention to an article which shows how quickly things move once they gather momentum. it appeared in the
						irish times on 14 november and was headed, ""is it right to use aborted fetal tissue for research?"" it was written by george winter. it is posed as a question, but it is very clear that the author regards it as absolutely right and proper that aborted foetal tissue can be used for research. he refers to the repeal vote as overturning a manifest injustice and describes those who oppose it as ""anti-choice"". he raises the issue of what happens when one can point to scientific or therapeutic benefits which flow from the medical or scientific exploitation of foetal body parts. the question of eating the fruit of the poisoned tree is raised. the more abortion becomes accepted practice and the more advances in science there are the more these issues will arise. of course, there is a scientific benefit to be derived from research and we all want to see medical cures."
2018-12-11,dail,https://data.oireachtas.ie/akn/ie/debateRecord/dail/2018-12-11/debate/main,168,The Taoiseach,The Taoiseach,"the taoiseach
            i was asked about the interaction between the minister for children and youth affairs and the pope during his visit. as members will be aware, they spoke briefly in arás an uachtaráin about tuam and the minister followed up that conversation with a letter. the pope has provided a written response, although it is more of an acknowledgement than a substantive response. the minister has engaged with the religious order that operated and owned the tuam home and it has agreed to make a financial contribution towards the excavation and to work with her on helping the commission get to the facts of what happened in that particular mother and baby home.
             on church-state dialogue, it is not a formal structure in the sense that it does not have a secretariat and there is no member of staff whose job it is to manage that dialogue, but it is structured in the sense that it occurs at least once a year. everybody knows when it is going to happen, an agenda is prepared and delegations are put together, usually comprised of myself and a number of ministers and representatives of the religious orders. defined times are set aside to deal with each of the issues and during the year these are followed up by the line ministers.
             the church of scientology is not part of the church-state dialogue and i have not had any interactions with it."
2018-12-05,dail,https://data.oireachtas.ie/akn/ie/debateRecord/dail/2018-12-05/debate/main,623,Deputy Mattie McGrath,Deputy Mattie McGrath,"deputy mattie mcgrath
          what we might call the first half of this amendment introduces a statutory and regulatory requirement to provide for the dignified disposal of bodily remains of foetuses which have been the subject of termination of pregnancy, including the dignified disposal of ashes generated by the cremation of such remains in accordance with section 25(1)(b). it also proposes that the bodily remains of a foetus which has been the subject of a termination of pregnancy shall be disposed of only by way of section 25(1)(a) via ""burial in a burial ground for the purposes of section 44 of the local government (sanitary services) act 1948"" or section 25(1)(b) ""cremation carried out in a crematorium"". the amendment is absolutely clear that the pregnant woman who has been the subject of the relevant termination of pregnancy ""shall be entitled to choose the manner of the disposal of the bodily remains of the foetus subject to"" regulations made by the minister. in the event that the woman declines to choose the manner of the dignified disposal of the remains in question, the minister, pursuant to section 25(1), shall provide for the manner of a dignified disposal of the bodily remains of the foetus. as the proposers of this amendment, it is our hope that these provisions achieve a sensitive and appropriate balance between the rights of the woman to determine the manner of a dignified disposal with the right of the unborn child to a dignified resting place.
           this amendment seeks to bring the legislation close to that in the uk. it is, in fact, milder than the legislation in the uk. it is all about the dignity of the remains. i do not know why there would be any controversy about this but there was before committee stage. we were accused of hijacking the bill and everything else by the media. we merely sought to have a dignified and respectful ending of the life of the baby and a dignified disposal. we saw all of the different allegations during the referendum about how distressing it was for mothers to have to bring back their babies in a box etc. all we want is to have respectful disposal. it is no more and no less. we are not trying to impose anything on anyone or debase or undermine anyone. i could not understand why there was such a frenzy in the media and on the part of some members as well. that was headline seeking. all we wanted was a dignified disposal and resting place for the unborn child.
           we had such controversy, such costs and rightful disgust at what happened in tuam and elsewhere. i could not understand why, with this amendment, we could be accused of seeking to undermine and so on. that goes to show the intolerance of the so-called tolerant people. all we are asking for in this amendment is something very similar to what is in the uk. it is a tad milder than what they have over there. i make no apology for tabling it. like the other amendments we put down, it was tabled in good faith. we did not hog the proceedings and we did not table a large number of amendments.
           i am not criticising the bills office: that is the way it has to operate. however, it added to the numbers of amendments because some of our amendments were divided up into two, three or four. we were very mindful of the need to have a short and concise debate so we kept the amendments to a minimum. many of us spoke to a minimum. deputy tóibín stated earlier that 50,000 words had been spoken by the people who were saying we were filibustering. those on the pro-choice side turned out to be filibustering themselves."
2018-12-05,dail,https://data.oireachtas.ie/akn/ie/debateRecord/dail/2018-12-05/debate/main,627,Deputy Peter Fitzpatrick,Deputy Peter Fitzpatrick,"deputy peter fitzpatrick
          i support this amendment which would allow us to show some dignity to the remains of the unborn child after a surgical abortion has been carried out, which is a violent and gruesome procedure. the amendment guarantees that unborn children who have been aborted will have their remains treated properly either by burial or cremation. it places no burden on the woman to have a role in this, as has been falsely alleged, unless she chooses to. the amendment would safeguard against those horrifying stories in other jurisdictions where the remains of unborn children have been treated as medical waste or, as in the case of one shocking practice which operated in the united states, were sold for profit for the purpose of medical experiments. we need to ensure there is no way this could ever happen in ireland. much has been said in the house about the treatment of human infants’ remains in the tuam mother and baby home. surely we never want to see this happen again. we need to pass this amendment to ensure that.
           as a matter of international law and of human practice going back thousands of years, the remains of all human beings are entitled to be treated with dignity and respect. by rejecting this amendment, the government is stating that unborn children who have been aborted are not entitled to this respect. this will be a truly shocking indictment of the house and shows total hypocrisy, particularly in the wake of the scandal of the treatment of the remains of babies in tuam. this amendment simply guards against inhuman and barbaric practices which happened in ireland decades ago and have happened in other jurisdictions in recent years. for this reason, i strongly support this amendment."
2018-11-29,dail,https://data.oireachtas.ie/akn/ie/debateRecord/dail/2018-11-29/debate/main,331,Deputy Bernard J. Durkan,Deputy Bernard J. Durkan,"deputy bernard j. durkan
          there were particular circumstances where a young woman found herself in a desperate situation, with nowhere to go, with no help from any quarter. the only place to go was across the water, to leave the country or disappear into what were once the magdalen laundries or the mother and baby homes. it is time we grew up a little. it is time we learned that women had lives as well, that they are entitled to due and fair consideration and that they do not find themselves, at this time, in the 21st century, isolated, alone and forlorn.
           we were there for three months. we listened in great detail. we were there all of the time and we missed none of the debate. we did not read about it afterwards; we got it first-hand. i compliment my colleagues, some of whom i did not always agree with, but we did what we had to do and what we were obliged to do, which was to take our responsibilities seriously and to recognise there was something that needed to be dealt with. the people responded and they made it quite clear.
           last night it was suggested that minorities have rights. yes, they do, and so do majorities. the one has to be balanced against the other, and that is democracy; that is the way it has always been. however, we should not exclude a group of people representative of 52% of the population, whether we like it or not - that is, women - and say, ""in the future, as in the past, you are not really a first class citizen. you are not equal because you do not control your own future.""
           i will leave members with this. let us assume one puts oneself in the shoes of a woman in those circumstances. i am sorry i am hoarse, a cheann comhairle."
2018-11-28,dail,https://data.oireachtas.ie/akn/ie/debateRecord/joint_committee_on_justice_and_equality/2018-11-28/debate/main,3,Deputy Maureen O'Sullivan,Deputy Maureen O'Sullivan,"deputy maureen o'sullivan
          gabhaim míle buíochas leis an gcoiste agus leis an gcathaoirleach as ucht an deis seo a thabhairt dom labhairt ar an mbille seo. i am very grateful for this opportunity. i will begin with some general points and background. we know about our own past when it comes to protecting and guarding children and how much it leaves to be desired. we had all of the events in industrial schools, mother and baby homes, magdalen laundries and foster homes. however, ireland has come a long way in ensuring the safety of children and we have seen the progress that has been made on child welfare and protection. even though there is still room for improvement in ireland we can only imagine what it must be like for children in those countries where they do not have protection and do not have child welfare or safeguards. the bill is about trying to protect children who are easy prey for sexual predators in countries where the authorities cannot or will not protect them from those convicted of sexual abuse in ireland.
           the un convention on the rights of the child recognises a child as being a person under the age of 18. child abuse is also about trafficking, which is the third biggest illegal industry after arms and drugs and accounts for billions of dollars annually. statistics indicate that 2 million children are lured or abducted into sexual exploitation, which is modern-day slavery. a report by ending child prostitution and trafficking, ecpat, international states child sex tourism has drastically increased. it is a real incongruity that we speak about children and sex tourism in the same sentence. one of the main reasons is that the increase in global travel has created more opportunities for abuse. the offenders are generally white, western middle-aged men of some means. there are also women offenders and we also have situational offenders. the promotion of tourism for economic growth in these poorer countries brings more and more westerners to places with little or no regulation or policing but more and more children available for sex. we know the countries involved are india and countries in south-east asia, latin america, the caribbean and africa.
           there have been many high-profile cases but i will mention one that i have already mentioned when speaking on this issue. this is the case of a seven year old child who was sold to a former us marine. the former marine was eventually extradited from south-east asia and is serving a very extensive prison sentence in the united states. we also have records of the sale of virgin girls and organised sex rings. there is evidence of organisations offering sex tours with stops at bars and restaurants that are fronts for child prostitution.
           the impetus for the bill came from meetings with irish priest, fr. shay cullen, who is directly involved in rescuing children from the sex tourism industry in the philippines and supporting children affected by it. we all know the physical, emotional and psychological consequences for children. there have been cases of suicide, attempted suicide, depression, addiction and sexually transmitted illnesses. at a press conference i was at with fr. cullen he spoke of what has been happening through the dark web and the rise in child pornography. to join a photo sharing paedophile club on the dark web, applicants must submit pictures of children being abused. some clubs insist on the applicant showing himself perpetrating the abuse. to get the images, men travel to countries where there are ample opportunities to photograph and video such abuse. the images then give them a pass to access further unlimited images. this requirement to provide pictures is fuelling travel to poor countries. we know that cybersex is on the increase. fr. cullen spoke about five and six year olds being abused in this way over the internet. the abuse is carried out to order and customers around the world pay per view through money transfer companies.
           i will give another example from australia. in 2017, it emerged that 700 to 800 australian male convicted child sex offenders were travelling annually to countries in south-east asia, such as the philippines, cambodia and thailand. following this revelation, the australian government passed the passports legislation amendment (overseas travel by child sex offenders) act 2017. it was introduced in the australian parliament on 14 june 2017, passed both houses on 20 june and received assent on 26 june. it allows a competent authority of the australian government to request its minister for foreign affairs to refuse to issue, cancel or order the surrender of a person's australian passport if his or her name is on a child protection offender register. this is to prevent reportable offenders from travelling overseas to sexually exploit or abuse vulnerable children.
           this is a tricky situation for which to legislate because of the constitutional right to travel. although it is wonderful to have this right to travel, it was never intended to grant a right to travel to a person to abuse children in other countries when that person has been convicted of child sexual abuse in his or her own country. the purpose is to regulate and restrict where appropriate sex offenders from travelling abroad in the interests of the common good and to protect persons outside the state from serious harm. it seeks to do this by increasing the powers of judges. it is not an outright ban on travelling. it relates to those convicted of child abuse, whether a physical act of abuse of children or using child pornography films, child abuse images or recordings on phones. it recognises the constitutional right to travel but also the need to protect children abroad. the restriction provisions will be decided on a case by case basis by a judge who can weigh up the issues. there is a lot of constitutional protection. the convicted person is heard and represented and the judge can hear whether the offender has been genuinely engaging with a recognised rehabilitation programme. it will be the judge who will strike the balance between the constitution and the protection of children outside ireland from those convicted of child abuse in ireland.
           i suggest it is not so much about punishing the sex offender with regard to travel as protecting children. when we look at the facts of the growing child sex tourism to holiday destinations such as poland, the philippines and other places, i must question the current freedom of sex offenders to travel to these places. there is also the frame of mind of the offenders when they return to ireland from a place that is normalising the abuse and exploitation of children.
           there are just two sections in the bill. it has a narrow remit for obvious reasons. it is focused on giving powers to judges. it empowers them on the evidence of child abuse to impose conditions and travel limitations at the time of sentencing or later, when the judge is satisfied there is or is not a risk of offending abroad.
          for example, a convicted sex offender may have leave to travel to england for a few days for a funeral or family event, but not to a country where there is known child abuse.
           it is a small step, but it would be a clear signal that ireland - we would be the first country in europe to do so - does not want its child offenders to be in a position to offend in other countries where child abuse is happening with impunity."
2018-11-07,dail,https://data.oireachtas.ie/akn/ie/debateRecord/select_committee_on_health/2018-11-07/debate/main,516,Deputy Mattie McGrath,Deputy Mattie McGrath,"deputy mattie mcgrath
          we must learn from past scandals. subsection (5) of the amendment provides, ""a person who disposes of the bodily remains of a foetus which has been the subject of a termination of pregnancy otherwise than in accordance with subsection (2) shall be guilty of an offence"". that aims to avoid any possibility of the recurrence of an event which occurred in 2000 at the national maternity hospital, holles street, when the hospital admitted it may have incinerated the remains of a baby whose mother had been led to believe her child would be buried in the holy angels plot at glasnevin cemetery. it was reported at the time that the hospital disputed for several years whether it had dealt with the remains and insisted that it had no record of the location of the body.
           the amendment also highlights that our intention is not to place the onus of responsibility on the woman who has been the subject of a termination of pregnancy but, rather, on the facility or hospital where the abortion took place. although the amendment is silent on how the disposal of foetal remains ought to be monitored, it is our view that service providers should be subject to regular audit of relevant policies and procedures and that inspection of registered providers' termination of pregnancy services should take place. have we learned anything from the tuam mother and baby home and other such institutions? this is real life.
           i will not address the selling of foetal remains in detail. subsections (8) and (9) of the amendment would prohibit selling or offering to sell a foetus or the bodily remains of a baby. all present are aware of the corrupt money involved in such trade in other parts of the world. we are not dreaming this up. there is clear international evidence of such trade. we are not trying to criminalise the mother at any stage."
2018-11-07,dail,https://data.oireachtas.ie/akn/ie/debateRecord/dail/2018-11-07/debate/main,131,Deputy Denise Mitchell,Deputy Denise Mitchell,"deputy denise mitchell
            will the minister for children and youth affairs outline the planned timeline for the beginning of the excavation works at the site of the mother and baby home in tuam? what is the draft legislation required in advance of the project, and were there any offers of financial contributions?"
2018-11-07,dail,https://data.oireachtas.ie/akn/ie/debateRecord/dail/2018-11-07/debate/main,132,Deputy Katherine Zappone,Deputy Katherine Zappone,"deputy katherine zappone
            the government agreed an approach to dealing with the site of the mother and baby home in tuam, county galway, at its meeting of 23 october last. i am committed to leading this project. it is my view that a phased approach will mean an informed and targeted approach to the forensic excavation of the available area. in this way the logical sequence of complex technical, legal and forensic decisions will be grounded in real-time information emerging from the site as the work progresses. my proposals are based on offering compassion and dignity for the children who were interred in such an horrific manner on this site.
             as outlined in the expert technical group report, the circumstances in tuam are unprecedented and, because of this, we need new or bespoke legislation to enable the necessary work to proceed. exhumation is strictly controlled in law. it will take time to prepare and enact the new legislation and we need to get it right. i am putting in place a small cross-departmental team to develop the legislation as a matter of priority. we will have a clearer picture on an overall timeframe once the cross-departmental team has commenced its work.
             i started negotiations with the bon secours order on a contribution to the costs of taking the proposed measures at the site in tuam. the order has willingly and constructively engaged with me, and an offer of €2.5 million has been made. to be clear, this is not a settlement offer relinquishing the order from any future liability. it offers no indemnity. i will revert to government to seek approval of the agreement in the coming weeks.
             i understand that this is a very important decision for all connected to the site in tuam, most especially those who believe they may have a loved one buried there and those now living close to the site. i am committed to ensuring that all the children interred at this site can have a dignified and respectful burial. it is only by taking the right actions now can we truly demonstrate our empathy, compassion and commitment to work towards justice, truth and healing for what happened in our past and, most especially, for those who were abandoned."
2018-11-07,dail,https://data.oireachtas.ie/akn/ie/debateRecord/dail/2018-11-07/debate/main,137,Deputy Katherine Zappone,Deputy Katherine Zappone,"deputy katherine zappone
            i was at an extraordinary conference in boston last week. it brought together many top-class irish scholars as well as some international scholars. it was a privilege to be there, i learned a lot, and i am taking much of it into account as we move forward. on the legislation itself and whether that has the potential to form the basis for the use of a template or model for other sites, should that be required, i expect that it could and i hope that it will. that is a decision that has to be made once the people gather together to begin to develop the approach. it does, however, seem a reasonable one.
             in respect of the committee, perhaps it will be the joint committee on children and youth affairs. the issue is that the legislation to be created relates primarily to issues of justice as well as coming within the context of the mother and baby homes. that will again be decided in the context of development of the legislation."
2018-11-07,dail,https://data.oireachtas.ie/akn/ie/debateRecord/dail/2018-11-07/debate/main,142,Deputy Catherine Connolly,Deputy Catherine Connolly,"deputy catherine connolly
            at the end of the ""prime time"" programme, the girl who was brave enough to give her name said that she did not know why she came forward. we have to show that we are responding to these issues in a timely manner. it is stated on page 7 of the report that the minister commissioned from the health information and quality authority, hiqa, report of the investigation into the management of allegations of child sexual abuse against adults of concern by the child and family agency, tusla, upon the direction of the minister for children and youth affairs, and which was presented in june this year: ""it is imperative that tusla ensures its own operational arrangements and cross-agency working practices do not allow criminal investigations to impede its statutory duty to safeguard children"". that was a specific imperative that tusla look at this and not be caught by criminal investigations. notwithstanding all of that, this man was convicted in april of this year. the nrp started looking at this case in april 2016 and here we are now in november 2018.
             i cannot accept it. it looks like the minister has had some communication if she understands that there is no problem. what mechanism is there for this independent review panel to communicate with the minister and the government in respect of what is happening with time and resources? the charleton tribunal, which was on a much larger scale, could report in less time and communicate with us regularly. the commission in respect of tuam and the various mother and baby homes is also coming back to us regularly. where is the mechanism to explain to us the delay?"
2018-11-06,seanad,https://data.oireachtas.ie/akn/ie/debateRecord/seanad/2018-11-06/debate/main,67,Senator Marie-Louise O'Donnell,Senator Marie-Louise O'Donnell,"senator marie-louise o'donnell
          i was present for the enactment of the children and family relationships act 2015 in spring 2015. parts 2 and 3 of the act govern family relationships arising from donor-assisted human reproduction, that is, the use of donor eggs, sperm or embryos to conceive children. they create a legal structure whereby the commissioning or social parents of children born through donor-assisted human reproduction would be rightly recognised as the parents of those children. the act also prohibits the practice of anonymous egg, sperm and embryo donation and creates a legal regime to ensure that children born through such a process will be able to find out the contact details of the donor and try to make contact if they so wish. the ultimate purpose of the provisions is to vindicate the child's right to identity. however, parts 2 and 3 have not yet been commenced. there has been a delay of almost three and a half years between the passing of the act and the commencement of those parts. the commencement of the act is the responsibility of the minister for health, deputy harris. in a press release on 6 july, the department of health stated that commencement would take place in the autumn. i ask the leader to clarify whether commencement is imminent and, if it is not, whether the department will indicate the reason for the very lengthy delay. this is an important issue which relates to the assisted human reproduction that takes place openly in other countries and in private in this country, adoption tracing bills that will be coming before the houses and, of course, the remains of bodies at mother and baby homes, which is a different but connected issue. parts 2 and 3 of the act have not been commenced some three and a half years after the act was passed. anonymity regarding egg, sperm and embryo donation should be prohibited in ireland. this is a very serious matter. i ask the leader to provide clarification on the status of the commencement of parts 2 and 3.
          i am aware that the minister is busy but perhaps he could come to the house and let me know."
2018-10-25,dail,https://data.oireachtas.ie/akn/ie/debateRecord/committee_of_public_accounts/2018-10-25/debate/main,49,Deputy Catherine Connolly,Deputy Catherine Connolly,"deputy catherine connolly
          i welcome the update from mr. ó foghlú. it is clear. what is not clear is why it has taken so long. going back to the 2002 indemnity agreement, 16 years later, five properties remain to be transferred fully. it was expected that four of these properties would have transferred by the end of quarter 3 of this year. the current position is that three of the five will transfer by the end of the year, one by the first half of next year, and i do not know when the fifth will transfer. that is outstanding.
           if we go to the 2009 voluntary offers, i have followed matters up with the assistance of the chair, who has been very attentive to it. they arose as a result of the ryan report and its damning findings. properties were offered on a voluntary basis. we were led to believe there would be no difficulty. that was in 2009 and of those 18 properties, nine still have not been transferred in 2018. i see that there is progress and that a lot of those buildings and properties are in use by various state bodies. i welcome that.
           coming to galway and st. anne's, lenaboy, if anything typifies or brings into acute focus this whole scheme it is lenaboy in galway, which i think is empty since 2009 although i am told it has been empty officially since 2011. galway city council announced it was a gift. i have gone into that background and will not do so again. it was not a gift. it was given by way of redress. it has, inexplicably, remained empty since 2009 or at least 2011, and now we are told that a geophysical survey was carried out. i realise that was under way. i did not realise the city council had requested it. i understand that the results of the geophysical survey have not yet been provided to the congregation. a geophysical survey was commissioned. it is very important to see the results.
           the context of the mother and baby home in tuam is only relevant to today's proceedings insofar as we again have a minister saying that the sisters of the bon secours are willing to give so much money. we are back again. we do not know the circumstances. it seems the minister approached them for a contribution but it is not put in context. it is very important to give context in these matters. the context here is that this particular building at lenaboy was never given as a gift. it was given as redress and it is inexplicably empty and deteriorating at a terrible rate since it became empty. in this regard and in respect of the other ones, i simply do not understand the role of the department of education and skills or how it failed to ensure these agreements were complied with in a more speedy fashion. i do welcome the department's continual updates and i welcome the progress."
2018-10-25,dail,https://data.oireachtas.ie/akn/ie/debateRecord/dail/2018-10-25/debate/main,155,Minister of State at the Department of the Taoiseach (Deputy Seán Kyne),Minister of State at the Department of the Taoiseach (Deputy Seán Kyne),"minister of state at the department of the taoiseach (deputy seán kyne)
          it is proposed notwithstanding anything in standing orders that the dáil shall take no. 32a, statements on tuam mother and baby home, immediately after proceedings on the statements on the disclosures tribunal report (charleton report) today. the statements will be brought to a conclusion after 85 minutes, if not previously concluded. the statements shall be confined to a single round by a minister or minister of state and the main spokespersons for parties and groups or a member nominated in their stead of ten minutes each with a five minute response from a minister or minister of state. all members may share time and that topical issues debate shall be taken on the conclusion of the statements or at 5 p.m., whichever is the later. the dáil on its rising today shall adjourn on the conclusion of the proceedings on second stage of the vulnerable persons bill 2015 until 2 p.m. on tuesday, 6 november 2018."
2018-10-25,dail,https://data.oireachtas.ie/akn/ie/debateRecord/dail/2018-10-25/debate/main,172,Minister for Children and Youth Affairs (Deputy Katherine Zappone),Minister for Children and Youth Affairs (Deputy Katherine Zappone),"minister for children and youth affairs (deputy katherine zappone)
          i welcome this opportunity to update the house on the decision by the government on the site of the former mother and baby home in tuam, county galway.
           before i outline the substance of what has been agreed, i warmly welcome former residents, their loved ones, advocates and friends who are here today and those watching proceedings from afar. i acknowledge the role which their collective determination has played in this historic decision. i want to especially mention the heroic persistence of catherine corless and other advocates in seeking truth and justice for innocent and forgotten children. i also acknowledge the broad welcome and positive expressions of support for the course of action upon which we are embarking. it is my sincere hope that this process delivers answers that assist to dispel the secrecy and the shame so unjustly experienced by vulnerable mothers and their children.
           at its meeting on tuesday, the government approved my recommendation for the forensic examination of the site of the former mother and baby home in tuam, county galway. this allows for an approach recognised internationally as humanitarian forensic action. what has been agreed is a phased approach, which meets best practice in terms of human rights, as well as science and forensic practice. the actions which will now be taken are a phased approach to the forensic excavation and recovery of the children’s remains insofar as this is possible; the use of systematic on-site testing to locate potential burials; the analysis of any recovered remains to include individualisation and identification; and arrangements for the respectful reburial and memorialisation, as well as appropriate conservation of the site.
           all reasonable steps will be taken to ensure the children interred at the site have a dignified and respectful burial and to assist their families, as well as the wider community, in seeking answers to as many questions as possible.
           i acknowledge the work of dr. geoffrey shannon who produced a report entitled, human rights issues at the former site of the mother and baby home, tuam, county galway. dr. shannon has examined the legal and human rights issues relating to the burials in tuam. his report is clear - we have a duty to act to the greatest extent possible. dr. shannon’s report has now been published in full on my department’s website.
           i also acknowledge the work of the expert technical group on the tuam site. i am grateful to niamh mccullagh, forensic archaeologist and her multidisciplinary team of experts who helped us understand what options were open to us for the site at tuam, as well as what each option would entail in practical terms. both documents endorse the proposed phased approach and have greatly assisted us in arriving at this decision.
           a phased approach means an informed and targeted approach to the forensic excavation and recovery of the commingled remains. in this way, the sequence of complex scientific decisions will be informed by real-time information emerging from the site as work progresses. in addition, this approach also facilitates the systematic piloting of an identification programme, including the use of dna technology. on the potential role of dna technology, we know it is an ever advancing and powerful science but we must accept it comes with no guarantees before the work commences. the expert technical team has been clear in the need to be cautious and realistic in terms of our expectations in this regard.
           the potential scale of the excavations cannot be determined in advance. excavations will initially focus on the remains we know to be within the series of chambers identified by the commission of investigation last march, with further testing to allow for the informed and phased extension of the field of investigation across the available site as necessary. forensic excavation of the full site will be undertaken as this is deemed necessary to find answers.
           the expert technical group has already identified eight separate anomalies. these findings will be supplemented by further investigations to determine the extent of potential human remains across the site. we will not include areas where houses and gardens have been built and developed. in this way, i hope the level of disruption around the site can be effectively managed and minimised. let there be no doubt that every effort will be made to locate and recover all juvenile remains from the site. such actions are correct. implementing this decision will not be straightforward. as minister for children and youth affairs, i am committed to taking a lead on the commencement of this project.
           first, new legislation is needed to provide specific lawful authority for the proposed course of action. exhumation is strictly controlled in law. the two relevant statutes are the coroners act 1962 and the local government (sanitary services) act 1948. the legal advice of the attorney general is that the existing legislative pathways are inadequate to sustain exhumations and the related forensic actions in the circumstances of the tuam site. before significant works at this site can commence we must ensure there is a sound legal basis upon which to do so. my aim is to have this legislation published by the end of the first quarter of 2019.
           some groups have suggested a role for the local coroner. again, it is important to recognise that the coroner’s role is prescribed in law. a coroner may open an inquest into a death, or seek a licence for exhumation of remains, only in specified and limited circumstances. should further information emerge about the remains, then it would be a matter for the coroner to consider what response may be appropriate in accordance with his independent functions. i expect the coroner to remain in close contact with relevant agencies as matters progress.
           as i announced on tuesday, a small cross-departmental team is to be established to advance the preparation of the legislation and i have received commitments of support from key departments. we will work with the ministers for justice and equality, housing, planning and local government and rural affairs and community development, among others. together, we will consider details of drafting necessary legislation, as well as project plans to make sure that our future actions continue to meet the highest possible standards. the wider interdepartmental group on tuam, led by my department, will continue to provide an oversight role in terms of strategy and overall approach for the project.
           at this point it would be premature to speculate on a timeframe for completion of the legislation or the commencement of site works. by definition this is uncharted territory but i am determined to turn our commitments into action as soon as possible.
           with regard to costs, we have estimated potential costs as between €6 million and €13 million. given that the project will be responsive to the demands of the site, there is clearly potential for high variability in the ultimate costs. accordingly, i want to emphasise again that these are preliminary figures. our estimates include excavation and ground works on-site, as well as related technical and laboratory based forensic work with further costs arising for respectful reburial and memorialisation.
          further clarity on the contracting authorities and procurement considerations will emerge in the course of preparing the legislation and related considerations but i remain strongly of the view that the church should contribute willingly, unconditionally and quickly towards the costs of dealing with the tuam site. estimates of the costs of the options under consideration were provided to the bon secours order during the summer. on current estimates, the €2.5 million offer is between 20% and 40% of the estimated costs. the offer accepted in principle is not a settlement. it carries no indemnity in relation to any findings which may emerge from the commission of investigation.
           since confirmation that the site contains the remains of children, my officials and i have been grappling with how to ensure that as a government, a country and a society we respond appropriately. we have been guided by families and campaigners, the residents of tuam and the best possible expertise available to us. the views expressed to me during my visits to tuam were uppermost in my mind as i prepared a recommendation for cabinet.
           the personal testimonies of those who are connected to the tuam mother and baby home, either through personal experience, family or lost members of family, will live with me forever. there are lost children, lost sisters and lost brothers. the impact on individuals and families has been devastating. we are also mindful of those living close to the site, so as part of our inclusive approach dedicated community liaison and communication processes will be put in place and will be a key element of our plans.
           this week our attention has returned to the site in tuam and rightfully so. we have acted primarily to ensure that where possible people are given answers about their loved ones, acknowledging that the pain, grief and injustice caused by events in that home may never heal. of course, the mother and baby home history is much wider. what happened in tuam was part of a pattern of injustice that we cannot overcome unless we acknowledge it.
           the commission of investigation will report its findings for the whole investigation early in the new year. as minister, i will continue to examine the ways we can respond to the wider concerns of the advocates, families and survivors."
2018-10-25,dail,https://data.oireachtas.ie/akn/ie/debateRecord/dail/2018-10-25/debate/main,173,Deputy Anne Rabbitte,Deputy Anne Rabbitte,"deputy anne rabbitte
          i thank the minister. i welcome the opportunity to speak today on the news of what came out of the cabinet meeting earlier this week. fianna fáil welcomes the recent announcement of the minister that a full forensic excavation will be conducted at the site of the former bon secours mother and baby home in tuam. we fully support all efforts to bring justice to all survivors of the mother and baby homes and to deliver some peace to relatives and survivors. this era in irish history represents a blemish on our collective morality and we must do our best to right the wrong of this era.
           we have reached this point through the tireless work and campaigning of many people, most notably catherine corless, the amateur historian from tuam who slaved behind the scenes for years to investigate the history of the bon secours mother and baby homes and finally uncovered the horrific story. furthermore, a number of survivors' groups and individuals have done ireland a great service by ensuring the story was heard even when many people had no interest in listening to it.
           there is a need to manage expectations, as the minister has said, with regard to the excavation. in its report the expert technical group, comprising academic leaders in dna and forensic science, were honest about the severe technical challenges in many cases and the impossibilities of identifying the mingled remains of many very young children. the expert technical group further stated there is a need to communicate realistic expectations about what dna may be able to produce in a complex site such as tuam.
           given the advanced age of many survivors of the bon secours mother and baby homes we believe it is crucial that the work is done as quickly as possible. this is something i referenced with the taoiseach yesterday. as the minister indicated in her speech, we do not have timelines. the minister has given a welcome commitment that we will have the primary legislation in the first quarter of next year but anybody who has ever come in the doors of leinster house realises how difficult it is to get legislation through.
           one of the issues i spoke about yesterday was with regard to all of the good work being done by the various expert technical groups and how the excavation will be mastered on a phased basis. it will need to run in tandem with the legislation because there is no point in completing one part of the jigsaw if we are not ready immediately with the legislation. no member of the house would want legislation to be the cause of a delay. from what i can gather, the bill will refer to complex existing legislation, including the coroners act, the local government (sanitary services) act, the public health (ireland) act, the criminal justice act, and legislation on forensic evidence and the location of victim remains. an awful lot of work must be done in this regard. i am glad and heartened to hear the minister will work with other departments to pull it together. that in itself will be fantastic. this will be about using the tuam site to map how we can bring closure to other sites throughout the country if needs be, with tuam being the priority at present.
           i acknowledge the work done by dr. geoffrey shannon. he produced the report on the former site of the mother and baby home. he brought a human aspect to this as he chronologically went through it.
           the only way this can be approached is on a phased basis to take into account the residents who live locally and the survivors at the epicentre of this. it will take into account the community, which is most important. many people never thought it would come to this stage. they all thought it would just be reports and accolades for catherine corless and the fabulous work she has done. i do not believe they envisaged it would come to the stage where we have a report that states it will be done on a phased basis and that the government will support it. we are happy to be part of that support. it is very productive and heartening to see and it is very welcome. there is a wider community we must bring with us. there is a community that has been silent and this is hitting a very raw nerve. this was the norm and the way of life back in the 1940s, 1950s and 1960s. we are touching history but we are going right under the skin. some families have never had this discussion and it will go right to their heart. conducting it on a phased basis, with regard to what the dna sampling will throw up and what people will learn when they decide to investigate their history, will bring closure for many very good people.
           i always reference one or two people when i speak in the chamber and those i will mention today have been met by the minister. they are tommy ward, who is a good friend of mine, and pat duffy. they are deeply grateful for the progress to date but we cannot stop here. we need to ensure that the work of the commission of investigation is completed. i do not know whether it is on track. it has received extension after extension. will it be finished by february 2019? are we on track to see the completion of this work?
           there is also a concern, and i believe it is only right that i say it, with regard to where it will go next. people are fearful it will turn into a forensic site or a crime site. this is some of the commentary that is taking place. perhaps the minister will be able to allay some of these fears. some residents are afraid that where they are living will be made a crime scene. this is a real question from the residents in tuam.
           there is another moral aspect to all of this.
          although the excavation will bring some closure, we must also consider the survivors. in some cases, they were deprived of an education, a proper upbringing or access to their records. the minister referred to a cross-departmental group which is to be established. some of the survivors are seeking housing, medical or counselling supports. now more than ever we must offer them real supports such as counselling. these people need the opportunity to talk with professionals. they need their voices heard and to feel listened to. some of them do not have access to transport or are dependent on state support. we must find a way to ensure that the survivors of the tuam mother and baby home have access to a counselling service such as those in ballinasloe and galway. it is not like dublin, where one can take a taxi or a local bus to such appointments. those services are not freely available in my area of the country. we must find a mechanism to support those seeking counselling or assistance with housing issues. some of the residents and survivors i have encountered have issues with literacy and numeracy and would like some help. we have a very good council in galway with which we should liaise in order to support the survivors. we can help them to achieve closure by offering them such supports. i thank the minister for her action on this matter."
2018-10-25,dail,https://data.oireachtas.ie/akn/ie/debateRecord/dail/2018-10-25/debate/main,174,Deputy Denise Mitchell,Deputy Denise Mitchell,"deputy denise mitchell
          i welcome the announcement by the minister of a forensic excavation of the burial site at the former mother and baby home in tuam. i acknowledge the work of and offer thanks to catherine corless and the families and loved ones of those believed buried at the site. i thank the campaigners and activists who kept this issue at the top of the agenda.
           this is a very important decision. these institutions are a very dark and shameful part of our state's history. the hurt inflicted on women and children is beyond measure. addressing these historic wrongs is of great importance. it is important to the victims and those who believe their loved ones may be buried at the site. it is also important for our younger generation who are rightly shocked that this went on in recent times in their country. it is important that those generations see that the relatives and campaigners are not abandoned by the state and that the state is willing to recognise the wrongs of the past and go some way to addressing them.
           i hope that as well as bringing the truth to individual families this decision will help reveal a broader truth about how the system operated here for far too long. the state has an obligation to investigate the cause of death of those buried at tuam and to ensure that their bodies are returned to their families for burial. many of the relatives of those buried at tuam are rightly concerned by the likelihood that some of the remains may never be identified. i welcome the statement yesterday of the taoiseach that dna analysis and forensic examination will be used to try to individually identify the remains and arrange for their respectful reburial.
           a separate scoping exercise is under way into illegal adoptions. i have spoken to many people who were illegally adopted but had absolutely no idea that was so. we must recognise that there are likely to be people who were born in tuam and illegally adopted and have no idea that a relative of theirs may be buried at the site. that must be addressed.
           on the burial site, the government must do all it can to ensure that whatever resources are necessary are made available to respectfully recover and identify the remains. the minister made the point that new legislation will be needed to provide specific lawful authority for the proposed course of action and announced the establishment of a small cross-departmental team to advance this priority task. that is particularly welcome given that this is a unique situation. in some cases, the excavation of such sites takes place after armed conflict. i ask that the house be kept informed of the progress of the legislation. it is to be hoped that it will pass swiftly through the house. i hope it will not be the case that nothing can be done until the legislation is passed. will it be necessary to fast track the legislation? how can we ensure progress on this issue? i ask the minister to outline whether she believes work will begin on the site as soon as possible.
           in the past few days the religious order which ran the mother and baby home in tuam, the bon secours sisters, announced that it will contribute €2.5 million towards the cost of the excavation. we do not know how much the project will cost, but reportedly it may cost €12 million or far more. if that is the case, the cost of the excavation should be shared. the €2.5 million offered will not come anywhere near covering even half the cost of this necessary and important work.
           the mother and baby home in tuam is not an isolated case. for decades, women and children were treated appallingly in similar institutions across this island. many relatives and campaigners have been very upset by the delay in the report of the commission of investigation into other sites. it is due in february and many people across the island and further afield are hoping that similar progress will be made at other suspected burial sites. we must ensure that tuam is the beginning of a process and that similar steps are taken to investigate, locate and recover remains at other sites in a timely manner. obviously, nothing can undo the tremendous hurt and wrong inflicted on those who suffered in these institutions. the state and religious orders must do all they can to ensure that at the very least those who died in these homes are afforded dignity in death and that, insofar as possible, the loved ones of those who died are given the answers they seek and find some form of closure.
           it is important that survivors and families are informed of announcements before they are made in the media. some of the families and campaigners were upset when news about the tuam announcement was reported on radio and online before they had been informed. regular updates on the progress at the site should be provided to the families and loved ones involved. members of this house should also be updated. all present are aware of the enormous public interest in this matter. i hope the minister will ensure that will be done."
2018-10-25,dail,https://data.oireachtas.ie/akn/ie/debateRecord/dail/2018-10-25/debate/main,175,Deputy Bríd Smith,Deputy Bríd Smith,"deputy bríd smith
          unfortunately, i missed the minister's opening statement so i might ask questions that have already been answered. i congratulate her on how she has dealt with this. it is probably one of the best outcomes we could have hoped for. as well as congratulations being due to the minister, huge congratulations are owed to catherine corless. there is no doubt that she has become a national hero for her work on this. i have noticed that there is a renewed interest in our history, particularly our recent history, among a lot of young people. much of it is dark and concerns how the state formed after the war of independence and the awful things that are emerging. there is a renewed interest in it and our population will keep an eye on how this progresses because people are quite passionate about that and where it ends up.
           i understand, which is why i pre-empted it by saying i did not listen to the minister's opening remarks as unfortunately i had something else to do, that the tuam home survivors network is calling for an inquest into the deaths and for the coroner to have a statutory obligation to do so. perhaps the minister could speak on that.
           the striking issue is the cost, which should not be the case because it is worth spending the money regardless of the cost to ensure that we get full disclosure and the survivors and their families are satisfied with the outcome. the reason it is an issue is because of the paltry offer of €2.5 million from the bon secours order towards the overall cost of €13 million or so. it echoes the legacy the catholic church has given us and its recent failure to pay into the residential institutions redress board and fully acknowledge its responsibility. of course, it was a responsibility shared with the state but the church seems very unwilling to share it in terms of actual pounds, shillings and pence, which in itself is not evidence of regret or full retribution but would go quite a long way towards saying it acknowledges its responsibility and its role in this and is going to meet the state halfway on it. all of us in this house should condemn the bon secours order for its refusal to do so, all the more so because the bon secours health system is the largest private healthcare provider in the country and its profits over the past number of years have been enormous. in 2016, it recorded pre-tax profits of €5.4 million. it employs over 3,000 people and does so in a private health system that is basically propped up by the public health system. that is what the sláintecare report has told us and is one of the causes of the trolley crisis, bed blocking and all of the issues involving waiting lists. the private healthcare system cuts through that and allows medicine to be provided on the basis of who can afford what rather than on the basis of need. rather than just seeing this as a piece of history, which it is, a fitting tribute to it should be the dismantling of the preference for private healthcare over public healthcare because we end up with understaffing in public hospitals, historic waiting lists and the trolley crisis in our accident and emergency departments. these issues are in no small measure due to the prevalence of private healthcare. these outcomes are not the direct responsibility of the minister but they are outcomes the population would desire and this state should see as something we want to move towards. this is reiterated in the sláintecare report.
           another outcome should be the separation of church and state. everywhere we turn, the legacy of the combination of church and state in education and health is very prevalent. we still see the catholic church's domination of our education system and many voluntary hospitals. many of us in this house, probably even the minister, are concerned about the future of the national maternity hospital, which the state is giving over to st. vincent's to build at a cost of at least €360 million. we still have not seen the final i's dotted and t's crossed on that contract and until we do, many of us will be extremely concerned about the genuine independence of the national maternity hospital from the ethos of the catholic church. there are many concerns that are indirectly connected with this report on the tuam mother and baby home.
           the main thing here is to remember the babies and show them the dignity they deserved. when we first spoke about this, it was the day after the then minister for finance opened the bon secours hospital limerick at barringtons. i remember being outraged that the two things coincided, looking at the profits of bon secours health system and arguing at the time that its empire was built on the bones of the dead tuam babies. i still think there is an argument for what i said then but i think we need to remember the babies, children and the 79% who were recorded as having died in that facility during their first year. it is a shocking statistic that was way above any other mortality rate in any other institution or aspect of irish society. the one thing this house can do very effectively is to continue to call on the bon secours order to carry at least half of the cost of the outcome. i look forward to the minister keeping us posted as things develop with the excavations, reports and research. i say ""well done"" on the report and congratulate the people of tuam and catherine corless in particular on the fantastic work they have done in memory of these people who were treated so cruelly by church and state in our horribly dark past."
2018-10-25,dail,https://data.oireachtas.ie/akn/ie/debateRecord/dail/2018-10-25/debate/main,176,Deputy Catherine Connolly,Deputy Catherine Connolly,"deputy catherine connolly
          gabh mo leithscéal nach raibh mé anseo. bhí mé ag an gcoiste um chuntais phoiblí. i apologise; i wish i was here for the opening statement but i am a member of the committee of public accounts, a meeting of which is still running. i did read the minister's detailed press release and also sped-read dr. geoffrey shannon's work. i also compliment the minister on her decision, which was the right one, and thank dr. shannon. from what i have read, he has been very helpful in placing this matter in a rights-based context. from what i read, there was clearly an obligation to bury the infants lawfully and with decency and respect and the bon secour sisters were under a statutory duty to report each death and inform the families of the circumstances. that is my reading of what dr. shannon was saying and putting it in a statutory or legal context. is it not extraordinary that he has to confirm there was a duty on the bon secours sisters to bury the infants lawfully? is it not extraordinary that in 2018, in the 21st century, we are grateful that he is confirming that this should have been done? clearly, it was not done.
           it is also important to realise that the minister's decision, which is very welcome and correct, has come at the end of a long journey of pain and suffering for the families. i will declare an interest. i am involved on a personal basis and was involved on a professional basis. i also have a very specific interest on a political basis. this is really just the first step in dealing with ireland's buried past. i hope that this process is the first positive step in saying that we will leave aside the patronising attitude that was displayed up until now that we knew best and that knowledge should not be given out and that this is a new era where maximum knowledge will be given to the survivors so that they, and i put myself in one of those families, can decide what is best and how we go forward. i attended a briefing in tuam where we were told about closure. i do not think it is the government's business to tell any of us about closure. that is up to each individual based on maximum information. i would like clarification about the inquest that has been mentioned by deputy bríd smith. very strong representations have been made to us because it is important to establish the circumstances of the death and how the children died. clearly, there are lots of questions. i pay tribute to catherine corless and all of the survivors and their families. it has not been easy for any of them. it has been particularly difficult. there is a huge element that wants to leave well enough alone and get on with living yet there is another segment within us that says no, we cannot do this.
          even though it is messy and difficult, we have to deal with this. we owe it to the families, our relatives and the babies who were never buried with dignity. we need details of the phased aspect of the minister's decision. i get worried when i hear the words ""phased aspect"" without time limits. there is an onus on the minister, and perhaps she has done this, to explain how she approaches the bon secours sisters.
           i have come from a meeting of the committee of public accounts, which started at 9 a.m. one of the items of correspondence we dealt with and which is relevant in this regard relates to the 2002 legal agreement on redress. first, in 1999, there was an unreserved apology, without conditions, from the former taoiseach, bertie ahern. he said what happened should not have happened and that he was sorry. that was followed by a commission of inquiry which reported in 2009 and there was the redress board. the last figure i saw for this was €1.5 billion out of the state purse. caranua was established and there was a statutory scheme under the remit of the department of education and skills. what emerged again from the correspondence this morning was that the legal commitment entered into in 2002 has not been complied with. there are still several properties that have not been fully transferred.
           in 2009, following publication of the ryan report, which was utterly damning of the system that allowed children to be incarcerated in the manner they were, the religious orders came forward and kindly offered several properties and money but now, in 2018, we are still awaiting the completion of that offer. there is no legal obligation on them to do that. the initial legal agreement in 2002 under the former minister, michael woods, underestimated what was involved. there is a particular onus on the minister this time not to agree in any manner behind closed doors on the contribution from the bon secours sisters. if we have learnt anything, it is that it should be done in an open and accountable fashion with minuted meetings and be based on reality as to what this process will cost us. it has implications for many other sites so it must be done with diligence. 
           we learned today that lenaboy, the industrial school in taylor's hill in galway that was given over in 2009, is still empty. the department is now completing a geophysical survey and we do not know its results. there is an intimate connection between this institution and the mother and baby home in tuam. 
           in the course of the magdalen inquiry under then senator mcaleese, a great deal of information emerged. i have highlighted this to the minister before now. many deputies were given briefing papers marked ""strictly confidential"". they had been given to the assistant national director, hse intelligence. there was no intelligence following these briefing papers. they were also given to the assistant national director, hse children and family services. they came from the consultant public health physician and epidemiologist. that was health intelligence. i have repeatedly referred to this. it refers to bessborough but i will not discuss it now.
           the briefing document of 12 october 2012 on the tuam mother and baby home states that the home was involved in the provision of babies to america for the adoptive market. it added that there were letters from senior church authorities asking for babies to be identified for the american adoptive market and that the records relating to tuam were ""detailed and extensive"" and would require time to comb through. there were one or two areas of deep concern that needed to be looked at. there are letters from bishops and senior church officials who had written to the home asking for babies to be made available for adoption. a careful study of these letters is necessary it stated. there were also examples of the home sending out bills to parents for the upkeep of their children, in many instances when the mother and the baby had been discharged. the home was also in receipt of state money. like the institutional diaspora, there was frequent admission to, and discharge from, psychiatric hospitals and so on. the briefing document concluded that in both bessborough and tuam there were issues of concern in respect of historic patient safety, medical care, accounting irregularities, and interference with birth and death certification, which required further investigation and so on. it also referred to illegal actions and stated that although much time has passed, the possibility that illegal actions took place required further investigation. this document went to the highest people in the hse.
           according to catherine corless and her careful research, there were matching death certificates for 796 infants. if the same number of children and babies is not found or if more are found, there will be serious questions to answer. there are also questions regarding what adult remains will be found there. the minister has made a good decision, which i welcome. i hope it is the start of maximum information and accountability and letting this dáil, but most important, the survivors and families, decide what they want to do with that information."
2018-10-25,dail,https://data.oireachtas.ie/akn/ie/debateRecord/dail/2018-10-25/debate/main,177,Deputy Joan Burton,Deputy Joan Burton,"deputy joan burton
          on the day of the pope's visit, i have to confess i felt it impossible to attend the events in phoenix park. i wish the pope and the people who were attending the events well but for somebody like me who has lived through much of this era, the pomp and circumstance in the park, when so many people's stories are incomplete, or in some cases totally unknown to them and their families, was not only hurtful but almost intolerable. i find it difficult to keep on having to talk about this. people who were in the homes have gone on to make their own lives, and very good lives in many cases of which they have every right to be proud because they overcame circumstance and went on to rear families and raise children, yet they still do not have full status in this country.
           on that day i went to the garden of remembrance, a very appropriate name. i stood with the people who carried beautiful banners with a blue background simply titled, ""truth justice love"". that is all that is required. there is no big politics in this. the politics of the people who defended the nuns and priests and the institutions at every stage is gone. many people would remember them for all the good they did for many people, particularly those who worked in the institutions, local people who supplied food and bread and so on and sold stuff to the institutions. there were many in the community who knew a lot about it. that is our history. in the five years since catherine corless discovered the official records showing that 798 infants and children had died at the site of the mother and baby home in tuam, we have taken a rather long road to this point. 
           nonetheless i welcome the minister's statement and i hope it addresses some of the issues for people who have lived to tell the tale and build their own lives but also for their families.
          in particular i welcome that the remains will be exhumed, but the minister should acknowledge that it may be necessary and appropriate to have some kind of coroner's inquiry into the deaths. these were irish children like any other irish person who has died. i realise the minister is probably concerned about the cost. however, sometimes money is not that important and the amount is not necessarily that huge. in order to make a reparation for what was done to people in the name of irish society down the decades, we need to acknowledge that many of the survivors' families want to see some kind of court proceedings.
           i understand that the process of exhuming the remains and examining the site is very delicate archaeological-type work, but we have done that previously. ireland supported the work on the mass graves in bosnia, which are still being excavated. modern technology has developed. we know of the searches being done for the disappeared. the minister should be confident that this examination will greatly inform us and more importantly inform survivors, families and friends of the little babies who died. they died like flies, really, from neglect, although for a long time officials covered it up.
           i commend the officials in the department of employment affairs and social protection, working with the registrar of births, marriages and deaths, who were very helpful to catherine corless when she commenced her long research. when i was told about it, i immediately complimented the staff on being so helpful. deputies from the area will know that the staff went out of their way to ensure that whatever records were available were made available, which was important.
           on the day of the pope's visit we had the truth, justice, love protest. that is what we want in all of this. we want to see it completed. in particular i mention peter mulryan, brother of the little baby, marian bridget mulryan. we are given to understand that she may have died and was buried in that septic tank, which is a horrible thought for any family. even if for decades irish society deemed those children to be illegitimate, one only has to visit little cilliní at the top of mountains to know that was not the total irish feeling. people did bury children who were outside the structures of the catholic church and still continue to visit those graves and honour them. the people in tuam want to be able to properly honour all those children who died as well as the mothers who died in a way that we find appropriate in this day and age.
           one of the problems for peter mulryan is that he does not know if his sister is really buried there or if she, in fact, had an arranged adoption to america. when i went searching for my records, i found it is a social worker-led process. by the time i went searching i had been elected several times to this house. i had also served as a minister of state in three departments, including the department of justice. i subsequently served in cabinet. yet, i have no legal rights to my records. i cannot demand my records. the minister needs to come out and say i do not need a social worker. i know children who need a social worker, but i certainly do not, nor do many of the adults i know. we have no legal rights in this country. such legal rights were given in scotland about 50 years ago and much earlier in other jurisdictions.
           i am glad for what has happened, but we need to get the complete story. this first step with modern technology should give us considerable information. however, the minister needs to listen to the community in tuam and to the families. as a society, we are obliged to go the whole way on the journey with them. i think the minister needs to get off the fence and do something about the 50,000 other people who, in this country only, have no rights to their own records. we had the recent revelations about a couple of hundred people, whose births were wrongly registered, but that is just the tip of the iceberg. the minister knows that, as do i and everybody else here. we know this from the stories we were told.
           going back to the american adoptions, one of the first things i was told was that i was meant to be sent to america, but for health reasons i was not fit enough. that is ireland's gain and maybe america's loss. when i went to st. patrick's guild, the people there continually denied it. then one day a couple of years later, when my husband was with me, out they brought something like a little trophy and said, ""and here's your passport.""
           when the relatives talk about what they know or what they heard - some of it is pretty awful - a lot of it is true. we need to end this cult of secrecy forever, and just honour the dead and their families."
2018-10-25,dail,https://data.oireachtas.ie/akn/ie/debateRecord/dail/2018-10-25/debate/main,179,Deputy Michael Harty,Deputy Michael Harty,"deputy michael harty
          i welcome the government’s decision to carry out a full forensic excavation and dna testing of children’s remains at the site of the tuam mother and baby home. i know the minister recognises it will be a huge logistic and scientific undertaking. it is an extremely important decision and is the correct response by the minister.
           this episode in our past is a gigantic blot on our religious institutions and how they cared for and, in this case, did not care for children entrusted to their care. without the intervention and investigation of this site by the historian, catherine corless, and the publication of her findings we would not be aware of this awful episode in our past. 
           the lack of care, compassion and respect for these vulnerable children is still unbelievable. however, when we add the total disregard for their dignity and humanity in the manner of their disposal rather than burial, the gravity of what happened is compounded. it is incomprehensible today that only a few generations ago, this behaviour was going on in a religious institution, run by members of a female religious order, who should have had compassion as one of their guiding principles.
           illegitimacy seems to have diminished the children’s human rights in the eyes of the nuns in the bon secours order. when they should have received even greater care and understanding, as they were not responsible for their plight, they were treated in a shameful way. every one of the 796 children had a mother and father whose rights were also diminished in an appalling manner in the events that unfolded in tuam.
           as there are undoubtedly other sites where events like this were perpetrated, this may only be the start of a long journey. i welcome the commitment to individualisation and identification of as many remains as possible, and that there will be individual burials in a respectful manner. between 1926 and 1960, a total of 796 children died at tuam mother and baby home. undoubtedly some of these children would have died of inevitable natural causes, but such a death rate seems out of proportion with the general population. this is over four times the number of seats in this chamber.
           deaths were recorded but no information on why they died or where they were buried was recorded. no post mortems or inquests were carried out. it is inconceivable that these deaths were not known outside of the order. i hope that this forensic examination will start the healing process and bring some closure and peace to families of survivors. as catherine corless said, it is a huge statement for justice.
           the minister indicated that bespoke legislation will be now needed prior to beginning the examination of the site.
          i ask that the cross-departmental group be set up as quickly as possible so the legislation can be brought to fruition.
           justice, truth and healing are essential components of this investigation, and we need to offer the minister our sincere thanks in making this correct and important decision. 
           sculptor jim connelly, who works from kilbaha, county clare, is working on an evocative and poignant commemorative piece depicting a faceless nun holding a child standing beside its mother. this work is partially finished. when completed, it will be a tangible and emotional memorial to the events that have been uncovered in tuam."
2018-10-25,dail,https://data.oireachtas.ie/akn/ie/debateRecord/dail/2018-10-25/debate/main,180,Deputy Mattie McGrath,Deputy Mattie McGrath,"deputy mattie mcgrath
          i completely accept this is a matter of the utmost sensitivity. i acknowledge the pain and trauma that many people continue to feel owing to the events in tuam and, in particular, the burial of children at the site.
           the government approval of the recommendation for the forensic excavation of the site of the former mother and baby home in tuam, county galway, is welcome, even though questions still need to be asked about what can be achieved. the government has agreed to implement the multidisciplinary framework as the appropriate response to the discovery of children's remains interred at the site, yet we know that a report presented to the government in december of last year made it clear that separating the bones found at the tuam mother and baby home into individual sets of remains could prove to be an impossible task. we know from dr. geoffrey shannon's analysis that the report of the expert technical group states: 
          there are a number of factors that make this situation unique: 
          - the forensic requirement of the site; 
          - the 'significant' quantities of juvenile remains; 
          - the commingled or intermixed state of the remains; 
          - the position of the remains within subsurface chambers, with limited access. 
          the report concludes that the comingled state of the remains renders identification ""particularly challenging"". moreover, the expert technical group report states there is a ""risk of destruction to human remains"" that raises ethical issues. i would like the minister to be specific about what has changed since those findings were presented and how she and the department intend to identify and address these ethical issues.
           i welcome the families, loved ones and supporters who are in the visitors gallery. we are appalled at the very thought of what happened but some deputies and many others just wish to keep attacking the sisters. there were obviously many more people involved. who gave planning permission for the chambers? who constructed them? who placed the human remains in these tanks? it could not have happened without these individuals. the children were under the charge of the health board, the regional health board, the county council and the department of housing, planning and local government. are we going to lay all the blame in one area without full acknowledgement and a respectful investigation to find out who was involved?
           none of us could say we do not know some people in our past who were sent away. i mentioned a woman before, peig, who turned out to be a wonderful neighbour. i did not even know she existed. she was banished when she became pregnant. this was with the acquiescence of the families and, indeed, many others. we can all wash our hands and apportion blame.
           i appeal to the minister to address the serious issues affecting young people who are living today. i got calls about this today. there are disturbed children with no access to child and adolescent mental health services, camhs. it is impossible to avail of the services in my area. the children need psychological services and treatments to deal with autism and adhd. the waiting times for young children in these circumstances are appalling. languishing in the paediatric ward in south tipperary general hospital, clonmel, are adolescents aged between 11 and 14 who are very disturbed and have mental health issues. they are distressed themselves and distressing their families. they are also distressing all the other sick children who are in the hospital for the treatment of normal illnesses. we are just ignoring the present circumstances. it is fine to look back but we must also look forward and at the present.
           i accept all the hurt in tuam but it was not all down to the sisters' orders. there were others involved. who is holding them to account? are they being held to account? it is important that they should be.
           deputy bríd smith referred to the profits of bon secours health systems. they were champions here when we did not have health services or medical services. there were also champions in education. it was not all bad, vicious, violent and destructive. we must recognise that also when we note the costs today - €17 billion plus - and the inadequate, terrible and scandalous state of neglect. i got a call today from the parent of a young man who was in the hospital in my area last night. he was waiting for hours in corridors with trolleys. we cannot just keep washing our hands of the past and ignoring the blatant realities of the future. we cannot and must not. we certainly must have justice in respect of what happened, and justice must be for all, not just for a select few to be held up to be kicked around."
2018-10-24,seanad,https://data.oireachtas.ie/akn/ie/debateRecord/seanad/2018-10-24/debate/main,31,Senator Victor Boyhan,Senator Victor Boyhan,"senator victor boyhan
          i thank the government and particularly the minister for children and youth affairs, deputy zappone, for the decision to approve the forensic excavation of the site of the former mother and baby home in tuam. it was the right decision. after a protracted investigation and forensic research, the minister took the decision. she came to the house before doing so and said she would keep the house informed. it would be helpful if at some appropriate time the minister came back to update us on the issue. my understanding is significant quantities of human remains were discovered at the site last year. the minister confirmed this to the house at the time.
           the decision the government has made, on the minister's recommendation, is that several actions will be undertaken to include a phased approach for the evacuation and recovery of the juvenile human remains, as far as possible and practical, the use of systematic on-site ground testing and excavation to effectively locate the burials on this site and forensic analysis. that is very important. i commend the minister because she said she was committed to it but that she would have to take expert advice and she did that. the lost children at tuam, and all children wherever they may have been, deserve truth, recognition and ultimately dignity in their burial. the government's decision is appropriate and welcome. we cannot forget ms catherine corless who was brave and courageous and went out time and again, against all the odds, to highlight this issue. she put her personal story and that of her family into the public domain, which is never an easy thing to do, but she felt she had to do that because she thought it was important to explain the problems around this issue.
           i pay a personal tribute to the late seymour crawford, a man i knew well. he made an outstanding contribution, especially in agriculture. as a border man who was sensitive to the complexities of the border and an active presbyterian in his community, he was very much in tune with the sensitivities of north-south relations. i have just returned from the british-irish parliamentary assembly and on all sides his name was raised as someone who was a great advocate of cross-border support within that group, of which he was a founder member.
          he always spoke very eloquently about the great potential of the island of ireland in agriculture and how, through economics, we could embrace and overcome many of our differences. bipa acknowledged his great contribution to northern ireland politics and those in the south for the way he had always advocated moving forward. i pay my respects to his family. he was an outstanding politician who brought unique experiences to politics, not least a practical and simple application of agricultural methods. may he rest in peace."
2018-10-24,seanad,https://data.oireachtas.ie/akn/ie/debateRecord/seanad/2018-10-24/debate/main,32,Senator Ivana Bacik,Senator Ivana Bacik,"senator ivana bacik
          i echo the words of senator boyhan about the government's decision yesterday on the tuam mother and baby home. i commend the minister for children and youth affairs, deputy zappone, for taking the lead. i also commend catherine corless, without whose painstaking historical work, the matter would never have been uncovered. senator boyhan is right in saying the families of the babies buried in tuam deserve truth, recognition and the dignity which was lacking in the past.
           will the leader invite the minister for foreign affairs and trade to come to the house to discuss the action he, on behalf of the government, proposes to take against saudi arabia and the words of condemnation he will utter about the appalling murder of the saudi journalist jamal khashoggi in istanbul in turkey, about which various things have been leaked in recent days. there appears to have been a complete u-turn by the saudi authorities which now acknowledge that he was killed in the embassy, despite the fact that they initially suggested he had left alive and then claimed he had been involved in a fight. there is a slow trickle towards the truth which is coming out, but we need to take a strong stance on the issue. i am conscious that we have extensive trade with saudi arabia, but we need to look at the issue and what other countries are doing. canada is taking action on foot of condemnation of the incident. it is an appalling attack on journalism, free speech, democratic principles and the rule of law and needs to be condemned outright.
           i hope the referendum on blasphemy will be passed on friday. i would then like us to have a debate on reforming the incitement to hatred laws. the prohibition of incitement to hatred act 1989 prohibits incitement to hatred on religious and other grounds. it is a much more appropriate way to tackle attacks on people because of their religion. blasphemy is the offence of defamation against religion, not people. in pakistan a christian woman is awaiting a supreme court decision on an appeal against her conviction for the offence of blasphemy and the death sentence pronounced on her. this is but one example of the use by countries with oppressive regimes of the offence of blasphemy to repress religious minorities. we should be very mindful of this when we vote on friday."
2018-10-24,seanad,https://data.oireachtas.ie/akn/ie/debateRecord/seanad/2018-10-24/debate/main,59,Senator Jerry Buttimer,Senator Jerry Buttimer,"senator jerry buttimer
          it would have been some journey. senator gallagher is right, in that he was a decent and honourable man who was sincere, forthright and open to diversity and inclusion. i pay tribute to him. unfortunately, i could not get to his funeral. he was a wonderful mentor to the minister, deputy humphreys, and proud of her elevation to the cabinet. one of my most enduring memories of him was his ability to bring people around him and be a catalyst for fun and good discussion. i sympathise with his family. ar dheis láimh dé go raibh a anam dílis.
           senator ardagh referred to school closures. it is a disgrace that 40 schools have to be inspected like this. oversight of schools building projects is vastly different today than it was ten years ago when some of these schools were built. the issues the senator has raised relate to schools built in 2009 by western building systems under a design-and-build contract on behalf of the then department of education and science. phase 2 builds which were delivered in 2015 are unaffected. the programme of fire safety assessments was initiated by the department in 2017. it includes all works constructed by western building systems in the period 2009 to 2017, inclusive, that had not previously been assessed for fire risks, as well as a representative sample of 25 other schools. during this week, the mid-term break and the week after that, the department intends to conduct structural assessments of all schools constructed by western building systems.
          in september this year, the chief state solicitor's office, on behalf of the department, initiated legal action against western building systems in respect of the four schools in which fire-related works have been assessed or carried out. it is important we ensure students and staff have certainty and, critically, safety. we reflect on the great announcement in 2007 of public private partnerships. a rapid build programme for new schools was announced then. we must learn lessons from that decision also. i welcome yesterday's announcement.
           senator ardagh also raised the issue of over 70s and the expenses they face seeing their gps. i will have the minister come before the house to discuss this issue.
           senator boyhan raised the announcement yesterday concerning the mother and baby home in tuam. we had a discussion about this on the order of business yesterday. i again commend, as did senator bacik, the decision of the minister, deputy zappone, and the government to have this forensic excavation. as i said yesterday, it is about respect and dignity and ensuring we individualise, personalise and bring a sense of dignity to this very difficult and traumatic period. i commend catherine corless again for her tremendous work.
           i join senator bacik in condemning outright the killing of jamal khashoggi in istanbul. no administration can condone what happened. the drip feed of information is deplorable. there is an obligation on saudi arabia, notwithstanding the actions it has taken so far, to reveal the whole truth of the matter. anyone who is in any way interested in upholding and promoting human rights must condemn this killing unreservedly. i hope the minister will come before the house to discuss the matter; i will endeavour to have him do so. there can be no equivocation. i would be equally happy to have the matter of incitement to hatred legislation debated post the referendum. like senator bacik, i hope people will vote ""yes"" in friday's referendum.
           senator richmond raised the importance of the european union and discussing its future. as he rightly said, we had the minister of state, deputy mcentee, before the house prior to the summer recess. given the impending brexit date and the need to have a discussion on the future of europe, i hope we will have the debate post the hallowe'en break.
           i am happy to accept senator paul daly's amendment to the order of business. i know that the cathaoirleach and senator conway in the last seanad did work on the issue of farm safety. the figures for incidents and deaths on farms are far too high and i commend senator daly on being proactive in that regard.
           senators craughwell and mcfadden raised the issue of the defence forces in the context of adjudication matters. the defence forces were the first sector to be engaged with on these matters. outstanding adjudications and findings in the public service pay deals are in some cases not yet fully implemented. as we know, financial emergency measures in the public interest, fempi, legislation is being unravelled and the measures removed from people's pay. we have a public service stability agreement on pay which is addressing outstanding issues and discussions in that regard are ongoing. it is welcome that the adjudication has stated payments will be made to the range of specialties senators craughwell and mcfadden have raised, including cooks, technicians, rangers and account holders. i hope and caution that any action that might do nothing other than further delay these long-overdue payments would be reflected on by the unions and others. like senator mcfadden, i urge both sides to negotiate further to see if a solution can be arrived at that would allow for a satisfactory outcome to the matters raised by the senators.
           senators leyden, horkan, coghlan and feighan raised the matter of the british-irish parliamentary assembly meetings yesterday and on monday in london. i welcome the discussions and compliment all involved in them. the point made by all members of the house who are members of bipa is the importance of the assembly, especially now, given the brexit timetable. more specifically, post brexit, it will be equally important to have the british-irish parliamentary assembly enhanced and strengthened. i urge senator leyden to explore the possibility of more meetings of the assembly than have been held until now, given the importance of the relationship post brexit. i join him in congratulating everyone involved in the discussions and sincerely hope the speaker of the house of commons will visit these houses on foot of senator coghlan's advocacy on the cathaoirleach's part. i am sure the discussions of john bercow, senator coghlan and the cathaoirleach would make for an interesting dinner table conversation."
2018-10-24,dail,https://data.oireachtas.ie/akn/ie/debateRecord/dail/2018-10-24/debate/main,125,Deputy Mary Lou McDonald,Deputy Mary Lou McDonald,"deputy mary lou mcdonald
          it is almost two years since the commission of investigation into mother and baby homes outlined details of excavations carried out at the site of the former mother and baby home in tuam, county galway, which discovered a significant quantity of human remains. from what we know, the bodies buried there are those of children and babies aged up to the three years old who were unceremoniously buried without anything to identify them or their last resting place. it is a cause of national shame.
           yesterday the minister for children and youth affairs, deputy katherine zappone, announced that a forensic excavation of the site will now take place. i commend the minister and the government on that decision because it is significant and to be welcomed. i acknowledge today the tireless work of catherine corless, of the survivors, of their families and loved ones, of all of those who care for those who were buried on the site, and of the campaigners who have supported them in their long pursuit of justice. without them yesterday's decision would not have been taken.
           i have a number of questions relating to what was announced yesterday which i wish to put to the taoiseach. the minister, deputy zappone, has said that specific legislation will be required before the excavation can commence but, as of yet, she has not given any timeframe for when that legislation might be considered. will the taoiseach clarify for the dáil when that legislation will come before us? we also require clarity in respect of costs. the cost of the forensic excavation has been estimated at between €6 million and €13 million. catherine corless said this morning that it is in fact likely to cost significantly more than that. from where did the announced estimate come? how will the excavation be funded?
           it was announced yesterday that the religious order which ran the mother and baby home in tuam, the bon secours sisters, will contribute €2.5 million to the cost of the excavation. i put it to the taoiseach that the order bears at least an equal responsibility to that of the state in respect of this scandal and should pay significantly more on that basis. 
           i commend the minister for taking the right decision but there are significant issues relating to the announcement that need clarification and explanation. it is important that time is provided in the dáil for the minister to make a statement and to take questions from members. as the taoiseach knows, the home at tuam was just one of a network of institutions which systematically violated the rights of women and children. i hope that yesterday's decision is the beginning of a process that will see similar steps taken to investigate, locate and recover remains from other such sites in a timely manner. what is being considered in respect of other former mother and baby homes, other sites that are out there and known to us all?"
2018-10-24,dail,https://data.oireachtas.ie/akn/ie/debateRecord/dail/2018-10-24/debate/main,126,The Taoiseach,The Taoiseach,"the taoiseach
          i join with the deputy in recognising the work of catherine corless, the local historian whose painstaking research over a number of years helped to bring many of the issues at tuam to the attention of the government and the public. i also recognise the various campaigners involved. i thank the deputy for commending the minister, deputy zappone, and the government on the decision we made yesterday. the government decision is to implement the multidisciplinary framework known as humanitarian forensic action. that is the appropriate response to the discovery of remains interred at the tuam site. the actions being taken are as follows: a phased approach to the forensic excavation and recovery of the juvenile human remains insofar as is possible; the use of systemic on-site ground truthing and test excavations around the playground and the green areas to see if there are other potential burial sites; the forensic analysis of any recovered remains and, where possible, their individualisation and identification using dna; thereafter, arrangements for respectful reburial and memorialisation of those remains. the government's decision was informed by detailed technical advice on international best practice and, most importantly, by compassion and respect for the right to dignity of the children interred at the former mother and baby home.
           the commission of investigation is separately continuing its work on investigating the mother and baby homes and a number of county homes. that work is continuing and we expect to receive the commission's report in the first quarter of next year. the facts which it establishes will further assist us in making decisions as to what we do into the future. i have had a chance to visit the site and to meet with catherine corless and some of the survivors. we made this decision yesterday. i am not entirely sure if anyone fully knows what we are getting into, but i am absolutely sure that we have made the right decision. if we stumbled upon a mass grave tomorrow, we would carry out an investigation and excavation. that is what we are doing but we are going to do it on a phased basis because we honestly do not know for sure what we are getting into, although we do know it is right thing to do.
           it does require legislation. the advice of the attorney general is that in order for us to excavate a mass grave in this way, which has never been done before in ireland, we require new bespoke primary legislation. we expect to have that in the first quarter of next year. the estimate comes from the department of children and youth affairs. it is estimated that this will cost between €6 million and €12 million but again, as this has not been done before, we do not know for sure if that will be the cost. the bon secours sisters, following an approach from the minister, deputy zappone, has agreed to make a contribution of €2.5 million toward the cost. this is a contribution, not a settlement. the order has not been given an indemnity. 
           many people whom i spoke to about this issue know and understand that ireland has had a very dark past. at one stage up to 10% of our entire population was living in institutions of some sort. that was quite common across northern europe. whether in convents, seminaries, county homes, psychiatric institutions, mother and baby homes, or laundries, at one stage about 10% of our population lived in institutions."
2018-10-24,dail,https://data.oireachtas.ie/akn/ie/debateRecord/dail/2018-10-24/debate/main,129,Deputy Mary Lou McDonald,Deputy Mary Lou McDonald,"deputy mary lou mcdonald
          there is absolutely no doubt that the taoiseach has decided on the right course of action. there is also no doubt that it is of immense importance to the survivors and their families, in the first instance, that the right thing is done but more broadly it is of immense importance for us as a society to consciously do the right thing in respect of these women and the children who were born into these institutions, those who spent time in them, those who survived them and, most particularly, those who perished. i will repeat that, as the taoiseach knows, the home at tuam is not unique by any stretch. there are many other mother and baby homes. there are many sites where families will stand - and i have stood with them - and speculate as to whether a child, a brother or a sister who was lost is buried there and precisely where. this is uncharted territory for us, but we need to get it right. i urge the taoiseach to ensure that the legislation comes forward in a timely fashion. i will return to, and ask the taoiseach about, the issue of costs.
          it seems to me that €2.5 million from the bon secours is an entirely inadequate contribution to the excavation. i ask that the government goes and seeks a higher contribution from the bon secours. it strikes me that at least 50% of the costs incurred would rightfully fall to them. is there any sign that there will also be a contribution from the vatican because that issue was also raised?"
2018-10-24,dail,https://data.oireachtas.ie/akn/ie/debateRecord/dail/2018-10-24/debate/main,168,Deputy Anne Rabbitte,Deputy Anne Rabbitte,"deputy anne rabbitte
          my question is on promised legislation and refers to what the taoiseach said to deputy mcdonald earlier. with the announcement yesterday regarding the mother and baby home in tuam, the taoiseach said that bespoke legislation would be required. will we need to amend legislation or will new legislation be drafted? does the taoiseach imagine that it will be fast-tracked in the first quarter of next year in order that it can be run in tandem with outsourcing the work that has to be done? the legislation should run parallel to this so that the people at the centre of this matter, who are aging, do not have to wait much longer for results."
2018-10-23,seanad,https://data.oireachtas.ie/akn/ie/debateRecord/seanad/2018-10-23/debate/main,54,Senator Colm Burke,Senator Colm Burke,"senator colm burke
          i welcome today's announcement that there will be an extensive exhumation of bodies at the tuam mother and baby home. the remains will be forensically examined and, most importantly, there will then be a respectful burial. this issue has been widely debated and discussed. i understand the minister for children and youth affairs, deputy zappone, presented the proposal to cabinet this morning. it is the right decision and the minister deserves our full support.
           i raised previously the need to establish a central database for unidentified human remains.
          today it was announced a body discovered over 17 years ago, washed up on quay island in county clare, was identified as being that of a person reported missing a number of months previously. he was reported missing in february 2001. i may be wrong on the dates, but the body was discovered a number of months later. there was no identification until recently. the family had to wait for 17 years for a decision on this matter. i have given a detailed proposal to the minister for justice and equality for a central database in the country for unidentified remains in order that there would be a co-ordinated effort on information on missing persons and human remains. this has not been done. each coroner's area keeps the information and there is no connection between one coroner's area and another. we need to do this. i ask the leader to again raise this matter with the minister for justice and equality. i had a commencement matter dealt with, but i do not believe we should delay in bringing forward this proposal."
2018-10-23,seanad,https://data.oireachtas.ie/akn/ie/debateRecord/seanad/2018-10-23/debate/main,97,Senator Jerry Buttimer,Senator Jerry Buttimer,"senator jerry buttimer
          yes. senator hopkins deserves credit for her work with the roscommon volunteer information service, for which whe is a strong advocate. i congratulate the other aid centres on their upgrades and commend the minister of state, deputy kyne, on the €1.2 million he has allocated. the senator shows the importance of working with groups in the community.
           i have no information for senator norris on the law reform commission. i have not seen the article, read the report or heard anything about the matter, but i would be happy to invite the minister to attend the house to discuss it in due course.
           senator lombard raised the issue of education. 
           senator lawlor raised the issue of the additional health spend of €700 million. the minister for health, deputy harris, took the health service executive (governance) bill in the house last week. rather than an overrun, we would all prefer to see value for money and accountability in the spending of the hse's extra €700 million. we now have the largest health budget in the history of the state and i hope it will deliver for people.
           senator colm burke referred to the report on the tuam mother and baby home by the former senator and now minister, deputy zappone. i welcome the cabinet decision to have a full forensic examination of the site.
          it is welcome that there is to be a respectful reburial of the babies and a memorial at the site. the work of catherine corless is again to be commended. it must now be about dignity and respect. i hope that at this late stage we can bring dignity and respect to what has been a profound tragedy and blight on our lives. the senator also raised the issue of the need for a centralised database for unidentified human remains. it is welcome that his bill has passed through the seanad. i commend him on his work in that regard. 
           senator reilly also raised the issue of schools. i thank him for raising it."
2018-10-23,dail,https://data.oireachtas.ie/akn/ie/debateRecord/dail/2018-10-23/debate/main,42,Deputy Catherine Connolly,Deputy Catherine Connolly,"deputy catherine connolly
          my question arises from direct contact with people who have suffered at the hands of the state and religious organisations and who, unfortunately, are being traumatised again by the state, particularly through their contact with caranua. significantly, i pose this question on the same day that we await the taoiseach's decision on the mother and baby home in tuam. i sincerely hope he will decide on a full excavation and exhumation of the site with a view to maximum information being made available. this is also the day we have learned, quite incredibly, that the government has changed the application process for compensation for women who worked in magdalen laundries. it now requires them to specify the number of weekly hours worked, completely disregarding the spirit and content of the quirke report.
           similarly, there is the case of caranua and the rationale and content of its purpose. it was established to provide support to people who experienced abuse in institutions as children. in 2013, the chairwoman said there should be smooth and uncomplicated access to the fund. the chief executive officer, ceo, said it was about putting survivors at the heart of the process. it was always a defined group with a defined amount of money. it was meant to be rolled out transparently and with minimum bureaucracy. unfortunately, nothing could be further from the truth. it is a classic example of the institution becoming more important than the people it was set up to serve.
          survivors have confirmed that its mode of delivery has added to their abuse.
           rather than rolling out a fair and transparent system based on a comprehensive plan the applicants have, at best, been subjected to an ad hoc, haphazard and unprofessional system which has succeeded in traumatising them again. people have come to deputies at the end of their tether. among the issues raised are the constant changing of personnel, no timely response on the phones, no timely response to letters and no giving of information relating to rights, especially the right of appeal. in essence, there has been a recreation for the applicants of the abuse suffered in institutions. caranua is certainly misnamed. rather than being a new friend, it is the old friend, the seanchara, with an arbitrary use of power, which is perfectly encapsulated in the way in which the arbitrary limit of €15,000 was brought in. this was retrospective and left applicants in limbo with no knowledge as to their rights. we now have an appeals system and i pay tribute to the appeals officers who have highlighted the concerns. one appeals officer is working with a significant backlog. having recognised the need for it, will the taoiseach confirm that he will immediately put in an additional appeals officer? will he examine what is happening on the ground and take a hands-on approach to stop injustice being repeated when it is unnecessary?"
2018-10-23,dail,https://data.oireachtas.ie/akn/ie/debateRecord/dail/2018-10-23/debate/main,43,The Taoiseach,The Taoiseach,"the taoiseach
          on the mother and baby home in tuam, the minister for children and youth affairs, deputy katherine zappone, will make a statement at 3 p.m. it is fair to say that the she has put an enormous amount of work into studying this matter over the past two years. the cabinet accepted her recommendations today. i would like to give the minister the opportunity to outline her recommendations in detail at 3 p.m. when she is able to do so.
           with regard to the magdalen redress scheme, the government's intention is to comply with and implement the ombudsman's recommendations on the scheme, which is to extend the scheme to a wider group of women who did not live in the magdalen laundries but who worked in them and lived in adjacent institutions. in doing so, we operate as a government in good faith, accepting the ombudsman's recommendations and trying to implement them. the scheme is, however, based on the amount of time a woman spent in the institution and the number of hours she worked there, so it is necessary to ask that question. this is the way the scheme works; it is linked to the amount of time spent in the institution and the number of hours worked there. this is how the financial award is calculated, which is the fairest way to do it.
           caranua as a body has, at this stage, allocated over €100 million to people who needed additional practical supports, often advice and counselling and in some cases assistance to modify their homes and with their healthcare. many of the people who received some of that €100 million have put it to good use and it has helped them in their lives. i absolutely appreciate, as with any system or application process, that it can be difficult. it can be frustrating to fill in forms and it can be difficult to answer questions. sometimes people do not get the answer they want. this is why we have an appeals mechanism.
           i will have to give consideration to the issue around an additional appeals officer. i do not know whether that is necessary, but i will certainly speak to the minister for education and skills, deputy mchugh, about that. if the deputy knows of individual cases of people who have had a bad experience of caranua, perhaps she could pass them on to the minister or to me and we will try to check them out. as is always the case with any application system, there will be people who are satisfied with how it worked and with the award they received, and there will also be people who are very dissatisfied. this is why we have an appeals system for them."
2018-10-23,dail,https://data.oireachtas.ie/akn/ie/debateRecord/dail/2018-10-23/debate/main,60,Deputy Mary Lou McDonald,Deputy Mary Lou McDonald,"deputy mary lou mcdonald
          i raise the matter of the tuam mother and baby home and the statement which is expected from the minister, deputy zappone. i understand that last night the taoiseach met three survivor representatives but that no survivor from the tuam mother and baby home was present. i want to tell the taoiseach, in case he is unaware, that this has caused some hurt and disappointment.
           this morning, survivors awoke to the headlines that the cabinet will make a decision on the tuam site and that the minister for children and youth affairs would brief groups before an announcement was made. i have had countless calls telling me that no such contact has been made. will the taoiseach clarify when the survivor groups will be briefed on the cabinet's decision, if the minister will make a statement about the future of the tuam site to the dáil and at what time? will members of this house be given an opportunity to question the minister on the cabinet decision?"
2018-10-18,dail,https://data.oireachtas.ie/akn/ie/debateRecord/dail/2018-10-18/debate/main,164,Deputy Michael Collins,Deputy Michael Collins,"deputy michael collins
          i welcome the opportunity to speak on this bill today. there is no doubt that this bill, regardless of one's position on it, will go down in history and will be spoken about for many years to come. hundreds of people were here last night to express their serious concerns about this legislation. i am conscious of the fact that people have strongly held views on both sides and we must respect that. since i have been elected to dáil éireann i have been careful to ensure that, while i have my personal view, i have always been willing to talk to people from both sides of the argument. that has led some people to abuse me online but that has happened to deputies on both sides and we have to accept it, given our position. in the interests of covering every aspect of this bill, i have spoken to members of the public from both sides. i have also spoken to social workers who have a lot of experience in supporting vulnerable women facing difficult pregnancies. they are very concerned about the lack of protection for vulnerable women in the bill as drafted.
           i appreciate that this bill addresses issues that are difficult for many people to discuss. abortion can be a divisive issue and has been thus for many years. i do not take issue with people's stance on this, provided they are open, honest and do not shy away from making their voice heard. i agree with many of my colleagues on both sides of the debate who have called for a respectful and reasoned debate. as my colleague, deputy michael healy-rae said earlier this year, if one does not stand for anything, one will fall for everything. everyone is entitled to his or her opinion on this topic. i respect the fact that the people have spoken through their vote in the referendum to repeal the eighth amendment. i am not standing up to try to change anyone's mind but i am standing up to protect and promote the right of all mothers to receive the genuine support to which they are entitled.
           many people who voted yes in the referendum were acting in the interests of choice and compassion for women facing unexpected and challenging pregnancies, but they are not necessarily on board with the more extreme aspects of the bill before the dáil today. exit polls showed that many yes voters had very serious concerns that they hoped would be addressed to have a reasonable, restrictive regime put in place. these specific issues must be addressed through amendments to the bill.
          it should be noted that the minister declared in the chamber in march that he would not debate the details of the draft heads of the bill because the people would not vote on the bill but on the removal of the eighth amendment. the referendum commission stated, in its booklet, as confirmed in the high court during the summer, that people were not being asked to vote on any legislation as there was no guarantee the proposed legislation would ever come to pass. therefore, to claim the irish people have voted on this legislation and no deviation from these proposals can be allowed is to speak out of both sides of the same mouth. it is also extremely disrespectful of the democratic process. the irish people are entitled to have the legislation that comes before the house debated. there is too much at stake to rush this bill through the dáil with undue haste, which is the approach the minister seems to favour.
           it is also important to note there are a number of areas of major difference between what the people were led to believe before the referendum and what is proposed in the legislation. the minister repeatedly stressed that early delivery would be mandated after viability, yet the bill makes no mention of early delivery and instead allows for the deliberate ending of a baby's life at any point in the nine months of pregnancy in certain cases. the irish people did not vote for that. it was stressed that unborn babies would be protected against discrimination on the grounds of disability. i can find no such protection in the bill. the minister owes it to the irish people to add those protections about which he spoke.
           irish people were not told their taxes would fund procedures that will end the most innocent lives in homes, abortion clinics or hospitals. we now know that a poll in august suggested 60% of irish people are opposed to their taxes paying for abortions. how much will it cost the state? will it be €12 million or €20 million?
           additionally some sections of the bill have already been amended by the minister to widen the grounds on which abortion would be legal and available and reduce the protections for vulnerable babies and healthcare workers. i am specifically referring to the redefinition of the term ""viability"" to exclude life-sustaining medical treatment to which a premature, wanted baby would be entitled, to require that a baby with a life-limiting condition be likely to live for 28 days after birth and to narrow the grounds for conscientious objection. this bill does not legislate for restrictive grounds for abortion beyond 12 weeks, as many were led to believe it would. it does not contain many of the protections the minister promised irish people it would contain for healthcare workers, vulnerable babies or mothers.
           irish people were not asked to, and did not, vote on this extreme legislation and there is no obligation on any member of this house to put his or her name to a bill that so utterly disregards the lives of the most vulnerable members of our human family and so dismally fails to provide genuine support for mothers or freedom of conscience for healthcare workers.
           prior to the referendum, i made the point that if we offer abortions instead of real support services and compassion to pregnant mothers, we are failing those pregnant mothers and their unborn children. i still stand strongly by this point. in order to provide adequate support services and compassion to pregnant women, we need to consider the following points. an important question is whether there will be a three-day or a 72-hour cooling off period. for example, if a woman visits her doctor on monday evening at 6 p.m., under a three-day cooling off period, she will be able to have her termination at 9 a.m. on the following wednesday because under the three-day cooling off rule, the day of the doctor's visit and the day of the termination are both considered one of the three days. under the rule, therefore, a woman may only have to wait 39 hours before her termination. it is important that every woman is given a minimum of 72 hours from the time she visits her doctor until she makes her final decision and a termination is carried out. this is where the supports i mentioned are vital for a pregnant woman. it is clear that, after a woman visits a doctor to discuss termination, she should have a minimum of 72 hours to digest the information given to her by her doctor and to contact any support service that may be able to help her access choices available to her.
           during the cooling off period, i also suggest that a booklet be provided to all women with unbiased information on all her choices, all support services available and any other information that is relevant to pregnancy and termination. it is vital that any girl under the age of 18 be accompanied by a parent or guardian if she is seeking a termination. we do not allow the sale of alcohol and cigarettes to persons under 18 for their own protection and, for a girl under 18 to make a decision in respect of termination, it is vital she is accompanied by a parent or guardian for her own protection and support. 
           my main concern continues to be the protection of all mothers. a free counselling service should be made available to all mothers who are facing unexpected or challenging pregnancies and in particular for those women considering termination and post-abortion support for those women who have terminations. if women are to be adequately cared for, support services must be widely advertised and fully funded with ring-fenced moneys. 
           if the health service is to cope with the upcoming demand for terminations, safeguards need to be put in place to ensure the care of other patients is not compromised. there are already huge waiting lists in the country. a person could wait for five years for a simple procedure like a 15-minute cataract procedure. it is vital the government provides an adequate level of funding and resources to meet the future demand of terminations and also that other waiting lists do not get longer as a result of this government not supplying adequate resources. 
           if a woman is seeking a termination on mental health grounds, one of the doctors involved must be a psychiatric doctor, a comprehensive mental health assessment must be completed and appropriate mental health supports must be provided before any decision is made and following any termination provided. we all heard the shocking figure that one in every five pregnancies in britain ends in abortion. the vast majority of those, 98%, are performed on the grounds of mental health. either the uk has a mental health crisis of epidemic proportions among pregnant women or that ground is being widely abused. section 10 of the bill provides for grounds that are extremely similar to the grounds used in britain. it is imperative that protections are included to protect against similar abuse of those grounds here and to ensure pregnant women with genuine mental health concerns are identified and supported.
           accurate dating of the pregnancy must be carried out with ultrasound equipment as one measure by a medical practitioner. this is vital to protect both mothers and doctors against the medical, legal and life-threatening complications that can arise from inaccurate dating of pregnancy. 
           protections also need to be placed in this legislation for the unborn child. for example, with all the recent outrage over the tuam babies, some of whom are reported to have died before birth, there can surely be no objection to an amendment that will require the remains of terminated babies to be treated with respect. there should be respectful arrangements with regards to burial. 
           as the government seems determined to ensure most women terminating their pregnancies do so at home, consideration must also be given to how the tiny babies’ bodies are delivered and taken care of thereafter.
           we need also to address the harrowing scenario of babies who are born alive after a failed abortion. all necessary care should be given to the baby. this should go without saying, but we know in many other countries where abortion is legal babies born alive during failed abortions are all too often left to die alone and uncared for.
           it is also of note that the minister has taken it upon himself to completely redefine how the term ""termination of pregnancy"" is understood in our health system. currently our medical guidelines acknowledge that it may occasionally be necessary to perform a termination of pregnancy where a mother’s life is at risk, while giving the baby a chance. this bill now clearly redefines ""termination of pregnancy"" as a medical procedure intended to end the life of a foetus. while it is occasionally medically necessary to end a pregnancy to protect a mother’s life or health, it is never medically necessary to intentionally terminate the life of a child. early delivery must always be mandated beyond viability and babies born alive must always be given necessary medical treatment to give them a chance to live.
          the minister's bill would more accurately be titled the regulation of termination of life bill as it currently stands.
           protection also needs to be put in place for anyone involved in any activity linked to termination. i believe, in line with international practice in many countries, medical practitioners such as doctors, midwives, pharmacists and also any other persons such as cleaners etc. should be allowed the decision on conscientious grounds whether or not to be directly involved or indirectly involved in any services that support terminations. some medical professionals have approached me and expressed their concern that they would be indirectly involved in a termination if they referred a patient for a termination. there is a system in new zealand which is an opt-out regime. those willing to provide a direct or indirect service that links them to termination could opt in. i feel this would be more respectful for anyone working in the medical profession. writing into law a positive right to freedom of conscience would be the best approach to guarantee the desired outcome. as i said earlier, i am not here to change any voter's mind on the decision voters made on the eighth amendment to the constitution but i want to ensure that life-affirming choices are incentivised and also to ensure that women will not feel under pressure to terminate.
           the minister, deputy harris, seem to be extremely concerned that cost will never be a barrier to accessing terminations but if he truly wants to support women then will he ensure that cost will never be a barrier to a woman continuing a pregnancy or raising her child? in light of the fact that the oireachtas committee noted that the majority of terminations were for socioeconomic reasons, and had nothing to do with rape or life limiting conditions, this is even more crucial. i want to make it clear that while i am opposed to much of the contents of this bill and will be voting against it, i intend to support reasonable amendments as i respect the people have spoken. as i said earlier, i did my best not to direct any hit at any party or group here but i am disappointed, especially in one political party which did its best to stop somebody from speaking and even criticised that person who was speaking here today. that same party was censored from speaking for many years in this country."
2018-10-18,dail,https://data.oireachtas.ie/akn/ie/debateRecord/dail/2018-10-18/debate/main,168,Deputy Joan Burton,Deputy Joan Burton,"deputy joan burton
          i welcome the bill and stress that the title of the bill is sexual and reproductive health and rights, a framework for the introduction of abortion services in ireland. this year, as previously noted, we are celebrating the 100th anniversary of the extension of the franchise and votes for women over 30 who were ratepayers. we have thankfully come a long way since then to this legislation, which follows the repeal of the eighth amendment, which was wrong in 1983 and in 2017. i am pleased to see that we as a society have, through the ballot, expressed our desire to see changes that will actually allow women, men and families control over their fertility in a way that is appropriate to their individual and family circumstances.
           it is possibly an accident of history that this week, the report, clann: ireland's unmarried mothers and their children: gathering the data, was published. anyone who has doubts about the importance and significance of this legislation and what happened to women who were unable to avail of any form of contraception, up to 40 years ago, where they had liaisons and relationships outside of marriage, will see that they had no capacity to control their own fertility. instead, what happened in this society, as with many other issues, is that they became one of our hidden secrets. they were shut away in mother and baby homes, laundries, orphanages and other institutions. it has only been in the last 20 years that many people, including women and their children, boys and girls who are now men and women, have been able to come forward to find out some of their own history and address some of the issues that arose in post-famine ireland. i do not know if the absolute catastrophe of the famine changed irish culture. we became an island of incarceration for women who had children and relationships outside of a recognised framework, which is to say that they were not married in a catholic or protestant church. therefore they became social outcasts and, as has been identified in this report and others, the critical social control lever that was exercised was shame. it was shame for the women, children and their families in their local districts and areas. that was why a parish priest could come up, figuratively tap someone on the shoulder and send someone to take the woman away by car or a hackney, with her baby.
           at times, due to the kindness and care of families, the women could go home but the babies did not. in many cases, the women were incarcerated, effectively for the rest of their lives. when i went to school in stanhope street in dublin, i ended up, through my adoptive mother, going to visit what was, to me as a small child, a really horrifying laundry full of large machinery where women worked. ""worked"" is not a proper description, but ""slaved"" is. they had no autonomy. i remember one woman who visited us every tuesday evening. she did not even have a child. it was her misfortune that her father became a widower and busybodies, very often on behalf of local churches, ensured that children such as that could be taken away. this was a woman in her 40s or 50s. after we got a television, she became very fond of some of the programmes on it because they did not have that in the convent, in the laundry. no matter what was on, whether ""the riordans"" or something else, i remember clearly that though she was a grown woman, she had to be back at the convent by 9.30 p.m. i know trainee teachers were treated the same in places like carysfort, and possibly the male teachers in drumcondra, probably up to the late 1960s. there is a social story here about the ireland that we were.
           much of the debate on the 1983 referendum was a fraud. it was designed to deny an open secret. in other words, it was a secret that everybody knew about if they were old enough. if they were younger, they maybe listened to the chat around the kitchen and got to know about such things. what is really sad and significant in these stories is that no matter how often one reads or hears them, they remain a monument to the sadness and tragedy that one group of irish people visited on another group of irish people. they probably, for the most part, did not intend to be as cruel as much of it was but they were told that somehow this type of behaviour, locking people up, was consistent with a certain form of christianity.
          the only explanation i have, at a social level, is that this was partly an outcome of the disaster of the famine in ireland and also being a colonial country where, in effect, we shut down certain things and closed them off.
           turning to the bill, as other speakers have said, we owe a debt of thanks to all of the doctors, midwives and others involved in women having babies, delivering them safely and going on to have a family and a home life where those babies are cherished and loved. we have that in our maternity hospitals in ireland, but one element of the services is absent and the bill is seeking to address that. in that sense, in terms of the rights of women now and in the future, it is important that we pass this legislation.
           points have been made by various deputies about areas where the legislation could be improved and issues that need to be addressed, including having a detailed debate on conscientious objection. such debate is good. i welcome any insights people have to bring that would allow us to make the legislation as good as we possibly can. i also welcome the constructive tone of many of the contributions by people whom i am aware did not vote to repeal the eighth amendment. i have also encountered many people who were opposed to repealing the eighth amendment. quite a few of them asked me to speculate on the reason the vote was so overwhelming. one woman approached me and said: ""joan, what is all this stuff on rté about older people being completely opposed to repeal?"" she then pointed to her husband, who is 84 - she is 83 – said that they have five granddaughters, and that they did not want any of them to be in a situation where they felt obliged either to take the boat to england or to face some kind of uncertain future in terms of having a baby in circumstances in which they are not able to proceed with the pregnancy.
           what many of the critics of repeal have failed to understand is how practices have changed, so that for the most part we are not talking about surgical abortion or, except in grave situations where the life or health of the mother is threatened or the life of the baby, and the tragedy of fatal foetal abnormality. the latter scenario has affected several people i know who have desperately wanted a baby but it was not to be. we are now talking about medical termination. let us be clear what that means. i am very grateful to the various doctors and midwives who took part in so many small meetings in houses, community centres and workplaces throughout the country explaining the current custom and practice in maternal care in the context of termination services. i approve of the minister's arrangement that dr. peter boylan would be available to look at the maternity services in that specific area. that is very important.
           one thing that is very worrying is the severely limited availability of scans and mri technology in many areas outside of dublin. that is wrong. the budget needs to be progressed in that area in order that people will have as much information as possible, with the objective for the most part of having a healthy, viable baby.
           we also need realistic education in schools so that, in particular if teenagers fall pregnant in a situation where they are unable to cope with the pregnancy, they are empowered with the knowledge to get the best care and attention as soon as they can. that is the key to the provision of appropriate services in ireland that are genuinely available to all women, and to young women in particular who, in the event of not having had an appropriate sex education, are able to access services in a timely way. the discussions have started on the school curriculum and i hope it is realistic in terms of issues that are likely to face young men and young women as they enter into sexual relationships as they mature. that is very important. we need a national conversation in that respect that gives people the knowledge they need to be able to deal with their own decisions in terms of relationships as they grow older. they must be aware of the risks. many colleges are now doing a lot of education around relationships and consent and the fact that no means no. we can empower young people to be able to both look after themselves and protect themselves and, should they need services, that they know how to access them as early as possible.
           it is a milestone for women in ireland that we will finally have a full service available to women within the not-too-distant future that will support them in the independent lives they wish to lead. it is ironic that during the referendum campaign i met more people who, sadly, had issues around infertility, and they were very anxious to be supported by the state. nowadays, partly because of the housing situation but also because of social changes, people are getting married and forming permanent relationships later and later. if they want to start a family, very often they must first find appropriate housing to buy, rent or lease and then they must have sufficient resources to be able to bring up a family. that means a lot of pregnancies in ireland are among women in their late 30s, and that trend is likely to continue for at least the next five years because i do not see a significant number of houses and apartments becoming available for rent or purchase at reasonable rates under current government policy.
           many of the pregnancies in ireland are much-wanted pregnancies and one of the distressing parts of the recent debate was the discussions on fatal foetal abnormality. most deputies are aware either from family circumstances, friends or others they know of much-wanted pregnancies having to be terminated, the tragedy of having to go to england, for example, liverpool or london, and bringing home the baby's remains, if they are lucky, in a cardboard box on the ferry.
          it is a tragic circumstance. as one young woman put it to me, at a time when she most wanted her family around her she could not have them because they could not go to liverpool with her. her partner could go, obviously, but they wanted one of their mothers or an aunt to come with them and maybe one of their fathers to drive them. they wanted family members to be there to hold them at a very difficult time in their lives. i hope the people in our maternity hospitals will now be able to do that, perhaps under the direct care of the physicians they were dealing with during the period when they had hoped it would be a successful pregnancy. they could then get appropriate treatment and would be able to go home as soon as possible to their own beds and mourn their baby.
           i have been approached by people who wanted to find a burial place for the baby. unfortunately, burial plots in dublin are difficult to get. many of the dublin cemeteries will not allow people to pre-buy and we do not necessarily entirely recognise a fatal foetal abnormality like a baby that was delivered in the end. these are all the little practical things that happen to people in this sad situation.
           i am really pleased the bill has come before the house. the minister and the taoiseach gave an undertaking that this would be addressed as quickly as possible. the people who voted in the referendum understood that clearly and expected it. i congratulate the government on bringing forward the legislation so quickly. i hope that it will be possible to put into place the appropriate training, practices and changes in the hse that will be required. it will be a major change in terms of what our maternity hospitals and institutions will be doing. i really hope it will be possible to do this in the maternity hospitals and institutions.
           the whole issue of exclusion is relevant. in the past, if a woman had a baby outside of wedlock or if she was in a relationship that was not a marriage relationship there was a sense of exclusion. i believe we have managed to end that sense of exclusion and now treat people when they need treatment within our ordinary health and maternity services. in due course i believe that will help. again, going back to families who have experienced fatal foetal abnormalities, there is hope that if they have a subsequent pregnancy, the pregnancy will come to a successful conclusion with a baby being born to the couple.
           i welcome, and the labour party strongly supports, the legislation. nevertheless, we will pay detailed attention to any proposals for amendments and issues that require to be addressed. presumably, these will be discussed in detail on committee stage."
2018-10-17,dail,https://data.oireachtas.ie/akn/ie/debateRecord/dail/2018-10-17/debate/main,274,Deputy Bernard J. Durkan,Deputy Bernard J. Durkan,"deputy bernard j. durkan
          i am pleased to have an opportunity to speak on the bill. along with other members i happen to be one of the people who sat in committee for the final quarter of last year discussing this particular issue. there was a general recognition that there was an evolution of thinking in the course of the examination of the witnesses and their submissions to the committee hearings. i have the height of respect for everyone. like most of the committee members i would not be in any way a strong supporter of abortion, as such. the definition of abortion is the deliberate intervention, the object of which is to terminate the life of the baby that is yet to be born. there are other interventions that may not do that at all. that is why some of us went to great pains to ensure that the three-day waiting period was observed. i strongly support that on the basis that two of the delegations that presented in the course of the committee hearings pointed out the fact that in the first instance when a girl or a woman found herself pregnant, possibly with a crisis pregnancy, she needed support, counselling and help and to be able to rely on some person in whom she could confide to give her advice. they also explained to us that in some cases the person changed her mind and that her first decision, whether it was for or against might not necessarily be the course of action she decided to follow. i believe that is correct and that we need to recognise the situation such a woman might find herself in and to provide for such cases.
           we also learnt something equally important, namely, the necessity for proper sex education in schools and the need to ensure that it is comprehensively imparted to the new generation so that young people, both men and women, are conscious of the consequences of certain activities but more important, that they are in a position to be able to know in certain circumstances what is in their interests, and in particular in the interests of their health and what to do and what not to do.
           late stage abortions have been mentioned in recent days as something that was not previously discussed. in fact, it was, and socio-economic reasons were put forward as a reason for having an abortion. the committee rejected that at the time.
          i believe it did so on good grounds and i believe it was the right thing to do. i stand over that and the bill reflects that as well.
           much has been said about down's syndrome and the need to ensure that those with down's syndrome are not victimised in the course of the enactment of the legislation. in fact, the committee went to great lengths to ensure that the existence of down's syndrome was not going to be a precondition for having an abortion, and rightly so.
           we made several other changes in the course of the hearings. for one thing, we had to recognise the facts. the fact is that young women and not-so-young women in some circumstances have found themselves in a panic situation with nowhere to go and no advice to draw on. it may be only be a matter for themselves and the situation may be fast evolving. they may not have much time to act. what is the right thing to do? the legislation now before the house best reflects the thinking during the course of the submissions we heard in the committee. that is as it should be. i do not believe we should deviate from it at all. we should incorporate within the legislation the sentiments expressed before the committee and we are doing that. these sentiments were subsequently reflected in the heads published before the referendum. my reason for saying this is because we voted on it. the people voted on the heads that were presented before the referendum and i believe we have an obligation to ensure that is the way it stands.
           i recognise that people have a right to conscientious objection. that needs to be provided for, but it should not be as a result of any diminution in the rights of women to get the services that are required at any particular time. we spent considerable time in the committee discussing that particular issue. i have dealt with situations - i imagine everyone else in the house has too - and read about situations of a nature that raised serious questions about the extent to which women's rights and entitlements to health and life were not necessarily observed. there are certain conditions that a woman can have ordinarily. during the course of a pregnancy these conditions may accelerate rapidly to the extent that, at a certain point, her health and, rapidly thereafter, her life will be in danger. we have had several illustrations of this in recent years. that is unacceptable and we must legislate for it. there have been situations in which the threat to the health and life of women, who may well have had existing families, might have been ignored and that is not acceptable.
           we accept the right to conscientious objection among the medical profession, whether it be pharmacists, doctors, nurses or whatever the case may be, but there must be referral to someone who will deal with the situation insofar as the woman is concerned. she should not be deprived of obtaining the services she requires. there may be a medical requirement at that stage. i am strongly of the opinion that we need to be absolutely certain that her life is not put in jeopardy as a result of that kind of situation. there are plenty of ways and means of dealing with the situation if it should come to pass that the legislation was flawed, if provisions did not work or if someone at some stage later on were to say that if the rule of law applied the woman would have been treated differently.
           it is generally recognised and has been said over and over again that this is the safest country in the world for a woman to give birth. there are numerous reasons for accepting or believing that. however, i wish to point out that increasing numbers of court cases arise from situations where women are aggrieved after treatment and sometimes pass away after treatment. in such cases they, or their families, have been concerned about the way they have been treated. we could all say this is because of the litigious society we live in. that may well be but it is not true to say that there is no risk involved. i accept, and everyone else realises, that women have been having babies for millions of years, generally without any problem. however, significant numbers of situations can arise from time to time in which the woman has no control over what is happening. in such situations her health can rapidly deteriorate to such an extent that she has no chance of living. that has arisen in a number of situations in recent years and that is not acceptable.
           i mentioned the question of the need for proper sex education in schools and elsewhere in primary and secondary level. however, i did not go into the details of birth control in the first instance. i do not believe that abortion should be a form of birth control but i believe that the way some women were treated raises questions. i do not propose to go into these cases in detail tonight but the way some women were treated during the past 150 years, and especially during our lifetime, was simply appalling. this applied especially to pregnant women who were banished from society and cast out into exterior darkness. the nuns were subsequently blamed for what happened in the tuam bon secours mother and baby home and various other mother and baby homes throughout the country. the nuns were blamed but in actual fact it was society that did not live up to its expectations. society opted out and did not want to know about it. we now review the situation in the light of hindsight and we say that it should not have happened. that is right: it should not have happened. it was disgraceful carry-on, just as it would be in any country. this did not only happen in this country; it arose in several other jurisdictions as well. it was an old-fashioned way of responding to a crisis pregnancy. i hope that we have sufficiently developed and evolved to ensure that we do not have repetition of that. i hope that when this legislation is passed it will cater for the kind of situations that we have seen previously in which women did not receive the kind of treatment they should have received.
           i want to finish by simply saying one thing. this legislation has come after an extraordinary response from the public who voted. they voted clearly in the knowledge that they wanted some things to change. that is as it should be. society will eventually recognise that what is being done now is the right thing, that it is fair and that it does not go overboard to the extent applicable to our next-door neighbours, where there is abortion on demand. this is not abortion on demand. there are restrictions such that it does not happen. advice is available to women in the first instance and hence the three-day waiting period. that will be of considerable benefit to the general extent of our health services. it will be of considerable reassurance to the women of the country. it will create a clear impression in the minds of women, young or old, who may be pregnant in a particular situation. they will know that they can rely on the support services available, go forward into the maternity hospital or go for counselling. they will know that they will be protected, that their interests will be borne in mind and that they will be protected throughout."
2018-10-17,dail,https://data.oireachtas.ie/akn/ie/debateRecord/dail/2018-10-17/debate/main,323,Deputy Lisa Chambers,Deputy Lisa Chambers,"deputy lisa chambers
          i welcome the opportunity to contribute to this second stage debate. we are not here to rerun the referendum or to reargue the points that have been made time and again. the debate has already been decided, not by this house but by the citizens of this country in a democratic vote on our constitution. an overwhelming majority of those who voted in the referendum earlier this year decided to repeal the eighth amendment. that vote must be respected. our job is not to second-guess or question the result of the referendum. our job is not to question the decision that has been made by the people. our job is not to question the validity of the vote just because we may not agree with it. our job is to respect that vote and to give effect to it. the eighth amendment is already gone - it went the day the vote happened. as legislators, we must fill the vacuum that now exists with legislation. that is the job we were elected to do. we need to be reminded at times that our job is not about imposing our personal views to try to supersede the will of the people. while we may hold very dear personal views on this divisive issue, the will of the people was very clear in this case. the referendum was not decided by a small margin. the ""yes"" vote in favour of repealing the eighth amendment was a substantial one.
           as a country, we have had a long and difficult debate about this issue, not just in the past two years but over many years. it can be argued that we have had a long and difficult debate on this matter since 1983. it has been a very painful debate for many people, particularly those women who have been affected by this issue. throughout the meetings of the citizens' assembly, the oireachtas committee hearings, the debates in this house and the referendum campaign, the women who have travelled over the years had to sit silently while they looked at the posters and listened to the differing views expressed during the debates. all of us in here and out there were discussing those women and their families and what they had been through. we will never understand their experiences because we have not had to live them, whereas they are still living their experiences. i do not mean to gloat or be triumphalist when i acknowledge genuinely that people on the other side of this debate felt as passionately about a ""no"" vote as i felt about a ""yes"" vote. i can imagine how difficult polling day and, in particular, the day of the count must have been for them. obviously, the exit poll was released on the night before the count. i saw at first hand how upset people who had campaigned for a ""no"" vote were in the count centre in my constituency. the views and beliefs that they hold genuinely for various reasons have to be respected.
          i acknowledge that some people are very upset about the outcome of the vote in the referendum but that does not change the outcome, which was that our citizens, by a two-thirds to one-third majority, voted to repeal the eighth amendment and to provide for abortion services in this country. they did that for numerous reasons. all members in this house have engaged with people not only in our own constituencies but across the country on all sides of the debate. i refer to women who have been personally affected and have taken different views on this issue. however, it is very important that we progress this legislation. it has to come into effect.
           the purpose of the legislation is not to upset people. it is to provide proper healthcare, maternity care and reproductive healthcare for the women of this country to stop the daily and weekly necessity of irish women having to get on a boat or a plane and travel to another country to avail of its healthcare system. something that people were slow to admit and accept was that we already had abortion in this country. we have abortion in this country. women have abortions in this country every day, every week. if they cannot afford it or find they are unable to travel, they procure the abortion pill online. maintaining the eighth amendment or the status quo, therefore, was not going to stop or change that. what it meant was that we were happy for people to travel to avail of a healthcare system in another country, that we did not want to deal with it here and that we were happy to avail of the ease with which people could travel to the united kingdom and other jurisdictions to avail of a service that should be available to our women in their own country.
           that journey has a lasting impact not only on the woman in question but on her partner and on the family. that impact does not go away. i can imagine the pain that must have been felt when this campaign was ongoing for people to have all of that brought up again, to have to deal with that and face it every day, perhaps sitting on a bus as they commuted to work, looking at those posters and reading that commentary. it was unpalatable, unsavoury and cruel at times. some of it was so debased and it was so unnecessary. one would have to question the motives of those people and what their intention was. i would have to question how the people who designed those posters really felt about women.
           in terms of the situation that still currently prevails, in the absence of this legislation and if we take our time getting it through the house, we are continuing to force women to travel, women who are given a diagnosis of fatal foetal abnormality, that devastating news, and finding that there is no place to go, no advice or help available in their own country. the medical team and doctors who have been with the woman all the way through suddenly find that they cannot talk to her. they cannot even refer her. they cannot help her. that is happening today, it will happen tomorrow, and the day after. while there is no guillotine on this debate, i urge deputies to be respectful, to have their say but not to try to filibuster the debate.
           i disagree with deputy tóibín that the referendum was just about repealing the eighth amendment and that the bill before us had nothing to do with that vote. clearly, there was a reason the bill was published. we discussed at the oireachtas committee that there was a need to publish the proposed legislation in order that people would know for what they were voting. the heads of the bill were published for that reason. there was good engagement. there was a very high degree of understanding and knowledge of what was being proposed in terms of what would happen in the event of a repeal vote and the eighth amendment being removed. people understood the 12-week proposal. they understood what was allowed up to 12 weeks and what was permitted after that. that was because the heads of the bill were published and that discussion took place. it is disingenuous and incorrect to say that the bill did not inform the way they voted or that it was not part of the context. of course, it was. as a result of that, it would be incorrect to try to substantially change the bill in this house today or on any other occasion because it would go against the will of the people and for what they voted.
           it appears from some of the debate in the house this evening and some of the commentary outside these four walls that some people are now seeking to restrict the remit of the bill, of what it is capable of enacting and, in turn, trying to restrict women's access to proper reproductive healthcare and women's choice. ultimately, that is what it comes down to, a woman's right to choose what happens to her, to her body and to her future.
           a constituent told me recently that he strongly believed there should be a psychiatric test for any woman seeking to avail of an abortion because, clearly, she could not be of right mind, she must not know what she is doing and she must not have thought about it. it is that kind of insulting, derogatory opinion that has led hundreds of thousands of women to take the stand they have taken, to say it is their right to choose and they will have the only say over their future.
           this comes down to trusting women. the suggestion has been made that because it is a little handier to procure a termination in that the woman will not now have to order the pill or make that trip to the uk, it will be a more flippant decision to go ahead and have an abortion because it is a little easier to get one than it used to be in the past. that kind of commentary is degrading and insulting to women. no woman takes that decision lightly. every woman who gets to the point where she wants to procure a termination or have an abortion for whatever reason has thought long and hard about that decision. she has her own reasons and they are hers alone. they are not mine or those of other deputies. it is not for me, or anybody else, to judge in that regard.
           the suggestion was made in the house earlier that the mother and the unborn have an equal right to life. it is simply not possible because the two are interconnected. when we face a difficult decision where a woman's health is severely at risk or where she has been raped and is pregnant as a result of that rape, or where there is a fatal foetal abnormality and for whatever reason the woman believes she cannot continue with that pregnancy, how can the rights be equal? they cannot. there has to be a judgment call and the best person to make that call is the woman herself.
           is the solution in those situations where a woman has been raped to force her to remain pregnant against her will? is that the suggestion of deputies in this house? do they believe that is humane and is respecting her rights, her bodily integrity and her right to decide her future and to have control over her body when that control had been taken away from her to lead her into that situation? is that really the solution, a forced pregnancy? clearly, the majority of our citizens said ""no"" to that, that it was not a solution and should never be one. our citizens trust the women of this country to do the right thing.
           i want to take this opportunity to thank the many medical practitioners who advocated so strongly and eloquently in favour of repealing the eighth amendment, not on a populist basis or a personal view but on a medical basis. they clearly told us in committee time and again that they felt hamstrung in their ability to do their job, which is to provide proper healthcare for women in this country. it is well documented and well evidenced that women in this country have lost their lives because of our abortion laws. without question, that has happened.
           that brings me to my next point around trust. we have to trust our doctors. i trust our doctors. i found their evidence to our committee and the advocacy with which they engaged to be extremely persuasive. i trusted that they were coming from a position where their ultimate goal was to care for their patient and ensure that every woman in this country has access to the best of medical treatment whenever she needs it.
           i refer to the terminology being used by some speakers, such as that if one voted ""yes"", one is somehow pro-abortion. it is not about being pro-abortion or wanting to advocate for that choice. it is about trusting women, trusting our doctors and allowing the woman in question who finds herself in that position, for whatever reason, to make that choice for herself. we do not need to go down a road where we want to further control women and doctors as they navigate that most complex situation.
           as i said, this is not a flippant decision that anybody makes and no one should stand in judgment of any woman because we do not and will never know her situation. however, the choice should be respected both ways. if a woman chooses to continue with her pregnancy in very difficult circumstances, if she is given a diagnosis of fatal foetal abnormality and wants to continue with that pregnancy, she and her family should be given every support to do that. there should be proper services, including counselling, in place and every support that woman should ever need. equally, if the woman chooses not to continue with the pregnancy for whatever reason, the proper supports should be available in this country and that includes proper aftercare, something which has been lacking.
          today, for any woman who has travelled to the uk for an abortion or who has procured an abortion pill online, there is no aftercare, no support and nowhere to go. that only compounds the hurt, pain and trauma even further, leaving women feeling like they are criminals in their own country for making a choice that they genuinely believe is the right one for them.
           those advocating for more restrictive legislation and those still advocating for a ""no"" vote in a referendum that has since passed still cannot answer the questions around rape or fatal foetal abnormality. their advice is just to put the head down and get on with it. that is the best option - to force a woman to continue with a pregnancy regardless of her circumstances. i am very glad that our citizens took a different approach.
           some of the concerns being raised by those seeking to restrict this legislation further include the idea that disability is a ground for a termination but it is not. we had a debate on that at committee and voted against it. it is not part of the legislation and it is very unfair to citizens to try to suggest that somehow it has crept in through the back door because it simply has not. there was also a suggestion from some contributors that doctors will be forced to carry out terminations against their will. again, that is an utter lie. it is not true and we should not be peddling such nonsense in this chamber. we should give due respect to the debate that we are having and tell the truth.
           there was commentary earlier about babies being left to die on cold, silver plates in some clinic but that is just utter nonsense. it is not true and it will not happen. that kind of commentary does not help anybody. it does not help to progress the legislation or help us to have a proper debate and discussion on it. all it does is serve to instil fear and doubt among people but i do not know for what purpose. i really do not understand why anybody would suggest that such horrific things will happen because they will not.
           it is worth noting that this significant - even using that word is not significant enough - vote and referendum campaign has had a monumental impact on the women of this country and on the younger generation coming forward. in the same year that we celebrate 100 years of women's suffrage and the progress that women in this country have made in that period, the debate on abortion has forced us to look back over a long and dark history when women suffered terribly. if we look at the atrocities of the magdalene laundries, the tuam mother and baby home and other homes, we realise that it was not so long ago. that was the very recent past. i think that we have actually reached a critical mass in terms of political life and women finding their voice in the last number of years. these issues force us to look as a country at how we treat women, how we look after them and how we facilitate their voices being heard and listened to, more importantly. in that context, this debate has done us good. we are now in a different space and are looking forward to a brighter future for women in this country and a brighter future for our country because of that.
           i genuinely hope that the service is put in place as soon as possible and is done properly, with proper consultation and that the medical profession is with us all the way. we want this service to be in place, to work and be accessible to all women regardless of background, financial position and so on. any woman who needs this service should be able to avail of it. we need to look at providing proper counselling for women who find themselves in that situation. as a society, we also have to look at how we treat women and single mothers and young mothers in particular. we also need to do an awful lot more around proper healthcare generally for women in this country. the ancillary recommendations of the oireachtas committee report were referred to earlier and it is really important that they are acted upon with a sense of urgency and are given priority. we must provide better access to contraception, for example, which is still expensive, particularly for young women who are not working and are still at school or in college. there are practical steps that we can take to try to limit the number of unplanned crisis pregnancies in this country and it is incumbent upon us as a state to try to do so. it is also really important that we remove the stigma attached to being a single parent and to getting pregnant when young, as well as the stigma attached to having a termination for whatever reason one has one. it should come down to personal choice. we must respect other people's right and entitlement to make decisions about their own person and their own future.
           we must stop trying to control women and to guilt them. those days are over. that is in the past and we will not take it any more. we are in a new era where women are equal. we have an equal seat at the table and an equal voice. we will ensure that our views on women's issues and on wider societal issues impacting on our position and our participation in this society will be heard and listened to. this debate proved that. there was cross-party co-operation and we all worked together. we put our political differences to one side and our objective was to secure a ""yes"" vote in the referendum and then to see the safe passage of this really important legislation through this oireachtas so that we can give effect to what was a democratic vote by the citizens of this country. a two thirds to one third majority was in favour of repealing the eighth amendment. it was an historic vote and i feel honoured and proud of the small part that i played in the process. it is incumbent upon us now to ensure we see the process through to its finish."
2018-10-04,dail,https://data.oireachtas.ie/akn/ie/debateRecord/dail/2018-10-04/debate/main,201,Deputy Stephen S. Donnelly,Deputy Stephen S. Donnelly,"deputy stephen s. donnelly
          regardless of why it was included, it was included and, to my mind, it clearly formed part of what the people voted for and, for that reason, even though i do not agree with it, i will be supporting its inclusion and the inclusion of everything that lines up with the heads of the bill.
           the same approach should be taken with all proposals to amend this bill. the question we must ask of every proposed amendment is whether it falls within the parameters of the heads of the bill and, if it does, it is incumbent upon us to reflect upon the merits of the proposed amendment to see if it should be included.
           as someone who campaigned for the repeal of the eighth amendment, removing the eighth amendment was an historic and important day for ireland and particularly for the women of ireland, but let us not stop with this important move. many other areas need attention. we need many more supports in place for women with crisis pregnancies. if we do this and we get it right, we can reduce the number of crisis pregnancies and the number of terminations. that has been achieved in other countries and there is no reason we cannot do it here. we need to see investment in education. we need free contraception. we need free childcare in third level institutions. we need the removal of poverty traps for women who are working and have children. if we do all those things, which we must, we can begin to make great inroads into reducing the number of crisis pregnancies and supporting women, as they must be supported.
           if we are going to provide services for the termination of pregnancy free of charge, which i fully support, then we must also provide healthcare services attached to pregnancy free of charge. it would be perverse to make healthcare services related to the termination of pregnancy free while charging for healthcare relating to continuation of pregnancy. let us make it all free. let us take this matter very seriously. i spoke to my colleague, deputy brassil, this morning and he gave me an example in this context. there is a drug called cariban which is to help pregnant women who are suffering from extreme vomiting. between the drug and the potential admission to hospital for intravenous, iv fluids, it can cost somewhere between €1,500 and €3,000 during a pregnancy, and that is not covered by the medical card. let us remove the costs of pregnancy in their totality. let us make sure the needed resources are provided more broadly for women's health. we have had cervicalcheck, symphysiotomy, portiuncula hospital, the tuam mother and baby home and the magdalen laundries. scandal after scandal in healthcare in this country has related to women's health and, in the main, to women's reproductive health. it must stop.
           let us also look beyond healthcare. we need a comprehensive approach to tackling violence against women, including the issue of consent. we need gender-proofing of budgets and of major government policies.
           repealing the eighth amendment was important. let us make sure that momentum continues as we work to make ireland a truly equal republic."
2018-10-02,dail,https://data.oireachtas.ie/akn/ie/debateRecord/dail/2018-10-02/debate/main,172,Deputy Mary Lou McDonald,Deputy Mary Lou McDonald,"deputy mary lou mcdonald
            last week or the week before, i raised with the taoiseach the issue of the tuam mother and baby home. he reflected on the fact that he had visited the site in a personal capacity. i understand he has made a commitment to meet catherine corless and the survivors. he might inform us if there has been any progress made on such a meeting.
             when the pope visited, the minister for children and youth affairs, deputy zappone, met him, spoke to him and gave him a letter relating to the abuses carried out in mother and baby homes. while the church has a responsibility and a case to answer in that regard, so too does the state. i put it to the taoiseach that the burial site at the tuam mother and baby home must be secured, the remains exhumed and every effort made to reunite the remains of the babies and children buried there with their families. that is the government's decision to make. it is the right thing to do. i urge the taoiseach to meet, with some urgency, catherine corless and the survivors. they want to meet with him before the minister, deputy zappone, concludes her work.
             the minister stated in her letter that she was of the view that the church should contribute significantly to whatever decision is made. she stated that it ""should be done willingly, unconditionally and quickly"". has there been a response from the pope to the minister's letter? if so, what was that response? was it justified and reasonable? what is the financial ask of the church?"
2018-10-02,dail,https://data.oireachtas.ie/akn/ie/debateRecord/dail/2018-10-02/debate/main,174,Deputy Brendan Howlin,Deputy Brendan Howlin,"deputy brendan howlin
            i am anxious to give the taoiseach some time to respond but i want to ask two questions. i am very strongly in support of the point made in respect of the tuam mother and baby home. i understand that an initial document was handed to the pope by the minister, deputy zappone, on his visit and that a second letter, a more comprehensive statement of fact, was submitted to the vatican. i would certainly be interested in hearing what response, if any, has been received to those letters. i presume the response was directed to the minister for children and youth affairs, but has the taoiseach had sight of it? should we have openness in respect of the contents of this correspondence?
             on the general principles set out in the taoiseach's speech in dublin castle, there is now a suggestion of a citizens' assembly. that is a very good model. it has worked very well on a number of seemingly intractable, difficult and challenging questions. the taoiseach might now consider using that model for the examination of the future ownership and control of education in this country."
2018-10-02,dail,https://data.oireachtas.ie/akn/ie/debateRecord/dail/2018-10-02/debate/main,176,The Taoiseach,The Taoiseach,"the taoiseach
            on hospitals and healthcare institutions, the minister for health has asked ms catherine day, former head of the civil service in the european union, to lead some work on the future relationship and governance of our hospitals for us. i have not had sight of that work yet. i am not quite sure how advanced it is but i look forward to seeing the outcome once it is ready.
             volunteerism in health and education does have value. faith-based bodies and churches have often, though not always, brought a good ethos, a tradition and a loyalty to schools and hospitals. while things need to change, i would not like to see all those good things lost. we know of the valuable work that religious and faith-inspired charities do in areas such as housing and homelessness and the alleviation of poverty. i would not like to see a separation of church and state that is so rigid and cold that all that would be lost and that the state would refuse to engage with all of that good work and the positive spirit of volunteerism that exists in health and education.
             the new national maternity hospital will be publicly owned and any medical procedure that is legal in ireland, including assisted human reproduction and the termination of pregnancy, will be available in that hospital. it will be publicly built and publicly owned. that is how we intend it to develop. i should point out that the national maternity hospital at holles street is a voluntary hospital. while he does not attend the meetings any more, the chairman of the board is the archbishop of dublin. it is important to recognise the starting point as well as what we intend to be the end point.
             deputy eamon ryan made some good suggestions. i will certainly give consideration to the proposals he has made.
             on the former mother and baby home in tuam, the minister for children and youth affairs, deputy katherine zappone, is developing proposals for how we should deal with the site and, most particularly, the remains of the children buried there. when she has this work done, or substantially complete, it is my intention, alongside her, to organise the meetings. i do not know if there has yet been a reply to her letters from pope francis or the vatican, but to the best of my knowledge there has not been. however, i might not be up to date on the matter, but i will certainly raise it with her if i see her tomorrow.
             we have a few citizens' assemblies in train. there is one planned on gender equality to consider how we can further advance that agenda. there is also one planned on the reform of local government in dublin, a dublin citizens' assembly. we have taken on board deputy eamon ryan's suggestion that it include not just citizens but also councillors and perhaps even deputies and people with experience of local government. it will probably be a little more like the constitutional convention model, with a ratio of one third to two thirds. these are the ones we want to have in 2019. we only have the bandwidth to have so many at any given time, but we may able to have more after that."
2018-09-25,dail,https://data.oireachtas.ie/akn/ie/debateRecord/dail/2018-09-25/debate/main,139,Deputy Mary Lou McDonald,Deputy Mary Lou McDonald,"deputy mary lou mcdonald
            gabhaim buíochas leis an taoiseach as ucht a chuid freagraí. the taoiseach recently visited the site of the former mother and baby home in tuam where hundreds of babies are buried. as the taoiseach knows, the survivors of the home and the families of those who resided or died there have expressed disappointment that he did not meet with them during his visit. i wrote to him in august asking that he meet with catherine corless and the tuam mother and baby home survivors and i ask that of him again. we owe a lot to ms corless for her research which uncovered the deaths of 796 children at the home. when the taoiseach meets with ms corless and the survivors, he will hear first hand of their particular healthcare needs. one child died every fortnight when the home was in operation. many of those who survived a regime of malnutrition and neglect where measles, tuberculosis and pneumonia were rife now suffer very significant ill health and yet the government has yet to provide a scheme specific to their needs. three years have passed since the commission of investigation into mother and baby homes was established and its timeline for reporting has been extended to february 2019. we know from the industrial homes and the magdalen laundry scandals that the state moves at a glacial pace in providing redress and access to supports and services when it finally accepts wrongdoing. survivors of the home need access to health services today. many of them are elderly and many of them are very unwell. i ask that the state has healthcare provision in place for these survivors and i ask that the taoiseach acts on that with all due haste."
2018-09-25,dail,https://data.oireachtas.ie/akn/ie/debateRecord/dail/2018-09-25/debate/main,147,Deputy Joan Burton,Deputy Joan Burton,"deputy joan burton
            i found the taoiseach's reply on health issues and the health budget overrun to be helpless and hopeless because, notwithstanding his experience of that department, he is throwing in the towel on being able to influence it.
             when the scu was closed down, there was an indication, as the taoiseach said in his reply, that there would be significant savings. in respect of the commission of investigation and the taoiseach's visit to the tuam site, does he think it would be possible to transfer some of the savings from the scu to carry out the wishes of the survivors and the families affected, mostly from mayo and galway, who may have had relatives, either women who gave birth to children or babies who were born and died there, to have a full excavation of the site? my understanding is that the investigation would be costly. i do not know if the taoiseach has managed to visit st. patrick's on the navan road in our constituency. more than 2,000 babies died there and, as local people have always said, they ""died like flies"" from a variety of diseases in the mother and baby home. most of them are buried in glasnevin cemetery but people who lived there or who were born there want a full and proper investigation. is there any chance that the taoiseach could divert the savings from the scu to something that would be an actual reparation for what happened to those in mother and baby homes?"
2018-09-25,dail,https://data.oireachtas.ie/akn/ie/debateRecord/dail/2018-09-25/debate/main,149,The Taoiseach,The Taoiseach,"the taoiseach
            i am sorry to tell the deputy that there were not significant savings. the department's estimate was voted through the house in april and by then the decision had been made to shut down the scu. the money was never voted to the department, thus the voted estimate to the department was €2.5 million less than was provided for in the budget and the savings never arose.
             the mother and baby homes commission is under way. we look forward to receiving its report as soon as it is ready but these are independent commissions. while there might be an accountable minister for them, they act independently. we need to allow them do their work and we can consider it when it arrives but i do not wish to interfere in the work of a commission of investigation in any way nor would it be appropriate to do so.
             i do not have the date for deputy mcdonald on the other commission but i will see if i can get it and i will write to her if we have it."
2018-09-20,seanad,https://data.oireachtas.ie/akn/ie/debateRecord/seanad/2018-09-20/debate/main,84,Senator Niall Ó Donnghaile,Senator Niall Ó Donnghaile,"senator niall ó donnghaile
          go raibh maith agat, a chathaoirligh, agus a aire féin, as a bheith linn don díospóireacht seo inniu. i apologise to the minister of state for arriving late and missing his contribution but i was at a meeting elsewhere. i wanted an opportunity to speak on this proposed amendment of the constitution. the blasphemy clause in the constitution was the product of another time. we need a bunreacht for today's society. it is important the constitution reflects today's values, and central to those values is freedom of expression and freedom of speech. i am confident, as has been said by colleagues, that the people will vote to delete it from the constitution, as they have voted for on marriage equality and abortion reform in recent times. these are expressions for the modern era in which we now live.
           on our island, partition created two conservative states. the conservatism was reflected in the political culture and the religious ethos of both those states. in the north the culture and ethos were used to create a one-party unionist religiously protestant state which discriminated against an entire community on the grounds of political, cultural and religious identity.
          this was also reflected in the social morals of that state. in the south the state used its power differently but, nonetheless, the consequences were similar with power and privilege being in the hands of a political and catholic religious elite. out of that, a society was created where the catholic church and its attitude to public and private morality held sway. it suited the political interests of those in government to cultivate a special relationship and special status for the catholic church. the place of the church in the 1937 constitution institutionally enshrined the power of the catholic church. it was a different ireland where the state and the catholic church moved hand in hand. this hand in glove relationship prevented public accountability of both state and church and this unaccountability space was filled with scandals such as child abuse and its cover up, mother and baby homes, magdalen laundries, industrial schools and the list could go on. 
           this amendment, like the marriage equality and abortion reform amendments, is a step towards a new ireland, a diverse ireland culturally and spiritually powered by people of all faiths and none. today, there is much more open criticism of the state and the church and that is good. it is the core tenet of any republic. no institution or body should be immune from challenge and criticism but it would be unacceptable if this were to extend to religious intolerance or prejudice against any particular faith or creed. an inclusive ireland must recognise and accept all religious faiths and none. religion plays a huge part in people's lives and is a source of great strength and solace. society is in a state of flux. each generation brings its own attributes with it and we have arrived at a point where an informed and an informative debate needs to take place in areas to do with health and education and the place of the catholic church therein. 
           there can be no special place for any one religion now or in a future independent ireland. i stand for the republic of wolfe tone of protestant, catholic and dissenter. the upcoming referendum could be about embracing an ever changing ireland and i hope it is successful and that we continue to move towards a society that respects people of all religions and none."
2018-09-20,dail,https://data.oireachtas.ie/akn/ie/debateRecord/dail/2018-09-20/debate/main,41,Deputy Katherine Zappone,Deputy Katherine Zappone,"deputy katherine zappone
            following the discovery of clear evidence of illegal birth registrations in the st. patrick's guild records, i directed that an analysis of adoption records be carried out to establish whether there is sufficient reliable evidence of the practice of illegal registration that can be extracted from the records of adoption agencies.
            the analysis of records is being carried out by tusla and the adoption authority of ireland, aai, and is overseen by an independent reviewer who is a former deputy director of social services in northern ireland. representatives from other agencies and the reviewer have met regularly since june. the work to date has focused on agreeing the sampling methodology in consultation with a statistician, addressing the data protection issues, identifying the specific records to be reviewed and agreeing a template to be applied by social workers reviewing the records. 
             there are an estimated 150,000 adoption records in existence and approximately 100,000 of these are currently in the custody of the state, either in the form of tusla or the adoption authority of ireland. the review is focused on those records and a targeted sampling exercise is being carried out in the first instance owing to the volume of records involved. this targeted review will help to establish the extent of usable information that can be found in these historical records. the review will provide information to assist me in identifying more fully the scale of illegal birth registrations and in determining any necessary next steps. tusla and the adoption authority of ireland are working hard to extract and examine the records. this is a very complex task, and issues have arisen concerning data protection and the general data protection regulation, gdpr. these issues mean that the estimated timeline for the independent reviewer's report is now mid-december. 
             i want to get to the truth. the further analysis which has commenced, together with the ongoing work of the commission of investigation into mother and baby homes, will be extremely important in helping us to shape the further steps to be taken."
2018-09-20,dail,https://data.oireachtas.ie/akn/ie/debateRecord/dail/2018-09-20/debate/main,46,Deputy Anne Rabbitte,Deputy Anne Rabbitte,"deputy anne rabbitte
            i ask the minister to outline the status of the commission of investigation into mother and baby homes, the date on which she anticipates it will have a final report and whether she is satisfied with its progress to date. i also ask her to make a statement on the matter."
2018-09-20,dail,https://data.oireachtas.ie/akn/ie/debateRecord/dail/2018-09-20/debate/main,48,Deputy Anne Rabbitte,Deputy Anne Rabbitte,"deputy anne rabbitte
            i thank the minister for her reply. fianna fáil and i welcomed the commission on the mother and baby homes when established. we recognise the vital importance of the commission in delivering justice and accountability for all those affected by mother and baby homes in ireland. the third interim report of the commission on mother and baby homes requested an extension of the deadline for its report on its finding on the institution being investigated. as rightly said by the minister, the deadline has been extended to february 2019. i am glad the minister has met with the commission. she has been very supportive of former residents of the mother and baby homes, and their families, in tuam but they are incredibly frustrated at this point. this is a very sensitive matter. during the pope's visit, they held a silent protest in tuam in recognition of the hurt of the past. they need supports.
             the minister referenced transitional justice and counselling services provision. people who are trying to avail of these counselling services are experiencing difficulty accessing the financial support to enable them to do so. i know that the minister is aware of this. former residents of the mother and baby home in tuam want to know the status of the report, if additional information will be released prior to the publication of the report, if we are on target in respect of the final report, and the minister's intentions regarding the treatment of the remains found at tuam."
2018-09-20,dail,https://data.oireachtas.ie/akn/ie/debateRecord/dail/2018-09-20/debate/main,49,Deputy Katherine Zappone,Deputy Katherine Zappone,"deputy katherine zappone
            counselling services for the survivors and families in respect of the tuam and other mother and baby homes is a key concern for me. it is an issue that is being examined by one of the sub-committees established by the collaborative forum. i indicated at the end of my initial reply that i expect to receive a report from the representative stakeholders within six months. i have also told them that if they want to come forward with a report sooner than that i will be happy to receive it. i am particularly anxious to hear from the representative stakeholders what would work best in terms of psychological and wellbeing supports and how best to access it. we know what we need to do. what we are working on is how best to do it in order that people can access what they need.
             on the question regarding my intentions for the treatment of the remains found at tuam, we are working hard on a memo to be brought to government to make decisions in that regard. i hope it will be ready within the coming weeks."
2018-09-20,dail,https://data.oireachtas.ie/akn/ie/debateRecord/dail/2018-09-20/debate/main,55,Deputy Katherine Zappone,Deputy Katherine Zappone,"deputy katherine zappone
            on other sites and the possibility of the remains of other children being buried etc., this is a matter for the commission. we are where we are in terms of tuam because the commission did that investigation, produced its findings and brought them to government. i have to respect the independence of the commission. as part of its terms of reference it is examining and investigating all mother and baby homes and county homes.
             i agree with the deputy that there are lots of different examples of experiences within institutions, be that the magdalen laundries, the industrial schools, the orphanages or mother and baby homes, where terrible things have happened. we have a terrible, shameful history. there may be more to be done in response to this than is currently being done. like deputy o'sullivan and others in this house, i am very conscious of that."
2018-09-20,dail,https://data.oireachtas.ie/akn/ie/debateRecord/dail/2018-09-20/debate/main,56,Deputy Anne Rabbitte,Deputy Anne Rabbitte,"deputy anne rabbitte
            i will continue in the same vein as deputy o'sullivan in speaking about tuam because it is my constituency and i hold my clinics there. owing to the age factor, these people require an awful lot of supports. there are ways in which we can assist them. the counselling service and the wellbeing programme are essential but people are not able to access them or get feedback on the funding because they cannot afford it.
            not all of the small towns around the county offer the opportunity for these people to access these services so they have to avail of taxis. i ask the minister that she at least place a dedicated person within each of the various chos, someone to whom people could be directed to go so that we can streamline matters and facilitate these people with some quick wins. this is what they need because they do not believe that anyone is listening. they do not believe that their voices are being heard. the helicopter view of this is so big that people have to be able to look to themselves. they have to be able to talk about it. they are glad that everybody else is talking about it and recognising their hurt but they feel that they now need the opportunity to tell their own story. this could be through the well-being programme, which i strongly welcomed at the time. we need to fast-track this opportunity and we also need to fast-track housing, as some of these people are not living in the best of conditions. they need the county councils to work with them to fast-track matters, be it through programmes for older people with disabilities or for people who have resided in mother and baby homes or in various other institutions. perhaps the minister will work with the minister for housing, planning and local government, deputy eoghan murphy, to find a solution to this."
2018-09-20,dail,https://data.oireachtas.ie/akn/ie/debateRecord/dail/2018-09-20/debate/main,70,Deputy Denise Mitchell,Deputy Denise Mitchell,"deputy denise mitchell
            my question is to ask the minister for children and youth affairs if she has received any response from pope francis or any of his officials to the letter she gave him on abuse in the mother and baby homes."
2018-09-20,dail,https://data.oireachtas.ie/akn/ie/debateRecord/dail/2018-09-20/debate/main,71,Deputy Katherine Zappone,Deputy Katherine Zappone,"deputy katherine zappone
            i used the opportunity presented by pope francis's recent visit to ireland to raise directly with him the issue of mother and baby homes and more specifically the discovery of human remains in tuam. i outlined the serious concerns that i and others had, particularly the concerns of people within the context of tuam such as the survivors and their families. i told him that i would write to him further with the details. in my letter i set out the background to the establishment of the commission.
            i informed him of the belief that there are a significant number of children's remains at the site. above all, and i suppose this is what the deputy is referring to, i believe and i outlined to him that the church should contribute substantially to the cost of whatever option is decided by the government. i am still awaiting a reply from pope francis. regardless, my belief is that the church should contribute substantially and should do so willingly, unconditionally and quickly."
2018-09-18,dail,https://data.oireachtas.ie/akn/ie/debateRecord/dail/2018-09-18/debate/main,314,Deputy Donnchadh Ó Laoghaire,Deputy Donnchadh Ó Laoghaire,"deputy donnchadh ó laoghaire
          ba mhaith liom buíochas a ghabháil leis an gceann comhairle as an deis labhartha seo a thabhairt dom. gabhaim buíochas freisin leis an aire as an reachtaíocht seo a chur os ár gcomhair. beimid ag tacú leis an mbille ós rud é go bhfuil sé ciallmhar, réasúnta agus ag luí leis an tsochaí atá againn sa lá atá inniu ann.
           i welcome the opportunity to speak to the bill which deals with the removal of the offence of blasphemy from the constitution. it is an outdated piece of the constitution. this is an important step forward in a society where the fundamental belief in freedom of speech must be a central tenet and valued by all. the removal of the offence of blasphemy is welcome. i am confident that the people will wholeheartedly endorse this come referendum day with a strong majority, recognising that it belongs to a time and an ireland long since gone and completely out of place in the constitution of a modern state.
           unfortunately, partition created two conservative and reactionary states on this island, both dominated in different ways by an attitude which saw a particular religious affiliation or faith privileged. in many instances, it was an extreme interpretation of those faiths. the closeness of the church and the state in both jurisdictions led to the dominant religions abusing their privileged position to the detriment, in particular, of those who failed to conform to the theocratic ideals championed by both the church and the state.
           the place of the church in the 1937 constitution further enshrined the power of the catholic church as it filled a power vacuum that existed in the aftermath of the civil war. it was no doubt held high in the esteem of the people, and their belief in it and its utterances were strong. it was a different ireland where the church and the state moved hand in hand, and it is difficult to say which had more sway. unfortunately, it was also a time of book bans, censorship and control and it is clear that blasphemy fits in with this censorious attitude and philosophy.
           tá an sochaí ina bhfuilimíd inár gcónaí inniu difriúil go maith. níl an bhéim chéanna, nó an t-ardú stádais céanna, ag creideamh amháin thar chreideamh eile, nó ag daoine le creideamh thar dhaoine nach bhfuil aon chreideamh acu. tá sochaí níos oscailte, níos réasúnta agus níos measartha againn faoi láthair. the society we live in today is much more diverse and more open in its thinking, analysis and beliefs. the need for a referendum is reflective of that and is something that could and possibly should have happened decades ago. deputy o'callaghan made points regarding the choices faced by a former minister, dermot ahern, and his belief that he considered legislation was required. it would have been open to him, in the same way as it is open to the current minister, to bring forward a constitutional amendment, and he should have done so.
           that this motion is before us is in part down to what we have seen emerge in the past few decades in the form of scandals concerning mother and baby homes, magdalen laundries, industrial schools and the significant number of public cases of child sexual abuse which were covered up by the hierarchy of the catholic church. it was the hand-in-glove relationship that allowed such abuses to prevail and blurred the line between the public and private sphere, between church and state and between right and wrong.
           however, this is a step towards recognition of a new ireland, one that is diverse, culturally, spiritually and otherwise, and one that is accepting of all within it, from all faiths and none.
           the recent visit by pope francis happened in a very different atmosphere from the previous papal visit. the church establishment was challenged and criticised in a way that would have been unthinkable in 1979, much less long before that. this is a healthy development. no institution or body should be immune from challenge or criticism. however, it is important that this does never extend to religious intolerance or prejudice against any particular faith or creed. if there was intolerance by those of religious faith against those without any in the past, and doubtless there was, that by no means should lead to the reverse taking place now.
           i want to be clear in stating i have no problem whatsoever in anyone holding religious beliefs. an inclusive ireland must recognise the entitlement to everyone’s own beliefs. religion is deep and personal to many, and plays a huge role in people’s daily lives. it is something in which people find much solace and strength. it can often motivate many to selfless acts of charity and sacrifice in service of the common good. however, what it cannot do is define the laws of our land, something which i believe is wrong and ill-fitting in a modern society. it is in that context that this provision must be deleted from our constitution.
           the next steps in defining a new and better relationship between church and state should ensure decoupling of the state and church from the areas of health, education and public services. the focus should be on developing systems that represent modern ireland as a whole in all its parts, moving away from an overwhelming religious ethos informing all services towards one which embodies an ethos that is accepting of all creeds and institutions that gives people options and choice.
           this is also an important question in terms of the future of this country, not only the country that we are but that we want to become. it is a fact that the issue of irish unity has become much more widely discussed in recent times. it is my view that in any united ireland, any new republic, no religious faith could be privileged over any other. an important statement that the state and political parties should make is that this must be the case in any constitutional change and in a united ireland.
           i am a republican; my party is a republican party. we want to build a real republic, representative of all, regardless of religion or any other factor. we want to see a republic, as envisaged by wolfe tone, for protestant, catholic and dissenter.
           this referendum is representative of an intention to move forward and embrace an ever-changing ireland. i hope the people endorse this important step but we must also build on it and continue to move in the direction of building a modern, secular, republican state that respects people of all religions and none."
2018-09-18,dail,https://data.oireachtas.ie/akn/ie/debateRecord/dail/2018-09-18/debate/main,316,Deputy Richard Boyd Barrett,Deputy Richard Boyd Barrett,"deputy richard boyd barrett
          i will share time with deputy coppinger and we will each have five minutes.
           solidarity-people before profit will be supporting this legislation and the plan to remove references to blasphemy from the constitution.
          it should be obvious why we must do it. it is a relic of an old ireland that we need to leave behind because the special relationship - to use a phrase the taoiseach used recently - between the constitution, the political institutions of the state and a particular morality, that of the catholic church, has left a bitter legacy for huge numbers of people. for the sake of writers such as james joyce whose literature was banned in the newly founded state because of this morality and these notions of blasphemy and, more seriously, the magdalene women, those who suffered in mother and baby homes, the tuam babies, children who were separated from their mothers, those who were the victims of forced adoptions, lgbt people generally who were persecuted by the state for so many years, single mothers who were stigmatised and vilified because they did not fit in with the morality of the church, for all of the victims of that draconian and supposed morality that was inflicted on so many and which caused so much suffering, it is critical that we leave all of that behind and take the morality of a particular religious view out of the constitution and our laws and remove any special position it might have in the state and the political system in our society generally. it is long overdue that we would do this and we will support it wholeheartedly, but we must go further.
           reference was made to seven reports and the recommendations that we not only remove references to utterances of blasphemy but also to seditious or indecent matter. perhaps the minister might explain why the government ignored these recommendations. one person's blasphemy is another's robust criticism of a viewpoint with which he or she does not agree. that is also true of sedition. one person's sedition is another's completely legitimate criticism of the institutions of the state, society or particular laws. with regard to indecent matter, the work of many of the best writers of this country was considered to be ""indecent"". ulysses was considered to be indecent and something that could not be read by certain people. dr. noel browne's mother and child scheme was considered to be indecent, subversive and seditious according to the prevailing morality of the state. i do not know why this constitutional amendment does not also remove those references.
           more broadly, i believe that simply changing words in the constitution, while not giving real and tangible effect to the need to separate church and state more generally, potentially leaves us open to legitimate criticism of tokenism. why does the catholic church continue to control schools and hospitals, to refuse to pay its debts under redress schemes, to have an influence over the curriculum taught in schools and to have influence over procedures carried out in hospitals? all of that is unacceptable. while this measure is to be supported, it is tokenism, unless we move to give full effect to the complete separation of church and state, particularly in the education and health sectors."
2018-07-05,seanad,https://data.oireachtas.ie/akn/ie/debateRecord/seanad/2018-07-05/debate/main,151,Senator Marie-Louise O'Donnell,Senator Marie-Louise O'Donnell,"senator marie-louise o'donnell
          i wish to speak generally if i can, because i had ten amendments and they have all been ruled out of order because of a cost on the exchequer. if members do not mind the cliché, i personally think this is a bit of a cop-out. i refer to senator norris's attempts to get some legislation through. we are meant to be the upper house of the oireachtas and we are not allowed to talk about tuppence, which is absolutely ridiculous. it closes us down.
           in my amendments, i was trying to bring about a sea change in the bill, because the bill has a major omission. the omission is the history of women and the history of men in this country. we are running around the country apologising to people for the way they have been treated, the way institutions, establishments and people have treated them under the auspices of the state. however, those apologies seem very weak when it comes to something like this bill. let us consider the magdalen laundries, the mother and baby homes, the industrial schools, the county homes and the adoption agencies. there should be a place for them in the national archives. i will not be easily dismissed here, because this is the history of our country, and much of our archives are in private ownership.
          how can the state monitor or regulate archival material in private ownership? that has been the position historically and continues to be. even if we were looking at direct provision, it would give space for breach of regulation, although i am not saying it is doing so. our archival history has been in private hands and this should be mentioned in the bill. the archival history of women and men in this country should be under the canopy of the national archives. when i am handed neatly over to the department of education and skills and told that that is where it will happen, i know that is a wipe because in respect of the report of the commission to inquire into child abuse, the ryan report, for example, which commission ended in 2009, the archives cannot be opened for 75 years when many of the people involved will be well gone. it is a situation where it is made every other department's problem. 
           to be fair, i can see the problem for the department. these archives straddle 1,000 departments. it is what the academics call interdisciplinary. it is a big word, but it really is a polymorphic term. it means a big tree and that everybody can come in under it. if we look at children who spent time in residential and training centres, they would come under the department of justice and equality, as would the magdalen laundries, while mother and baby homes would come under the department of children and youth affairs and possibly even mental hospitals when it comes to psychiatry. 
           the process has to start and i suggest the department and perhaps the minister might give me a bit of a steer. i am going to bring forward a private members' bill on this subject in the autumn because i understand it is a complex problem. it has thousands of radii in the one circle and tentacles, but that is not a reason to say we could not start it or try to do it. the national archives is a place where much of this information comes within data protection. there are many people in ireland today who do not know who they are, where they came from and what they are. they have a right to know within the law and a right not to have to queue. within data protection and all of the protective constraints, there is a need to allow them to be free. i thought it was a major omission, but i am not accusing; rather, i am suggesting we look at ways by which we could create that platform or path in the future. i am going to start that process and i would like to hear the minister's thoughts on it. it would be a brilliant thing to do for her department which could be the conduit for other departments in whatever way it is right for them to come in and do so within the law. this is a major omission. we cannot have people's records in boxes in attics and rooms for which there is no key. people have to be able to access information to know who they are. most of the time we are confused about who we are, even when we know. it is important for women, men and young people. it is important for the country's great archives. 
           ms catriona crowe gave a brilliant dean's lecture in maynooth in which she spoke about this issue, not in an accusative way but in a way in which she made reference to ireland as a grown up country - we are talking 100 years on from independence - with strength in outlining what we did badly and what we did well and being able to hold it together. it is what the poet seamus heaney told us all about. he brought us all back down and gave us a sense of ourselves through our natural world which we tend to forget because we are so busy watching televised rubbish from other countries. i say this from my background in the arts, history and language and communications. as i said, it is an omission from the bill. i know that it did not set out to make it, but i am flagging it as something that is coming down the tracks. it is not going to go away. we need a place, an archival treasure house to store all of the great history of the women and men of this country, especially of people who do not know their history."
2018-07-04,dail,https://data.oireachtas.ie/akn/ie/debateRecord/dail/2018-07-04/debate/main,391,Deputy Micheál Martin,Deputy Micheál Martin,"deputy micheál martin
          i join my colleague, deputy willie o'dea, in supporting the motion we have tabled on behalf of the survivors of child sexual abuse in primary schools. i have raised this issue in recent years with the former taoiseach, deputy enda kenny; the taoiseach and the minister for education and skills, deputy richard bruton. i have met the minister on several occasions to discuss this specific issue. i acknowledge that previous governments, of which i was a member, were wrong to pursue louise o'keeffe all the way to the european court of human rights. that court vindicated her allegations of having been a victim of child sexual abuse in dunderrow. that should have been the end of the matter for the oireachtas and the government. the judgment dealt with systemic neglect in the 1970s in the absence of a proactive regime which would have protected children in general. the nub of the issue is the very narrow definition and interpretation the government has taken of the echr's judgment in the louise o'keeffe case as it applies to other survivors.
           we speak in the context of the shock and horror expressed in the house in respect of a range of cases, the most recent of which is the cervicalcheck scandal. the government correctly decided that it had to quickly take various steps to help the victims of that scandal. there have been similar situations in respect of mother and baby homes and so on. i find it very difficult to comprehend the absence of genuine compassion for the survivors of child sexual abuse in primary schools.
           i have had detailed discussions on the matter with john allen who has fought this campaign for nearly 17 years. he is an extraordinary, a sensitive and very intelligent gentleman who has steadfastly pursued this case, but, unfortunately, he has not been met with a compassionate response by the state. i have written letters on behalf of several women from county tipperary who have been affected by this issue and, with deputy willie o'dea, met some gentlemen from limerick on the matter. the motion is reasonable and quite limited. i met conor o'mahony of the child law clinic in university college cork who has taken up the case of the survivors and written to the independent assessor appointed by the minister. he makes the key point that the minister is misrepresenting the basis of liability in the o'keeffe case by focusing on the issue of prior complaint. in his submission to the independent assessor he states: 
          the judgment makes reference to matters of which the state “ought” to have been aware. the minister says that this refers to the complaint. his argument is that because the state had not established a mechanism for handling complaints, it was not aware that a complaint had been made - it did not have actual knowledge of the complaint. because the state ought to have established a mechanism for handling complaints, it ought to have been aware of the complaint, and therefore it was found to have had constructive knowledge of the complaint. it is on this basis that victims who cannot demonstrate a prior complaint are being excluded from the settlement scheme. the fundamental flaw with this argument is that it entirely misrepresents what the o’keeffe judgment was referring to when making reference to matters that the state “ought” to have been aware of. first, it should be noted that the court specifically found that the state had neither actual nor constructive knowledge of the complaint made in dunderrow. second, the violation was found in respect of the state’s failure to respond not to a specific risk in dunderrow, but to a systemic risk that arose in the national school system as a whole, and not just in dunderrow or other schools where a prior complaint had been made. since the risk in question was systemic in nature, it applied in every national school and implicated every child. the duty that this placed on the state extended beyond reactive measures on foot of complaints and included proactive and preventive measures designed to prevent abuse before it occurred. the judgment in o‘keeffe was based on a range of failings, including an inadequate inspection regime and a lack of direct state control of teachers. these failings all applied on a systemic level, and applied in the same way whether or not a complaint had actually been made. they were therefore common to all victims of sexual abuse in national schools in the l960s and l970s ... by imposing a condition of prior complaint on the availability of redress, the state has shifted the onus from itself [to take proactive and preventive measures] to vulnerable children who are victims of sexual abuse [to make disclosures leading to complaints]. moreover, not only does the onus shift to the victims to report, but to do so contemporaneously [since delayed reports in adulthood will not have been made “prior” to the abuse of other victims] ... this is an unconscionable position that ignores consensus in multiple international research studies that the vast majority of children who are victims of sexual abuse do not disclose that abuse. 
          members of the house know that to be true and the minister's department has corporate knowledge of it through the commission to inquire into child abuse which i established in 1999 while minister for education and science. the idea of modifying the statute of limitations at the time was based on emerging jurisprudence that the victims of traumatic or sexual abuse in childhood could not report such abuse at the time and generally did not do so until many years later. it is extraordinary, cruel, insensitive and contrary to any known research that a prior complaint should be a prerequisite for access to the rather limited redress scheme which has been developed.
          conor o'mahony further stated:
          those that do usually wait a significant period of time ... before doing so; and even in the minority of cases were the abuse is disclosed, this often does not result in a complaint to the authorities. thus, “prior” complaints are incredibly unlikely to exist, and indeed, even though there are 360 known victims of sexual abuse in national schools, a prior complaint has only been established in respect of a single abuser to date. the condition of prior complaint is not designed to limit the scope of liability [and this is the crucial point], it is designed to eliminate it.
          that is the purpose of the redress scheme.
           only seven offers of settlements have been made under the scheme the minister has initiated, all of which relate to prior complaints in respect of that one single abuser, even though we know at least 360 cases arise for consideration. that is a settlement rate of approximately 2% and is clearly not indicative of a sensitive or compassionate approach.
           i want to return to what the taoiseach, deputy leo varadkar, said to me here on 22 may when i raised the issue. he might have been caught unawares or just wanted to say the right thing to me on the morning. i would like the minister to confirm whether the taoiseach spoke to him about this because, as deputy o'dea pointed out, the taoiseach stated:
          if it is the case, as the deputy said, that abuse has occurred and there is no doubt about that fact, then that is something we will have to consider. however, people will understand that when it comes to any scheme of compensation or redress scheme, there needs to be some evidence when claims are being made that alleged abuse took place. that was very much the case in previous redress schemes. however, if, as the deputy said, there is no doubt that abuse has taken place in these cases, certainly that is something we can examine. i will take up the matter with the minister ...
          when i put the case to him, the taoiseach said there should not be an issue if the evidence is available. this motion is about victims of abuse where the perpetrator has admitted his guilt and is in jail. the state and the government are saying they will ignore the fact that there were court cases, that there was an admission of guilt and that the people responsible are doing time. they are convicted paedophiles. we know that happened through systemic faults in our system. there are not hundreds or thousands but a number who were convicted. we are asking that in those limited cases the very least we could do is to allow the victims of the perpetrators of that abuse into the redress scheme as some acknowledgement of the pain and hurt they have experienced. they continue to experience enormous trauma, pain and hurt by the lack of acknowledgement and the lack of any decent response from the government to their plight."
2018-07-04,dail,https://data.oireachtas.ie/akn/ie/debateRecord/dail/2018-07-04/debate/main,420,Deputy Fiona O'Loughlin,Deputy Fiona O'Loughlin,"deputy fiona o'loughlin
          child sexual abuse is one of the most shameful aspects of the country's history. as graham green said, ""there is always one moment in childhood when the door opens and lets the future in."" when that door opens, how wrong it is to allow a trusted person, a teacher, to exploit and claim a child's innocence which in many ways leads to a difficult future for the child.
           our long history of failing to protect vulnerable members of society was highlighted again last year in the grace case and with the horrendous revelations about the tuam mother and baby home. they were only the latest shocking stories in a catalogue of abuse and neglect suffered by children at the hands of official ireland. as far back as 1931, the unpublished carrigan report identified an alarming amount of sexual crime and criminal interference in schools with children, aged 16 years downwards. however, despite the unavoidable awareness of what was taking place, the then department of education adopted a policy of avoiding culpability and instructed schools to direct complaints to school managers - parish priests - with no department involvement whatsoever.
           louise o'keeffe had to fight for years to make the state accept responsibility for the breach of her human rights in failing to protect her from abuse in dunderrow national school in the 1970s. this eight year old child was let down in the most grievous manner by her school and the state, yet the government tried to evade liability, insisting that the board of management held responsibility. she fought in the high court and the supreme court and even faced losing her home to pay all of the legal costs involved. the o'keeffe judgment of the european court of human rights held that there had been a violation of article 3 of the european convention of human rights, which prohibits inhuman and degrading treatment, and article 13, which sets out the right to an effective remedy. we owe ms o'keeffe a huge debt of gratitude for blowing this wide open. the court also ruled that there was an inherent obligation on a government to use special measures and safeguards to protect children from ill-treatment, especially in primary education when they were under the exclusive control of school authorities.
          these safeguards were sadly lacking in many of our schools in the past.
           the subsequent redress scheme, as interpreted by the government, is completely unjust, requiring that applicants show their abuser to have been the subject of a prior complaint. the redress scheme, as we know, limits redress to those victims who could establish that their abuse had occurred in the aftermath of a prior complaint which had not been acted upon. this goes against all international research findings showing that the vast majority of survivors of child sexual abuse do not disclose the abuse or wait a significant period before doing so. louise o'keeffe’s abuser, leo hickey, abused more than 20 children, yet we know only one complaint was made at that time. 
           fianna fáil proposes to allow victims of abuse in primary schools, whose abusers have been convicted in the courts, to qualify for compensation under the scheme without the requirement of a prior complaint. i commend this motion because child abuse and neglect offend the basic values of our state and society and we have a responsibility to provide adequate redress to those we have failed so badly in the past."
2018-06-27,seanad,https://data.oireachtas.ie/akn/ie/debateRecord/seanad/2018-06-27/debate/main,279,Senator Marie-Louise O'Donnell,Senator Marie-Louise O'Donnell,"senator marie-louise o'donnell
          i wish to make a general point. the minister may be aware of this. we need to provide access to the records of institutional abuse held by the religious orders, private agencies and dioceses throughout the country. we need some truth-telling in that regard. every day, the house hears about mother and baby homes, adoption agencies, magdalen laundries and those who were incarcerated in industrial schools. the persons concerned want access to their records and they have a right to access them. telling the truth is part of atonement. apologies lose their power and meaning if they are not part of an effort by the state to hold to account the private institutions involved in these abuses and the state itself. providing this information is the most important way of ensuring we have accountability.
           i would like the national archives act 1986 to be further amended to bring within the remit of the national archives the records of historical institutional abuse which are currently held by non-state entities. religious orders, dioceses and other private entities hold information that is of great value. while i was not a member of what became known as the mcaleese committee, i was a senator at the time. when the committee interacted with the magdalen laundries, the religious orders co-operated extremely well and provided access to their records and archives. however, the committee was required to send all of the records back at the end of its investigation and it did not keep copies. the commission of investigation into mother and baby homes is gathering records from all institutions and individuals that have information of value to the investigation. the records should be brought within the control of experienced teams at the national archives - that is my essential point - in order that access can be provided to sensitive information, as it has been for decades in the national archives. the minister for children and youth affairs, deputy zappone, is proposing, in the adoption (information and tracing) bill, to bring records previously held by adoption agencies within state control. this can be done, therefore, and i would like it to be done.
           the dean's lecture at the national university of ireland maynooth was given by the brilliant dr. catríona crowe, who was the head of all special projects at the national archives. dr. crowe called for the religious archives to be opened up to survivors of institutional abuse and scholars. i ask that amendments to this effect be brought forward.
          we should take up the challenge to finally provide accountability to people who have been gravely wronged and hurt. the records of those people should be part of the remit of the national archives. i do not know whether this is the right time or place to make that point but------"
2018-06-27,dail,https://data.oireachtas.ie/akn/ie/debateRecord/dail/2018-06-27/debate/main,259,Deputy Mary Lou McDonald,Deputy Mary Lou McDonald,"deputy mary lou mcdonald
            it is regrettable that the pope will not visit the north during his stay in this country. i have raised this with the taoiseach before and i know it is not our remit to set an agenda for the pontiff. that is a matter for himself and the vatican. there is a huge level of disappointment. very many people, and not only catholics, would have welcomed a visit by pope francis.
            has there been discussion or is there scope for the pontiff to meet delegations or people from the north who might travel for such meetings? i do not know if the taoiseach can answer that but i will put it to him. will he give some sense of the kinds of interactions he will have with the pope and what events he will attend? will he be at knock or in the phoenix park? what will be the extent of the taoiseach's engagement?
             outside of theology, what discussions will the taoiseach have with the pope and what matters does he intend to raise with him? does he propose to raise the mother and baby homes, the magdalen laundries and all of those experiences? does he intend to raise the fact that so many victims and survivors feel very let down by church authorities? i raise these matters very conscious of the fact that we are legislators and we operate in the secular sphere. it is not for us to issue instructions to the church but certainly where church actions encroach on the public space and where damage has been done, it would only be right and proper that the taoiseach would raise such cases with the pope. does he intend doing that?"
2018-06-27,dail,https://data.oireachtas.ie/akn/ie/debateRecord/dail/2018-06-27/debate/main,263,Deputy Joan Burton,Deputy Joan Burton,"deputy joan burton
            pope francis will be a very welcome visitor to ireland, particularly for people of the catholic faith and of christian faiths in general. will the taoiseach give us details of the budget allocated in respect of the reinstatement of the phoenix park after the pope's visit? there will be 600,000 people in the park and that will put enormous pressure on the ecosystem. we have seen recently what happened with two very successful events, the ed sheeran concerts and the bloom festival, which involved fractions of the number of people going to see the pope. has a budget been tied down to reinstate the park?
             second, i refer to the taoiseach's interaction with pope francis when he arrives. will the taoiseach raise the matters that have caused such grave scandal in ireland generally and particularly in the catholic church relating to its treatment of different groups of people? will the taoiseach confirm that when the pope visited ireland previously, the visitors stayed in the nunciature at the navan road? barely a stone's throw from that nunciature is st. patrick's home on the navan road, which was one of the largest mother and baby homes in europe. it probably has a significant history connected to the adoption scandal members have discussed in recent weeks. between 2,000 and 2,500 babies in glasnevin cemetery died in that home, or at least they are the burials we know of. there are people who stand, week in and week out, at the gates of leinster house. these are a number of women who were in st. patrick's home and still feel enormous hurt, as many do because of what happened to them in that home.
             will the taoiseach raise this matter with the pope? he could tell catholic parishes all over the country to open up and welcome back people who may have been given up for adoption out of their parishes. he is a man who has sought to reach out to people in difficulty. he would welcome such an approach from the taoiseach that would provide some level of both recognition and healing in respect of the many wrongs done to many different people. in particular, could the pope lay a few flowers at st. patrick's home on the navan road? it would be very appropriate."
2018-06-19,dail,https://data.oireachtas.ie/akn/ie/debateRecord/dail/2018-06-19/debate/main,367,Deputy Catherine Connolly,Deputy Catherine Connolly,"deputy catherine connolly
          i thank the taoiseach for giving us the opportunity to contribute to the debate. i also welcome his apology. however, it is important to remember that we were brought down this road reluctantly by the courts. tá ardmholadh tuillte ag mo chomhghleacaí as gaillimh máire geoghegan quinn agus ag an rialtas ag an am a thug isteach an reachtaíocht nua. however, it was the end of a very long and painful process. very few voices were raised in the dáil on the rights of gay people. it is important to remember that silence and learn from it. silence and collusion can be as destructive as deliberate acts. when i think about silence and collusion, i think of the 10,000 people who are homeless, including over 3,500 children. i think of the 120,000 nationally who are waiting on housing lists. i think of those in direct provision accommodation. we seem to be going backwards. there has been an increase in the number who have status, which is to be welcomed, but who cannot get out of direct provision centres. the length of time it takes to process applications has increased from 11 weeks in 2015 to 20 months in 2018. i could go on. there is lack of access to basic records such as birth and death certificates. we collude through silence. this is a day on which to celebrate and remember and to ask ourselves in what are we now colluding.
           we need to look at the journeys senator david norris took on our behalf to make us a better society and, before him, jeffrey dudgeon in northern ireland. i also acknowledge and recognise the minister for children and youth affairs, deputy katherine zappone, who courageously took a case with her partner to the high court and the supreme court. those cases tell us a lot about ireland and us. in 1975 mr. dudgeon very bravely filed his first complaint with the european court of human rights. he had to go through such a painful process which senator david norris also had to go through over a period of 16 years on our behalf. in a hearing in 1979 mr. dudgeon's complaint was declared admissible to be heard in the european court of human rights. that hearing was held in 1981 before 19 judges. it was the first successful case before the european court of human rights on the decriminalisation of male homosexuality. it set the legal precedent that ultimately resulted in the council of europe requiring that no member state criminalise male or female homosexual behaviour. i am sure senator david norris will acknowledge that the dudgeon case served as a key precedent in the case of norris v. ireland which challenged the continued application of the same legislation in this jurisdiction.
           what strikes me is that, moving forward from 1975 to 1981, this country and the judges knew that the situation was wrong. they saw the result at the european court of human rights, yet senator david norris had to start all over again, almost in parallel with the case taken in northern ireland. in 1977 he instituted proceedings in the high court seeking a declaration that sections 61 and 62 of the acts of 1861 and 1885 should be repealed. we had a high court case first. in his judgment in 1980 mr. justice mcwilliam set out that ""one of the effects of criminal sanctions against homosexual acts is to reinforce the misapprehension and general prejudice of the public and increase the anxiety and guilt feelings of homosexuals leading, on occasions, to depression and the serious consequences which can follow from"" what he called ""that unfortunate disease."" he dismissed the case of senator david norris who was mr. norris at the time on legal grounds. on 22 april 1983 the supreme court upheld the high court's decision. the various judgments have been referred to.
           i want to put the date of 22 april 1983 in perspective. it was just a few weeks after the death of sheila hodgers and prior to the insertion of the eighth amendment into the constitution. she had died in march that year because she had been refused medical treatment for cancer because she was pregnant and there was a foetal heartbeat. in april the supreme court gave its judgment by majority decision. it talked about the preamble to the constitution, christianity and so on. it used the terms ""christianity"" and ""christian principles"" to back up a most unchristian attitude to the way people were treated. later that year the eighth amendment was inserted into the constitution and a few months afterwards there was the death of ann lovett at a grotto in granard. i am only mentioning some of the things that happened around that time.
           senator david norris had to continue to fight, although there were two beacons of light at the time, namely, the dissenting judgments of mr. justice henchy and mr. justice mccarthy who, unfortunately, died prematurely.
          mr. justice mccarthy stated that the legislature is not free to encroach unjustifiably upon the fundamental rights of individuals or the family in the name of the common good. notwithstanding that, senator norris had to go forward to the court, to which he applied in october 1983. we should remember that the eighth amendment had just been passed because that gives us an idea of the context and environment in which the case was taken. senator norris complained about the contravention of his rights under article 8. it took until 26 october 1988 - 11 years after the proceedings were instituted in the national courts - for the decision to be made and it was a further five years before the law was changed in 1993. the various cases lasted for 16 years, during which time the country struggled with a black and white view of the foetus and the foetal heartbeat that did not reflect reality.
           it is important to remember today the pain and loss of life, including the murder of declan flynn in september 1982, a year when so much happened in irish society. if this dáil had asked questions and demanded accountability at that time, many lives could have been saved, whether those lost through suicide or otherwise, and much pain and suffering avoided.
           if there is something to learn tonight, it is that we need to look at ourselves in this dáil and what is happening in our name. how many other cases exist? we see the case taken regarding the right to work for people living in direct provision. we see a man who was in the mother and baby home in tuam state on record that basic records relating to a family member are being refused. as the taoiseach sits here, and i appreciate he is listening, this is happening in our name. the man to whom i refer has been in the high court many times seeking basic information.
           we need to reflect and take different actions as we move forward. i certainly cannot stand here and watch the mother and baby homes debacle and language being used over and over again to obfuscate, hide and confuse when we know exactly what happened. if we are to learn anything, let us learn to use language honestly and in a straightforward fashion and to empower people to take part in a democracy. we do not need to keep responding to court cases one after the other, as happened with the eighth amendment. with the exception of the circuit court, women were brought before or had to go before every single court in the land and then to europe and a united nations committee. that is what led to the changes relating to the eighth amendment and changes in the legislation on homosexuality. it was not the dáil acting in a proactive manner. that is the lesson for us tonight."
2018-06-14,dail,https://data.oireachtas.ie/akn/ie/debateRecord/dail/2018-06-14/debate/main,185,Minister for Children and Youth Affairs (Deputy Katherine Zappone),Minister for Children and Youth Affairs (Deputy Katherine Zappone),"minister for children and youth affairs (deputy katherine zappone)
          we are here today to speak about the identification by tusla of the fact that the births of 126 individuals from st. patrick's guild were registered illegally. a cruel and inhuman past rises up again with a vengeance in ireland. it is about the shaming of women. it is about the shaming of mothers. it is about how this shaming has been inherited by their children. i am truly sorry that this has happened. it is also about how lies, secrets and silences, allowed and accepted by irish society and irish churches in the past, continue to block access to information on one's identity and to restorative justice in the present. i hope and believe that we can change this and that we have a moral imperative to do so. from where does this moral imperative come? it comes from the voices of the people who were and continue to be impacted upon by the illegal practices surrounding birth registration and adoption practices in the not-too-distant past.
           i had the opportunity, along with my officials and advisers, to meet several of those to whom this matter relates and their advocates at the beginning of this week. we listened to their stories and to their analyses and recommendations on the changes required. one of the women, a survivor of bethany, spoke about her arduous and painful search for her birth mother and how her desire for information was blocked at every turn. one day, she finally found her mother buried in a pauper's grave. with great dignity and courage, she purchased the grave, as an act of claiming identity without shame and to do the right thing where others had failed. her story - and those of the people in the 126 cases identified and the countless others whose lives and rights have been violated because of past practices - demands that we act in multiple ways, to enable the right to information and the knowledge of identity for those who do not have it. these people's stories also demand that the right things are done about their records and that they are supported appropriately in the process, to recover who they are and the relationships that have been lost. we also need ways to enable truth-telling and remembering, so that we can make a transition to a new way of valuing women, mothers and children.
           following on from my announcement of 29 may, i want to clearly outline the evidence and share with deputies what we know to date. i will then outline the processes tusla has in place and my plans to establish whether the practice is more widespread, either in the remaining st. patrick's guild files or in the files of other adoption societies. finally, i will address the adoption (information and tracing) bill 2016 and the mother and baby homes commission of investigation.
           the issue that has arisen regarding certain saint patrick's guild files is evidence of illegal birth registrations. in effect, babies were given to couples and registered as the children of those couples and not of the birth parents. there were no adoption orders. while there have been suspicions about illegal registrations for many years, it has been extremely difficult to uncover clear evidence because of the deliberate failure of those involved to keep records. on 25 may 2016, the records of the guild were transferred to tusla. in the course of scanning the records, the issue of illegal birth registrations was identified. tusla informed an garda síochána, the commission of investigation into mother and baby homes and my department. tusla validated the information against the records of the adoption authority of ireland, aai, and the general register office, gro, which resulted in the identification of 126 cases. i moved immediately to inform cabinet and to announce, on 29 may, that a process has been put in place to deal with these cases, led by experienced social workers. an illegal birth registration is potentially life-changing, so the state has a responsibility to reach a high level of certainty before it contacts the individuals concerned. this threshold has now been reached in the case of these 126 files. the information i put into the public domain came to light because the index cards contained the words ""adopted from birth"". this phrase raised suspicions and the cases involved were analysed further in conjunction with the aai and the gro. it has been concluded that these were illegal registrations.
           of these 126 cases, 79 have never had contact with saint patrick's guild or with tusla. in the remaining cases, there has been some contact by the individual or a relative. in addition to these cases, tusla continues to examine a further 16 in which there is not enough evidence at this point to determine whether illegal registrations took place. while i am making every effort to ensure that the numbers are accurate, i must caution the house that they will change as more records are examined. in particular, the aai is aware of approximately 140 cases in which existing suspicions regarding illegal registration must now be revisited. a validation exercise is under way.
           we must reflect on the impact our actions will have on the people involved. in addition to possible psychological issues of identity, there are potentially serious issues regarding the correction of birth records and inheritance. we may well be called on to address further issues as they emerge. neither tusla nor the aai is out to destroy, upset or split families. their job is to provide information and support. the 126 cases have already been allocated to experienced information and tracing social workers. they will work in a measured and sensitive way and at the pace of the individuals concerned. the process will be respectful if those who have been illegally registered choose not to engage. it is also the case that there are people we will never be able to contact, as files may have been deliberately designed to conceal identities or people could be deceased. once tusla identified the issue arising from the index cards, it informed the commission of investigation into mother and baby homes and an garda síochána. the records were scanned, they were shared with the commission and the garda sought and have been given a sample of ten files. let me be absolutely clear: a false registration is an offence. the garda must review the evidence and make a judgement with the director of public prosecutions, dpp, on how to proceed. i have no role in these investigations, nor should i.
           we need to know if there is further evidence of illegal registrations. i have appointed an independent reviewer to oversee a further analysis of relevant records held by tusla and the aai. ms marion reynolds is a former deputy director of social services in northern ireland. she has been asked to report to me within four months of the work commencing. there are some 150,000 records at issue, of which 100,000 are currently in the custody of tusla and the aai and accessible to the reviewer. first, we need a well-planned analysis of the tusla and aai records to see if a major trawl is likely to give us hard evidence of illegal registrations. we must judge the likely incidence of cases that could actually be identified through the analysis and the scale of such cases. then, i will be in a position to judge next steps. some are calling for a full audit of all files and while i appreciate the motivation, our limited resources must be used as effectively as possible.
           the mother and baby homes commission of investigation is also examining adoption practices in the cases of mothers and children who were resident in the specialised institutions within its terms of reference. it is reasonable to anticipate that this examination will provide an insight into any potential irregularities involved. the commission is committed to investigating any such cases it comes across. during the week, i met people directly affected by illegal registrations, advocacy groups and members of both the dáil and the seanad. many members were part of a very useful and productive meeting yesterday, which also included colleagues from the seanad.
           the focus has been on progressing the adoption (information and tracing) bill 2016. deputies will be aware that this bill has passed second stage in the seanad. the bill seeks to respect the rights to identity and privacy. this is proving challenging because they sometimes conflict with each other. the bill also creates offences of destroying, mutilating, concealing or falsifying records. all of the people i met this week, including members of this house, all agreed on one thing, namely, that the bill is urgently required.
          everything changed on 29 may. what happened informed the wider public, the body politic and the media of the need to act. my intention is that the bill will be enacted by the end of the year.
           at the centre of this are people who were lied to and denied information about their true identity. they need answers and explanations and the choice or opportunity to meet their birth parents. it is a matter of profound regret to me that safeguards put in place by the state were circumvented. my responsibility now is to oversee a sensitive process which seeks to give them finally the information withheld from them all these years. i thank the house for its attention and i look forward very much to the debate."
2018-06-14,dail,https://data.oireachtas.ie/akn/ie/debateRecord/dail/2018-06-14/debate/main,187,Deputy Denise Mitchell,Deputy Denise Mitchell,"deputy denise mitchell
          i wish to share time with deputies kenny and ó caoláin. i thank the minister for her statement and for all the work she has done to date on this issue. as i said during question time yesterday, we were not surprised by the scandal of the illegal adoptions by st. patrick's guild because survivors and many journalists have been telling us the stories for years. anybody who has met women incarcerated in mother and baby homes has heard these stories far too frequently. now we finally have the evidence regarding what was going on. we need to start by not using the term ""incorrect registrations"". that term makes it sound like it was an accident or a mistake. clearly, it was no accident. using that language is insulting to the mothers whose children were taken off them and to those illegally adopted. this was a blatant attempt by adoption agencies to cover up what i believe was child trafficking.
           this week we have read that there are concerns regarding a further 700 cases at st. patrick's guild. these concerns relate to the changing of names on records, cash transactions and other practices.
          many of those affected are also unlikely to be citizens of this state. many may have been illegally adopted by families in britain or the united states and are probably unaware of their links to ireland. i hope we will see an investigation with a greater scope.
           this brings me to the sampling exercise announced by the minister, which i welcome, albeit with major concerns. a sampling exercise will not cut it. it may be an acceptable approach in the short term but we must recognise that we are investigating the illegal adoption of children. it needs to be a thorough investigation. that is the only way to ensure that those who were illegally adopted but are unaware of it can get the full truth and support from this state. we cannot leave people behind. many of the records of the illegal adoption of these children are still being held by religious organisations. yesterday, the minister stated that there are over 100,000 records in the possession of the state, with an estimated 50,000 still in the possession of these societies. these societies know that a sampling exercise is under way and i am concerned about the potential to tamper with records. i urge the minister to act to ensure that every single item of documentation is handed to tusla immediately. the government must ensure that all necessary resources are provided for a thorough investigation into this scandal. we are at a point where we could be losing something in this debate. st. patrick's guild and other involved agencies were regulated by the state so the state allowed this to happen. it is now up to the state to do everything in its power to right these wrongs.
           i will briefly touch on the adoption (information and tracing) bill 2016. the minister has spoken with many of us in the house and we know she is enthusiastic about getting the bill through. this must be done right despite all the emotion. we have heard groups talking about concerns and we must ensure everybody's concerns are addressed in this bill. we will support the minister in whatever way we can to get this bill through the house and finally ensure that adoptees have the information they need."
2018-06-14,dail,https://data.oireachtas.ie/akn/ie/debateRecord/dail/2018-06-14/debate/main,188,Deputy Martin Kenny,Deputy Martin Kenny,"deputy martin kenny
          i welcome the opportunity to speak on this topic. i acknowledge the work of the minister to try to advance matters. the adoption (information and tracing) bill 2016 needs further work and amendment. it must ensure there is unfettered access to all records for all people involved, which is the key in all of this. standing back and thinking about how we came to this and many other scandals, it is about a hidden ireland in the past. in many ways, it was an oppressive place.
           these children, whether coming from mother and baby homes, orphanages or wherever else, were treated almost like a commodity rather than the human beings they were. i will use today's opportunity to speak about a part of this group of people that has not been mentioned in the debate so far. where i come from in country leitrim, a rural area of which the acting chairman might be aware, we had people called ""home boys"". there was a man in carrigallen when i was growing up who had long whiskers and a long coat; he was always the butt of a joke and he lived in a little house in drumbreanlis. i knew another man, mr. johnny golden, who came to a very sad end, unfortunately, and he was also a home boy. there were many of them. they came from these homes and lived with farmers when they were perhaps 12 or 13. they had grown up in an institution and had no clue of family life or rural living. they had no clue about anything. they were very poorly educated and many of them could hardly read or write. in many places these people were treated very well but, sadly, in many places they were not treated well at all. in many homes they were treated very poorly. it is another sad reflection on the society in which we lived. there was another man called paddy mcloughlin who lived in the same parish as me.
           my parents are both in their 80s and they tell me that when they grew up in the 1930s, nearly every second house had a home boy. it was society's way of dealing with the issue. my mother went to england in the 1950s and said she often met these home boys after they had emigrated and she saw them in dance halls and irish clubs around london. when they went to england, there was an equality that they did not have at home. i use this opportunity to state that such people and so many more were legitimate citizens of this state. this state is proud of them and how they rose above everything that was against them. they had the strength to live and survive in that terrible position. we must be proud of the contribution they made to our society and country. it should be acknowledged and the best way to do this is by ensuring we do right by them in legislation that we bring forward."
2018-06-14,dail,https://data.oireachtas.ie/akn/ie/debateRecord/dail/2018-06-14/debate/main,191,Deputy Joan Burton,Deputy Joan Burton,"deputy joan burton
          it is now over 20 years since mike leigh's movie ""secrets and lies"" explored the kind of tensions that a hidden adoption story can create in a family.
          in more recent years, the book and the film of the story of irish woman philomena lee have evoked much debate about the sordid history of the trade in babies that was a common but a secret feature of irish life for decades. in one sense it was surprising that the controversy over the faking of numerous birth certificates should have generated such an intense emotional reaction. the basic facts of these and other dubious practices have been known for quite some time. in another sense it is right and proper that the public should get to know again and again the personal histories of families torn apart, babies exiled and lives damaged forever by the actions of both church and state.
           the core political issue is one of fundamental human rights. a person should have the right to his or her personal history and should be allowed full tracing rights. i know there are many people buried in the irish systems of administration and politics who think the sky will fall in if these rights are realised, but we have provided referendums on gay marriage, reproductive rights and divorce. this is the only issue still outstanding. adopted people are still the only people who do not have fundamental human rights in this country. our laws are quite deficient in protecting the exercise of this human right and all attempts to reform the law have come up against entirely unreasonable and sometimes just mysterious barriers that do not exist in other societies that have similar legal systems to ours. i have experienced these barriers as an adopted person in my own search for identity and contact with my birth family and as a politician - as deputy, minister and tánaiste - advocating reform. therefore, as someone who was adopted, i stress that it is absolutely urgent that we provide for legislation which allows people the right to their personal information.
           we need to implement the adoption tracing legislation as a matter of urgency in order that adult adoptees in ireland can access their own records concerning their birth families. this government has been stalling on this for two years. i know the minister herself is committed to the issue, but the government overall is inhibited by some mysterious barriers that, frankly, i have never been able to understand. i am really concerned that the will of the government is lacking on this issue and that the legislation will stall further as birth parents die and adopted people age, so we will ""age out"" of this issue.
           from all the revelations of recent decades in respect of mother and baby homes, magdalen laundries and other institutions, including adoption societies, we know there is a great deal of hidden information concerning adopted people's birth parents and families that rightfully belongs to those adopted people. by the way, i wish to stress to the minister a point that relates to the scoping exercise and why i think many people have professed some unease about it. as the minister knows, the commission on mother and baby homes does not include st. patrick's guild, it does not include the rotunda girls aid society and it does not include, i reckon, at least 30 or 40 other organisations, not to mention all the freelance nuns and priests who privately arranged adoptions. just this morning, i sat with someone who was born in holles street and handed over to a loving adoptive family - no doubt about that - but as she traced her history, she discovered her adoption was not registered until years later, when the family was adopting another child. this is multilayered and multifaceted and really needs to move before, as i said, most of the people involved die.
           in the period from the introduction of adoption in the early 1950s up to the 1980s, when the number of adoptions decreased dramatically, more than 40,000 people were adopted. most of these people are still alive; many of their parents are not. as the minister herself has said, we are talking about up to 150,000 records or more if we go back to the foundation of the state. in one of the last denials of personal freedoms in ireland, many adopted people are still locked out of access to their own files. it is difficult to understand this when we know that the uk, canada, new zealand and australia for close to half a century have allowed access to information once an adopted person becomes an adult. this is one of the last veils of secrecy and it sometimes seems that adult adopted people will be the last people to get personal rights in this country.
           i said to the minister yesterday, and i say it again today, that i can give an example of legislation which was worked on by all parties in this house, about which many people were concerned at the time and which was difficult to progress. i refer to the transgender legislation. we came back again and again to that legislation. i did so as minister. people started off with very grave doubts, as many people have, though they will not say so now, about the right of adopted people to information. we worked that out, and the minister herself was very involved in that debate. will the minister therefore take courage that she can actually do this? she is a member of a government comprised almost entirely of fine gael members. it is a fascinating insight to go back to the contributions of some fine gael members to the debates on adoption and the fears of strangers walking onto big farms. they are in the records of the library, though they may not be accessible at present. it is a compliment to the children, particularly boys, who were farmed out as labourers once they hit the age of 14 and the girls who went to work as maids and servants in doctors' practices and middle-class homes all over ireland. it should be borne in mind as well that when families gave children up for adoption, the minimum fee for st. patrick's guild, from all the records i have seen and the personal stories i know, was £100 at the time of the act for a baby plus £5 for clothes. with that, people who were often in desperate circumstances were given assurances that the baby would be well adopted.
           if i had an anthem for tracing on adoption, i would definitely use the frances black song ""all the lies that you told me"" because that is what this is about. it is about secrets and lies, and we have not rooted them out yet. so many people who have been adopted have brothers and sisters from whom they were separated. i know myself from working with people on this issue that many people who ended up giving up children for adoption were in long-term relationships. that was not always acknowledged. in some cases these people went on to marry. the social mores and church mores of the time made them give up the first babies they had, and that baby then went on, hopefully, to be adopted by a good family. pretty much anything was preferable to living one's life permanently in an institution. of course, this was known very widely except to the adopted person. very often the story gradually came out at family functions - weddings, funerals and suchlike - at which people said, ""do you not know you are adopted?"" there was a kind of tap on the shoulder to tell the adopted person some particular feature of the adoption and of the family relations.
           the minister needs to take her courage in her hands and talk to those other people in the cabinet. we have gone through a full five years, since i was last in government, of talking about it.
          deputy enda kenny proved persuadable that he should issue an apology to those who were in the magdalen laundries. it is the minister's job to persuade this taoiseach that he should lift the veil of secrecy. he and others have benefited from our acknowledgement in full of other rights, but this dáil still has not acknowledged the rights of adopted people to their personal histories and information."
2018-06-14,dail,https://data.oireachtas.ie/akn/ie/debateRecord/dail/2018-06-14/debate/main,198,Deputy Catherine Connolly,Deputy Catherine Connolly,"deputy catherine connolly
          i welcome the fact that the title of the minister's speech today is ""illegal birth registrations"" and the fact that she has used that strong terminology. i understand from the person who works in my office that is not what is going out. the term ""incorrect"" is going out, but the title of the speech is ""illegal birth registrations"" and i welcome that. i also welcome the minister's announcement on 29 may. that is the day on which my mother died many years ago. i cannot imagine coping with a false registration of the death or birth in addition to the grief. i will be coming back to that in a minute. having looked at the documents st. patrick's guild had given her quite some time before, which is a point i will also come back to, the minister announced on 29 may that there were 126 cases of illegal registration in the period between 1946 and 1969. nobody was shocked by that. the shock came because it had taken so long. my additional shock came because she made that announcement through a press conference rather than coming into the dáil, the democratic forum, and presenting her findings in context. i have a difficulty with that. i want to work with the minister and believe in her bona fides. i would have been helped in that if she had come in and explained the situation to us. i understand that the documents from st. patrick's guild had been with tusla since 2016. the minister then made an announcement in 2018 without putting it in context to explain the delay.
           as i have done every time i have stood up on this subject, i will again quote from briefing papers that were given to the highest officials in the hse with a note that said they should go all the way up to the minister. in respect of the mother and baby home and bessborough, and in the context of the magdalene laundry, where information came up the people in charge said that it was beyond their scope. this is what they highlighted. in both of these cases, that is, in both mother and baby homes, of concern ""were interference with birth and death certification which requires further investigation"". this was written in october 2012 with a note to send it up to the minister. this is as a result of the martin mcaleese report and his investigations. ""children, if not the mothers who passed though these systems are likely to still be alive and at the very least"" this should be investigated. it goes on and on to say that this is a serious issue. in addition i will quote one more little thing from one of the notes on 12 october 2012. it is easy to remember the 12th of the month in the 12th year:
          this may prove to be a scandal that dwarfs other, more recent issues with the church and state, because of the very emotive sensitivities around adoption of babies, with or without the will of the mother.
          a concern is that, if there is evidence of trafficking babies, that it must have been facilitated by doctors, social workers etc., and a number of these health professionals may still be working in the system.
          it is more important to send this up to the minister as soon as possible: with a view to an inter-departmental committee and a fully fledged, fully resourced forensic investigation and state inquiry.
          that note is from 2012, this is 2018. it was six years ago so i hope the minister will forgive me if i appear cynical. when one comes from a large family one inevitably encounters lots of problems and learns from them. i was not shocked by this nor were any of the other people i know. indeed survivors have spoken about these illegal practices for years. conall ó fátharta, who deserves an award, spoke about this back in 2010, eight years ago.
          he has written about it practically month after month since. the story has arisen time and again and successive ministers have either failed or refused to act. i cannot count the number of ministers involved. there were at least three, but a lot more since the 1950s.
           there is knowledge and evidence dating from as far back as the 1950s. in the 1990s, the national archivist, catriona crowe, revealed the extent of the problem and the fact that the department responsible for external affairs had knowledge of the practice as early as the 1950s. mike milotte published his book banished babies way back in 1997, the year my second child was born. i am not sure whether the minister read it. i understand it has been reissued lately. it added much to the detail of catriona crowe's discovery.
           since 2010, the irish examiner journalist conall ó fátharta has revealed time and again the practice of forced and illegal adoptions carried out by the state and religious and private institutions. furthermore, i understand that another article by the journalist this week reveals that tusla has now raised concerns about a further 748 adoption cases from st. patrick's guild alone. it is extraordinary that we have to rely on journalists for our information. there is evidence of names being changed, references to payments being made - often of £100 - the placement of children with no corresponding adoption orders and other irregularities. what precisely is the nature of those irregularities?
           tusla has produced three interim reports. all preceded the announcement of 29 may. where are they? can we have sight of them? can that be published? why have they not been published? the third interim report was prepared on 10 may. it states that 611 children were identified as having been sent overseas and that a deeper review and analysis would be required to track the journey of each infant from birth to the point where he or she left the jurisdiction. i understand that tusla revealed that, while dealing with tracing inequities since it took possession of st. patrick's guild's records in early 2016, it has discovered a significant number of suspected illegal registrations, dating as far back as june 2017. we know that the aai informed the department of children and youth affairs in 2013 that st. patrick's guild was aware of several hundred illegal registrations. the response of the department at the time was nothing short of insulting. it stated that an audit of adoption records was of limited benefit and would yield little useful information. can one imagine that for a response?
           we know this problem goes well beyond st. patrick's guild. it is only one of an estimated 180 institutions that facilitated adoptions in this state. theresa hiney tinggal was illegally adopted from an agency outside st. patrick's guild. she has been campaigning on this for ten years. her feeling is that she has been absolutely ignored by three ministers, whom she names. they were in power prior to the current minister.
           mr. paul redmond, the chairman of adoption rights now, has said the practice in st. patrick's guild was far more widespread. mr. fergus finlay stated on ""morning ireland"" recently that he believes every single agency in the state was involved in illegal adoptions. i hope i picked that up incorrectly because it is an extraordinary statement. i do not need to tell the minister that everybody has a right to know his or her identity. we have an obligation to ensure people who want to know can find out where they come from. it has implications for everything, as the minister knows. people far more articulate than i am have referred to this in respect of medical history and health implications.
           it is imperative that there be a full and thorough investigation of all files concerning st. patrick's guild and all adoption agencies. we have no choice. if the minister wants to start a new role, this is the only way to do it. if she reads the briefing notes from 2012 and still sticks with the old ways, we will be lost. this is a golden opportunity to do it right. having a targeted sampling exercise is just not good enough. this cannot be a game of chance for the people involved such that some will be lucky enough to be included while others will not. we must include all survivors in a full investigation.
           i welcome the minister's commitment to pushing the adoption (information and tracing) bill and ensuring it will pass through the seanad as expeditiously as possible. i must state, however, that i have a fundamental difficulty with the undertaking that is being asked for. i cannot see myself voting for it, much as i would like to do so. it is huge. it is being stated that there will be no penalty if the undertaking is broken but that sums up irish society. we make people give an undertaking but if they break it, which is only human, we do not penalise them, thus bringing the law into disrepute. the law has been brought into disrepute on every level. laws have been ignored and broken and laws have been made up to suit the church. i cannot tell the minister what my personal and professional experience and my having the privilege of being a deputy have done for me. institutions do not change. they simply lie, cover up and hide unless leadership is shown from the outside and unless they are pushed to do what is required so we can learn. none of this was accidental. this was a deliberate state policy, by and large affecting poor families and poor children. this is the subject of another day's discussion. for today, i ask the minister never again to make an announcement such as that made at the press conference. if she wants us to work with her, she should set out in the dáil how the information came to her attention and the nature of the delay from 2016 onwards when she had the information and knew the implications. if she does this, i will happily work with her and she will restore my trust in the system, which is at an all-time low."
2018-06-14,dail,https://data.oireachtas.ie/akn/ie/debateRecord/dail/2018-06-14/debate/main,199,Minister for Children and Youth Affairs (Deputy Katherine Zappone),Minister for Children and Youth Affairs (Deputy Katherine Zappone),"minister for children and youth affairs (deputy katherine zappone)
          i am very appreciative of the contributions of all the deputies. they help me and my officials as we continue to work on issues that have been of such profound significance to so many people for such a long time, as deputy connolly just indicated. i am aware of this and of the various circumstances and research findings the deputy has just shared in the chamber. they are exceedingly helpful and we are listening. we are attempting to offer a way for 2018 under my leadership.
           i will try to respond to the issues raised to the best of my ability. we will continue to come back to them, not least in the context of the bill. deputies connolly, boyd barrett, mitchell and others mentioned the investigation of other records and the specific further analysis i have asked for. i see that as a really important and sensible step in terms of the methodology of approaching the 100,000 files that are under the jurisdiction of the state. i have not said that is the end. i am very open to moving beyond that. we have tried to design the process in such a way that it will be relatively quick and so we will know that, after the first four months approximately, we will be in a better position to determine how we might move forward. much of this concerns the issue of methodology, something of which, as a former researcher, i am aware. officials are now identifying a methodology to ascertain whether they can consider some aspects of a huge number of files in the initial stage in order to determine whether something should be done next and, if so, what. from having listened to other stakeholders, in addition to deputies here, i realise it may be recommended that we need to go further, in which case a methodology will be presented, but it strikes me that in order to move forward in this regard, we might also need to engage a wider group of stakeholders, particularly but not only inclusive of advocates, adoptees, archivists, relevant journalists - some of whom deputy connolly mentioned - and genealogy experts. deputies have called for this. it may be that drawing on some the wider expertise, which seems to be what is needed, might help us to proceed more effectively than by using more traditional forms of research.
           i have received, as have other deputies, a number of representations from people who believe they are illegally registered. those are people who have come forward as distinct from us examining the 100,000 records we have, and they are being examined in a particular way as part of the research. those are a few examples that might impact on the methodology in terms of moving forward. i do not want to pre-empt any decision that may be taken but from listening to what is being said on the airwaves, this is an issue that runs very deep across many thousands, if not tens of thousands, of people's lives. we have an obligation to find ways to ensure that we discover the evidence of illegal registrations to the best of our ability. that answers the question in terms of the initial investigative research.
           in terms of the records, and people have identified this also, we have 100,000 cases that are under the jurisdiction of the state. an estimated 50,000 records, although the figure is probably more than that, are not in the possession of the state such as those in adoption societies where records have not yet transferred to either tusla or the adoption authority of ireland, aai. i refer to pact, cunamh, st. brigid's adoption agency, nursing homes, health professionals and private individuals. there are many more records that are not in our possession to allow us do something about it. as deputies are aware, the adoption (information and tracing) bill would provide a statutory basis to acquire those transfers but there may be other ways to do that. i understand the urgency expressed by the deputies about this issue. as deputy mitchell said, these things are going on. i could voluntarily request the transfer of records but there are potential difficulties with that. it may not be clear who has what records. a voluntary request could be ignored or complied with in part only. the holders may cite data protection issues. i am not saying that will not happen but there are difficulties with that also.
           deputy rabbitte referred to capacity, particularly within tusla, and conducting further research. the deputy is right to raise that matte. in order to conduct further research and to underpin the information and tracing service, additional capacity will be required in order to eradicate waiting times for people - apart from the 126 or the others who are now suspect - and deal with the increased numbers that will come forward in light of the changing context. i am aware of that capacity issue. it is about money, but it is also about people. we need to find a solution urgently to that issue.
           deputy burton said that we do not want to age out this issue. i agree with her. that is why i am trying to initiate and lead a way forward to ensure there is a deeper sense of urgency in light of what we have found in that high bar of evidence. she said that people have a right to their personal history, which is a very helpful way of expressing it, as well as a right to information and tracing.
           members referred to the fact that 740 other cases were identified by tusla, and they may be added to the list. my understanding is that was part of the number it started with but it sifted through those and did the cross-referencing with the adoption authority of ireland and the general register office, gro. some of those dropped out in terms of coming to a higher level of certainty in terms of evidence of illegal adoptions because, as the deputies are aware, when we have that number of cases, we need first to move towards contacting the people. the state requires a high level of certainty, higher than would be required in terms of making those kinds of approaches. it is different if people are coming towards us or indicating that they would like us to investigate something.
           in terms of the bill, sinn féin members believe that people ought to have a right and unfettered access to information. deputy burton and others are probably in agreement with that. i mentioned meeting deputies and senators yesterday with my officials. i would wish to pursue that in the context of the bill. i want to push the boundaries as far as we can in terms what is constitutionally permissible but we hear what they are saying. as i said, we are operating in a changed context and i hope that gives us more possibility. i have not covered all the questions but we will have other opportunities to discuss them.
           in terms of the number of actions that need to happen, i wonder if it is time to consider a process of telling and hearing the truth about the way women and children were historically mistreated in ireland and expanding and correcting our national record of the development of the state and our treatment of one another in it. there is a social history model coming from the mother and baby homes commission. that will be helpful in that regard but i refer again to a mode of transitional justice. moving from a legacy of human rights abuses requires us to acknowledge, record, accept and apologise for those abuses and our collective responsibility for them. it is a process that perhaps could be survivor centred and designed with the needs and the hopes of survivors in mind.
           it may be time to consider a scope. we are living in a present that is still attempting to respond appropriately to the magdalen laundries, the mother and baby homes and the adoption illegality issues. we may need to reckon with our national history of gender and justice, inclusive of the ways in which it has impacted on boys. i take deputy martin kenny's comments about home boys as well as men. these are other issues i will be considering as we move forward."
2018-06-14,dail,https://data.oireachtas.ie/akn/ie/debateRecord/dail/2018-06-14/debate/main,201,Deputy Stephen S. Donnelly,Deputy Stephen S. Donnelly,"deputy stephen s. donnelly
          on behalf of fianna fáil, i wish to extend our thoughts to the mothers, fathers and babies at the centre of the portiuncula university hospital report. what the report highlights is truly outrageous and scandalous. the report on maternity services at portiuncula university hospital was released approximately two months ago. it did not get much attention because we were in the middle of the cervicalcheck scandal and a campaign to repeal the eighth amendment. the report lays out a scandalous series of failures in respect of mothers, fathers and babies by the state. the bitter irony is that the report on this scandal relating to women's reproductive health did not get much attention when it emerged because we were preoccupied with two other issues relating to women's reproductive health.
           by and large, we have great maternity care in ireland. we have one of the lowest maternal death rates in the world thanks to the fantastic work every day of our doctors, nurses, midwives and everyone else involved. when it comes to women’s health and the control of women’s bodies, however, this state has a dark past - the magdalen laundries, mother and baby homes, symphysiotomy, forced adoptions and falsified birth certificates. the list goes on and on. now added to that list is what happened at portiuncula hospital between 2008 and 2014 and who knows when else at that hospital.
           a total of 18 births were examined. six involved either stillbirths or the death of the baby shortly after delivery. six of the babies who survived suffered injuries leading to lifelong disabilities. a litany of errors led to the serious harm and deaths of those babies. the report found that in ten of the 18 cases there was a relationship between errors made and the outcomes for the health and lives of those children.
           what happened? the report found there were insufficient resources, insufficient weekend cover, with sometimes no obstetrician and no midwife at the weekends and out of hours - so who was delivering the babies? -insufficient leadership, insufficient management and quality control, the wrong staff at the wrong times, the wrong training, the wrong qualifications and the wrong layout of the hospital. the list goes on. the report concludes that all of these errors combined to lead to the serious harm and death of babies. that serious harm was preventable. sadly and soberly, those deaths were also preventable.
           after all of this came the failure to investigate; the failure to tell parents that mistakes were made; the failure to tell parents about coroner reports and investigations; the failure to tell parents that a review was even taking place; the failure to inform the minister for health; and the repeated failure to apologise.
           rte’s ""rté investigates"" told the story of just one such family, whose two baby girls died in portiuncula hospital. a review of one of the deaths took place in 2011. the parents were never told about the review, nor were they included in it. they found out about the review on television years later. when they found out, they applied for information under data protection legislation and what they discovered was damning. it included, for example, one email from a person at the hospital saying: “obviously, i am concerned that the coroner’s directive to carry out a review will be discoverable.” that is a cover up. that is what happened. in 17 of the 18 cases the report found a lack of disclosure.
           we welcome the recommendations and we welcome the minister's list of things that have improved, but it is not enough. i am asking the minister to come back with a comprehensive document listing every recommendation in this report and stating what has happened to date, which recommendations have or have not been completed and a timeline for when that will happen."
2018-06-14,dail,https://data.oireachtas.ie/akn/ie/debateRecord/dail/2018-06-14/debate/main,206,Deputy Mick Barry,Deputy Mick Barry,"deputy mick barry
          first, i thank the families affected who came forward with their concerns about maternity hospital services at puh. i express to them the condolences of the solidarity-people before profit group.
           the manner in which this state has treated women and children has been both a recurring theme and a major issue for irish society. indeed, the recent referendum was part of the overall debate within society about these matters. the neglect of women and children in the 20th century is becoming better known.
          the house has just discussed the situation facing those who were adopted and whose births were registered illegally. this state has a shameful record when it comes to mother and baby homes and industrial schools. the matter we are discussing, however, relates to maternity services in this century, not the distant past. there are people in this house who have been members of cabinet at various points during the period in question. the recurring theme of neglect of pregnant women and children has continued into this century.
           the review identified 18 cases between 2008 and 2014. a number of children died and those that did not die suffered serious conditions such as brain damage and cerebral palsy. the children and their parents are facing that situation. births, of course, are not without risk. however, this report identifies factors in these cases that could have been avoided. proper practice and resources would have avoided the negative outcomes. the report identifies that different management of obstetric care would have resulted in better outcomes for the children in ten of the 18 cases involved.
           the report is clear about the issues at portiuncula. there were clear failings in the escalation of concerns. staff numbers were not sufficient to meet the needs of mothers and children. there was a clear lack of staffing at weekends and out of hours. the relevant consultant or midwife was not on duty on several occasions. there were also issues with training and practices when there were difficult births. the lack of use of oxytocin is mentioned as well. 
           families were not openly communicated with and this intensified their grief. there are two examples of bereaved parents being contacted about their children by staff members at the hospital who were not aware that those children had died. this did not happen in the distant past, it was the practice here recently. what was the ireland of 2008 to 2014 like? it was the era of austerity. public services were cut back massively. political decisions were made to prioritise the bank bailout and to make workers and public services pay for that bailout. we had severe reductions in public services, including the health service.
           those in government at the time were austerity ministers. budgets were slashed and burned. political decisions have a real effect when they reduce budgets. we have a ballooning waiting list in our public health service, with hundreds of thousands of people awaiting various procedures. cuts to public spending mean fewer staff in our hospitals at times when they are needed. anyone visiting a hospital knows the dedication and professionalism of healthcare workers. what happened at portiuncula was that there was a lack of training, resources and staff to serve the needs of women and newborn children."
2018-06-13,dail,https://data.oireachtas.ie/akn/ie/debateRecord/dail/2018-06-13/debate/main,28,Deputy Katherine Zappone,Deputy Katherine Zappone,"deputy katherine zappone
            as i indicated earlier, i have asked an independent reviewer to oversee a further analysis of relevant records held by tusla and the adoption authority in the first instance. the purpose of the exercise is to see if clear evidence of illegal registrations is evident in other records. the first meeting to commence this process took place yesterday and i expect the analysis to be completed four months from when it is initiated. in that regard, i understand that methodological matters are currently being finalised. given the volume of records involved, we must first judge the likely incidence of cases that can actually be identified through this analysis. i will then be in a position to judge the next steps. records which are not in the custody of either tusla or the adoption authority cannot be included in the analysis at this stage as the state does not have possession of them. the adoption (information and tracing) bill 2016 is the statutory mechanism necessary to bring these records, estimated at about 50,000, into the custody of the adoption authority. i am meeting colleagues from both houses this afternoon to explore how we can progress this legislation as quickly as possible.
             the extent to which children were simply placed with couples and their births registered as if they had been born to them is but one of the major issues that we need to examine. the work of the commission of investigation into mother and baby homes will be important in dealing with a range of other adoption-related matters. the commission is examining adoption practices in the cases of mothers and children who were resident in the institutions within its terms of reference. the commission is also required to examine the interaction of mother and baby homes with other institutions, organisations and individuals who had involvement with children from these institutions.
            for example, it is examining the practices and policies within adoption societies involved in the placement of children from these institutions. this will provide important insight into any irregularities or illegalities. i want to get to the truth. the further analysis, which has commenced, together with the ongoing work of the commission, will be important for our initial steps. i reiterate that i am open to furthering those steps."
2018-06-13,dail,https://data.oireachtas.ie/akn/ie/debateRecord/dail/2018-06-13/debate/main,33,Deputy Katherine Zappone,Deputy Katherine Zappone,"deputy katherine zappone
            i am conscious of claims that the state knew for many years about illegal registrations, and that successive governments should have done more to address the issue. what has been lost in the debate is the fact that, while there seems to have been an awareness of this illegal practice, we had no clear proof of what happened, other than in a few individual cases where documentary evidence was found.
             it is vital to point out that illegal registrations were deliberately concealed and that either no records were kept or else they appear to have been deliberately falsified. in these circumstances, it was difficult to find the truth.
             the st. patrick's guild records were the first source of a considerable number of cases where clear written evidence was identified. i announced this on 29 may as soon as i was satisfied about the strength of the evidence in these cases.
             while the aai has previously reported concerns about a number of cases it was aware of, the threshold of evidence of an incorrect registration, which is required if persons are to be notified, had not yet been reached.
             while engaging with tusla and the aai on the evidence emerging from the st. patrick's guild files of illegal registrations, i requested that the authority revisit the cases about which it had concerns, and to conduct a validation exercise on them to establish if a high level of certainty could be reached that an incorrect registration had taken place. i await the outcome of this validation exercise from the authority. if further confirmed cases emerge, they will be added to the same process as the 126 confirmed st. patrick's guild cases.
             in addition, the commission of investigation into mother and baby homes and certain related matters is examining adoption practices in the cases of mothers and children who were resident in the specified institutions within its terms of reference."
2018-05-31,dail,https://data.oireachtas.ie/akn/ie/debateRecord/dail/2018-05-31/debate/main,14,Deputy Kate O'Connell,Deputy Kate O'Connell,"deputy kate o'connell
          i thank the irish people for the resounding ""yes"" vote they cast as a nation on friday last. we have come so far since 1983, when the pulpit ruled and we were subjected to the threats and fearmongering of a vengeful creed. looking back now, it is hard to imagine that ireland back then was very different from the modern, globalised and informed country we have today. an information deficit left a void filled by dogma and shame. free secondary school education, introduced in 1967, had a radical effect upon our culture, social mobility and economy. education - and the freedoms arising from it - was the preserve of those who could afford it. at that time, fewer than half of those aged 15 were still in school. what free education did was establish an educated population across society. we have an electorate that is informed, engaged, compassionate and aware as a result.
           the eighth amendment was sold as a way of protecting unborn life. from what, however, was the unborn being protected? it was from women. when one considers the matter, one realises it is a terrible way to think of women - the very women who bore us and continue to bear the children of ireland. the consequences of the eighth amendment have been discussed at length, including in the context of the nine women who travel per day, the three per day who take abortion pills and those who will today receive the brutal diagnosis of a fatal foetal abnormality.
           the principle of power and control over women is not erased, however, in spite of the huge vote in support of the 36th amendment. we have quite a way to go. this is not just an aspiration for a society of participating equals; we need to atone for wrongs that were done to so many for so long and to address the imbalance that persists within this house.
           we heard much disturbing commentary in the house in the months leading up to the referendum campaign, including suggestions that women are doing grand and that the heads of glanbia and fbd are women. we heard the head of the national transport authority ""is a lady"" and that the head of the road safety authority is also ""a lady"". well, good luck to them. what on earth was the point of using them as examples and as weapons against other women? would we not look well in here speaking about a subject concerning men who are directly suffering if we said:
          sure, the taoiseach is a man, the leader of the opposition is a man, the president of ireland is a man, and the head of the institute of obstetricians and gynaecologists is a man, so men are clearly doing grand. what would be wrong with ye?
          imagine if we said that in this house. some of this commentary regarding abortion involved nods towards misogyny and prejudices that were not reflected in the local ballot boxes of those responsible. if people are feeling sheepish now and feeling out of step with their electorates, they should be. the insertion of the eighth amendment into the constitution was far more than what they sold it as; it was designed to exert power and wield control over women.
           i would like to thank a number of people who have come out in recent years in support of the repeal of the eighth amendment and those who have exposed some of the dark, dark chapters of our history, chapters in which we paid headage payments per woman and child incarcerated for their sins behind the walls of mother and baby homes. i thank those who told their personal stories in this regard. i know that galway county council paid the nuns a pound per child per week in tuam. that is what the historian mary mcauliffe told me.
           we came together last week and we did it from all quarters. ailbhe smyth, orla o'connor and gráinne griffin deserve considerable praise for the together for yes campaign, and so do deirdre duffy and amy rose harte. so do the doctors and the lawyers, particularly fiona de londras. i thank the activists around the country, particularly those i met in donegal when i travelled there to support them in ballybofey. i thank, in particular, theresa newman and etain hobson who worked for and supported me every day and who travelled to ennis, tullamore, limerick, abbeyshrule, meath, donegal, kildare and beyond. i thank my colleagues deputies durkan, bailey, hildegarde naughton, corcoran kennedy and fitzgerald and senators buttimer and reilly, who all supported me throughout this work. i thank my constituents, the people who put their faith in me at the last election and whom i hope will do so again. they returned the highest ""yes"" vote in the country at 78.49%. of that, we are immensely proud. most of all, i thank the women, especially the young women, who turned out in their droves to vote in the referendum. this is your country and your voice. this is your victory and your future, and it is your choice."
2018-05-30,seanad,https://data.oireachtas.ie/akn/ie/debateRecord/seanad/2018-05-30/debate/main,483,Minister for Children and Youth Affairs (Deputy Katherine Zappone),Minister for Children and Youth Affairs (Deputy Katherine Zappone),"minister for children and youth affairs (deputy katherine zappone)
          i thank the members for the opportunity to address this very important subject. senators will be aware of my announcement in regard to evidence of incorrect birth registrations. these come from the records of a former adoption society, st. patrick’s guild, spg. tusla has identified 126 individuals in 13,500 records whose births were incorrectly registered between 1946 and 1969.
           i am grateful for the opportunity to make a statement in seanad éireann, which will give me the chance to brief members in more detail on the issue. senators have always acknowledged that the issue of identity is highly sensitive, with very personal and far-reaching implications. that has been explored in this house in debates on second stage of the adoption (information and tracing) bill 2016. we have women and men who will find out that those they always knew as their parents are not their birth parents. we have women who gave birth and were under the impression that they were giving their babies up for adoption, and the ""registered"" parents raised these children as their own. we know that babies were registered to parents who were not their birth parents. there is no adoption order and so no record with the adoption authority of ireland.
           the practice of registering a child with false details is, and was at the time in question, an offence. while there has been widespread commentary and discussion about the practice of incorrect registrations for many years, it has been extremely difficult to uncover clear evidence because of the deliberate failure by those involved to keep the records.
           on 25 may 2016, the records of st. patrick’s guild transferred to tusla - the child and family agency. since then, tusla has established a dedicated information and tracing service for relevant persons adopted or boarded out through st. patrick's guild. it has completed a request for tender and awarded a contract to scan the entire spg holding. it has also catalogued the records, which is an ongoing process.
           it was during the course of that work, and in particular the scanning of the records, that the issue of incorrect birth registrations was identified. there was clear evidence of this practice recorded on index cards created and maintained by st. patrick's guild.
           on foot of this discovery, tusla informed an garda síochána, the mother and baby homes commission of investigation and my department. tusla validated the information against adoption authority of ireland and general register office, gro, records. this resulted in the identification of 126 cases where a birth had been incorrectly registered.
           i moved immediately to inform the cabinet, and to announce that a process has been put in place by tusla to deal with these cases. this is being led by experienced information and tracing social workers. as this information is life-changing, the state has a responsibility to reach a high level of certainty. this threshold has now been reached in the case of the 126 spg files, and i have acted accordingly.
           i am extremely conscious that people who have reached middle age and older will have their lives turned upside down. of the 126 cases, 79 may be entirely unaware of the true circumstances of their birth as they have never had contact with st. patrick’s guild or with tusla. a further 31 have had contact and therefore may know or suspect. the relatives of 14 people who were incorrectly registered have been in contact at some point, but we do not know if these relatives told the person who was the subject of the incorrect registration. two people were legally adopted but had been the subject of an incorrect registration initially.
           in addition to these 126 cases, tusla continues to examine a further 16 cases where, at this point in time, there is not enough evidence to determine whether an incorrect registration took place. if such evidence emerges, those cases will be added to those currently being addressed.
           i would like to remind senators that these numbers will change as tusla and the adoption authority of ireland continue to examine various records.
           for the purposes of clarity, i would like to emphasise that our current information is that a person is not affected by this issue if he or she has an adoption order or if he or she was born before 1946 or after 1969. if a person was born between 1946 and 1969 and was placed by st. patrick’s guild and does not have an adoption order, he or she may be affected.
           for the individuals concerned, in addition to possible psychological issues of identity, there are also potentially serious issues relating to the correction of birth records and inheritance.
           as minister responsible for both tusla and the adoption authority of ireland, let me be clear that we are not out to destroy, split or upset families. we are here to provide information and support. i stand over my assessment that, as minister, i had a responsibility, once there was clear evidence of incorrect birth registrations, to attempt to share that information with the persons whose information it is.
           tusla is leading on this process. each of the 126 cases has been allocated a social worker. as an immediate step, tusla has put in place a helpline, which started yesterday. it operates from 10 a.m. to 4 p.m. each day, monday to friday. it has also put significant information on its website. between the opening of the helpline yesterday afternoon and lunchtime today, tusla responded to 85 calls. some of the calls lasted up to an hour.
           it is important to remember that we have limited information. each file and each record is different in terms of what it contains. most of the records are more than 50 years old.
          tusla's first task is to identify the individuals affected and their current addresses. the process will be measured and sensitive and will proceed at the pace of the individual concerned. there will be no sudden phone calls or unannounced visits to people's doors. tusla is offering contact with and support for those affected. this will be handled very carefully and will take account of the people's requirements. i assure the house i am confident, having had a number of detailed briefings and meetings, that it will be a very humane and sensitive process. it will take some time. the process will be respectful if those who have been illegally registered choose not to engage. that is their right.
           in view of what has been found in the st. patrick's guild records, we need to know whether there may be similar evidence of incorrect registrations in other adoption societies. i have asked an independent reviewer to oversee a targeted sampling process of relevant records held by tusla and the adoption authority of ireland in the first instance. marion reynolds is a former deputy director of social services in northern ireland. i am asking her to report to me within four months of the work commencing. there are 150,000 records at issue, 100,000 of which are currently in the custody of tusla and the adoption authority of ireland. i hope to be in a position to finalise the terms of reference for the sampling exercise and to publish them within the coming days. however, we must first judge the likely incidence of cases that can actually be identified and the scale of them through this sampling exercise. then we will be able to judge the next steps that may be required.
           the mother and baby homes commission is required to examine the interaction of mother and baby homes with other institutions, organisations and individuals involved in the entry and exit of children from these institutions. this allows for an examination of the practices and policies within adoption societies. it is reasonable to anticipate that this examination will provide an insight into institutional practices and any potential irregularities involved. the commission has stated that it is very conscious of the issue of illegality or irregularity in the adoption process. it has committed to investigating any such cases it comes across in its analysis of the records of the mother and baby homes. tusla has shared the spg files with the commission to assist it in its work.
           senators will be aware that the adoption (information and tracing) bill 2016 passed second stage here. i assure my colleagues in the seanad that the bill remains a priority for me. as we are all well aware following our second stage debate, the bill seeks to balance competing rights to identity and privacy. getting the balance right is proving challenging, particularly as it relates to our constitution. i am conscious of senators' interest in this important issue and their desire - and mine - to move things forward as the bill places the information and tracing service on a statutory footing for the first time. the bill is of relevance to persons who have been subject to incorrect registration as well as to adopted persons. my intention is that, with the house's support, the bill will be enacted by the end of the year. my office has today emailed senators and deputies who have been engaged with this legislation asking them to meet me in order to progress enactment as soon as possible.
           i spoke yesterday about the women and men at the centre of this: the people who were lied to about who they were and who now, in their 70s, 60s, 50s or 40s, may not get the answers and explanations they want and need or the choice or opportunity to meet their birth parents. those responsible were generally private adoption societies and private individuals who knowingly concealed the truth. the state had safeguards in place, including legislation enacted in 1952 to regulate adoption in the interests of children and their birth parents. however, as i stated yesterday and wish to reiterate today, it is a matter of profound regret to me that these safeguards were circumvented by certain individuals. i have expressed my sorrow to those who lost their true identities and to the birth mothers who placed their children in good faith, thinking they would be legally adopted. my responsibility as minister is now to oversee a sensitive, humane process which seeks to give them finally the information withheld from them all these years. i very much look forward to senators' contributions to the debate."
2018-05-30,seanad,https://data.oireachtas.ie/akn/ie/debateRecord/seanad/2018-05-30/debate/main,486,Senator Lorraine Clifford-Lee,Senator Lorraine Clifford-Lee,"senator lorraine clifford-lee
          i wish to give one minute of my time to senator norris.
           it is with great horror and distress that we are here once again to discuss another shameful chapter in our nation's history. this chapter involves women and their children and how they were treated. this just goes further to demonstrate the esteem in which unmarried mothers and their children were held in this country. let me be clear when i say that they were held in very low esteem and were treated shabbily by everyone with whom they came into contact. these children were just commodities to be exchanged and sold and the women were just vessels, facing forced pregnancies and made to give birth in shame and in horrific circumstances. the minister made reference to these birth mothers placing their children in good faith with adoption agencies in the hope they would be adopted. from people to whom i have spoken, and from the testimonies of women who were in these mother and baby homes, often there was no consent. they left the building for an hour or two, came back and their babies were gone, traded for money, sent to america, given to god knows who. they did not find out what happened to their babies. these babies, who are now in their 40s, 50s, 60s, 70s and beyond, do not know where they came from. women have been treated appallingly. i am afraid this scandal will probably stretch far further than 126 people.
           i have evidence of one particular illegal adoption that i want to put on the record of the house. it does not relate to st. patrick's guild but rather to a mother and baby home located at 7 cabra park. the lady in question is susan corr. susan-----"
2018-05-30,seanad,https://data.oireachtas.ie/akn/ie/debateRecord/seanad/2018-05-30/debate/main,501,Deputy Katherine Zappone,Deputy Katherine Zappone,"deputy katherine zappone
          the senator has asked a good question. it is an estimation based on nursing homes in particular places, as i understand it, but i can get further information on that. the main point is that they are not in the possession of the state at the moment.
           many senators have mentioned people within civil society and journalists. i have met conall ó fátharta and made sure he was informed about the announcement we were going to make. i acknowledged the contribution of the adoption rights alliance and have met with it. they are key actors in this, along with other individuals who are telling their stories. we need to listen to the perspectives they have and the truth they bring to this matter. i assure the members that i am doing that. 
           i note senator colm burke's points about particular hospitals and cases. if anyone has any information about anything that he or she wants to share with the department, please do. i appreciate some of the commentary about tusla. it has stepped up to the plate very quickly on this issue; it was the agency that discovered the evidence we are speaking about, and then went through a very forensic process to establish it as hard evidence which has brought us to where we are now. it has found resources from within the resources it has been provided with to do that work. my primary responsibility now is to ensure that those who have been identified have the resources, and they will be supported in terms of the sharing of the information if and when we find them. 
           i am aware that people have called for a fuller audit. of course i am aware of that, and that is very important. i am not at all against that. however, i do believe the most appropriate first steps are to look at a sampling of the different records we do have with a well-defined methodology which will be seen when the terms of reference are published. every record that is investigated has to be scanned. there is a large amount of administrative work that has to be done, although we do believe it can be done within a four-month period.
           targeted sampling gives an initial sense of the situation. if there is any formulation of words or phrases used, or an indication of the way the file was developed by similar people over a period of time, we will then be able to say that we have evidence of an incorrect registration. if that appears in the targeted sampling it would of course be reasonable to make a decision to continue to go through all of the other cases. is it reasonable to go through them all?
          if we do not have that, it is something we will have to debate and consider. it will require considerable time and work. i have seen one of the files and it will also require judgment by experienced people. i am not ruling it out; i am just trying to indicate why we decided on the methodology of sampling. we wanted to see whether we should examine forensically every page in the society in question and spend our time and resources doing that, at least initially. it was individuals who did this and maybe people in other societies would not have considered doing it. as senators have said, though, it happened in a culture in which we had a very different understanding of women giving birth from our current understanding. thank goodness for that.
           in answer to senator clifford-lee, i did not mean to imply that all birth mothers gave their consent. many did, however, and they expected their children to be properly placed and registered. even the fact they felt they had to do that is remarkable in the circumstances. the commission of investigation into mother and baby homes is putting together the social history module, a study of the time when the mother and baby homes operated, and we will learn a great deal from that when it is finally published. it will help us interpret the records and the evidence around adoption, and maybe other settings in which mothers and children were left. the years from 1946 to 1969 is the period for which we have index cards. it does not mean it did not happen in st. patrick's guild before or after that.
           i am aware of the strength of views on the information and tracing bill and the struggles we have had. i want to get this right. i have some very strong personal views on how we could fashion the bill but, so far, it has involved trying to balance privacy with the right to identity. senator boyhan knows that very few rights are absolute. the question is whether there is a better to way to achieve a balance than what we have come up with so far. we have to do it in the context of our constitution and that has been stopping us until now. every option we have provided to the attorney general has been declared unconstitutional. if members want me, as minister, to bring forward something that is unconstitutional the bill will ultimately fall. we cannot enact something perceived as unconstitutional by the attorney general. they are the parameters in which we work and it is what happened to the bill a number of years ago. the legislation is, however, a key priority for me."
2018-05-30,dail,https://data.oireachtas.ie/akn/ie/debateRecord/dail/2018-05-30/debate/main,107,The Taoiseach,The Taoiseach,"the taoiseach
          on the audit of records, i answered that question, as did the minister, deputy katharine zappone. i have also answered the question about the adoption (information and tracing) bill. on giving an assurance about the passage of the bill through the house, i can offer no such assurance as we do not have a majority in the dáil or the seanad. we are seeing other legislation being held up in the house, not by the government but by opposition members. two bills have been delayed in recent weeks which, in turn, holds up the passage of other legislation. i appeal to members, particularly opposition members, not to hold up legislation because they are not just holding up that legislation but all legislation. this is the government that published the adoption (information and tracing) bill, legislation that could have been published by any government in the past ten, 20, 30 or 40 years. we have done it and the people can trust us to be the ones who will bring it to fruition. they can trust the minister, deputy katharine zappone, to do it and she will have the full support of cabinet in doing so.
           tusla has notified the commission of investigation into mother and baby homes and transferred scanned versions of the relevant records to it. it has also informed the garda of the matter and provided it, at its request, with ten sample cases, although we need to bear in mind that the people who were operating the adoption agencies may be very elderly or deceased. nonetheless, we think it is appropriate that the garda should examine the records with a view to potential prosecutions. in the first instance, we want to ensure we identify the men and women who are at the centre of this matter and work to get the answers and explanations they want and need and given them the choice or opportunity to meet their birth parents, if they so wish, that is, if their birth parents are still alive and can be contacted. i am assured that tusla is keenly aware of the sensitivities involved and will work through experienced information and tracing social workers to ensure the cases are progressed as sensitively and effectively as possible.
           a number of actions are under way. a social worker has been assigned to each of the 126 individual cases. they are very much individual cases. they will provide counselling and support for the individuals involved throughout the process and be resourced in doing so. there will be no sudden telephone calls or unannounced visits to people's doors. the process of offering contact and supporting the people affected will be handled very carefully on a case by case basis and at the pace of the individual concerned, the pace he or she believes is appropriate, given his or her personal circumstances. it is a detailed and methodical process which will take some time, as it must start with identifying the locations of the individuals involved on the basis of information on files that are now decades, in fact, more than half a century old. social workers will deliver sensitive information face to face in a supportive environment as far as possible in a venue of the person's choice. no information will be delivered over the telephone or by cold calls to people's homes."
2018-05-30,dail,https://data.oireachtas.ie/akn/ie/debateRecord/dail/2018-05-30/debate/main,110,Deputy Richard Boyd Barrett,Deputy Richard Boyd Barrett,"deputy richard boyd barrett
          i thank the minister, deputy zappone, for bringing this issue to light. what we are seeing here is yet another bombshell exposing the toxic relationship between church and state in this country and the human damage and hardship it has imposed and continues to impose on very significant numbers of people. in this case it is clear that this is likely to be the tip of the iceberg but 126 people have had their identities stolen and their welfare, particularly in terms of their health, compromised by not knowing their proper biological heritage.
           i was particularly struck by this scandal as i was adopted via st. patrick's guild in the years affected. i do not know if i am one of the cases involved. i am probably not but i have questions about it, as do other members of both my adoptive and birth families. thousands of people have very serious questions to ask about, or are living in ignorance of, their true heritage. they are going to have life-changing events visited upon them. in some cases, these life-changing experiences are very positive and i was lucky that my experience was just such a positive one. for others, though, it is very traumatic and scary and it turns one's life upside down. it is absolutely critical that, having now revealed this, we respond urgently but with sensitivity to the needs and demands of those who are affected.
           the adoption rights alliance and the coalition of mother and baby home survivors are furious about this and they say this has been known for 20 years but that nothing done about it. people spoke about it while in opposition but later came into government and did absolutely nothing about it. when issues were raised during the introduction of the adoption bill about illegal as against supposedly incorrect registrations, they were not properly dealt with, and credit is due to deputy clare daly in this regard. some of the people affected are still not certain if they will gain access to information about their adoption as a result of it not being registered properly as a legal adoption. there are thousands more in the us as well.
           we need to engage with the alliances and with the people affected, we need to seek their advice and we need to act on things they have been demanding for 20 years. there are very serious questions over the responsibility of the sisters of charity for all of this. i have been getting emails on this in recent weeks and i would like reassurances over their continued role in the national maternity hospital."
2018-05-29,dail,https://data.oireachtas.ie/akn/ie/debateRecord/dail/2018-05-29/debate/main,177,Deputy Bríd Smith,Deputy Bríd Smith,"deputy bríd smith
          having been there in 1983, i remember that the eighth amendment was seen very much as a line in the sand for the deeply conservative and darkly religious regime which had dominated this country since the foundation of the state. since 1983, we have learned a great deal with the exposure of all of the scandals around the treatment of women and children in institutions like the magdalen laundries and the tuam mother and baby home. however, we still have a great deal to learn about how we treat women's health. we need to bring closure quickly to the questions of symphisiotomy and the cervical cancer scandal. that line in the sand is gone for the old conservative religious dogma of this country and the tide is gushing in.
           the dáil needs to look seriously over the next period at the question of the separation of church and state. yesterday, i was contacted by a couple from limerick who spoke to me after i tabled the €1 bill to decriminalise the abortion pill in 2016. in 2016, they had just returned from liverpool with their little baby girl in a box in the back of the car. they were extraordinarily sad but wanted to thank all of the deputies in the dáil who supported repeal. since 2016, they have had a baby who is now four months old. they had decided they were not going to have any more children because they might be put through the trauma of being exiled from their own country. they have now decided to try again. to those who were telling us we were baby-killers, the impact of the eighth amendment on women's health has been lifted and people can see what are the real issues in maternity care.
           the key issue in this debate was choice. consistently, 62% of the people said women should be given a choice. now that they have a choice, they need to be able to choose, not only to control the number of children they have and the number of pregnancies they are able to terminate, but to be able to say they want a family. for that, they need a home, education and health care. the government has failed miserably to provide tens of thousands of people with that choice. it is a serious economic, social and political issue which we need to address together as a community which has fought and won this magnificent referendum in big numbers. we need to get real choice for all women of all classes."
2018-05-29,dail,https://data.oireachtas.ie/akn/ie/debateRecord/dail/2018-05-29/debate/main,178,Deputy Clare Daly,Deputy Clare Daly,"deputy clare daly
          yesterday, we were walking across dublin and we met a donegal man on a bicycle who was mad to talk. he said abortion had been an issue all his adult life and he could not believe it was over. he said he never wanted to hear the word again. i felt an enormous sympathy. what he said summed up exactly the way i felt about it myself. for so many, the weekend's vote was like an enormous weight being lifted. a ball and chain that dogged us all our adult lives was finally gone. i cannot believe that i am 50 years of age and it has taken this long. it has taken my daughter to come home for her first vote to get us here. for so many women, it represented so much. it is almost like society atoning for everything it has done to women in this country; atoning for how we stigmatised women faced with crisis pregnancies, the magdalen laundries, the mother and baby homes, the shaming, the forced adoptions and the robbed identities about which we will hear later this afternoon. it still goes on.
           the biggest sentiment behind the ""yes"" vote and the question people asked most often was ""who am i to judge?"". they said it was not their decision. so many people in our society have acknowledged that life is hard and that there are choices a lot of people have to make, including today, which they would really rather never having to make. it is not easy to parent alone in this state. it is not easy to raise a child or children with disabilities with the lack of support that is there. it is not easy to find out one is pregnant to a violent man. it is not easy, of course, to hear that one's much-wanted pregnancy has a fatal anomaly which is incompatible with life. as a society, we were never going to be able to end that pain, but we could make sure we did not add to it.
           when deputies mick wallace, joan collins and i introduced our legislation in 2012, only 20 deputies voted with us. at that time, four incredible women went on the ""late late show"". it was the first time people in this state openly identified themselves as having travelled for terminations. they were amanda, arlette, jenny and ruth who later founded the group terminations for medical reasons. is it not appalling that they and their colleagues had to lay bare their most appalling pain and tragedy in order to turn that into a social movement which changed history? they should not have had to do that. i am in awe of them and all of their colleagues who took part in the campaign. when we assembled here and deputy wallace moved the legislation on fatal foetal abnormalities, those women were in the gallery. afterwards, their hearts were broken that the house had voted against them again. there were people who travelled that day and there is probably someone who is travelling today also. we should not have compounded their pain but the fact that they stepped forward was huge.
           it was not the beginning of the campaign. some rewriting has taken place in that regard. however, it was the beginning of the final phase. we had the founding then of the abortion rights campaign and the first march for choice, which was the first openly pro-choice activity in the state. it was only after the march that, sadly, savita died and the move to repeal gained a greater urgency. many people came on board the repeal movement then and i am delighted they did. however, we should remember the time before the glory days when it was the well woman centre, the irish family planning association and the abortion support network in the uk which took in our women and girls and paid for their fares. if i had to name one person more than anyone else, it was ailbhe smyth, a giant of this movement who stood there when there was no glory to be had.
           i acknowledge genuinely the role the taoiseach and the minister for health, deputy harris, played albeit it took them a while to get there. i have no doubt they were helped by the minister for children and youth affairs, deputy katherine zappone, at cabinet and, definitely, by deputy kate o'connell at the parliamentary party. while i am not sure they would have got there as quickly without deputies zappone and o'connell, they were at the helm and steered the ship and history will testify that they delivered. i thank them for that. let us be honest however and point out that politicians have not led on this issue. we have not even followed until recently. this has been an uphill battle. a boulder has been pushed up a hill for decades and no one here was behind it. let us be honest about it for once. no one was involved. in fact, a lot of people here were sitting on the boulder, making it even more difficult for those outside who wanted to push for change. others, of course, decided to jump ahead and claim some of the glory once the boulder was at the top of the hill and about to go down the other side, even though they had done none of the pushing. i do not say that to score points, but to learn the lesson because there is going to be a next time. perhaps we can learn something next time around. we need to move to enact the legislation. even today, however, i have heard people trying to out-posture each other as to who will be the most radical, claiming we should cancel all holidays between now and forever and bring in legislation tomorrow or even yesterday. it is nonsense. can we please cop on with the games, which are despicable?
           my last point is for students and young people. i am proud of the student movement. i was one of those students years ago but we did not succeed in changing the world. i hope this generation will. the young people who mobilised and enfranchised their peers are the legends in this. i hope they make a better job of changing the world than we did."
2018-05-29,dail,https://data.oireachtas.ie/akn/ie/debateRecord/dail/2018-05-29/debate/main,370,Deputy Mick Barry,Deputy Mick Barry,"deputy mick barry
          we are debating the baptism barrier. there is no doubt that section 7(3)(c) of the equal status act 2000 discriminates against young people. state-funded schools that are in receipt of taxpayers' money should not be controlled by religious institutions. they are paid for by the people and they should be controlled by the people.
          the state should control the schools and there should be no discrimination against any child on the basis of religion. that is our position.
           the argument is advanced that the people are not ready for that, and that in the most recent census, 70% of people polled said they were catholic. the exact same argumentation was used to say that the irish people would never vote in favour of the legalisation of abortion when the government had a proposal waiting in the wings for 12 weeks. what did we see at the weekend? not only did a majority support it but the majority supported it decisively. the people are way ahead of the politicians and the establishment parties on these issues. the time has come for the separation of the church from the state. education is central to that.
           to see the kind of mess and tangle caused by the intertwining of the church and state, we do not have to look further than the events discussed in the house this afternoon. at least 126 children were registered as being the biological children of their adoptive parents. this was done via the st. patrick’s guild, which became an adoptive society at the urging of archbishop john charles mcquaid, a famous man back in the day. it was run by the irish sisters of charity. i understand that those false registrations were illegal and that this society was also involved in the secret exporting of more than 500 children to the united states. instead of taking a bold position on this, the government has dragged its heels down through the years. it excluded them from the mother and baby homes inquiry despite being told that the society had knowledge of several hundred illegal birth registrations. it repeatedly rejected calls by adoption campaigners for an audit of all adoption files in the state. that is a small example of the type of mess that the state gets itself into when it becomes tangled with the church and church institutions. the time has come for the separation of the church from the state. we must end the baptism barrier."
2018-05-22,dail,https://data.oireachtas.ie/akn/ie/debateRecord/dail/2018-05-22/debate/main,149,Deputy Joan Burton,Deputy Joan Burton,"deputy joan burton
            what is the status of the development of the brand ""the government of ireland"" to which a great deal of money was allocated in the previous communications programme? how is it attached to the activities of the government? i hear on broadcast media regular advertisements for a consultation or an event, involving, for example, people who have been in mother and baby homes and asking them to register for such a meeting. the branding for that is not, as one might have thought, the department of children and youth affairs. it is the government of ireland. who is paying for that advertising? is it coming out of the money already allocated to the department of the taoiseach or is it from the department of children and youth affairs although under the brand of the government of ireland? it is important for people when public announcements are made at some cost to be able to follow who exactly is inviting them to what. it seems the government of ireland is inviting them to something but it is not very specific."
2018-05-22,dail,https://data.oireachtas.ie/akn/ie/debateRecord/dail/2018-05-22/debate/main,155,The Taoiseach,The Taoiseach,"the taoiseach
            it is a survey that is designed to assess citizens' awareness of departments and agencies, and what they do, their satisfaction with them and what improvements they would like to see. i look forward to the input of party leaders in suggesting additional questions or amending some of the questions. the outcome will be published for everyone to see. it will be repeated over time to see if there has been a change in public perceptions of government agencies and bodies and so on.
             the department's main involvement in the papal visit will involve the protocol section, which has a specific role in welcoming visiting heads of state and of government. the pope is a visiting head of state and will be accorded the same courtesy, honours and respect of any visiting head of state. the protocol section is very involved in helping to coordinate the government’s response to the visit. it is also proposed that there will be an event in dublin castle which will be the main government aspect of the visit which is principally a pastoral one and it is important to bear that in mind. 
             the major cost will relate to security and matters such as garda overtime. that will fall to the department of justice and equality vote rather than the department of the taoiseach vote. 
             the government of ireland identity or brand is being retained. among the objectives of the scu when it was first established was to move away from a government which is fragmented with many departments and agencies with their own logos and websites and competing identities and very often competing communications budgets towards something streamlined. 
             the government of ireland identity remains in place, as does the basic harp logo with the green background. that will apply to any government policy, programme or initiative that is being promoted or communicated. to the best of my knowledge, the mother and baby home consultation advertising is being paid for by the department of children and youth affairs. that is going to be the case in the future. there will not be significant communications or advertising budgets in the department of the taoiseach. spending will be done by line departments and agencies. the co-ordinating role in the government information service, gis, however, will remain."
2018-05-17,seanad,https://data.oireachtas.ie/akn/ie/debateRecord/seanad/2018-05-17/debate/main,22,Senator Lynn Ruane,Senator Lynn Ruane,"senator lynn ruane
          i wanted to come in today to say a few words about a woman i met about three years ago. her name was kathy mcmahon. i only learned yesterday of her passing.
          she would have been familiar to some senators and deputies in recent years for founding the organisation irish first mothers, which has been campaigning relentlessly for survivors of mother and baby homes and women put up for forced adoption. she died unexpectedly on a trip to geneva in the past couple of days. she was a very strong, working-class woman who advocated for women who had been failed by the state in the generations before mine. she opened my eyes to my situation when, three years ago, she asked me to speak to her irish first mothers group. it became apparent that if i had been born in the generation before mine, i could have found myself as a teenage mother in the same position as the members of the group. seeing my rise to success through education at trinity college made her happy that a young mother could achieve so much but it also made her extremely sad that women like her never had the chance to be the kind of mother that i was allowed to be to my daughter at such a young age."
2018-05-17,dail,https://data.oireachtas.ie/akn/ie/debateRecord/dail/2018-05-17/debate/main,112,Deputy Bríd Smith,Deputy Bríd Smith,"deputy bríd smith
          i appeal to the tánaiste, in the last week of this most historic campaign on the referendum to repeal the eighth amendment, to join me in putting some things to bed with the public, who are continually indicating that there is a degree or level of confusion about what this is about. will the tánaiste join me in saying to the population that women's lives matter indeed and that this referendum is not about a licence to kill, as has been indicated by posters, women being murderers, or the wholescale slaughter of babies with disability?
          it is about an emotive, sensitive and deeply personal issue related to women's health. in that context, women need to be given the right to make decisions about their lives. the results of a poll published today in the irish times were very interesting. they showed that when asked whether they would like the eighth amendment to be repealed, 44% of respondents answered ""yes"". however, when asked whether they believed the law in ireland needed to be changed to recognise a woman's right to choose to have an abortion, 62% of respondents answered ""yes"". the confusion has been caused by imagery that is deliberately misleading and false and messaging that is untruthful and makes a mockery of women's lives and the deeply divisive and difficult choices they must often make. 
           we want to move away from the legacy of the magdalen laundries, mother and baby homes in tuam and elsewhere, the shaming and stigmatising of women and the wholesale export and outsourcing of women's healthcare to britain and elsewhere when they face a crisis pregnancy. we need to endorse the view expressed by irish people in large numbers that this is about a woman's right to decide. we must provide this clarity in a highly divisive debate in which the issue has been framed in terms of murder and manslaughter and the killing of babies, which is not the case. later today i will be joined in buswells hotel by women who will give testimony about having an abortion for many and various reasons. they include not having a home - as a former minister with responsibility for housing, the tánaiste will be well aware of the number of women and children who are homeless; being in an abusive relationship, as we know from the statistics for domestic violence and sexual abuse; not having a decent job; and facing the possibility of losing a job. there are as many reasons as there are women. 
           i ask the tánaiste to join me in condemning any attempt to portray women as murderers or paint the referendum as being about a licence to kill people with disabilities or babies. i ask him to join me in clarifying the position for the public."
2018-05-16,dail,https://data.oireachtas.ie/akn/ie/debateRecord/joint_committee_on_children_and_youth_affairs/2018-05-16/debate/main,1,Acting Chairman (Deputy Anne Rabbitte),Acting Chairman (Deputy Anne Rabbitte),"acting chairman (deputy anne rabbitte)
          we have a quorum and will commence in public session. i welcome ms maud de boer-buquiccio, the un special rapporteur on the sale and sexual exploitation of children, who is in the visitors gallery. a number of the members met earlier with ms de boer-buquiccio and had the opportunity to discuss her brief. she has now served four years of a six year term and has brought emphasis in respect of ict patterns, international illegal adoption and commercial surrogacy.
          we discussed the migration of children and the undocumented. we also discussed what the committee could focus on into the future. in the context of previous discussions with the minister for justice and equality and the minister for children and youth affairs, the adoption tracing bill and the guardian ad litem system were raised. the un special rapporteur expressed a particular interest in the issue of child protection in the context of ireland's ratification of the optional protocol to the convention of the rights of the child on the sale of children, child prostitution and pornography and the lanzarote convention as well as child protection in the context of children's institutions, the roma community and exceptions to 18 as the legal age for marriage, past illegal adoptions and children's rights in general. during our discussions in private session earlier, we also referred to the issues of mother and baby homes, the magdalen laundries and survivors of same in order that ms de boer-buquiccio be made aware of the work we are doing here in ireland to address historical issues and to get redress for those affected. 
           members of the joint committee on children and youth affairs share an interest in the matters that ms de boer-buquiccio has brought to our attention, including in particular the matter of ict-related abuse. this committee published a report recently on cybersecurity for children and young people. we spent approximately six months preparing that report, with all vested interests making presentations to the committee. we heard from those representing the voice of the child, from teachers, parents and the ict industry. one of our finer moments was a meeting attended by four government ministers. we met the ministers for communications, climate action and environment, justice and equality, education and skills, and children and youth affairs who spent a lot of time with us, listening to our findings and taking them on board. that was a very successful meeting. cybersecurity is not just an issue for one department but straddles several which is why that meeting was so important. i will now present ms maud de boer-buquiccio with a copy of the committee's report."
2018-05-15,dail,https://data.oireachtas.ie/akn/ie/debateRecord/dail/2018-05-15/debate/main,432,Deputy Gerry Adams,Deputy Gerry Adams,"deputy gerry adams
          the daily drip feed of revelations about the cervical cancer smear scandal and the reports into the deaths of babies in portiuncula and portlaoise hospitals have undermined confidence in the healthcare service and added to the trauma of the families affected. without the remarkable courage of vicky phelan, the cervical smear scandal might never have become public. her rejection of a demand to sign a confidentiality agreement was a hugely courageous and selfless act. it is proof that not only was the state covering up what was happening, it was also asking the victims to collude in that cover-up. the oireachtas should be equally courageous and resolute in how it confronts and tackles this scandal.
           it is imperative that the government urgently introduce strong legislation requiring mandatory open disclosure in the hse before the summer recess. nothing less will do. nothing less will work. the distress and grief of emma mhic mhathúna, paul reck, stephen teap and many others demands that the government take all necessary steps to ensure that there is no repeat of this scandal or of any of the others that have bedevilled the health service over the years.
           there have been too many such scandals. in the 1990s, over 1,000 people, mainly women, were infected with contaminated blood products. the blood transfusion service board was warned about the matter but failed to tell those who had received the products. a report published three years ago revealed that at least 260 people who were infected with hepatitis c have died in the 20 years since the facts first emerged. louise o’keefe is another victim of the culture of secrecy and cover-up. it took her 15 years to win her legal battle to force the government to pay compensation for the abuse she endured as a pupil. many elderly women who were victims of symphysiotomy are still fighting for truth and compensation. let us not forget the women victims of the magdalen laundries or the mother and baby homes, or savita halappanavar and countless others. we must also recall that the state forces many victims, particularly women, of anomalies, injustice, malpractice or misgovernance, particularly within the health system, to fight long, expensive and stressful legal battles. until now, successive governments have endorsed that punitive approach. the government approach has been to fight every case tooth and nail. 
          the government stated that it will not oppose our motion but that is not the same as supporting it. i ask the minister, deputy harris, to clarify the government's position in that regard. i appeal to every deputy to support the sinn féin motion and i commend deputy louise o'reilly on bringing forward. i appeal to the government to go beyond its current position by speedily introducing the legislation required for mandatory open disclosure."
2018-05-15,dail,https://data.oireachtas.ie/akn/ie/debateRecord/dail/2018-05-15/debate/main,433,Deputy Pearse Doherty,Deputy Pearse Doherty,"deputy pearse doherty
          ba mhaith liom tacaíocht a thabhairt don rún seo, atá curtha chun tosaigh ag an teachta o'reilly. each time there is a scandal in the state, the crisis is initially downplayed. there are accusations of overreaction and so on. however, the scandal ends up being worse than it initially appeared. that was recently the case in respect of the mother and baby home in tuam, the tracker mortgage scandal and the cervicalcheck issue. as one who comes from gweedore, i also think of the hepatitis c scandal in that regard because bridget mccole, a proud woman from my parish, was disgracefully treated by the government of the day. she had to fight right up to the time of her death to ensure that justice was done. no woman or citizen should have to go through that. accountability is hard fought for and seems almost beyond the reach of the ordinary citizen. a revolution is needed in respect of how the state treats its citizens and protects the protected few.
           níl dabht ar bith ná go gcruthóidh sinn féin oiread freagracht agus is féidir in éirinn, céim ar chéim. tá dul chun cinn á dhéanamh againn anocht leis an rún seo atá os comhair na dála. this very simple motion proposes the introduction of mandatory open disclosure before the summer recess. as an opposition party, sinn féin will work with the government to bring that about. the government should have brought in mandatory open disclosure previously rather than voting against it, while the deputies of fianna fáil, as they do, sat on their hands. we must bring in accountability and transparency.
           i received a call this evening from a constituent in donegal whose brother died in a psychiatric ward 20 years ago. it took the family ten years to fight the state because the required information was not provided to the family's medical experts. on the steps of the court, the state told the family to settle because if it did not members of the family could lose their homes as the state was going to pursue them for everything they had. that is how the state treated people. let us make a start, turn over a new leaf and introduce mandatory open disclosure before the summer recess."
2018-05-01,dail,https://data.oireachtas.ie/akn/ie/debateRecord/dail/2018-05-01/debate/main,2,The Taoiseach,The Taoiseach,"the taoiseach
          i say once again how saddened i was to hear about the case of vicky phelan and emphasise the extent to which i feel for her and her family. i am full of sorrow that she was not diagnosed sooner and wish her and her family the very best on the difficult road ahead. i pay tribute to her for her bravery, particularly in calling on women and men to go for cancer screening which we know saves lives.
           i am very angry on behalf of the approximately 160 women who were not told the results of the audit. even though it would not have made a difference in their case in terms of treatment, the prognosis or outcome because they had already been diagnosed with cancer at that stage, they should have been told. it was information pertinent to their cases, lives and health which they had a right to know.
           i know that this controversy is having a huge impact on the women of ireland. it is about women's health and lives and many women now feel very vulnerable and are worried. it comes after a very difficult year with controversies surrounding issues such as #metoo, sexual harassment, difficult rape trials and other matters. this country has not always treated women very well and even today perhaps treats them very badly, as evidenced by issues such as mother and baby homes, the magdalen laundries, the marriage bar and the hepatitis c scandal.
          that is why i am determined to get to the bottom of this matter and establish the facts. we do not yet know all the facts, and i ask people not to jump to conclusions until we do that, but we do want to establish the facts. i am determined to restore confidence in our cancer screening and i also want to ensure that this does not happen again.
           in terms of the actions that will now take place, there will be a statutory inquiry led by the health information and quality authority, hiqa. we believe that is the best and quickest way to do it. we need answers in months, not years, and it has the skills and the statutory powers to do so. we have also offered a repeat smear test. any woman who is concerned about her smear test can go to her general practitioner, and if they agree an additional test is warranted, that will be done and paid for. we also plan to move to a more accurate test and will be one of the first countries in the world to do so. we are moving to a hpv-based test for cancer screening.
           every patient who has been affected will be offered an individual clinical review. the approximately 160 who have not been contacted will be contacted today or tomorrow and will be offered an individual clinical review of their case.
           as i mentioned, we will now bring forward legislation for mandatory open disclosure to build on the legislation for voluntary open disclosure passed by the dáil only a few months ago. i have asked the attorney general to examine if there are any outstanding cases that are similar that we may now be able to settle quickly without requiring further legal actions.
           to answer one of deputy martin's questions, the minister was only informed of this case in the week before it was settled. he was informed that the case against the hse was likely to be dropped or struck out, and it was. he was informed that the case against the laboratory was likely to be settled, as it was. the note reads that patients were informed and that the message had been passed on to doctors to inform their patients. we now know that was not the case in most circumstances. he was also informed that the department did not consider this to be a patient safety incident as it fell within what they believe to be the normal error bars of screening tests.
           in terms of publishing the note, that note will now be published. the minister did not want to publish the note until he had the permission of ms phelan to do so. he has that permission now, and if it has not been done already, it certainly will be done today."
2018-05-01,dail,https://data.oireachtas.ie/akn/ie/debateRecord/dail/2018-05-01/debate/main,234,Deputy Anne Rabbitte,Deputy Anne Rabbitte,"deputy anne rabbitte
            will the minister outline the status of the commission of investigation into mother and baby homes? is she satisfied with its progress? will the minister make a statement on the matter?"
2018-05-01,dail,https://data.oireachtas.ie/akn/ie/debateRecord/dail/2018-05-01/debate/main,235,Deputy Katherine Zappone,Deputy Katherine Zappone,"deputy katherine zappone
            i thank the deputy for her question. i know she is interested in and supportive of the work of the commission of investigation into mother and baby homes.
             i am keen to provide a status update on the commission. it is important to reiterate that the commission is an independent statutory investigation. it was established by the oireachtas in 2015 to examine the experiences of vulnerable women and children in mother and baby homes during the period 1922 to 1998. it is due to report in february next year. this work is a vital step on the path we have commenced down to establish the facts and what happened in and around these homes as well as to give true meaning to the values that define us as a people and a country.
             the commission continues to make progress under the leadership of judge yvonne murphy, dr. william duncan and professor mary daly.
            it has prepared three interim reports to date, in july 2016, september 2016 and september 2018, and i have published all three reports.
             as we know, the commission also confirmed the tragic discovery of juvenile remains interred on the site of the former home in tuam. i am continuing to work with galway county council and relevant departments to ensure appropriate decisions are taken regarding the future of the site.
             i know all members are agreed on our collective desire to respect the dignity and memory of the children who lost their lives. the experts have advised us on what is possible. a public consultation on these options has recently concluded and i expect to bring proposals to government in the near future.
             the commission is now more than three years into its programme of work. at its request, i extended its timeline for reporting to february 2019. i appreciate that many former residents were frustrated by the necessity for the 12-month extension of time even though they recognise the complexity and breadth of the task.
             there are simply no shortcuts to truth and accountability. i am satisfied the commission will effectively use the additional time to listen to the personal experiences of many more former residents and ensure crucial questions can be fully addressed."
2018-05-01,dail,https://data.oireachtas.ie/akn/ie/debateRecord/dail/2018-05-01/debate/main,236,Deputy Anne Rabbitte,Deputy Anne Rabbitte,"deputy anne rabbitte
            we as a party were very supportive when the minister set up the independent commission of investigation and when she sought the various time extensions for it to report. as she said, one of its findings was the site in tuam and the number of remains found there. it is a very complex issue. it is important also that the minister acknowledged that the persons who were part of the mother and baby homes are very frustrated at this stage. they are looking for answers and for direction. what are the minister's intentions regarding the treatment of the remains found at tuam, or has she got any indications from the independent expert review group as to what their findings are or what are they indicating to her? the commission is three years into its programme of work and the people who were part of the mother and baby homes in tuam are looking for some hope and assurance that the issue is being addressed. while they believe they have the minister's ear, and i have said that at all times, they want to hear what is coming back from the experts."
2018-05-01,dail,https://data.oireachtas.ie/akn/ie/debateRecord/dail/2018-05-01/debate/main,237,Deputy Katherine Zappone,Deputy Katherine Zappone,"deputy katherine zappone
            there are two ways to respond to that. more generally, in terms of the mother and baby homes and the time that work is taking, i have described - as i am aware the deputy has also - great empathy for the waiting that the people are experiencing. in that context. i believe the deputy is aware that i have taken a number of other actions to engage with the primary stakeholders and particularly, most recently, moving towards the establishment of a collaborative forum of 20 representatives, stakeholders, who will come together and take a look at key issues that they are concerned about and make recommendations to me while we await the report of the commission of investigation into mother and baby homes due in february of next year.
             second, regarding tuam, as the deputy will be aware, the consultation process has concluded. the results of that are being discussed by an interdepartmental working group this week. in addition to that, the special rapporteur, dr. geoffrey shannon, provided me recently with a report on the human rights implications in terms of the issues particularly for families regarding what happened in tuam. i believe the deputy and other members are aware - it was in the public domain - of a questioning of some of the conclusions of the expert group that i put together in order to offer options to the people to consider in their consultation in terms of technologies that can be used for determining dna identification. i then asked my expert group to take a look at the submission presented to galway county council in terms of the consultation process by other experts in the field and they have come back to me recently with their views on that matter as well. a number of items are coming into me and i hope, as quickly as i can, to go to government with recommendations on the basis of that work. as i said, an interdepartmental working group is meeting this week in order to examine those issues."
2018-05-01,dail,https://data.oireachtas.ie/akn/ie/debateRecord/dail/2018-05-01/debate/main,259,Deputy Denise Mitchell,Deputy Denise Mitchell,"deputy denise mitchell
            will survivors of the bethany home be facilitated in gaining access to redress ahead of the final report of the commission of investigation into mother and baby homes?"
2018-05-01,dail,https://data.oireachtas.ie/akn/ie/debateRecord/dail/2018-05-01/debate/main,260,Deputy Katherine Zappone,Deputy Katherine Zappone,"deputy katherine zappone
            bethany home is one of the institutions included within the terms of reference of the commission of investigation into mother and baby homes. this particular institution was one of the first identified for inclusion when the scope of the investigation was being decided. decisions on the issues to be investigated by the commission were informed by the serious concerns about the care and welfare of children in the institution.
             as i have outlined in response to an earlier question, the final reports of the commission are expected within the next ten months. it is important to note the independent commission of investigation has to date made no findings about abuse or neglect in any of the homes within its terms of reference. in these circumstances, it is not possible for the government to put in place a redress scheme for matters within the scope of this investigation prior to the commission submitting its findings and conclusions.
             in the interim, the government has agreed to consider the health and well-being needs of former residents. the establishment of a collaborative forum is a progressive approach to assist former residents to prioritise areas of concern for them and their families. 
             given the issue of mother and baby homes has not been central to any previous inquiry, the commission must be given the opportunity to advance its investigation and to establish the facts of what happened in and around these institutions.
             when the ryan report was published in 2009 there were a number of calls for the residential institutions redress scheme to be extended to include additional institutions, including the bethany home. the then government decided not to extend the scheme and it has been closed to new applicants since 2011. this decision has been reviewed on a number of occasions by previous governments and most recently following the publication of the commission of investigation’s second interim report last year. the government again concluded it was not possible to reopen the scheme.
             the challenges for government in considering such matters at an interim stage of a commission’s work were further highlighted in the special report of the comptroller and auditor general on the residential institutions redress scheme. 
             as i previously indicated, when the final reports of the commission are available, the government will listen to and respond to the full account of the commission’s conclusions and the matters regarding the treatment of former residents."
2018-05-01,dail,https://data.oireachtas.ie/akn/ie/debateRecord/dail/2018-05-01/debate/main,261,Deputy Denise Mitchell,Deputy Denise Mitchell,"deputy denise mitchell
            i cannot understand the attitude of the state to this small group of survivors. there are fewer than ten survivors. they are getting on in years and they fear the state is using this as a stall and hoping they will pass away. the second interim report by the commission of investigation into mother and baby homes clearly stated its view that the survivors of the bethany home had a strong case for redress and that both the department of education and skills and the department of health should re-examine the decision to deny the bethany home survivors redress. we recently saw the decision to reverse access to redress for magdalen laundry survivors. why can it not be done for the bethany home survivors? i will say it straight to the minister. these ten survivors will be very disappointed; they will feel let down.
            will the minister be the one who puts it right?"
2018-05-01,dail,https://data.oireachtas.ie/akn/ie/debateRecord/dail/2018-05-01/debate/main,265,Deputy Katherine Zappone,Deputy Katherine Zappone,"deputy katherine zappone
            i am deeply conscious that giving testimony to a commission and revisiting difficult personal experiences will be distressing for many former residents. i know that some people may need to access various supports around this time. i also acknowledge that the deputy has raised this issue recently and thank her for highlighting this important matter. 
             i have previously advised that any person affected by experiences connected to mother and baby homes may wish to contact the health service executive, hse, national counselling service which provides free professional, confidential counselling and psychotherapy services in all regions of the country. i have ensured relevant hse contact details are available on the website of the department of children and youth affairs.
             with regard to the commission of investigation, it is important to recognise that the statutory commission is independent in the conduct of its investigations. i am aware that it does ask former residents attending as witnesses if they have access to supports and whether they would like information on available services. i understand that, if they so wish, this information is provided. the individual arrangements with witnesses are, of course, a matter for the commission and i have no role in that regard.
             if the deputy wishes to provide me with details of any specific case, i will be happy to raise them with the minister for health. officials of my department have been engaging with counterparts in the department of health on the issue of health and well-being supports. this is in the context of the establishment of the collaborative forum which i am in the process of setting up.
             as the deputy may be aware, i have embraced the concept of ""nothing about us without us"" which has emerged from my engagements to date with former residents. former residents, rightly, want and deserve an input into the decisions which affect them and their families. 
             health and well-being supports are one of the priority areas to be considered in the collaborative forum process. participants in the forum will identify and prioritise actions and recommendations on issues of concern to them and their families. i have asked them to examine in particular the matter of health and well-being supports as a priority and come back to me with recommendations."
2018-05-01,dail,https://data.oireachtas.ie/akn/ie/debateRecord/dail/2018-05-01/debate/main,674,Deputy Peter Fitzpatrick,Deputy Peter Fitzpatrick,"deputy peter fitzpatrick
          the deaths have occurred of 17 women because they were given the all-clear following smear tests for cervical cancer checks. since last saturday some 8,000 women have contacted the hse helpline because of these deaths. out of the 17 women who died, 15 did not know of the misdiagnoses.
           as with other issues such as the mother and baby homes, the magdalen laundries and the hepatitis c scandal, the 208 women who were diagnosed with cervical cancer should have received earlier intervention. of these women, 162 were not notified that an internal review of their cases had been carried out by cervicalcheck. they should have been told and they had a right to know. vicky phelan was one of these women. it is because of her courage that we are finding out what has happened. i pay tribute to her.
           i am delighted that the minister has confirmed that the health information and quality authority, hiqa, will conduct an independent inquiry into these women being given the all-clear results. they need answers.
           cervicalcheck began in 2008 and more than 3 million smear tests have been performed. this has led to some 50,000 treatments for pre-cancerous cells. we must review all screening programmes regularly. screening is the best way to detect cervical cancer. the screening programme has saved the lives of many women and we must reassure women that it is essential they continue to attend to have their smear tests. vicky phelan has said that she wants women to continue to go for cervical smear tests. it is very important that women get their smear test results and also the results of their back reviews.
           appropriate treatment of pre-cancerous changes to cells prevents 90% of all cervical cancers, as evidenced by a 7% decrease per year in cervical cancer in ireland. five times more women would die from cervical cancer if we did not have a cervical cancer screening programme. the cancer screening programmes, offered through the hse national screening service, aim to detect cancer as early as possible, leading to better treatment options and outcomes for patients."
2018-05-01,dail,https://data.oireachtas.ie/akn/ie/debateRecord/dail/2018-05-01/debate/main,709,Deputy Maureen O'Sullivan,Deputy Maureen O'Sullivan,"deputy maureen o'sullivan
          i move: ""that the bill be now read a second time.""
           apologies are owed to the staff of the oireachtas for the lateness of the hour at which this business is being taken.
           i wish to thank my colleagues in independents4change for facilitating me this evening in trying to progress the bill. it is a bill about protecting children, in particular from those who, for various reasons, sexually abuse children.
           ireland has a horrific past in terms of protecting and guarding children. that is evident from events in the industrial schools, mother and baby homes, magdalen laundries and some foster homes. however, ireland has come a long way in terms of ensuring the safety of children and progress is being made in regard to child welfare and protection. we have the children first act, child protection procedures for primary and post-primary schools, child safeguarding statements, designated liaison officers in schools and garda vetting of those working with children. although there are still gaps and room for improvement, imagine what it must be like for children in countries where they have no protection, child welfare or safeguards. the bill is about trying to protect children who are easy prey for sexual predators in countries where the authorities cannot or will not protect them.
           the un convention on the rights of the child recognises a child as being a person under the age of 18. trafficking is the third biggest illegal industry, after arms and drugs, and accounts for billions of dollars annually. the number of trafficked children is conservatively estimated at 4.5 million and statistics indicate that 2 million children are lured or abducted into sexual exploitation, which is modern day slavery. it is incredible that we are discussing child sexual abuse using seemingly contradictory terms such as industry and tourism. however, the consequences for the affected children are horrific. there are physical, mental, emotional and psychological consequences and children may suffer from suicide, depression, addiction and sexually transmitted illnesses, including hiv and aids.
           the abuse occurs in countries such as india and many in south-east asia, latin america, south america, the caribbean and africa. the common denominator is poverty and a lack of education. child sexual abuse is about manipulating and exploiting vulnerabilities. there have been many high-profile cases but i will mention only one, that of a seven year old child who was sold to a former american marine. the former marine was eventually extradited from south-east asia and is serving a very extensive prison sentence in the united states. there are records of the sale of virgin girls and of organised sex rings.
           a report by ending child prostitution and trafficking international, ecpat, states that child sex tourism has drastically increased. one of the main reasons is that the increase in global travel has created more opportunities for abuse. the profile of offenders has also changed. the stereotypical offender was a white, wealthy, western middle-aged man, although some offenders were women. although some offenders still fit that profile, there are also situational offenders, persons who do not seek to sexually exploit children but will do so if given the opportunity. such situational offenders may be business travellers or migrant transient workers. the promotion of tourism in these poorer countries for economic growth is bringing more and more westerners to places in which there is little or no regulation or policing but more and more children available for sex. i read of an organisation that offers sex tours with stops at bars and restaurants that are fronts for child prostitution. it described the sex tours as being like going to mcdonalds: there is a menu to choose from, it is quick and it is cheap. 
           i wish to refer to the work of irish priest, fr. shay cullen, who is directly involved in rescuing children from the sex tourism industry in the philippines and supporting children affected by it. at a recent press conference, he spoke of what has been happening through the dark web and the rise in child pornography. to join a photo-sharing paedophile club on the dark web, applicants must submit pictures of children being abused. some clubs insist on the applicant showing himself perpetrating the abuse. to get the images, men travel to countries where there is ample opportunity to photograph and video such abuse. the images then give them a pass to access further unlimited images. this requirement to provide pictures is fuelling travel to poorer countries. cyber sex is on the increase. fr. cullen spoke about five and six year olds being abused over the internet. the abuse is carried out to order and customers around the world pay per view through money transfer companies.
           in 2017 it emerged that some 700 to 800 australian male convicted child sex offenders were travelling annually to countries in south-east asia such as the philippines, cambodia and thailand. following the revelation, the australian government acted by passing the passports legislation amendment (overseas travel by child sex offenders) act in 2017. it was introduced in the australian parliament on 14 june 2017, passed by both houses on 20 june and received assent on 26 june 2017. the act allows a competent authority of the australian government to request its minister for foreign affairs to refuse to issue, cancel or order the surrender of a person's australian passport if the person's name is on a child protection offender register. the purpose is to prevent reportable offenders from travelling overseas to sexually exploit or abuse vulnerable children in places where those activities are not monitored.
           i wish to thank maeve ní liatháin of the oireachtas library and research service, david dodd of the office of the parliamentary legal adviser and ciaran o'brien in my office for their work on the bill. it is a tricky situation for which to legislate because of the constitutional right to travel and a good example of unintended consequences because, although it is wonderful to have the right to travel, one can be sure that the constitutional amendment is not intended to grant a right to travel in order to abuse children in other countries when one has been convicted of child sexual abuse in one's own country. to state the situation using commercial jargon such as demand, market and supply, we have no ability to target the supply side in other countries.
          we agree we could do more in terms of demand but what we can do also is protect children by preventing access to the markets by abusers.
           child sex tourism is linked with trafficking and organised crime in many countries. it is in countries that carry low detection and low conviction rates, both here and internationally, so these child abusers know they are carrying a low risk when they engage with the child sexual trade abroad. hence, there is a greater need for the irish authorities to do more to prevent access to vulnerable children.
           the purpose of the bill is to regulate and restrict, where appropriate, sex offenders from travelling abroad in the interests of the common good and to protect persons from serious harm outside the state. it seeks to do that by increasing the powers of judges. it is not an outright ban on travelling. currently, there are a number of ways convicted sex offenders can be prevented from travelling but an important feature of this bill is the way in which it redefines protection from serious harm to mean physical or psychological harm caused by the person committing a sexual offence. the current definition of ""serious harm"" is very restrictive, therefore, this bill is making it stronger.
           regarding the impact on the right to travel, at least at an international law level, restrictions to human rights are permitted as long as they adhere to the standards of legality, necessity and proportionality. if the bill is passed, the legality element will be fulfilled. the emphasis on judges' discretion will go to the necessity aspect, and proportionality is covered as the restriction will be on a case-by-case basis. if, on the next stage, certain countries can be highlighted such as those which lack adequate child protection rather than an outright ban on travel, that will also cover proportionality.
           ecpat international has done a lot of work on balancing the right to privacy of a convicted child sex offender with the need to protect children. one of the recommendations in a particular report states that every restrictive measure for convicted travelling sex offenders should be adopted on a case-by-case basis with the assessment of a multidisciplinary team - judicial, psychological and the police. that would also be in keeping with the legislation in approximately 40 countries whose citizens can be prosecuted for child sexual abuse committed while those citizens are abroad. the difficulty is that in those countries where the child sexual abuse is taking place, it is happening with impunity because the authorities, including the police, are involved.
           even though 173 countries signed the optional protocol on the sale of children, child prostitution and child pornography in may 2016, there is continued widespread child sex tourism, with well-known child sex tourism destinations. at this point, convicted offenders can travel from europe to those countries to abuse children.
           there is a need to put child protection at the core of tourism strategies. work and training is going on, including in ireland, for those working in hotels on what to recognise in regard to child sexual abuse and how to identify potential sex tourists. the organisation doing that in ireland is mercy efforts for child protection against trafficking in the hospitality sector, mecpaths. some organisations are working on a corporate policy for employers to state they will not knowingly engage in the sexual exploitation of a child.
           there are varying theories on working with paedophiles and child sex offenders but i want to mention the programmes in ireland for child sex offenders. i spoke to somebody who works in those programmes. he spoke of that moment of insight into the behaviour and an awareness of what they were doing in terms of the damage and then the genuine motivation to seek amends and work on the behaviour. that is very valuable work.
           in the same way that somebody who is in recovery from alcoholism would be advised not to go near a bar or a pub and somebody recovering from a gambling addiction will be advised not to go near a bookies or somewhere they can bet, equally, for a child sex offender, it would be very helpful for their recovery that they are restricted in being able to travel to countries where children are readily available for sexual abuse.
           i want to mention women who are trafficked into this country for the purpose of prostitution. a common denominator among them is that the prostitution began when they were children. they owe their lives to organisations like ruhama.
           i read the minister's amendment and i will address that when i am concluding the debate, but this bill is about vulnerable children and giving them the opportunities to develop their potential and not have it cut short by men, many from our country and from other countries in europe."
2018-04-24,seanad,https://data.oireachtas.ie/akn/ie/debateRecord/seanad/2018-04-24/debate/main,59,Senator Máire Devine,Senator Máire Devine,"senator máire devine
          i have just come from a protest taking place outside the house by a bereft family who lost their young daughter to suicide a few months ago. they are calling for the introduction of a new law, coco's law. i am aware of the department of children and youth affairs report that was recently launched. we asked that digital harassment be included in the legislation to mitigate against and be a major deterrent to bullies online. that is a growing concern, particularly for vulnerable people and young people who do not have the skills to deal with it. i ask the leader if we could have an update on the appointment of a digital safety commissioner and on the inclusion in the legislation of digital harassment, as recommended by the joint committee on children and youth affairs.
           on a separate issue, will the leader ask the minister, deputy zappone, to let us know if the united nations special rapporteur on the investigation into mother and baby homes, pablo de greiff, is coming to ireland? it was mentioned on 1 june last year that his extensive experience and insights would help the minister but there has been nothing about it since. the concern is that dr. de greiff will reach the end of his term as special rapporteur for the un in may, which is about a week away. the issue is apt because there will be a long discussion on the matter tonight at the launch of my name is bridget in dublin, which is the story of two missing baby boys from the tuam mother and baby home. it is the story of bridget dolan. her daughter is trying to locate the two babies she believes were probably sold and whose bodies are not in the silo pit in tuam. the minister might be able to confirm the invite to the un special rapporteur and whether it will happen before his term ends."
2018-04-24,seanad,https://data.oireachtas.ie/akn/ie/debateRecord/seanad/2018-04-24/debate/main,89,Senator Jerry Buttimer,Senator Jerry Buttimer,"senator jerry buttimer
          i join senator john o'mahony, first, in congratulating leinster on their magnificent victory at the weekend in the champions cup. i wish them well in the final. i also pay tribute to munster and express pride in the manner of their comeback in the second half of the match. i share the senator's dismay and disappointment at the prohibitive cost of flights being offered to supporters of leinster who wish to travel to the final. it is not good enough to see fares up to €800 being charged. i will be happy to have the appropriate minister come to the house to speak about the issue. the senator is a former chairman of the committee dealing with transport and sporting matters and has been very strong in his defence of supporters of all sports who travel to and from events. it is not acceptable and disappointing to see fans being ripped off in this manner. it is a captive audience, given the nature of the event.
           senator robbie gallagher raised the matter of education and referred to the report from the catholic primary school management association. i remind the senator that the minister for education and skills, deputy richard bruton, has increased the budget by €1 billion in the past two years and that €10 billion is being invested in education. it is the highest ever budget spend in the sector. in the past two years we have seen 5,000 special needs assistant posts created and there will be an extra 2,000 this year. there will be 1,280 extra teachers.
          the government is fully committed to investment in education, with 110 schools in disadvantaged areas benefiting and 20,000 students being supported further. it is also important to recognise, which senator gallagher did not mention, that while there have been cuts to capitation, the cuts were first announced by the then tánaiste, former deputy mary coughlan, and the capitation levels are now above the 2008 levels. the minister, deputy bruton, is committed to the restoration of the capital funding and to putting in place the operation of the parent and student charter. he is also asking schools to explain how they spend their allocation of funding. the minister will come to the house. the programme for government allows for an increase in capitation so we can have that debate when the minister comes to the house in the next few weeks to discuss education.
           senator craughwell raised the issue of the defence forces. we have given that matter a good airing in the past number of weeks. the minister of state will be in the house next week, and i thank senator craughwell for not calling for a vote on the order of business. to be fair, he approached me about it prior to the order of business. the minister of state, deputy kehoe, will come to the house next week for the debate on the defence forces.
           senator butler referred to obesity and diabetes in the context of a uk report on cancer. we have seen the introduction of a voluntary code in ireland regarding the advertising and marketing of junk food to young people. it is important to have a debate on obesity and on how we can use the umbrella healthy ireland project to promote and have a better attitude to exercise, diet and lifestyle.
           senators marie-louise o'donnell, bacik, mcfadden and warfield raised the report published yesterday regarding the rté orchestras. the comments of all members of the house on the report and the orchestras are absolutely correct. our cultural institutions must be enhanced. members who sit in the waiting room in rté on a tuesday night as they wait to go on ""the late debate"" programme can hear the orchestra practising and can appreciate the level of endeavour and the quality and talent of the musicians involved. as senator marie-louise o'donnell said, it is the culture of expression, the precision of the heartbeat and what gives us oxygen. if people attend the pre-christmas ""sunday miscellany"" concert in the national concert hall they will see in huge graphic detail the power of the orchestra and the importance of these cultural institutions.
           the minister for culture, heritage and the gaeltacht, deputy madigan, said in the dáil today that she and the minister for communications, climate action and environment, deputy naughten, will examine the report and return with recommendations. this is of extreme importance. we might disagree as to whether it should be under the remit of rté or elsewhere but we all agree that both orchestras must be protected and supported. i agree with the remarks of the senators this afternoon on the matter. while it is about culture it is also about what we stand for as a people and how we view ourselves. if we cannot stand united on this, we count for little in terms of our culture. the senator is correct that it is the beating heart. i will be happy to schedule a debate when the minister is ready to make recommendations or even prior to her making her decision.
           i do not have the answers to senator devine's questions regarding the minister for children and youth affairs, deputy zappone, and the un rapporteur. i am not aware of the issues in terms of what the senator referred to as not happening. the minister, deputy zappone, is very committed to the mother and baby homes issue.
           with regard to the digital commissioner, that matter is before the government. the minister was in the house before christmas to discuss the issue and i will be happy to invite the minister back to the house to discuss it. the senator is correct that online digital harassment is becoming far too prevalent and causing far too much distress to people. it is having a detrimental effect on their mental health. we must work collectively to ensure it can be stamped out, and i will be happy to work with the senator on that. i do not have the information to hand but i will endeavour to get it for the senator or, if she prefers, she could submit a commencement matter.
           senator mcfadden raised the issue of irish water, planning and the parteen basin to dublin proposal. she referred to the importance of investment in our water infrastructure, which is something we certainly should support. in the context of a post fee era, the issue of irish water is really relevant. 
           i agree completely with senator bacik regarding the mural at the project arts centre that was taken down. the relationship between the standards in public office commission, sipo, politics and the charities regulator under the charities act must be addressed. we can become over zealous and too politically correct. that is certainly a debate that should happen. perhaps the taoiseach is correct that the mural in favour of repeal of the eighth amendment gained far more notoriety than it would have had if there had been no kerfuffle about it. i commend the artist involved.
           senator ned o'sullivan raised the very important issue of the position of the horse racing industry in our country. i agree that there is a need to have a debate on the avoidance of a monopoly in the transmission of race meetings and am happy to organise same. while i would defer to senator o'sullivan's superior knowledge when it comes to horse racing, i would suggest that the fact that channel 4 has now transferred racing coverage to itv means that it is less accessible to irish viewers. i subscribe to sky but do not have sky sports. unless tv3 is carrying cheltenham or aintree, i will have difficulty watching racing. the point the senator makes is that ""at the races"" provided an important and valuable service in terms of showcasing irish racing. the possibility of racing uk having a monopoly is a matter of concern. i am happy to invite the minister to the house to discuss the matter.
           senator mulherin raised the issue of an bord pleanála in the context of plans and ambitions for growth in rural ireland. she is a champion of rural ireland and regional development and has raised such matters on many occasions. it is important to recognise that an bord pleanála is independent of the political process. that said, it is important that the board delivers reports on oral hearings in a timely manner and does not prolong issues in rural ireland. i am happy to schedule a debate on that matter. 
           beidh plé againn mar gheall ar chúrsaí taistil. senator ó céidigh asked for a debate on transport and i am happy to have the minister, deputy shane ross, come to the house to discuss traffic congestion in particular, as well as investment in public transport. senator richmond praised the government in the context of the eu-mexico trade deal. i commend the minister of state, deputy pat breen, for his role in that matter. as senator richmond rightly said, we are proud to see trade links being developed with japan, south korea and canada. given president trump's propensity to engage in trade wars, it is important that we broaden our horizons and open ireland up to new markets across the world. i am happy to have a debate on that issue in the coming weeks. 
           senators kieran o' donnell and colm burke raised the matter of the m20, a very important piece of infrastructure. i welcome today's announcement of the tender to appoint design and planning consultants, which will bring the €8 million m20 project closer to fruition. this is such an important piece of infrastructure for the south and south west. it has the support of this government because of its importance to the cork-limerick region in terms of connectivity. senator o'donnell is correct to ask for a deadline of 2026 for completion to support adare manor's ryder cup bid. i am happy to support senator o'donnell in making that call. 
           i join senator murnane o'connor in commending all of the volunteers who were involved in national spring clean month. in particular, i commend the tidy towns volunteers who do a huge amount of work across the country, week in and week out. reference was made to the canal in portobello, which reminded me of paddy kavanagh's poem, canal bank walk:
          leafy-with-love banks and the green waters of the canal, 
          pouring redemption for me.
          the grand canal in dublin, of which the barrow line is a branch, joins the river barrow navigation in senator murnane o'connor's county of carlow. the canal bank is a tremendous asset and provides a place to walk and exercise. we must take personal responsibility for the rubbish which is discarded on the banks. we need to call out the people who are throwing rubbish in these areas and highlight it. i will be happy for the minister for communications, climate action and environment, deputy naughten, to come to the house in regard to the matter.
           let me confirm to senator colm burke that we will be having a debate on brexit. i commend him for his tweet today. the border is not just a small matter, it is of significant importance to the people on the island of ireland and, as senator burke rightly said, the author of the article knows little when she states that only a tiny amount of trade crosses the irish border. there are also the excursions back and forth.
           senator mac lochlainn raised the issue of the provision of goods and nappies for those who are incontinent. i am not aware of the matter he raised but it beggars belief that there should be an inordinate delay for people who are most vulnerable, be they adults who require incontinence pads or children who require nappies. we must get an immediate answer to this matter. i assume the hse is the body responsible for the delivery of the items. i am not sure to which area the senator is referring, but the matter needs to be addressed urgently. i have not gone up to swan park, but i put a request into the minister's office, as i said i would.
           senator dolan is correct to highlight the issue of the irish heart foundation report this morning and to commend mr. chris macey, the head of advocacy on the work he is doing. the senator is correct, it is not only older people who are now prone to suffering a stroke, younger people are having strokes and that is why we need to be very clear around the issue of strokes. it goes back to senator butler's point regarding a balanced lifestyle, health and exercise. we will invite the minister to come to the house to debate this in the coming weeks."
2018-04-18,dail,https://data.oireachtas.ie/akn/ie/debateRecord/joint_committee_on_future_of_mental_health_care/2018-04-18/debate/main,8,Mr. Michael Walsh,Mr. Michael Walsh,"mr. michael walsh
          i thank the chairman and committee members for giving me the opportunity to give an account of what it is like to work on the front line of child psychiatry and to highlight the issues that will face us in the future. i am not representing the health service executive, hse, and my address to the committee is without prejudice. i am a clinical nurse specialist in south wexford camhs. i have spent the past 25 years working in camhs, the first 15 in the north east, serving counties cavan, meath, monaghan and louth, and the last ten in wexford. in that time i have watched camhs teams develop throughout the country , from seven nurses nationally in 1993 to approximately 120 working in community camhs teams today. the number of camhs teams has grown from zero outside dublin in 1993 to 69. when i speak about teams, i mean the teams recommended in a vision for change in 2006 - one team per 50,000 head of population, consisting of one child and adolescent consultant psychiatrist and, under the direction of this consultant, one junior medical staff member, two psychologists, two social workers, two clinical nurse specialists, one speech and language therapist, one occupational therapist and one social care worker. that gives a multidisciplinary team of 11 staff, which also requires one secretary and one administrator. this skill mix is a must to adequately address the clinical needs of the varied and very complex clinical presentation of the children we are asked to see. 
           there is a population of approximately 80,000 in my area of wexford south. we do not meet and have never met the standards in a vision for change. we have one child and adolescent consultant psychiatrist, although we should have two for a population of 80,000; two clinical nurse specialists where we should have three; one psychologist instead of four; one basic grade social worker instead of a principal social worker, plus two basic grade social workers; one occupational therapist and 0.5 of a speech and language therapist where we should have one operating full time; 0.5 of a social care worker where we should have two. 
           we operate on a clinical need basis; urgent referrals are seen as a priority. routine referrals are placed on a waiting list to be seen. ours is a very hard working and committed creative team, like all camhs teams across the country. we get involved in projects in the community, set up groups to enhance treatments such as parenting groups for adhd, activity groups and dog walking groups, to mention just a few. 
           the role of the child and adolescent health team is to assess and treat children at the severe end of the scale such as those with early onset schizophrenia, depression, anorexia nervosa, adhd and severe anxiety. during the years many children and families have benefited from our input.
           as a team, we struggle every day to overcome many obstacles, including being under-resourced; having poor accommodation which is not fit for purpose; having no consultant cover for consultant leave; difficulties in recruitment and the retention of staff and having no ability to facilitate the training of student nurses. the accommodation at slaney house is substandard and not fit for purpose. a review of the building in 2006 pointed to 25 issues that needed to be addressed to bring the building up to standard. some of these issues were first addressed in 2015 when it received its first coat of paint in 14 years. the building was a residential house and it is neither clinical nor child friendly. five staff members share one room measuring approximately 6 m by 4 m. there are no facilities to carry out physical examinations which are necessary to start clients on medication. accommodation was to have been secured in 2017. october 2017 was the move-in date. we were all very excited at the prospect of having more rooms to provide therapy, engage in group work and the possibility of developing a full child and adolescent mental health service. there was also the possibility of developing a day programme to support clients who could not be given an urgent hospital bed or clients who were not attending school owing to illness and those in need of a greater therapeutic input. we were informed by management that the proposed building was to have another tenant, but it could not inform us who. that was the last we heard about being given suitable accommodation.
           the second problem i experience as a front-line worker is that of having no consultant cover. our consultant child and adolescent psychiatrist is entitled to his leave, like the rest of us, but he is the clinical lead for the team and takes full responsibility for all of the patients who attend the service and their treatment. when he is on leave, there is no replacement; hence no new referrals are examined and no new clients are seen. as per an bord altrainis and the standard operating procedure, i, as a nurse, cannot see clients without a clinical lead, nor can the junior doctors. to work safely within my scope of practice, planned reviews must be cancelled during this time. for seven years i have been bringing this issue to the attention of management at all levels, including sending the reason children needed to be seen to them via email. some children have been admitted to wexford general hospital for a week or more as a result of there being no consultant cover where they spent their time without any therapeutic input. however, that problem has changed in the past six months as an out-of-hours adult psychiatrist provides an assessment and treatment for the children admitted in the absence of a proper hospital liaison child and adolescent team as per a vision for change in 2006, that is, one team per 300,000 people.
           my direction from management in the absence of a consultant child and adolescent psychiatrist is to work within my scope of practice and contact management should a child require a consultant assessment. it took two weeks the last time i needed this facility for a child who needed an urgent assessment. it required several requests by me before it was followed up. as a nurse, it is very frustrating to listen to distressed parents who are seeking help for their sick child when i cannot offer the service i offered the previous week. we lose the trust and credibility we work so hard to earn by not being able to offer a service. the parents tell us that there is no consistency in the service. as research has shown, consistency is the basis of all therapeutic interventions. this is not to mention the frustration of general practitioners who telephone camhs seeking a service during the consultant's absence. as a nurse on the front line, i should be able to go about my work without having to look for a consultant. i have received numerous calls from upset parents owing to cancelled appointments.
           most of the consultant child and adolescent positions in the country are filled. there are 69 teams, but, to the best of my knowledge, 35% of the consultants are locums, posts filled by agencies. as the committee heard from previous speakers at this forum, it is difficult to find child and adolescent consultant psychiatrists owing to the two-tier salary scale. however, consultants on agency rates receive the same salary as, if not more than, the permanent consultant. therefore, it does not make sense to have a two-tier system.
          my reason for bringing this to members' attention is that nurses who wish to progress and become acting nurse practitioners or wish to take the nurse prescribing course cannot do so in 35% of camhs services as the consultant is required to work with the nurse in taking the said course. hence, a failure to provide a permanent child and adolescent consultant psychiatrist is preventing nurses in camhs from progressing on their career pathways.
          
						on the recruitment of nurses to camhs, in wexford south camhs we cannot take student nurses as there is not enough room in the building. we cannot offer consistency in that we may not have consultant cover for the period of the student placement. the knock-on effect of taking no students is no exposure to child psychiatry; hence nobody trains in the access module to child psychiatry. one nurse took the course two years ago and there has been none since from the south east. some of the students who in the past sought placement in camhs are now working in london. they have informed me that they are well remunerated for their work, with accommodation packages and access to training courses such as nurse prescribing and family therapy. when asked whether they would return to work in ireland, their answer was a very clear ""no"". they said they had already been treated badly following their qualification when they were given 85% of staff nurse wages.
           following discussion with my colleagues from around the country, many are reconsidering the positions they hold in camhs. some have already left and are going to canada, australia and britain. given the deals nurses are being offered elsewhere, it would be hard to refuse, considering that we treat our newly qualified as ""yellow packs"" by offering them substandard wages. even if we were to provide 500 more places in nurse training each year for the next three years, how many would remain in the country? given the poor working conditions, poor pay and the fact that they are totally undervalued, there is no incentive to stay. in 1999 the commission on nursing made provision for nurses like me to stay in a clinical role and not to move into management. my colleagues and i endeavoured to educate more nurses in camhs, but owing to our working conditions, this was not possible.
           children seen by gps are referred to camhs in the absence of a properly resourced primary care psychology, autism or disability service. wexford autism and disability services have a two-year waiting list, while wexford primary care psychology services have a two-year waiting list. these services do not work on clinical need, but camhs ends up receiving more referrals as a result. our nearest inpatient hospital is over 200 km away in éist linn in cork. it is not the case that when a child presents with a significant suicidal risk we can send him or her directly to cork. it is often the case that the child is kept at home by the parents and monitored on a daily basis by camhs. access to a bed may take three to four weeks. sometimes, if the child's condition deteriorates and he or she cannot be managed at home, he or she, as has happened in a number of cases, is admitted to the department of psychiatry in waterford. it is an adult psychiatry facility and no place for a child. while there, a child is confined to a room on his or her own, accompanied by a psychiatric nurse and not allowed out of it during the hours the adult patients are moving around the facility. it is my opinion that this simply contradicts what is in ""the best interests of a child"".
           we are all here to look at how best we can provide a service for those less fortunate than ourselves. in my case, these are the children between the ages of six and 18 years who suffer from a mental illness. children commit suicide. there were 70 children of schoolgoing age who took their own lives last year. this does not account for the children between 16 and 18 years who were not at school. we have a long history of not looking after the most vulnerable in society, from the tuam mother and baby home, to artane, the magdalen laundries, letterfrack industrial school and wexford, where we had the ferns and monageer reports, to mention just a few. we are again letting down the most vulnerable children in society.
           we need a vision for change to be completed. we need nurses to be paid at therapeutic grade level to keep them in the country. we need a hospital liaison service and consultant cover. we must realise that if we treat children with psychiatric problems when young, the vast majority will not need treatment as adults. we need to stop embargoes on the recruitment of front-line staff. perhaps the embargoes should be placed elsewhere. those who manage the services should be held to account. in a therapeutic role, if we are doing something that is not working for a child, we must stop and come back with a different idea. the management system where i work seems to be doing more of the same when it is not working. camhs should have an input at management level. we also need access to emergency beds for children. the constitution states children should be cherished. it is our duty to implement this right and look after children. 
           i thank the committee for listening to my submission and welcome its work in forming a direction for mental health services in looking after children in the future."
2018-03-28,seanad,https://data.oireachtas.ie/akn/ie/debateRecord/seanad/2018-03-28/debate/main,143,Senator Alice-Mary Higgins,Senator Alice-Mary Higgins,"senator alice-mary higgins
          i wish to respond to a couple of the points raised as committee stage draws to a close. many of those who argued against the bill called for clarity. i appeal to them to be clear on what their proposal entails. we heard, for example, a suggestion that regulations could be made to deal with hard cases. if we retain article 40.3.3°, regulations will not be introduced to deal with many hard cases because it will remain constitutionally prohibited to do so. senator michael mcdowell eloquently cited the possibility that the director of public prosecutions could show mercy. leaving aside that women need rights, rather than charity, and that the mother and baby homes were considered mercy in their time, this is not at the discretion of the policing service in many cases. if we think about the difficult cases, including cases of child abuse and rape, if we retain article 40.3.3°, nothing can be done to assist women, girls or children in such circumstances. furthermore, the existing provision may well prove a deterrent to pregnant women and girls who have experienced rape or suffered child abuse because the very fact of placing themselves in the legal sphere could potentially bring them under threat of criminality. we can speak about cases of fatal foetal abnormality and real, concrete cases of women who face phenomenal and catastrophic health consequences, including permanent disability, blindness which has been discussed, a risk of brain haemorrhage and complications in their cancer treatment. doctors and medics have made it clear that such cases cannot currently be addressed.
          if we vote to retain article 40.3.3° and vote to say we should not have a referendum on it, and members can choose to do so, i ask them to be honest. i ask them, please, not to have conversations with people and talk about hard cases and how in certain circumstances they would feel differently, because they will have sacrificed any possibility of engaging with those situations.
           what we have seen in the committee and in what is put forward by the legislation is those who are willing to grapple and engage with the realities. to be very clear, when we again talk about clarity, caution, concerns and reassurance, what we will vote on is not the legislation. we will vote on the possibility of having a way to act in these circumstances and situations. it is important to note, however, that the proposals put forward through the oireachtas have been carefully moderated and considered. the proposals put forward by the citizens' assembly were moderated by the committee. more conservative proposals were put forward by the committee than by the citizens' assembly. the proposals put forward in the draft legislation by the minister are in fact more constrained and more limited again than the proposals put forward by the committee. the political body, elected by the people, responsible and answering to the people, has had a say in the nuance of this legislation. it has been reflected and people have stepped up to their responsibility, recognising that since women and doctors are making hard decisions, we as legislators need to make hard, careful and considered decisions.
           many measures that have been introduced in the legislation by the government indicate a very high degree of caution and address the concerns that have been raised by the other side. examples include the introduction of viability testing and specific protections for a viable foetus, the particular constraints in terms of health issues, and the fact that the committee disagreed with the citizens' assembly and explicitly excluded health grounds alone in terms of access to terminations. i may not like some of those decisions, but i respect them and recognise that there is a mandate for them and that they have moved through these houses in that way. that is the real work of putting things forward.
           if some members do not like the proposal for 12 weeks, despite the clear evidence that has been put forward about how it engages with the issue of medical abortion and tablets, how it deals with the important issue of addressing situations of rape - we have seen again how hard it is to prove rape in ireland - abuse or incest, and despite the fact that it has been shown to lower the number of terminations in other countries, then those members are free to put forward their own legislative proposals. they can go to the people and ask them to vote for them and elect them to put forward their legislative proposals, because that is the proper process. it is very disingenuous of those to have been saying this is the last chance, this is the only protection, and this is the only measure. they, as legislators, are in a position to put forward more conservative proposals and to test the public's will on that if they so wish. that is their prerogative.
           not only is there legislative space to do these other things that have been discussed, to have more nuanced or detailed proposals, if that is what some senators claim that they want, but there is another thing that they can do which would show that the repeal of the eighth amendment would not be the end of any discussion or protection. they can also talk to women. that is an option that will remain open to them. they can have conversations with women. they can talk about how they can better support women in their choices, how they can give them more options, and how can they make sure there are better lone parent supports. as i have said before, there has often been an absence in this house when we have debated those issues of child care and support for lone parents or for those with a disability. those senators should be willing and show that they are willing to do the work in conversation with women around their options and choices. that is an option that remains to them, and the constitution is neither the only nor even the most appropriate way to communicate with women on the decisions they have to make.
           we have heard that a vote in favour of this bill to repeal the eighth amendment is a vote for the unknown. i respectfully suggest that a vote to retain the eighth amendment, or article 40.3.3°, is a vote for the unknown, the conveniently unknown, where we do not have to know about what is happening to women, where we silence them, and where we ensure that we are not given inconvenient information about the hard and difficult circumstances people face. one of the most striking posters i saw on a march relating to this issue was a young woman's which read, ""my silence, your comfort."" if we retain article 40.3.3°, we tell women to be quiet, that we do not want to hear about these circumstances anymore, and that they are potentially criminals, and we silence them and go right back into the invisibility, the silence and the unknown which we have relied on as a country for far too many decades."
2018-03-27,seanad,https://data.oireachtas.ie/akn/ie/debateRecord/seanad/2018-03-27/debate/main,136,Senator Lynn Ruane,Senator Lynn Ruane,"senator lynn ruane
          i thank the minister, deputy harris, for being in the seanad today and all of the ongoing work he is involved in, firstly as an advocate for change and also in the department of health in preparing for a post-eighth amendment health care service if the referendum is successful. he is very welcome, as are all his efforts in this area. i welcome the bill and that ireland will soon have a chance to vote on this important issue. we are here today to right the wrong that was done to irish women when the eighth amendment was inserted into the constitution in 1983. article 40.3.3° in our constitution was a gross interference by the state in the private lives and decisions of every woman in ireland. it said to women that their bodies are not their own, that they are not the ones in control of their own lives, that they cannot be trusted with decisions around their own health and autonomy, and instead, a blunt constitutional instrument of less than 50 words shall be what dictates the lives of every pregnant woman in ireland.
           it is the crowning achievement of a state and a church that colluded in every single way possible to subjugate women, limit their autonomy and, when they stepped out of line, to shame them and hide them away. the eighth amendment is not an outlier. it is the apex of the archaic, misogynistic movement within this country that shamed women for sex, that forbade them access to abortion and contraception, that forbade them recourse in unhappy marriages and that hid them in mother and baby homes and forced them to atone for their sins in the laundries.
           now, thankfully, many of the hallmarks of an ireland that was openly hostile to women are gone, and the power of the people and the institutions that oppressed them has abated. the ireland of 2018 is unrecognisably different from the ireland of 1983. however, the crowning achievement of the conservative forces within this country still remains with those few sentences in the constitution that tell women their bodies are not their own and that the state cares not for their individual circumstances.
           it is in the full knowledge of how we got to this point that i am so proud to be here as ireland exorcises its demons from mistreating women since the foundation of the state. the slow dismantling of a shameful culture that shamed women for their own bodies has led us here. that is why i am so certain that a ""yes"" vote in the upcoming referendum is the right thing to do - pure and simple. i was incredibly proud to be a member of the joint committee on the eighth amendment of the constitution and contribute to the recommendations that have led us here today. the eighth amendment is a barrier to the true equality of women in this state and i will welcome its repeal.
           i will also welcome the repeal of the rest of article 40.3.3° and the end of the thirteenth and fourteenth amendments which allowed for the extraordinarily hypocritical and deeply unjust situation where an irish woman has a constitutional right, guaranteed by her own state, to travel abroad and receive information about a service that her own country did not deem her worthy enough to provide for her in an irish hospital. we left liverpool and london to care for the women who should have been in limerick and galway, and it was abjectly wrong.
           i look forward to the campaign; i will be doing all i can to achieve a ""yes"" vote, to explain to people why they are being asked this question and why it matters. i hope that all politicians who support repeal will be going forward from today to campaign in support of their position. we need to become ambassadors for what we know to be true about abortion access in ireland. we need to go out into our communities, have conversations with neighbours, family and peers and make the case for repeal. i encourage people to get out and canvass in their local areas. they should not worry if they do not convince someone on the spot. all we need to do is give them a seed of something to think about before referendum day.
           we have to be compassionate and accepting. we need to understand that for many people this will be the first time they have had to seriously think about this issue. we need to listen and we need not to shout people down for having valid concerns. there will be much commentary over the coming weeks about the language we should and should not use, about what language will convince the undecided and what language will not. some will make the debate about politics by stating that we have allowed the state, men or the establishment control our bodies for far too long. some will say that the church’s influence over our lives and our decisions needs to end. some will focus their energies on pointing out why the eighth amendment is medically dangerous or legally unworkable.
           we will hear that a beating heart is life. it is indeed potential life, but not a human existing in this world. developing life is not a human with human experience. i value life and i value its development, but i value myself more. i value my daughters more, i value my friends more and i value women more. everyone will feel a different argument works for them. everyone will feel that different language is appropriate. they will talk about power, control and choice. everyone's approach to this is, of course, legitimate.
           however, for me, i am a woman, i have two daughters, i have a job that i care about, i have an amazing mother and i have a boyfriend, a brother and relationships with friends. i have human rights and constitutional rights. i experience emotion. i have a sense of myself and the world. i depend on only myself to exist in the world. i breathe, i live, i sleep, i cry and i love. my daughters do also. for me, i come first, you come first, and my girls come first. i would choose me. i would choose jordanne and jaelynne. if that decision had to be made to terminate a pregnancy - a potential life - i would choose us. a woman's lived experience, existence and rights must come before the rights of a potential experience, existence and life.
           it is time for ireland to accept the realities and experiences of its citizens. it is time for our country to right the wrongs of our history and become the modern, progressive nation that we aspire to, and where women are equal, their decisions are respected and their autonomy is protected. that is the ireland i want to live in, that is the ireland i want my daughters to live in and it is the ireland we can live in, if we vote to repeal the eighth amendment."
2018-03-27,seanad,https://data.oireachtas.ie/akn/ie/debateRecord/seanad/2018-03-27/debate/main,137,Senator Paul Gavan,Senator Paul Gavan,"senator paul gavan
          i welcome the minister. i again commend colleagues from across the chamber who took part in the oireachtas committee, so ably chaired by senator noone.
           at this stage it is important that those of us who believe in repeal take off our party hats, put them to one side and work together because this issue is too important to score cheap political points. it is too important because it is about the people we care about. it is a wrong that this has been in place for far too long.
           the bill is very simple. it is about giving people a right to have a say. as other speakers have pointed out, one would have to be at least 53 years of age - unfortunately i just about am - to have taken any part in the last campaign. i was a bit taken aback that 32 deputies voted to deny people a right to vote. we have to respect each other's positions. i have good friends who take an opposite view on the issue and i respect their views entirely. however, i cannot accept people voting to deny our people the right to a vote on this issue.
           we can all agree that 1983 was a very different time. i certainly know it was. let us just take a couple of examples. it was not possible to get a condom without being married and only then with a prescription. it was such a dark and backward time for women. as the previous speaker said, the apex of that was this awful referendum. i remember how bitter and divisive the campaign at the time was. it was absolutely horrific. we had moving statues in the 1980s. let us move to 2018 and let us finally update our constitution by getting rid of something absolutely appalling. hundreds of thousands of women have suffered as a result of that referendum.
           in the past few weeks the newspapers reported that a 12-year old child had to go to britain for an abortion. i would be astounded, but unfortunately i have to recognise that there would be a minority of people in this chamber who think that is okay. it is shocking that in 2018 a child who has been sexually assaulted and finds herself pregnant at the age of 12 has to leave our state in order to get a termination. how absolutely shameful that is. however, it is there because of the eighth amendment.
           there were warnings at the time but they were disregarded because unfortunately we were completely enthralled to a quite evil catholic church at that time. we know that now because of the historical information that has come out since. we know that tens of thousands of women suffered in mother and baby homes, and had their babies wrenched from them and sold for profit. that is the country we are coming out of.
           if we do not win this referendum, we will condemn another generation of women to have to wait and take the planes or boats, or order abortion pills not really knowing what they will be getting in the post. they do not even know if they will get them in the post because 800 of them were confiscated last year. what do people who are opposed to repeal want to do about that? do they want to employ more customs officials so that we can stop more abortion pills coming into the country? is that the solution here? surely to god, we can do better than that.
           we have heard about the science of this. i am loath to talk about a personal experience, but i will share this with the house. before we had our three children, my wife suffered a miscarriage which was extremely upsetting, particularly for her. even though this was not that long ago, the services were absolutely appalling. i acknowledge that the minister has made some really good recommendations and we will hold him to account over those. we were handed the 12-week embryo and it was in a matchbox, which indicates its size. one would not think so from the posters of the well-funded campaigns, but that is the reality.
           the sinn féin position is clear. we believe that where a woman's life or health is in danger, she must have access to a termination if she wants one.
          access to termination must also be available in cases of rape, incest and fatal foetal abnormality. i make no apologies for referring to the chilling testimony given to the joint committee on the eighth amendment of the constitution by representatives of terminations for medical reasons ireland. i also remind the house that the people who run our maternity hospitals, whom we respect, were absolutely clear on this matter. they begged us to change the current position under which a woman must wait until she is dying before she can receive the medical intervention she needs. that is not good enough. i cannot believe anyone would disagree with their view. if we think of someone we care about and love being told she must wait until she is dying, surely we are better than that. 
           if we are to win this referendum, we must have conversations because this is the one element that is lacking. while many of the people on the other side of this argument are genuine, perhaps they do not understand the detail of the issue and how serious it is for women. the conversations we have with our friends and neighbours will be key to winning this debate and we must have them in a non-party political manner. my colleagues on the other side of the chamber know i disagree with them almost every day. however, i will not disagree with them or the minister on this matter because it is too important. i acknowledge the colleagues in the fianna fáil party, including senator ned o'sullivan, who had the courage to stand up and tell the truth of their experience.
           i want to address the issue of the 12-week gestation limit. sinn féin, because it is thoroughly democratic, does not have a specific policy on this issue but we will have one in june. if one believes legislation is required for cases of rape or incest, there is no way to implement it other than by introducing a 12-week gestation limit. is anyone seriously suggesting we ask a woman to certify she has been raped? considering such an approach would be an appalling vista. a 12-week limit is required and while sinn féin has not made a definitive decision on the matter, i am delighted the ard-comhairle has drawn up a motion setting out a policy and that the leader of sinn féin has taken such a clear position on it. i fully support a 12-week gestation limit, not only on the rape and incest grounds but also because of the issue of abortion pills. we cannot stop women taking abortion pills, because they are doing so regardless of whether we like it. i do not believe the state has a right to tell a woman who finds herself a few weeks pregnant that she must continue the pregnancy, regardless of what she wants. the state currently has the right to tell her to continue with her pregnancy for the best part of ten months. i do not believe we can continue to do so or relegate women to second-class citizenship for even one more day.
           we need respectful debate on all sides. if we are to win this referendum, we also need leadership on all sides. i appeal to those senators who have not yet declared their position to tell us where they stand. people in limerick are anxious to find out where all their public representatives stand on this issue. i will work with anyone to win this referendum. i have agreed to work with deputy jan o'sullivan and we will share a platform in a couple of weeks. i will also work with any representative of any party of good will because if we do not win this battle, we will condemn another generation of women to hardship and potentially disastrous health effects. as a house, we must do better. we must start tonight by ensuring we do not deny the people of ireland the right to vote on this issue. it has been 35 years too long. let us continue the debate and be respectful to all sides."
2018-03-27,seanad,https://data.oireachtas.ie/akn/ie/debateRecord/seanad/2018-03-27/debate/main,156,Senator Fintan Warfield,Senator Fintan Warfield,"senator fintan warfield
          i am incredibly proud to play a part in a debate that will ensure the people will have a say on the eight amendment. as the youngest member of seanad éireann and the only member of this house in his 20s, i think of what the eighth amendment has meant to my generation - a boat, a plane or a pill. the pills are as safe as any drug available in a club or pub or at a festival on a night out. these pills are the equivalent of rubbish recreational drugs and we are currently content with that form of health care for women.
          for a large cohort of women the eighth amendment has meant that their bodily autonomy has not been a reality. the state and its constitution have subjugated their bodies yet, for the most part, shirked any responsibility to provide meaningful or accessible contraception, family planning or robust sexual education, all measures which would reduce the instances in which abortion is required.
           one element of this conversation which continuously puzzles me, as a young person, is how we are so unique in a european context because every other european country has dealt with this matter with the exception of poland and malta. the historic parallels between malta and ireland are very clear. while i respect very deeply the sentiment expressed by senator mcdowell about religion and senator reilly's request that ideology, theory and theology be left at the door when discussing this matter, what senator ruane said spoke to me. a different argument works for everyone. while the church and state remain intrinsically linked, we will have similar conversations time and again into the future. these conversations mirror those on the referendum for civil marriage equality. we did not dare to ask to walk up the aisle of any church but asked for civil marriage equality.
           this is a legacy issue, one that was born from a church mantra that women had to be subservient keepers of a home, comely maidens and loyal wives. the ethos incarcerated women in mother and baby homes, magdalen laundries and mental institutions. it simply dictated that women were nothing but vessels and passive participants in their own sex lives. the eighth amendment solidifies that discrimination.
           we should be under no illusion that this state cannot proclaim itself to be either safe for women or one that trusts women while the eighth amendment remains. i consider my generation to be one of the most engaged age groups campaigning for the repeal and removal of the eighth amendment and i believe it does so because it fears the circumstances where article 40.3.3° restricts access to adequate reproductive health care. also, it possesses an innate solidarity with every woman who has found herself in such a difficult situation.
           senator bacik spoke about access to information during the last debate. when i think about young people's access to information, i think about the debate we had during our private members' time recently and the ability of young people to be informed and active participants in our democracy.
           the oireachtas plays an important role in this debate. as state legislators, the work we do has a substantial effect on people's lives and their role in shaping society. in this instance, our role will have an effect on women's bodily autonomy for the present and for future generations. we cannot fail them. we have a role that can scrutinise our constitutional provisions and propose changes. bunreacht na héireann declares that the state's sovereignty is derived from the people of ireland. we are fully accountable to them and i respect that. that is why i find it disappointing that 32 members of dáil éireann, one of which is a member of the sinn féin party, sought to deny the people a referendum on a question that has not been asked since 1983. i am somewhat heartened by the fact that all members of this house who were born since the 1983 referendum will vote in favour of a referendum being held. our generation deserves to have its voices heard.
           our generation should receive accessible reproductive health care and contraception. i welcome the comments made by the minister, deputy harris, tonight about the provision of contraception. all sides of this debate wish to see the circumstances in which abortions are availed of reduced but this can only be done by access to contraception and inclusive and robust sexual education.
           sinn féin is proud to support this bill today. we will not impede the clear and democratic avenue that is a referendum long sought and long overdue. i will again quote mr. gerry edwards who spoke at the campaign launch of together for yes and whose words were reiterated by senator bacik during the course of this debate. he said:
          we’ve moved on from dropping our pregnant women at the gates of a laundry. i think we’ve moved on from dropping them at departures gates too."""
2018-03-27,dail,https://data.oireachtas.ie/akn/ie/debateRecord/dail/2018-03-27/debate/main,108,Deputy Joan Burton,Deputy Joan Burton,"deputy joan burton
            the pope's visit to ireland will be very much welcomed by irish people right across the island from all different walks of life, not just catholics. clearly, the catholic church has a legacy in ireland characterised by enormous difficulty and enormous pain, which was inflicted on people in various institutions of the catholic church who were abused, used or badly used. the pope will probably be staying at the apostolic nunciature on the navan road, as was the case during the last papal visit. the taoiseach might confirm that. the nunciature is just a stone's throw from st. patrick's mother and baby home, one of the largest homes for mothers and babies in ireland. it was a pretty tough place 30 or 40 years ago in which to have a baby on one's own, after which one might have given it up for adoption.
             will the irish government indicate, through the diplomatic channels, that the pope's agenda may include an appropriate visit to a mother and baby home that is just next door to where he will be staying, particularly given that approximately 2,500 of the 9,000 or 10,000 children who went through st. patrick's died there? these are the provisional figures we have.
             my second question is a more local one on which i hope the taoiseach and i agree. the phoenix park will be the venue for the visit. will there be a definite fund provided by the government to restore and reinstate the phoenix park, our premier public open space in an urban setting, after the pope has gone home? during the last papal visit, the park almost collapsed under the strain caused by the great number of people in attendance. the people who visit will be welcome. the park is already putting in train arrangements to take down the gates at all the entrances and to refurbish them during the pope's visit with a view to reinstating them afterwards. the damage to the park was very significant on the last occasion. the taoiseach has a local interest in this, as do i. it is very important to dubliners and people from around the country who use the park to ensure that the government will provide money to reinstate it to its full glory when the visit is over."
2018-03-20,dail,https://data.oireachtas.ie/akn/ie/debateRecord/dail/2018-03-20/debate/main,188,Deputy Pat Buckley,Deputy Pat Buckley,"deputy pat buckley
          the tánaiste said in the house today that the strategic communications unit was set up to communicate with the electorate. instead it has turned out to be a fine gael propaganda unit. we should call it the ""huff and puff and do nothing"" unit at a cost of €5 million to the taxpayer.
          this certainly was a mistake. they say that a bad law is an unjust law. the strategic communications unit, scu, is unjust. the €5 million cost of the scu could go a long way towards providing extra special needs assistants, snas. it could help in the areas of health or housing. it could be used to assist people with special needs and the elderly. it could help provide for a special wheelchair for a three-year-old child in east cork, which another deputy mentioned recently. i sourced two wheelchairs for constituents last week. that says a lot about how bad this country is. we need a reality check on this. the €5 million could fund aspects of mental health care. it could help to pay our garda and members of the defence forces. it could help fill potholes in east cork. money can be spent in much better ways, but this government prefers political spin over investing in the very people it is supposed to represent. the money could be spent on redress for the survivors of the mother and baby homes.
           the scu is a mistake. it must be disbanded. we must use taxpayers' money wisely and invest it to assist people and not spend it on political spin. i urge the house to support the sinn féin motion."
2018-03-20,dail,https://data.oireachtas.ie/akn/ie/debateRecord/dail/2018-03-20/debate/main,247,Deputy Seán Canney,Deputy Seán Canney,"deputy seán canney
          i thank the ceann comhairle for the opportunity to speak on this subject. whether one is pro or anti, it is a sensitive issue. i have my own views on the eighth amendment which are based on my own life’s experiences. i do not favour the repeal of the eighth amendment.
           i listened to many members speaking tonight and previously about this matter. from my life's experience, i know life is very precious. for me, the life of the unborn is precious and needs to be protected. last week in tuam, i got a phone call when i was walking down the street from a dear friend of mine from another part of the country. he asked if he could run something by me. it was a simple story. when he was a young man, he and his wife, unfortunately, could not have children. accordingly, they adopted several children. one of the children they adopted grew up, fell in love, got married and had children of their own. my friend now has grandchildren of whom he is very proud. they are the making of his life at this stage when he is approaching 80 years of age. the mother of these grandchildren was born out of wedlock. her mother would have gone for an abortion to england but she did not have the money. for me, that is what life is all about, namely, the fact that the baby was not aborted, grew up in a loving family to have her own children and provide such accommodating and lovely grandchildren for my friend who is now in his 80s. he took the time and the trouble to ring me to tell me if i got an opportunity to speak in the dáil chamber that i should relay that story. that is why i am relaying it here tonight.
           it is important that we reflect on our beliefs. they are all very personal to us. we all go through life and have different encounters. deputies demonstrated tonight different stories, personally and otherwise. we must respect all of that. we have a decision to make whether we support repealing the eighth amendment. we must make the decision as deputies. i believe we should have the debate. when the vote comes, i will be voting to retain the eighth amendment. i believe it is important to state that so the people who asked me what i would be doing in this regard hear me state it publicly. i have told them privately what i would do. the reason for that is very personal."
2018-03-09,dail,https://data.oireachtas.ie/akn/ie/debateRecord/dail/2018-03-09/debate/main,14,Deputy Mary Lou McDonald,Deputy Mary Lou McDonald,"deputy mary lou mcdonald
          gabhaim buíochas leis an gceann comhairle agus leis an aire. tá sé thar am athghairm a dhéanamh ar an ochtú leasú. tá sé in am dúinn muinín a bheith againn i mná na héireann. tá sé in am dúinn san oireachtas seo ár bpoist agus ár n-obair a dhéanamh.
           i warmly welcome the publication of this bill. it is only appropriate at the outset to acknowledge and commend the work of our oireachtas colleagues on the all-party committee, under the stewardship of senator catherine noone. i acknowledge my party colleagues, deputies louise o'reilly and jonathan o'brien and senator paul gavan, for their tremendous efforts.
           the repeal of the eighth amendment is an absolute necessity to ensure that women have access to proper and appropriate health care. the truth is that the eighth amendment should never have been placed in our constitution in the first place. it was a mistake and bitter experience over decades has amply demonstrated this. it is time to own up to that mistake and to correct it. it was - let it be said - born out of an entirely sexist view of the world and the conservative social values that dominated our society for decades. the power and influence of the church and its strict reactionary doctrine were central to that system. it was the dogma that produced the now infamous magdalen laundries and mother and baby homes, when women were incarcerated against their will behind high walls and wrought iron gates for the supposed offence of becoming pregnant outside of wedlock, forced into slave labour under the shadow of the cross. their children were taken away from them, they were told they were a source of shame, that they were sinners and were not fit to live amongst the general population. this was the cost of a social system in which the primary function of woman was to bear children and to do so at any cost.
           the insertion of the eighth amendment into our constitution in 1983 was an extension of that system. that ireland is gone and good riddance, and the eighth amendment, too, must go. it is essential to recall the real cost of the eighth amendment to real women and girls. in the 1992 x case, a suicidal girl of 14, the child victim of rape, was prevented by the high court from travelling abroad to obtain an abortion. the eighth amendment has caused countless women and families with the trauma of a diagnosis of fatal foetal abnormality to be forced to make a harrowing journey abroad. it has created an alphabet roll call of women's misery, women who in many cases sought and could only find relief in international courts and tribunals to recognise their suffering and the cruelty of our state. it cost the life of savita halappanavar, a 31 year old who, while miscarrying, was denied the abortion that would have saved her life. in 2015, a pregnant woman was kept on life support for 24 long days after she was declared medically brain dead, because a foetal heartbeat was detected in her womb. when her family asked that life support be removed, their request was denied because of the eighth amendment. this was in spite of the fact that the foetus had no chance of survival. it took an appeal by the woman's family to the high court for her life support to be switched off. even in death, the eighth amendment could rob a woman of her dignity.
           some people will say that these are the hard cases, the outliers and exceptions. they will argue that hard cases make bad law. i say that these cases are the hardest, most cruel face of the eighth amendment. i say that our bad law made these hard cases. i say that these women and these cases are, in the very first instance, the reason to repeal the eighth amendment. we as a society must demand and ensure that there are no more hard cases, no more savitas, no more traumatised women known to us in the public domain as letters of the alphabet. that is our first duty. we must assert clearly that the state will not force a rape victim to carry a pregnancy to term. we must demand that women and families faced with the devastating diagnosis of fatal foetal abnormality are no longer denied care, comfort and choice here in their home country. we must assert that doctors must be free to do their job and must be able to make medical decisions in the interests of women without a threat of criminal sanction. we must ensure that health care choices - life and death choices - are not skewed or delayed while medics seek advice from constitutional lawyers. we must be in no doubt that the eighth amendment has had that chilling effect.
           i thank the minister, deputy simon harris, for his words this morning. it is essential that he has emphasised the fact that the courts still feature. access to and the review of the courts are still applicable to any legislation that might come through this house. i say to those who would scaremonger on this count, ""shame on you."" anyone who argues that the courts have been written out of the scenario, that this is some kind of carte blanche for untrustworthy politicians, is willfully misleading public opinion."
2018-03-09,dail,https://data.oireachtas.ie/akn/ie/debateRecord/dail/2018-03-09/debate/main,17,Deputy Gerry Adams,Deputy Gerry Adams,"deputy gerry adams
          this referendum to repeal the eighth amendment is fundamentally about trust. first and foremost it is about the willingness of our society to trust women and to accept that women are equal citizens with a right to health and to make health decisions for themselves. it is also about trusting our medical professionals faced with difficult situations and decisions, and it is about trusting the electorate to come to a decision that removes from the constitution an amendment which should never have been there in the first place.
           the issue of women’s health should never be a matter for a constitution.  it should be legislated for in the normal way through the oireachtas. i welcome the publication today of the government’s policy paper. sinn féin will study it closely. tá mé fíorbhuíoch den aire fá choinne a fhocail inniu.
           i commend the government on the proposed wording for the referendum. it allocates responsibility for legislating in a very simple and clear way, and provides that women’s health will be legislated for in the oireachtas and by the government, as is right. the eighth amendment prohibits access to basic medical treatment that should be available to women in any developed society. it is unjust and we as legislators have a responsibility to end that injustice. the business of the state should be to ensure women have access to proper health services if they need them and if they choose to avail of them. the state has a responsibility to support women. 
           none of us should try to fool ourselves.  abortion is a reality here. every day, here and in neighbouring states, irish women are having abortions. ten will leave today, and every day, for that reason. in my own constituency of louth and east meath, the official figures tell us that at least 83 women travelled to britain for an abortion in 2016. in dublin 1,175 women travelled that year, and across this state, at least 3,265 women travelled to britain for an abortion in 2016. it is estimated that in the past 40 years, at least 170,000 irish women travelled to other states for abortions. that means as many as 3,300 women travelled for abortions during that time from louth. thousands more are now using abortion pills that can be accessed over the internet. they do so without medical supervision.
           the minister for health, deputy harris, speaking in the dáil in january revealed a 62% increase in the number of women from this state contacting one particular online provider over a five-year period. the number seeking pills increased from 548 women in 2010 to 1,438 in 2015. do we want this to continue or do we want a mature society, tolerant and compassionate, open and inclusive and based on equality? alternatively, are the attitudes from the time of the industrial schools, the magdalen laundries and the mother and baby homes to prevail, when women were treated as chattels with no rights or protections? if we vote ""no"", we will be dismissing and condemning women.
           the victims of rape and incest and women with fatal foetal abnormalities are not anonymous people. they are not statistics. these are our family members, our friends and neighbour and our workmates. they need to be treated with love and compassion. winning this referendum will take hard work and leadership. i appeal for a reasoned, respectful and sympathetic debate. we must not and cannot let women down again. an uachtarán shinn féin, deputy mcdonald, speaking on this issue in january described the eighth amendment as a constitutional coup and the reactionary codification of the suppression of women. she is right. níl aon áit ag sláinte na mban sa bhunreacht. ceist phríobháideach í idir bhean agus a dochtúir. tá freagracht agus dualgas orainn maidir leis an bhfeachtas chun an t-ochtú leasú a aisghairm agus, mar reachtóirí, reachtaíocht a chruthú má tá saoránaigh in aghaidh an achta sin. 
           it is time for women to make their own decisions and for us to support them to do this. bí fíorchinnte nach mbeidh saoirse ar bith ann gan saoirse na mban. it is time to trust women on this issue. any decision about women's health must be made by women and their doctors. it is time to trust ourselves."
2018-03-09,dail,https://data.oireachtas.ie/akn/ie/debateRecord/dail/2018-03-09/debate/main,34,Deputy Kate O'Connell,Deputy Kate O'Connell,"deputy kate o'connell
          last week in this country we experienced an act of god. i refer to storm emma. we had four days of bitter ice, cold and snow. who did that weather and that act of god leave out in the cold, both figuratively and literally? women again, as it is always. between 36 and 48 women either had to cancel expensive flights, hotel rooms and appointments in the uk or reschedule them because of an act of god. a further 12 to 15 women were waiting by the door to get illegal pills, probably fretting about whether the postman would be able to battle the elements and deliver them.
           of those women sitting in the waiting rooms of england now, many will have been tipped across the safe threshold for taking tablets through no fault of their own but due to an act of god. i refer to weather and factors beyond their control. how do we in this house feel about that? today, i pay tribute to the minister for health, deputy simon harris, for the leadership, compassion, maturity and understanding he has shown in regard to the eighth amendment. i also thank deputy kelleher for his considered contribution to the chamber this morning.
           i was struck last night by a tweet i read from a woman called aoife. she stated that it was honestly no wonder that one of ireland's mythological creatures is a woman shrieking in endless rage and sorrow. it brought me back to childhood and tales of banshees in primary school. i thought about pádraig pearse's poem mise éire:
          mise éire:
          sine mé ná an chailleach bhéarra
          mór mo ghlóir:
          mé a rug cú chulainn cróga.
          mór mo náir:
          mo chlann féin a dhíol a máthair.
          ireland has always been painted as female, as our mother, our homeland and the cradle in which we were reared and nurtured. i refer to ireland and the suffering and labour of a gender personified and immortalised in art and literature as confined into the shape and borders of a country. i refer to irish women confined and contained within that country.
           in respect of the utter hypocrisy of the thirteenth amendment, why did we need it? why did we need to enshrine the right to travel? travel for what? travel with what intent and to what end? i asked a witness who favoured retaining the eighth amendment at the joint committee on the eighth amendment of the constitution if he would support repealing the thirteenth amendment. he bluntly replied with one word: ""no"". this man, who commands huge respect among people who want to keep the eighth amendment, said on the record that he does not want to repeal the right to travel. the people to whom he is aligned and supports must therefore want the status quo to remain. i refer to the people who claim to love both. those people who state falsehoods about foetal development and try to bamboozle people with billboards and posters of computer-generated impressions of what the unborn human might look like. now, that witness was not an expert on gynaecology, although he is an eminent legal mind who campaigned fiercely for the eighth amendment to be introduced in 1983. then we asked dr. peter boylan, when he appeared before the joint committee, a reasonable question. will there be far more abortions if we repeal the eighth amendment? dr. boylan, the former master of the national maternity hospital, holles street, who himself has delivered more than 6,000 babies and is one of ireland's respected consultant obstetricians and gynaecologists, said it was documented that in countries where abortion is banned the rate of women dying remains high. he said approximately 70,000 women die each year from complications relating to unsafe abortions.
           the joint committee heard testimony from professor abigail aiken that irish women today are attempting self-abortions with potentially fatal consequences. it is equally well documented, she said, that countries with liberal laws and easy access to contraception have lower rates of abortion than those with restrictive laws. women in ireland with financial resources have access to termination of pregnancy, primarily in the uk. however, women who are poor, in the care of the state or women who are refugees do not have such access. the thirteenth and fourteenth amendments to the constitution are of no assistance to these poor women and refugees. without access to abortion in the uk, it is inevitable that ireland would have an epidemic of illegal abortions and a massive increase in maternal mortality, resulting in dead women.
           if ireland were to enact legislation in line with the eu consensus, including termination without restriction up to ten weeks, our law would be among the most conservative in europe. however, it would deal with the vast majority of circumstances in which women currently access services outside the state. the forthcoming referendum on the eighth amendment should put a simple binary question, the experts said, to the electorate. i refer to being for or against repeal. legislation is the responsibility of the oireachtas not the people. on repeal of the eighth amendment, irish law on termination of pregnancy would continue to be governed by the protection of life during pregnancy act. there would be no legislative vacuum pending further legislation.
          in the meantime, women in ireland will continue to access services in the uk or elsewhere in europe or to access abortion pills illegally, as they are doing today. all of the international evidence is that in countries where there is a liberal law or where they change from a restrictive to a more liberal law, the rate of termination falls. this must be tied in, however, with improved health, contraception and sexual health education and cannot be looked at in isolation. that is what the experts said and that is what really shook so many of us in the oireachtas committee. we at the committee had been hearing anecdotal suggestions that floodgates would open, that irish abortion rates would rocket, that women would go wild altogether with abandon and would use abortion as contraception but experts at the coal face of our health service dispelled all of those myths. how could we be sure though? we asked the eminent head of obstetrics and gynaecology in st. george's hospital, tooting in london, who also happens to be president of the international federation of gynaecology and obstetrics, professor sabaratnam arulkumaran, who said that the experience in france, italy and turkey is that once termination of pregnancy is legalised, the abortion rate comes down. the main reason for that is that it is combined, as dr. boylan mentioned, with good post-abortion contraception. it is a very clear distinction that it comes down without any difficulty. second, because medical termination of pregnancy is available, things are getting safer. the who document shows that the chance of a mother dying during a termination in the first trimester is 0.1 per 100,000, which is minimal. as the gestation period increases, so too do the complications and risks. illegal abortion comes to the fore when women are in the later period of gestation and run into difficulties. legalisation of abortion brings the termination rates down. that is the experience, not just in one country, but in a number of countries including south africa. is that not interesting? 
           people are being told that repealing the eighth amendment will have a catastrophic effect on women's health. that is simply not true and not repealing it is far more dangerous. people are being told that repealing the eighth amendment will lead to more irish women having abortions but all the evidence would suggest that this is not true either. the oireachtas committee asked ms leah hoctor, the regional director for europe of the center for reproductive rights to outline the norms in a european context, including whether the countries that introduced a 12-week gestational limit increased that later. i thank deputy billy kelleher for reading into the record of the house this morning the details of term limits in a european context. ms hoctor said:
          [i]t is my understanding the limit was decided in the law reform process and i do not believe we have seen change in a european country. a country that has set a ten or 12-week limit on request or a later limit has not shifted. other requirements and facets of the law have changed and developed over time. the most common limit is 12 weeks. although these countries' laws were adopted at a time when medical abortion, the abortion pill, was not available, it is interesting that the ten to 12-week period in place in their laws is the time period within which medical abortion is safe and now available. even though that was not the case at the time, it is interesting to see that the time period they set also lines up with the time period for medical abortion being safe, as stated by the who.
          in that context i find it remarkable that the campaigners to retain the eighth amendment are so grievously misrepresenting the facts to the public. through a combination of online, mobile and billboard advertising, they are putting falsehoods into the ether. their philosophy seems to be that if one cannot convince them, confuse them and their fake fact floodgates are bursting open across the country as we speak. they have the privilege of free speech, as we all do but when their free speech serves their own ends and not the people, then we have to stand up and say, ""that is not true and is deliberately designed to cause pain"".
           while we are on the subject of privilege, as i said on wednesday during the debate on mother and baby homes, it is important that members of this house, past and present, pause on occasion and check their privilege. i am not talking about the privilege and honour that comes from serving as a deputy. i am talking about the privilege that so many of us take for granted and can remain utterly blind to, that is, the privilege of being born healthy and able bodied to parents who either raised us themselves or gave us the opportunity to be raised by others; the privilege of being wanted, loved, fed and reared in a safe and secure home, of being valued in a society that was practically designed for us to participate in as an equal, with the economic safety net of family and friends and with every opportunity available to us to succeed and grow. we must all remember to check our privilege from time to time. some of us may not notice the huge headstart afforded to us by virtue of where, when and to whom we were born. 
           my mother is 70 now and we had a party to celebrate her birthday at the end of january. i talked about her during wednesday's debate too. she often talks to us about the girls in rural ireland who had their babies at home and if they did not survive, they were buried at the end of gardens under apple trees. the babies that survived home births to young girls were treated totally differently to other children, were seen as lesser and were made to know it too. there was little sign even then of a willingness to love both, as the girls were judged too. that sexual apartheid was supported by laws and encouraged in an attempt to discipline communities.
           my mother is not an outlier of her generation. she has many friends her own age with similar stories. they tell tales of only daughters impregnated against their will in order to guarantee inheritance of a father's farm and of teenage girls cycling rattling bikes down dark, narrow roads who were set upon by men. those men never paid any price for their crimes while the girls paid dearly. people might see this as washing our dirty linen in public but i would ask them to think about those 35,000 women who washed our dirty linen in private. people might resent hearing these stories and might deny that these things happened but these stories are true and these things did happen. we must all accept and not deny what is happening. already the stains of these grave sins against our women are on all our souls. those who support retaining the eighth amendment must surely believe that the stains of the many legal and illegal irish abortions taking place are on our souls too. they must therefore welcome what must be news to them today, namely that repealing the eighth amendment will lead to fewer abortions and less staining on their souls in the long run. the longer the status quo remains, the harder it will be for us to launder the stains out and we do not have 35,000 women trapped in a barren prison anymore to do our laundry for us. that privilege is all ours."
2018-03-09,dail,https://data.oireachtas.ie/akn/ie/debateRecord/dail/2018-03-09/debate/main,37,Deputy Aengus Ó Snodaigh,Deputy Aengus Ó Snodaigh,"deputy aengus ó snodaigh
          ba mhaith liom an deis seo a thapú chun labhairt ar an gceist ríthábhachtach seo atá ag déanamh tinnis don tsochaí le tamall rófhada anuas. is ceisteanna móra iad ceist an ghinmhillte agus ceist an leasaithe a rinneadh ar bhunreacht na héireann nuair a cuireadh an t-ochtú leasú isteach ann. tá muidne ar an dtaobh seo den teach go huile agus go hiomlán i gcoinne an leasaithe sin agus molaimid an taire as an gcinneadh a ghlac sé féin agus an rialtas fáil réidh leis an leasú sin. sa deireadh thiar thall, beimid in ann reachtaíocht a thógáil isteach chun déileáil le na ceisteanna a bhaineann le ginmhilleadh agus sláinte na mban.
          i welcome the certainty provided by wednesday's supreme court judgment on the unborn and the constitution. the judgment paves the way for a referendum on the eighth amendment. people are looking for controlled change of our laws on abortion. people want to protect women's health and well-being and ensure that doctors can care for their patients here in ireland. this is only possible if we remove the eighth amendment from the constitution. what will follow after that will be decided by the people but also by this house.
           it is clear that society has moved on, as the referendum on same-sex marriage clearly showed. there is an appetite for reform and society demands that the state be in tune with the rights of all of its citizens. we export citizens to access services which many believe the state should be responsible for delivering. we must have equality in health care between women and men in the state but we will not have it as long as the eighth amendment remains in place. a woman should not lose the right to health care simply because she is pregnant. under the eighth amendment, women lose that right when they become pregnant. i trust women to make decisions that will affect them; the eighth amendment does not.
           we must be clear in all of the hysteria that will flow from this debate. while i respect those who have an alternative or a different view to me, i have heard extreme views, from some in this chamber and some outside, and those extreme views do not have any place in the debate that will happen over the next number of weeks.
           we should be clear that no woman in the state will be forced to have an abortion - not one, not ever. i will campaign to have the eighth amendment repealed and will stand shoulder to shoulder with all the women in ireland who want to be treated with respect and who want equality and choice and control over their bodies. this is what we should do.
           it is time to right a fundamental wrong that occurred in 1983. it is time for a human-rights based constitution that acknowledges women as full people. the reality is that for as long as the eighth amendment is in place, women will continue to be second-class citizens in their own state. there are other sections of the constitution that also need to be removed to ensure that women are treated in this state as full citizens and not second-class citizens as the constitution would have them.
           in the past, this was a state in which the catholic church held sway over all in society, or at least tried to. one need only look at the disgraceful and horrific treatment of the women and children who were incarcerated in magdalen laundries and the mother and baby homes to see how the state and religious institutions persecuted and oppressed women. let us not be fooled into thinking that somehow women have all escaped this ill treatment and persecution by the state; they have not. the eighth amendment is one of the biggest obstacles in the state that we must overcome in order to achieve true equality for women.
           i commend the women who have continued the struggle for equality during the decades. it was certainly not easy. they were vilified by the media, by religious institutions and at the time by much of the political establishment, and some still vilify them to this day. i also commend the new generation of young women who have taken up the fight. we would not be having this debate if it were not for their activism, courage and campaigning.
           my heart goes out to the women from every city, village and town across ireland who have had to make the lonely journey to england to avail of something which is recognised in most states as a fundamental right. i have spoken to many of them over the years and they have explained to me how they have been demonised by some commentators and campaigners, and that is shameful.
           the eighth amendment was inserted in the constitution 35 years ago and a generation of women of child-bearing age have not been given a say on an issue which affects them. it did not stop irish women having abortions. all it did was export the issue to britain which is what the conservative elements of our society have always done. between january 1980 and december 2016, at least 170,000 women and girls travelled from this state to access abortion services in another country, mostly in britain. between those years, based on the british department of health and social care statistics, at least 168,000 women and girls who accessed abortion services in britain provided irish addresses. in 2016 alone, 3,265 women and girls gave irish addresses at british abortion services and that is obviously an underestimation as not all women provide their irish addresses when they attend abortion clinics in england. also, they do not all travel to england. some go to other countries in europe, such as the netherlands.
           a 2016 report shows that 1,642 abortion pill packages were sent to ireland in a three-year period between 2010 and 2016. that was the figure supplied by just one provider of the pill. in other words, thousands of abortions have occurred in ireland in the past eight years due to the use of the abortion pill. we have abortion in ireland. we just do not legislate for it and provide the proper medical supports that are required and are provided as of right in other countries, and all because an amendment to the constitution 35 years ago that should never have been inserted into it. there are lessons there for legislators.
           the constitution is supposed to be there to protect citizens, not to box them into a corner or to force them out of the country. all too often politicians are too scared to legislate and they go running to the constitution to absolve themselves of their responsibility as legislators. we can no longer do that, especially when it comes to abortion. we have the duty. we have the responsibility, not just to pass the legislation before us but also to go out there and explain to the public why the eighth amendment needs to be repealed and that we, as legislators representing the irish people, can be trusted to bring about legislation that will bring us into the modern world and to protect and respect women.
           research undertaken by the hse's crisis pregnancy programme in 2010 showed that 87% of women in ireland who had an abortion stated it was the right outcome for them. of course, it is possible to regret having an abortion. it is possible to experience feelings of regret or loss afterwards and i do not wish to erase the experience of women who do. however, it is also possible to feel a sense of relief and closure on having an abortion. we heard repeated earlier, from other spokespersons and others in the chamber, stories of rape and incest. when one thinks of a young woman or a girl who has suffered horrifically by a rapist, i can guarantee she will feel closure and a sense of relief not having to carry to full term the product of a rape or incest. similarly, it is possible to regret having placed a child in adoption, having adopted a child, having given birth or not given birth, or not having the choice not to give birth. such is the variety of human experiences and emotions, significantly restricting women's access to abortion provokes feelings of depression and anxiety and this increases the risk of suicide in pregnancy. this burden is merely made worse by the isolation and stigmatisation felt by these women who are compelled to travel abroad for access to safe, legal abortion services.
           in terms of maintaining the status quo of exporting the state's abortion services and needs to britain, there are a few issues to bear in mind. the first is financial. a trip to britain for an abortion can cost over €1,000. for many this is a prohibitive amount of money, and not something that they can raise easily. women have had to borrow from friends and family, or take out loans from the bank. many women who cannot raise the money resort to desperate measures to end their pregnancies.
          without the support of the abortion support network which helps many women to raise the money they need for their abortion, there would be many more deaths from botched abortion attempts. 
           the second matter is legal status. for many migrant and refugee women, travelling outside ireland for an abortion is impossible owing to their legal status. many of them arrive in ireland unaware of its strict abortion laws until it is too late. the horrific case of ms y in 2014 showed what happened when people who were unable to travel were forced to carry a pregnancy against their will. 
           the third issue is child care. for irish women seeking an abortion in britain, organising child care is an issue. many women cannot tell people that they are travelling for an abortion. if they cannot arrange for someone to mind their children while they travel abroad, they will not be able to go. 
           the fourth matter is health. abortion is legal in ireland only where there is an immediate risk to the life of a pregnant woman. this means that women who need an abortion for health reasons must still travel. if a woman has a condition which limits her mobility or means that she cannot fly, it is a barrier to travel.
           it is time to hold a referendum on the eighth amendment and i will certainly vote in favour of the repeal bill. i will also certainly campaign in the next number of weeks to repeal the eighth amendment. it is time the issue was dealt with and that the women of ireland had their voices heard."
2018-03-09,dail,https://data.oireachtas.ie/akn/ie/debateRecord/dail/2018-03-09/debate/main,40,Deputy Mick Barry,Deputy Mick Barry,"deputy mick barry
          the year i turned 20 years of age, a fundamentalist, misogynistic amendment was written into the constitution. the year 1983 was 35 years ago. since then 170,000 women have been forced to travel for abortions. for a new generation and those who can become pregnant today, it is a toxic legacy. it sits on their shoulders and haunts them, an unwanted ghost from a different century.
           i remember the x case in 1992. a 14 year old girl was raped, and when gardaí were consulted, they told the family they did not believe she could travel to england, that it was against the law due to the eighth amendment. when the high court was summoned, it said that the family could not travel because of the eighth amendment. it took 50,000 people to come out on the streets, promising they would be back the following week with twice as many people, to force the supreme court to overrule that verdict. the 14 year old went to england. afterwards, we had a referendum and we voted to give women the right to travel. the right to travel is a fairly bitter right and more than 8,000 women each year go to places such as liverpool and london in secrecy and shame. every second year there is another case: the a, b, c and d cases; miss p, miss y, savita, amanda mellet and many others. what a country. who can take pride in any of that? 
           we now have a chance to correct this horrible mistake and to remove the eighth amendment. ten women daily still travel, with five women taking the abortion pill every day, but are denied medical assistance. there can be no doubt that the amendment must go. the same voices which told us to put it in the constitution all those years ago, tell us to keep it there. only this week we were told by the catholic bishops that it would be a manifest injustice to repeal the eighth amendment. was it not a manifest injustice that 170,000 women were forced to travel? the magdalen laundries was a manifest injustice, as was the tuam scandal and the mother and baby homes. with respect, the bishops may choose to get their own house in order before lecturing women about injustice. i and many others will be less inclined to listen to the voices of bishops than we are to listen to the voices of women and pregnant people, including women who have gone through the real lived experience of crisis pregnancies.
           in the context of listening to women, my attention was drawn to a facebook page which was started recently called in her shoes. women can post a selfie on the page but it is a selfie with a difference. they post photographs of their own shoes, and then tell the story of their own personal experience of abortion. it is an excellent and revealing page and the stories are powerful. i will read part of one story into the record of the house.
          it says:
          we arrived in liverpool, got into a taxi, when the taxi man heard my accent he said the address of the clinic without me telling him where we were going - he knew ... when it was all over i remember being so hungry. i didn’t want to go eat in a restaurant, i wanted to go home to my mam - that wasn’t an option.
          another says: ""from the second you're pregnant the 8th amendment suggests that you're not competent to give consent about your care"". another woman posted:
          people are still ashamed. the stigma is still there. i don't regret my choice, i never did. what i do regret is the unnecessary journey it took, the unnecessary cost of last minute flights on top of the cost of the procedure.
          in the course of the debate, i will encourage members to listen also to the views of the expert witnesses who came before the oireachtas joint committee on the eighth amendment of the constitution. dr. abigail aiken from the university of austin, texas, surveyed the evidence of thousands of irish women who had taken the abortion pill in recent years. dr. aiken found that the profile of a typical woman who took the abortion pill is totally different from the stereotype the anti-choice campaign would have us believe. the typical profile is a woman between the age of 30 and 34, a mother whose contraception has failed. the survey showed that 54% of people surveyed applied for the pills because their contraception had failed. nearly two thirds, 63%, were already mothers. the biggest single cohort - at 26% or more than one in four - were those aged between 30 and 34.
           professor sabaratnam arulkumaran, an internationally renowned physician, was another expert to give evidence before the committee. professor arulkumaran had chaired the hse inquiry in to the death of savita halappanavar. professor arulkumaran told the committee:
          if abortion is not made legal, it will promote illegal abortion. those women with influence and financial resources will get it performed in a safe environment. those who are poor with less influence will resort to unsafe abortions. this would be a social injustice.
           those who told us that legalising divorce would open the floodgates were wrong. they now tell us that legalising abortion would also open floodgates. the experts, however, tell us that the netherlands, which has legalised abortion on request along with free contraception and a national programme of sex education, has the lowest abortion rate in the world.
           some men of my generation have asked me what this referendum has to do with them. it is about their daughters and their granddaughters. we need to show support and solidarity and that we respect the decisions that women are sometimes forced to make. i was on the large international women's day demonstration last night. there was a big one in dublin, a big one in cork and others around the country. i saw the new generation, of both genders and none, fighting for a different ireland and a better ireland to the one in which i grew up. we should stand beside them and behind them to show support to help them make the change this state needs to make."
2018-03-09,dail,https://data.oireachtas.ie/akn/ie/debateRecord/dail/2018-03-09/debate/main,46,Deputy Bernard J. Durkan,Deputy Bernard J. Durkan,"deputy bernard j. durkan
          i am delighted to have an opportunity to speak on this particular bill. i was one of the people who was here in a previous era when discussions of this nature took place on the eighth amendment of the constitution. to a great extent, a very animated debate took place at that particular time, which has been repeated on a number of occasions since. i hope that on this particular occasion, we will have a more mature and a more regulated debate in terms of keeping the emotion to a minimum, recognising the issue is important. it requires and deserves a full and thorough debate, with respect for one another's views, and it is no harm to say there are vastly disparate views on this subject that have been expressed in this country over the years, and in other jurisdictions also. i hope we can say to ourselves this is a new era and times are different. our society has evolved and it is a time also for recognising the other's point of view. this is a feature of our modern society. i hope it will manifest itself in the course of the debate as it goes ahead.
           i have not changed my views since i spoke, as did many other people in the house, on the 2013 legislation on the protection of life during pregnancy. it brought to the fore many of the issues spoken about in debates prior to that as did, funnily enough, the children's rights bill. for some unknown reason, the same subjects came up in that debate, again on the basis the state was trying to take control of the family and children. in actual fact, the reverse is the case. the state is trying to protect the family and ensure each element of the family has a fair opportunity to develop, evolve and live in a society which, hopefully, is fairer.
           i could never understand the situation, for instance, with regard to rape. i know there are strongly held views on the subject. if i had a daughter, which i do not, and she was the victim of such a crime i would find it very hard not to consult with her as to what she should do. she should at least have some control over what happened next. she should at least be consulted. it is not fair, and it would not be fair, to say ""tough luck, that was an unfortunate incident"". it is a little bit more than that. it affects the lives of the victims forever, for as long as they are alive. it is incumbent on us to address this issue now and we can do so. this is why, in the course of the committee's hearings, we had to come to the conclusion that the only way to deal with that situation without specifically getting into court cases, lawyers, evidence and counter-charges was to leave it at the 12 weeks that was previously recommended by the citizens' assembly.
           many people are worried about this. they are concerned about it on the basis it should be less. as has already been pointed out by other speakers, it is fairly average across europe with one or two exceptions. to leave out the 12 weeks and reduce it further could mean eliminating some cases that would eventually end up in the traditional method of abortion, that of travelling overseas again. it is not something we should try to look forward to.
           in the course of the hearings, it was patently obvious to everybody that women in certain situations found themselves in a very lonely position and isolated without comfort, advice or counselling. it was for this reason a great deal of emphasis was placed on the whole issue of counselling. we looked at a number of other countries throughout europe, some of which have adequate counselling and some which do not. it was concluded there was a need for counselling, greater emphasis on sex education in schools and greater emphasis on back-up and counselling for a woman who might become pregnant in a crisis situation, and there are multiple reasons as to how that could come about.
           we had an adequate opportunity during the period of the hearings to look at the situation whereby it was said in the past that women would arbitrarily seek out an abortion as a means of birth control. nothing could be further from the truth. there was no evidence to suggest that at all, good, bad or indifferent. in fact, the reverse was the case. there was clear evidence adduced in the hearings to the effect that women wanted the pregnancy to go right and wanted to produce the baby even if the baby was not perfect. they still wanted the pregnancy to go right and felt they had a requirement to do so for some reason - maternal instinct - they had in their own minds. in those circumstances the lack of adequate counselling was patently obvious. it was just appalling to listen to the type of stories being told, whereby they were isolated and left on their own with no advice whatsoever, so they had the choice of going abroad or staying at home and being in doubt for the rest of their lives, or suffering the consequences.
           there are those who have said in the past the whole issue of suicide was myth and not real. again, nothing could be further from the truth. in the course of our business as public representatives, members all have met people who have had mental problems around crises in their lives. because of this, it is incumbent upon us when dealing with this particular situation to so do in the clear knowledge we might be dealing with what could ultimately become a tragedy. it is in our interests, in the interests of the people of the country and in the interests of fairness to try to accommodate, as public representatives, the situation that can develop.
           i want to mention briefly the type of situation that brought about a lot of emotive argument in the past. an example is a threat to the health of the woman as opposed to a threat to her life. very little emphasis was placed in the past on how quickly the situation can accelerate from a threat to health to a threat to life, and then it may be too late. there are a number of well known medical conditions that can accelerate so rapidly it may be too late when it becomes obvious to the physicians that action should be taken, or should have been taken and was not. other speakers have enumerated a number of situations where this, in actual fact, did take place. it is no harm for us to think carefully about this as we speak at this time on these issues. we need to put ourselves in the shoes of the woman who might find herself in that type of crisis situation.
          what would we expect to be done if we were in that position ourselves, as a man or a woman? the least we would hope for would be that society would be, in some way, on our side and, in some way, cognisant of the situation we were going through, that our health could ultimately be at risk and that we had a medical condition which might accelerate rapidly and leave us with little choice.
           we must also consider a person in those circumstances who knows they have a condition that would lead to that situation. while everybody ponders it and various opinions on the right thing to do are sought, their condition and chance of life is deteriorating all the time. in those circumstances, there is nothing we should do other than show compassion and care for the person in the eye of the storm, that is, the woman in a crisis pregnancy.
           there is also the issue of incest. in this country, we have a peculiar history concerning rape, incest, institutions, mother and baby homes and so on. i have spoken about this before, as many of us have. it was not a problem solely related to the churches. it related to our society, and to other societies in other jurisdictions. it was a blight and a blot on respective societies and jurisdictions that they did not have a bit more care and compassion when dealing with women who found themselves in a crisis pregnancy. despite the other great achievements of irish and international society, it was sad that a little more thought and compassion was not put into the area of mother and baby care. there was no recognition that in certain circumstances a woman might find herself isolated, alone and condemned. in many cases, that is what they found.
           this gives us an opportunity to again examine all the factors affecting the situation. of course there are contradictions. everybody has feelings for those born and those as yet unborn. there is no doubt about that. there are many contradictions. on balance however, in accordance with laws nationally and internationally, we cannot have a ridiculous situation where a mother is kept artificially alive while a baby is allowed to mature for an unreasonable period. it is so sad that we should subject people to that kind of treatment in this day and age.
           it is equally sad that the only option for women in that situation was to send them abroad because no facilities were available at home. surely it would have been better if we had regulations and controls at home as well as the necessary medical back-up before, during and after. that is something that this legislation proposes to do.
           it is no harm at all to consider that there were a number of referenda on this subject. at one point it was intended to stop the right to travel. that failed. it was not on; it did not happen. in the back of people's minds, they know that there is a right for the woman to travel to seek the service that is not available in our own country. it is not convenient for her to do it. it is a lonely old trek. however, she can do it. it is legal. as such, it is not true to say abortion is not available in this country. it is not available in this jurisdiction, but it is available to people from, and who live in, this country who want to go to another jurisdiction.
           incidentally, i am not in favour of abortion per se. i never have been. however, there are circumstances that have arisen, which we have discussed, in the last several years where there is an obligation for us to move with the times. we have to move along. society is evolving, as it should. we cannot remain embedded forever in history. the past is not a good place to go, as we know.
           it has been suggested that the proposals in the legislation will ultimately mean abortion will be available without restriction, but of course it is available already. it is available via the internet because women can access abortion medication without regulation and without medical supervision before, during or after, and without any counselling and advice. 
           one of the things we learned about during the hearings was the urgent need for advice and counselling. women must be able to rely on medical and sometimes psychological advice and information to help them reach a decision, which might not lean towards abortion in all cases. they might not go that route at all. however, they need the advice. the last thing we should do is isolate women in that situation, to leave them on their own, let them put up with it or work it out for themselves.
           with this legislation, the decision is in the final phase. it is now over to the people. it is true the people have decided on this issue before but they will decide on it now. both sides in this argument have sought for a referendum for many years since 1983. obviously, they sought it for different reasons. the time is now. it is now incumbent on everybody to ensure that the maximum amount of information is put into the public arena, into the hands of the people. that way when people go to decide, they will have the information at their fingertips and they can vote accordingly. i hope that they will do so in a way which will show compassion. if there is a need for other regulations, it will be shown up in the course of the debate and in the ultimate vote. it may well be a very narrow margin on either side. then again, it may not. one never knows with these things. it is important that those who make the decision, that is, the people, have all the information available to them without a slant or restriction in one direction or the other. in the final analysis, they will be able to make a compassionate decision, taking into account both sides of the argument without restriction, and recognising what history has shown us over the last several years. they will be able to recognise all the things that went wrong in past. this presents them and us with an opportunity to address those issues and right some of the wrongs of the past.
           i am not an expert on these issues. i have to make up my own mind like everybody else. i intend to support the legislation and the bill, as proposed, as i did in the committee. i did not change my mind, as i said to many people in the course of the debate. my argument now is the same as it was ten years ago. it may be right or it may be wrong. i do not know. the people will decide that. when they decide it, the decision will stand for quite a long time. it is something with which our society will have to live for a long time.
           my last point concerns something we changed in the course of the committee hearings. we removed the proposal that the court could no longer review a decision of the oireachtas, and that is as it should be. we were right to do that. it was important to do that clearly and unequivocally in the course of the argument. in a modern democratic republic where we have a dual system of the courts and the parliament, the courts must ultimately have the opportunity to review and challenge, as they have done many times in the past. that proofs what we are doing.
           the point i want to refer to is this. some say that nobody trusts politicians. that is like saying that nobody trusts the people, because the people elect politicians. when the people go to elections and elect politicians, i presume they do so in the clear knowledge that these politicians will represent them and their views. if people claim not to trust politicians and stand aloof from it, then they must stand aloof from politics too because everybody who gets involved in a public debate in one shape or form gets involved in politics in one shape or form or another. it is no harm to remember that if we do not trust politicians, then we do not trust the people because the people are obviously guilty of some misbehaviour if they elect politicians who are not trustworthy because they do not represent them. i do not accept that argument at all. those arguments can resolve themselves. it is a matter for the people to elect the people they want to represent them. it is a matter for those who are elected to represent the people to the best of their ability, fairly, equally and in a way that they can look back on afterwards and say that they did the best they could. the time has come to trust each other to some extent. it is also time that we recognised the huge contribution that women have made to society and that irish women in particular have made to our society. it is time to trust them, particularly in this year, with the current celebrations of the suffragette movement and international women's day. these things may only happen once a year and are all coming together. the fact is that the women who made these contributions to society over the years have to be trusted. they were trusted and we have to trust them now."
2018-03-09,dail,https://data.oireachtas.ie/akn/ie/debateRecord/dail/2018-03-09/debate/main,53,Deputy Marcella Corcoran Kennedy,Deputy Marcella Corcoran Kennedy,"deputy marcella corcoran kennedy
          i welcome the opportunity to speak on this incredibly important legislation. i thank the minister for health, deputy simon harris, and his team for being ready with the legislation following the recent supreme court judgment.
           unexpected pregnancy has featured in the lives of women and men in this country and globally for as long as we have existed on this planet. a woman's choice to end a pregnancy has been the subject of great debate in ireland for decades. in considering this bill, it is important to look back in order that we can move forward. abortion was initially outlawed in ireland in 1861. the relevant sections of this nineteenth century act remained in law in ireland until 2013 when they were repealed by the protection of life during pregnancy act. it remained a criminal offence for doctors to perform an abortion in this country for 152 years. it is absolutely shocking that legislation from 1861 had such an effect on the medical profession in this country. we only have to think back to the magdalen laundries, to ann lovett, the tuam babies, the kerry babies and so many other heart breaking cases to be reminded of how pregnant women suffered at the hands of both the church and the state.
           in considering from where we have come, it is important to look at the availability of the termination of pregnancy in ireland and how we arrived at our current position. in 1965 in the griswold v. connecticut case, it was held that the us constitution implies a fundamental right to privacy and that a ban on contraception was in breach of this right. this was expanded in 1973 in the roe v wade case.
          in that case, it was ruled that within this right to privacy was the protection of a woman's choice to have an abortion. ivana bacik said this case was a catalyst for conservative forces in ireland to lobby for a constitutional referendum to reinforce the legislative prohibition on abortion. it was griswold v. connecticut which was particularly relevant in mcgee v. the attorney general in 1974, as it was in this case that an unenumerated right to marital privacy was outlined. in ireland, this ruling led to the legalisation of contraception and, particularly, was influential for the referendum on the eighth amendment even though the case itself was not about abortion. there were fears that if this right to marital privacy could be interpreted from the constitution, a right to abortion might also be gleaned as per roe.
           in 1983, as we all know, the eighth amendment to the constitution was introduced. in it, ""the state acknowledges the right to life of the unborn and, with due regard to the equal right to life of the mother, guarantees in its laws to respect, and, as far as practicable, by its laws to defend and vindicate that right."" it is my view, and i do not think many would argue with me, that the aim of that amendment was to prohibit abortion being carried out in this country. in that regard, it has failed dramatically, as we know by the evidence presented to us by the citizens' assembly and the joint oireachtas committee that we charged to examine the assembly's report.
           next we come to the x case in 1992. this case required that the courts examine for the first time how the right to life of the unborn and the right to life of the mother interact. the ruling was that if there was a substantial risk to the life of the mother, including a risk because of suicide, abortion was to be permitted. while that was a step towards liberalising abortion laws in ireland, this progress was not matched by the legislature. we did not react to the ruling at all. there was no new legislation introduced, meaning that the 1861 act was still in force. this led to great legal confusion for the people on whom we depend most, the medical community. we reneged on our responsibilities in this house at that time. what we did instead was have a referendum in 1992, namely the failed twelfth amendment referendum. this would have stated that suicide was not a substantial risk to the life of the mother for the purposes of obtaining an abortion. the failed twenty-fifth amendment vote in 2002 would have removed suicide as a substantial risk to the woman's life in terms of permitting abortion and would have introduced new penalties for anyone performing such a procedure.
           i am talking about women's health care in this regard. women's health care has no place in the constitution in my view yet, every step of the way, we have prevented women who needed health care from receiving it by pursuing them through the courts or by obliging them to pursue their rights through the courts. that is completely unacceptable.
           in 2006, the case of d v. ireland took place. we hear people referring to the cases of a, b, c, d, x and y. let us remind ourselves that in all of those cases, we are talking about human beings - young women who were hoping to have lives, who have brothers, sisters and partners. they are all different cases but we are talking about human beings in our own society. we are not just talking about abstract concepts but people who laugh, cry, are happy or sad and who had aspirations but wound up in the very difficult position of having an unexpected pregnancy. in the d case, at the european court of human rights the woman argued that she had to travel outside the country for the purposes of obtaining a termination for a fatal foetal abnormality. she argued that her human rights had been breached. unfortunately, it was established that she had not exhausted all possible domestic options before travelling and therefore there was no breach.
           another element of the right to life of the unborn which the courts have had to establish is what exactly counts as the unborn. in 2006, the case of m.r. v. t.r. and others took place, which dealt with in vitro fertilisation, ivf treatment. it established that an unborn child must be in the womb. again, the ruling was appealed to the supreme court and was upheld. in the case of a, b and c v. ireland, three women brought a case against ireland who had all had to travel to the uk to obtain terminations.
           thinking back to savita halappanavar, it was when we were considering the protection of life during pregnancy bill that people began really to realise the legal status of what we have in place here. as those of us who were in the house at the time can recall, we legislated very narrowly in that bill. under the provisions of the act, it is still very difficult for women to obtain the treatment they require and it is also difficult for doctors to define what a real and substantial risk is to a woman's life. máiréad enright and fiona de londras argue that the court judgments were not written with guidance to doctors in mind. although the protection of life during pregnancy bill was written for doctors, the core test it requires them to apply in determining whether a woman is entitled to a life-saving abortion is an unvarnished transplant of the x test. it is very sobering and crystallises matters for me that, under the current legislation, it can be less of a legal risk for a doctor to allow a pregnant woman to die under his care than for him to perform an abortion in ireland. that is incredible to me. the attempt to balance the right to life of the mother and the right to life of the unborn seems to disregard the health of both, as things stand. therefore, focusing on the life instead of the health of the woman is extremely challenging. it raises questions. does an inviolable foetus assert its right to life against a pregnant woman?
           the y case is another tragic case. again, we have to think of the humanity behind the latter. the events took place with the protection of life during pregnancy act 2013 in force. she was an asylum seeker who arrived in ireland and, having been raped on her way here, discovered that she was pregnant. she contacted the relevant authorities seeking an abortion and was told she would need to travel to england in order to terminate her pregnancy. that was impossible as she was an asylum seeker with very little money and restricted travel authorisation. she attempted to get to the uk but was denied entry and sent back to ireland. as time went on, she was disturbed, concerned about her status and told medical staff that she was suicidal and would die rather than have her baby. eventually, she attempted to take her own life and went on hunger strike. she was told that a termination would be performed if she started to eat again - this is the awful reality of what we are subjecting people to in this country. in the end, a court order was obtained to force feed and hydrate this young woman and she was forced to deliver a baby by caesarian section. in heaven's name, is that not enough of a reality for people who are thinking about this to be able to say it is wrong for that to have happened to that young woman? she came to ireland to seek asylum and what did we force her to do? we forced her to have a baby, conceived as a result of a rape, delivered by caesarian section."
2018-03-07,dail,https://data.oireachtas.ie/akn/ie/debateRecord/select_committee_on_children_and_youth_affairs/2018-03-07/debate/main,51,Deputy Anne Rabbitte,Deputy Anne Rabbitte,"deputy anne rabbitte
          my question has to do with mother and baby homes. statements are ongoing again in the dáil this morning in respect of this. does the minister see the mother and baby homes, the particular scope of works being done, coming to completion this year? will we have a finalised document at the end of this year?"
2018-03-07,dail,https://data.oireachtas.ie/akn/ie/debateRecord/select_committee_on_children_and_youth_affairs/2018-03-07/debate/main,54,Chairman,Chairman,"chairman
          that is a relevant question from deputy rabbitte. indeed, there is an article in this morning's irish examiner from ms catherine corless on the specific request she has made in respect of the ultimate findings of the commission of investigation into mother and baby homes. i am going to operate on the assumption she contributed to that article on the basis of information she has been provided with in respect of dna tracing. is the minister confident the commission has sufficient monetary funding to complete this as quickly as possible? i know it might roll into next year in respect of finalisation of the report, as is envisaged in the interim report. however, the minister might like to comment on that."
2018-03-07,dail,https://data.oireachtas.ie/akn/ie/debateRecord/select_committee_on_children_and_youth_affairs/2018-03-07/debate/main,55,Deputy Katherine Zappone,Deputy Katherine Zappone,"deputy katherine zappone
          in respect of the money, as deputies will note, in 2018 the overall budget is €3.3 million. that is a decrease of 44% or €2.7 million on the allocation for 2017. why is there that decrease? it is because there was an overall amount allocated to the commission to do its work, whether it was three or four years. what it has found, certainly in terms of its work in 2017, is that there is more than enough money. the government agreed to extend the timeframe for an extra year, and in light of that agreement, the commission is scheduled to report in february 2019. the commission still has sufficient money in respect of the overall allocation for its work. we are spreading it out over a four-year period as distinct from the three-year period. that is why there is a decrease in 2018. this was agreed in formal engagement with the commission in terms of its work.
           i will come back to the comment on tuam. on deputy rabbitte's question on whether the work will be completed by february of 2019, that is what i have agreed with the independent commission in respect of its third interim report and its request for that one-year extension. as the deputy is aware, the plan initially was to stagger the three reports - the history report, the investigative report and the confidential committee report of the evidence of witnesses who came before it - and that they would be sequential. the commission made a decision some time ago, however, when it put out either its first or second interim report, that it needed to put out all of those reports at the same time to provide the best possible picture. that continues to be the case. my understanding, as i said, is that its intention is to report then. that is all i can say right now because it is an independent commission.
           in respect of the specific question, as the deputy is aware, to complement its work and add to the transitional justice approach that the commission effectively is engaged in as well, a number of other things have been happening, particularly in regard to key stakeholders and survivors or people who were actually residents in the home. one of these has been to facilitate a consultative process. in terms of response to the second interim report, we are now moving towards a more representative facilitative process in which we have identified people to form a representative group to work with mr. gerry kearney to take a look at the requests of the key stakeholders in terms of, for example, health and well-being supports and how to memorialise in relation to all of the mother and baby homes. that that will begin relatively soon. i have indicated as well to the people who are initiating this second consultative process that i would appreciate if they could report to me as soon as possible once they have gathered the group, taken a look at its suggestions and formed a consensus on the kinds of health and well-being supports that they would like and find useful. i have asked that this would be recommended to me for the government to have a look at it, and this may happen prior to the commission reporting to me in 2019. it is important to say that.
           i refer to what is going on in tuam, which is narrower and distinct from the wider issues in respect of the mother and baby homes commission. we are now marking a year since the discovery, and that is what the reports are reminding us of. since that discovery, we have put in place a process to try to respond appropriately to the terrible tragedy that was discovered and that we witnessed. we are continuing to do what we said. we are having a technical group look at the possible options for what can be done in respect of what happened in tuam and to put that out to consultation. we have passed that over to galway county council. my understanding is that consultative process has various aspects to its methodology, one of which is to put out a questionnaire for people to respond to. a second one, equally valid and important, is that the group would meet whoever wanted to meet it. there was a gathering in dublin and there will be a gathering in galway relatively soon. it is a facilitated process. i asked that one or two of the members of the technical group be present for that so that there can be engagement. when that is completed, recommendations will come to me in respect of all of the interested stakeholders who participated in the process. we will bring that then to an interdepartmental group that my secretary general, mr. fergal lynch, has been chairing. it will examine those recommendations, ultimately come to me and i will bring them to government. we are doing what we said we would do. i am aware of how much time is passing and i really do appreciate the feelings as a result of that. i hope it can continue at the pace that it is doing, that we will get those recommendations as soon as possible and decisions can be made."
2018-03-07,dail,https://data.oireachtas.ie/akn/ie/debateRecord/select_committee_on_children_and_youth_affairs/2018-03-07/debate/main,56,Deputy Anne Rabbitte,Deputy Anne Rabbitte,"deputy anne rabbitte
          i thank the minister for her response. i met a gentleman during the week who was part of the mother and baby homes. he got the opportunity to attend counselling. he called to thank me. i do know what the minister has said is starting to filter down. people are appreciating that. it was the first time he felt he was going to have the chance to speak to somebody - he is nearly 70 - and express what had happened to him, and that somebody somewhere was prepared to listen.
          i know about the reports available today. people are looking forward to seeing that we are still on the pathway to a resolution somewhere along the way. that is all."
2018-03-07,dail,https://data.oireachtas.ie/akn/ie/debateRecord/select_committee_on_children_and_youth_affairs/2018-03-07/debate/main,59,Chairman,Chairman,"chairman
          the deputy can come in at the end. there will be an opportunity to go over everything. we will move on to subhead d, appropriations-in-aid. there can be some general comments. we are not dealing specifically with mother and baby homes. it is quite a broad head. if the deputy wants to contribute on any of those matters he is welcome to do so."
2018-03-07,dail,https://data.oireachtas.ie/akn/ie/debateRecord/select_committee_on_children_and_youth_affairs/2018-03-07/debate/main,87,Chairman,Chairman,"chairman
          i thank the members for their contributions. on behalf of the members, i thank the minister and her officials for the responses to our questions and for attending the meeting. as we have completed our consideration of the revised estimates for vote 40, in accordance with standing order 90 the following message will be sent to the dáil:
          the select committee on children and youth affairs has considered the revised estimates for vote 40.
           under standing order 89(2) the message is deemed to be a report of this committee.
           before adjourning i will seek, and i hope the minister will note my remark, the committee's permission to write to the business committee requesting that, where possible, it try to avoid clashes with matters in the dáil and seanad relating specifically to this department. for the last 11 minutes there has been a debate in the dáil on the mother and baby homes while we have been discussing budgets. that is entirely inappropriate. i appreciate there will be times when there might be a clash but where possible we should try to avoid our meetings clashing with debates at which we should be present. i thank everybody for their attendance."
2018-03-07,seanad,https://data.oireachtas.ie/akn/ie/debateRecord/seanad/2018-03-07/debate/main,184,Senator Joe O'Reilly,Senator Joe O'Reilly,"senator joe o'reilly
          i am very happy to salute my women colleagues on this 100th anniversary of voting rights for women. i am equally happy, and it is very significant in the context, to welcome my good friend the minister for culture, heritage and the gaeltacht, deputy madigan, to the house. i congratulate her on her appointment and how proactive and effective she has been since then.
           the fundamental thing that merits saying at the outset is that all interpersonal relationships should be based on mutual respect and equality. if that is the case, they are mutually enhancing relationships. whether they are relationships between the sexes or relationships in any context, it is mutually enhancing where there is respect and equality. there have been many achievements for women down the years and we should salute and recognise the agencies involved in those achievements. 
           the european union has been a reforming force for women. it has brought in legislative imperatives to the domestic legislature that have greatly enhanced the role of women. we should salute the eu in that context, recognise it and feel especial loyalty to it, particularly in the brexit context for that very reason. the irish judiciary - and the minister, senator bacik and senator noone will be conscious of this, among others - has been a reforming force for irish women. in its rulings down through the years it has advanced the cause of women and led the oireachtas and society in this sphere. we should recognise the judiciary, another arm of government, for that. the trade union movement, as was cited earlier, has also been a wonderful force for equality. 
           as a rural representative, i would like to salute a body that has not been mentioned today but had an extraordinarily significant effect in this area. i remember this from my childhood. i refer to the influence of the irish countrywomen's association, ica, on the liberation, self-enhancement, personal development and empowerment of country women in isolated locations, and otherwise, right across this country. the role of the ica can not be underestimated. we should salute its leadership and its members down the years. 
           i am proud to be a member of the council of europe. i am on that body with very distinguished members of this house, including my great friend senator maura hopkins, senator colette kelleher, senator rónán mullen and senator paul gavan, who is soon to be a member. senator higgins played an extraordinary proactive leadership role in the council of europe previously. it is a major agent for equality and gender equality specifically. 
           i am proud to be a member of a party that brought in gender quotas and tried to break the glass ceiling. that has clearly been effective. it will be incremental because in the future the numbers will go up. today, it is not right that any speaker should sit down without recognising the dark sphere of our relationships in the past. that is the mother and baby homes and magdalen laundries. they represent a dark chapter that cannot be avoided in our discourse. in any kind of a redemptive or restorative process we can not ignore them. 
           the way to salute them is to respect and actively support single mothers, women in difficult pregnancies and women in dysfunctional families. if we support those women now who are vulnerable, on the edge and on the periphery, we honour and, in some way, redeem ourselves from what happened in that dark chapter with the magdalen laundries. we are true to the values we should extol. 
           it is true and a point well made by senator mcfadden that apart from the efficacy of women's equal participation and women's rights, mutual regard of women in society, and indeed parity of relationships, also has benefits for our economy, the well-being of society, for social order, good governance, and for a peaceful, proactive and successful society. i gather my time is up."
2018-03-07,seanad,https://data.oireachtas.ie/akn/ie/debateRecord/seanad/2018-03-07/debate/main,188,Senator Fintan Warfield,Senator Fintan Warfield,"senator fintan warfield
          i congratulate the minister on her appointment. as the spokesperson for the arts in sinn féin, i look forward to working with her. on that point, i received an email from a member of these houses yesterday that said ""spokesman"". if we could do one thing today, please do not be too specific in how we identify the roles of spokespeople. there is no point in calling oneself a spokesman if that implies to a young girl that role is meant for a man.
           this is a chance to reflect on the gender diversity of our institutions. there are many other things but in under five minutes i will not do much more. as has been mentioned, women's suffrage did not bring about women's equality nor have we achieved equality a century later. 
          marriage equality here did not achieve lesbian, gay, bisexual and transgender, lgbt, equality and civil rights in the north did not end sectarianism. as we consider the next steps for gender equality, one of the most immediate must be the removal of the eighth amendment. 
           the struggle for equal gender representation in the oireachtas is ongoing. that under-representation has led to a history of politics being dominated by men and run from a male perspective. many women in these houses of the oireachtas have gone on record noting that they can be a hostile environment. in my short time here i have seen personal examples of members making throwaway comments and offhand remarks. perhaps they do not realise the gravity of such remarks, the environment they are contributing to, the presumptions they are making or that they are making the parliament an unwelcome place. we cannot uphold any level of leadership without getting our own house in order first.
           previous generations of politicians upheld the subjugation of women, be it through the mother and baby homes, the magdalen laundries or mental institutions. we criminalised women through marginalisation, the denial of basic rights to contraception and so on. we had a rape culture that censored women and denied them security of the law, the police and the courts and sought to suppress the undauntable and resolute who spoke out.
           the former minister, máire geoghegan-quinn, has been mentioned a great deal this week. the year after i was born, she decriminalised homosexuality. she stated:
          someone once said that statistics are people - with the tears wiped off. when, in 1993 as minister for justice, i decided to decriminalise homosexuality, i did so because i met people, rather than statistics. women with the tears unwiped. mothers of gay sons, terrified that their children might fall foul of a law that characterised their sexuality as against the interests of the state
          it took a woman to understand. it took the mothers of gay sons to make that change. there are parallels there in terms of any chance a raped gay man had of reporting that crime. it is not a discussion for today but the marriage referendum and the repeal of the eighth amendment are intrinsically linked.
           i will move on as i am aware that other civil engagement members wish to speak. the struggle for equal representation in the oireachtas is ongoing. i mentioned the repeal of the eighth amendment. the activists of that movement will march tomorrow evening for international women's day. their demands are simple. they do not want bunreacht na héireann holding any level of agency over their bodies or their lives. i commend their bravery. the suffragettes were described by rita o'hare as extraordinary women who came from every class, creed and background, from rural communities and from this city. she said they rejected the confines of class and the comforts of privilege to join a national women's movement - the labour movement. her description of the suffragettes resonates today and if i could do anything else it would be to plead with the men in my life and the men in our society to join with them and demand their agency."
2018-03-07,dail,https://data.oireachtas.ie/akn/ie/debateRecord/dail/2018-03-07/debate/main,2,Deputy Maureen O'Sullivan,Deputy Maureen O'Sullivan,"deputy maureen o'sullivan
          i would make the point first that we know the difference the redress schemes have been making to many but there are criticisms of it, for example, the way people are engaged with and addressed and there are particular difficulties also for those living abroad.
           i heard the reasons for the extension but it is very frustrating for those who have been waiting so long. the entire process on the industrial schools, the laundries and the mother and baby homes involving all the investigations, reports and commissions, with more to come such as mr. shannon's report, the involvement of the un special rapporteur, the technical report with the five options and now the collaborative forum and the selection panels, reminds me of the russian doll gifts we used to get. we think we are getting one but we realise as we open it up that there are more inside. that is like the process we have had with all these particular issues. there does not seem to be an end for the people who have been waiting.
           however, i compliment the minister on the choice of chair, mr. gerry kearney, whom i know from his chairmanship of the moore street consultative group. i am aware of his managerial skills, his way of cutting through to the essential points and the way he validated and respected everyone's contribution. from what i experienced, i believe his approach will be collaborative, inclusive and will get the work done in a timely way. it would be interesting if he could draw everything together at this stage, including all those outstanding issues for some residents such as housing, counselling and access to records, and prevent them from being obliged to take the legal route.
           i refer to one particular group of survivors who now are friends. i have met them over the years and continue to be in touch with them. they are the mixed-race survivors. while they share the issues faced by other survivors, they had the additional issue of colour, which meant even more suffering for them. their issues have not been specifically addressed in previous reports. their admittance files to mother and baby homes list their colour under the section, ""defects"". their own research and campaign, and the self-disclosures they have made, record so much abuse towards them, so many awful moments and far fewer adoption opportunities for them. the cruelty towards them in the homes was not just by staff but by other children also because of their colour. i am asking for specific places for them in the selection panel and on the forum. i am reminded of a little mixed-race girl who was murdered by her foster dad in the 1960s. she was described as ""a waif and a stray and a coloured one at that"". i believe race has to be part of the terms of reference.
           the residents are vital, and i have to question the ratio of survivors to academics. the selection process in terms of the academics has to be widespread, well advertised and transparent. i acknowledge the work of professor jim smith, especially regarding the survivors in the united states. the forum and the panels must give advice in terms of the banished babies and the unmarried mothers who emigrated to the us in order that they are part of the collaborative forum and the selection committee. that diaspora survivor community has to be included.
           there is a need for space for the survivors from institutions not covered by the commission's 17 institutions, and that means including st. patrick's guild and the apparatus associated with it.
           i find it incredible that there will be a voting procedure on the five options. in an email i got from one of the groups, a survivor whom i know stated: ""whoever in god's name or anybody's name was there ever a consultation about what to do with human remains. we are distraught."" i believe this is a matter for the state, not for the local authority.
           when the minister was speaking she made the point that it is nothing about us without us. that is the point that must be valued here, namely, it is the survivors who play the strong and dominant role in everything that is going on. it is very important to try to draw a conclusion that there be no more commissions and no more investigations. we have had most of them and there is a need now to draw a line under all of that and get into what the survivors need."
2018-03-07,dail,https://data.oireachtas.ie/akn/ie/debateRecord/dail/2018-03-07/debate/main,4,Deputy Kate O'Connell,Deputy Kate O'Connell,"deputy kate o'connell
          when we were children - six of us growing up in rural ireland in the 1970s, 1980s and 1990s - our mother would threaten us that she would send us to daingean if we did not behave. we did not know what happened in daingean, which was about ten miles from my house in the midlands, but we had heard that behind its high stone walls, terrible things happened to bold children. we did not know that daingean was just for boys or that it had closed in 1973. we knew nothing, but the threat alone was enough. my mother did not even know what happened in daingean. she was only 25 when it closed, a married mother of two by then and marriage barred since 1970. when her youngest was nine she returned to full paid employment, having spent 26 years rearing children and giving us every opportunity and privilege she never had. as we got older, a spotlight began to shine on the darkest areas of ireland, peering behind those high stone walls.
          this particular commission of investigation into mother and baby homes, to investigate these matters of significant public concern, cannot report soon enough. i welcomed the third interim report published by the minister, deputy zappone, before christmas. i am disappointed that the final report is now not due until february 2019 but i respect that the commission's request for an extension of a year before making its report was approved by the government. it is, however, disappointing and frustrating for the former residents of these homes that yet more time must elapse before that truth emerges and one cannot but feel that from their perspective, justice delayed is justice denied. time is running out for those women and children.
           many of these children are now well into their 60s, 70s and 80s and it is important to stress today that any further delays, beyond the one approved in december by the minister, will be an insult to the commission process and to the former residents of those homes. it was deeply upsetting to read an article by ellen coyne in the times, ireland edition, which reported well over a month ago that 17 elderly magdalen laundry survivors with intellectual disabilities are still awaiting compensation from the state and others among their group have died while waiting for redress to be paid to them. i urge the minister, deputy zappone, to ask the minister for justice and equality to pursue a speedy resolution for the women and to enact the assisted capacity legislation as soon as possible.
           of the 14 institutions defined as mother and baby homes listed on the official commission website as ""under investigation"", five of them are based in my constituency of dublin bay south. it is estimated that more than 35,000 women and girls went through the nine major mother and baby homes, and that the governments of the time paid for those women to be ""cared for"" while they were purged of the sin of childbirth.
           it is important that members of this house, both past and present, pause on occasion and check their privilege. i am not talking about the privilege and honour that comes from serving as a deputy; i am talking about the privilege that so many people take for granted and remain utterly blind to, namely, the privilege of being born healthy and able-bodied to parents who either raised them themselves or gave them the opportunity to be raised by others. i am talking about the privilege of being wanted, loved and fed and reared in a safe and secure home. i am also talking about the privilege of being valued in a society that was practically designed for them to participate in as an equal, with the economic safety net of family and friends and with every opportunity available to succeed and grow. i remind all members to check their privilege from time to time. some of us may not notice the huge head start afforded to us by virtue of where, when, and to whom we were born.
           my mother is 70 now and remains steadfastly unsurprised by the mounting revelations of the past decades. she often talks about girls in rural ireland who never went to the homes but who had their babies at home. if they did not survive, they buried them quietly at the end of their gardens under an apple tree. the babies that survived home births to young girls were treated totally differently from other children. they were seen as lesser and made to know that too. there was little sign even then of a willingness to ""love both"", as the girls were judged too. that sexual apartheid was supported by laws and encouraged in an attempt to discipline communities. my mother is not an outlier for her generation. she has many friends her age with similar stories. they tell stories of only daughters, impregnated against their will in order to guarantee inheritance of their father's farm, or teenage girls cycling rattling bikes down dark, narrow roads, who were set upon by men. those men never paid any price for their crimes while the girls paid dearly.
           people might see this as washing our dirty linen in public, but i ask them to think of those 35,000 women who washed our dirty linen in private. people might resent hearing these stories, and they might deny that these things happened but these stories are true and they did happen. i very much welcome the statement from the minister for children and youth affairs, deputy zappone, and that of the tánaiste, deputy coveney, in whose constituency bessborough is based, who i hope will work with the minister and the un to consider the state's response to the legacy of the former mother and baby homes and to examine the progress being made."
2018-03-07,dail,https://data.oireachtas.ie/akn/ie/debateRecord/dail/2018-03-07/debate/main,5,Deputy Catherine Murphy,Deputy Catherine Murphy,"deputy catherine murphy
          the front page of today's edition of the irish examiner details the most recent comments of the tireless campaigner, catherine corless, on the discarded remains at the tuam mother and baby home. ms corless, who has spent years doing work at her own expense that really should have been done by the state now finds her work hamstrung by the state, yet again, and this time she says money seems to be the problem. in fact, money has always been the problem when it came to these homes. money was the whole reason they existed. the state abdicated responsibility for the homes because it would have cost money to take responsibility for all citizens. the state decided that it should outsource responsibility to religious orders or so-called charities to save the state money. that has left a legacy affecting generations. in saving money, it condemned thousands of children to a fate that does not bear thinking about. that desire to save money is what sent young boys to torturous hovels such as letterfrack and artane and this penny-pinching is what sent droves of young women, found wanting at some arbitrary moral altar, to the hellish mother and baby homes like bessborough, sean ross abbey, bethany and of course tuam.
           in tuam, the dedicated work of catherine corless unearthed the fact that the remains of more than 700 children had been discarded in what was basically a septic tank. they were dumped, thrown away and it was hoped they would be forgotten. but the penny-pinching by the state that led to such horrors, was a false economy. the damage inflicted on the young men and women who managed to survive those institutions has likely cost the state significant sums in various supports to try to help them cope with what they endured. for the want of funds, we are told that it is supposedly not possible to distinguish between the discarded remains in tuam, to identify the causes of death and ultimately to identify the remains and to try to bring some semblance of closure to surviving family members. i do not accept that it is not possible to carry out the work. i recall that some years ago remains were unearthed during roadworks in celbridge near the famine cemetery. the remains were brought to a facility in collins barracks and there was a tasteful reinterment of the remains. we were told the remains, which were significantly older than the ones in tuam, were of a 50 year old man and a day old baby. we were also told what they died from and the conditions in which the 50 year old man had lived, including the food he ate. if it was possible to do that i refute the statement that we cannot deal with the very different situation that exists in tuam.
           at the time catherine corless made the initial revelations, i called for the scene to be declared a crime scene. if remains are unearthed where they should not be, that is what should happen. there is a need to bring in forensic anthropologists and examiners. that call stands and the work that needs to be done here cannot be neglected simply because the state, once again, is not prepared to uphold its responsibilities to the people left to the mercy of those institutions.
           i deal with some women who were in a magdalen laundry. whatever torture they were put through, i find similar torture in terms of getting supports for them. it is not enough for the government to come into the house and make an apology; there must be something to back up the apology in terms of meeting commitments. the reality is falling far short of what was understandably expected. the state must take full responsibility. a lot more must be done to address the situation in tuam and to help the survivors of the magdalen laundries and that must be done as a matter of urgency because many of those affected are at a point in their lives where they have little time to live out."
2018-03-07,dail,https://data.oireachtas.ie/akn/ie/debateRecord/dail/2018-03-07/debate/main,6,Deputy Joe Carey,Deputy Joe Carey,"deputy joe carey
          i welcome this opportunity to contribute to the debate on the commission of investigation into mother and baby homes. this is an extremely difficult and disturbing aspect of our country's past and it is important that we get to the truth. at the outset, i want to commend the minister, deputy, zappone, and the department of children and youth affairs on their work. i welcome last december’s publication of the third interim report and i believe the government’s decision to extend the time sought by the commission to be the right one. in my view, the public interest will be best served by allowing additional time for the commission to conclude all relevant lines of inquiry.
           it is important that the commission is allowed more time to enable it to provide an opportunity for people who are waiting to share their experiences to do so. the fact that a number of support groups have also sought more time for the commission to complete its work is further evidence in support of extending the time period.
           i understand that analysis of all relevant records will not be completed until the middle of 2018. all of the detail which will be uncovered during the investigation will play a vital role in providing a true reflection of the events and experiences of the time. with regard to the issue of extending the terms of reference into any further matters, i agree with the commission and the minister that this approach would not be in the public interest at this time. it is important that the work currently under way by the commission is completed in order to establish what happened to women and their children in these institutions.
           i welcome the minister’s decision to establish a collaborative forum which will directly support and empower former residents who want to actively contribute to decisions on matters which affect their lives. as the minister said last december and again during her contribution to this debate, the collaborative forum is an innovative participant-centered response to the theme of ""nothing about us without us”, which emerged from the facilitated consultations.
           i agree with the minister’s recognition of the necessity for sustained engagement with the former residents on a number of key issues pending the completion of the independent commission’s work. while separate to the work of the independent commission, a number of tangible measures will be developed and progressed in parallel to the independent investigation. i want to congratulate mr. gerry kearney on his appointment as chair of the collaborative forum and wish him well in his work. i note that it is intended that the 20-member collaborative forum will meet on a monthly basis for a period of at least a year once it has been constituted, as outlined by the minister.
           the minister previously indicated her commitment to invite the united nations special rapporteur on the promotion of truth, justice, reparation and guarantees of non-recurrence to come to ireland and reiterated this view in her contribution to this debate. i share the minister’s belief that the special rapporteur can assist us in our efforts to get to the truth and can help us to map out how best to move forward in dealing with our past. in this regard, i welcome the minister’s confirmation that an invitation has been extended.
           i acknowledge the work of the international experts who produced a technical report advising of five options following the tragic findings in tuam in march 2017. the appointment of such a team was essential to ensure any action taken on the site of the former mother and baby home was in line with international best practice. the commission of investigation into mother and baby homes is performing an essential role in getting to the truth about our tragic past. we as a country and a society have an obligation to get to that truth, and in order to get to that truth we need to allow those who have been affected so traumatically to give their experiences.
           in conclusion, once again i commend the minister, deputy zappone, and the commission of investigation on the approach they have taken on this most important issue. i look forward to completion and publication of the final report next year."
2018-03-07,dail,https://data.oireachtas.ie/akn/ie/debateRecord/dail/2018-03-07/debate/main,7,Deputy Gino Kenny,Deputy Gino Kenny,"deputy gino kenny
          today i speak on behalf of my mother and the many other women who went through mother and baby homes in the dark recesses of our past, a past which cannot be forgotten. many women today live with that past and have to look to the future in order to get on with their lives.
           five years ago in this house, the then taoiseach, deputy enda kenny, made a promise to establish a memorial to the women of the magdalen laundries. after five years, nothing has happened. as for the redress scheme, i note seven women have died without being compensated. time is of critical importance as many women who went through mother and baby homes are growing older.
           i understand a special event for magdalen survivors will take place on 5 and 6 june in the mansion house. one of the key recommendations from mr. justice quirke in 2013 was that a gathering should take place. i ask the minister to comment on whether the government can contribute to or support the event.
           the justice for magdalenes research group has expressed deep disappointment at the failure of the government to contact survivors on its behalf. the research institute has asked the department of justice and equality to contact survivors on its behalf in order to invite them to the event in the mansion house because the department is the only body which has all of the names. the 800 survivors will be able to discuss the best way to memorialise the past and deal with their future on 5 and 6 june. 
           one of the recommendations from survivors is that when a building in sean mcdermott street is sold, some of the space should be used for public housing. it is a testament to the women who were brutalised by the church and state that their desired legacy is to leave something for the future for the many people who find they cannot get a home in the state today.
           is the government supporting the event being held on 5 and 6 june? can it contribute to or cover the costs for the many people who will attend? it is extremely important that it does so, given that in 2013 the then taoiseach, deputy enda kenny, said he would actively memorialise the survivors of mother and baby homes. nothing has happened, which is an insult to the women who have survived. i acknowledge there has been a redress scheme but certain people have not received any redress. a memorial is essential because this is a part of the past that cannot be wiped out and which we should address in more ways than one."
2018-03-07,dail,https://data.oireachtas.ie/akn/ie/debateRecord/dail/2018-03-07/debate/main,8,Deputy Pat Buckley,Deputy Pat Buckley,"deputy pat buckley
          i welcome the opportunity to speak. i commend the commission on its work. however, i am very concerned about the delays. many members have referred to victims, but in my eyes they are also heroes for standing up and speaking the truth. more importantly, they are heroes for seeking the truth. what sticks in my craw is that there appears to be delay after delay.
           another deputy mentioned torture. i can tell members personal stories. a very good friend of mine was almost nine months pregnant when her job in bessborough mother and baby home in cork was cutting the grass at the front of the home on her hands and knees with a scissors. it took her 45 years to find her son. too much has been covered up. there are problems with obtaining records and so on. one would have a better chance of emptying the red sea with a bucket with no ass in it than getting information. there are other issues.
           i do not have a lot of time to speak but i strongly recommend that when the final report is published, a redress scheme be put in place. 
          it has been stated that the issue is one of money. i do not mean any disrespect to the catholic church or the pope but if the government can cough up €20 million for the pope's visit, surely it can also look after its own people. what the church and state did to survivors, victims and their families is atrocious. i could use other words to describe this legacy but it would not be appropriate to do so in the chamber. i cannot stress how tough this is for survivors. 
           i will give another example of a good friend of mine who was forced to face a wall while breast-feeding her child. she did not know why she was being forced to do so but she found out afterwards when the child was taken from her breast. it was then that her 45-year struggle commenced. this was atrocious behaviour. we would not do this to an animal. i appeal to all deputies to reach a consensus on the need to at least recognise what the victims endured. we must not allow more of them to die. as deputy gino kenny stated, seven more victims have died since the commission of investigation began its work.
           capacity issues are preventing 39 survivors from signing documents. when will the assisted decision-making (capacity) act, which was introduced three years ago, be commenced? we are losing time and i find it insulting to have to tell survivors that my gut feeling is that the can is being kicked down the road. we would not do this to our parents or siblings. in that case, why should it be done to the survivors and victims? this makes me extremely angry. 
           with regard to the sites of former homes, there are rumblings concerning proposed development in certain areas. i am not opposed to development but these proposals should be thoroughly investigated. three years ago, after attending an annual mass at bessborough mother and baby home in cork, i naively commented on lovely pink and blue balloons i saw as we walked towards the graveyard. someone whispered in my ear that the balloons marked the site of unmarked graves for babies. that incident sticks in my craw.
           if deputies let down the survivors, we will not be fit to serve in this chamber. human beings cannot be treated like animals. the actions of the state and church in farming out children were disgusting. 
           i will refer briefly to another case involving a gentleman who returned to ireland from canada two years ago. he thought he was the only person in the world who had been extradited, so to speak, from the country as a child. it was only through social media that he found out about the mother and baby homes. last year, he was knocked down and is now dead. he, too, was let down by the church, state and government. whatever happens, i appeal to the minister not to allow another person to die.
           we will fight this tooth and nail because the survivors have been let down. it is shameful and disgraceful. next week, i will tell survivors that we hope to have good news. the least we can expect is that they and their families and friends will be treated with the utmost respect and an acknowledgement will be given that they stood their ground and told the truth. their story is being kicked down the road and swept under the carpet in the hope that they will disappear. i do not want that to happen."
2018-03-07,dail,https://data.oireachtas.ie/akn/ie/debateRecord/dail/2018-03-07/debate/main,9,Deputy Alan Farrell,Deputy Alan Farrell,"deputy alan farrell
          i appreciate the opportunity to contribute to this important debate. if i may be so bold, i will speak on behalf of members of the committee on children and youth affairs and the minister. it is only by chance that the minister and members of the committee were able to make it to the chamber for this debate because we had a meeting this morning on the important matter of the department's vote. this is wrong because statements in the house are important and the minister and members of the committee should have been afforded the opportunity to attend for the entire discussion.
           i remember following with disbelief the unfolding story of mass graves being found on the grounds of the former mother and baby home in tuam. it would be remiss of me to make a contribution on such an important and sensitive topic without recognising the work undertaken by many people who strove over the years to give a voice to survivors and victims of acts that took place in the mother and baby homes. i acknowledge, in particular, the work done by catherine corless in bringing to light the incredibly callous treatment that has been unearthed at the mother and baby home in tuam, county galway. i am aware that tuam is the home town of my colleague seated beside me, the minister of state, deputy seán canney. it is difficult to comprehend that so many babies were buried in tuam and other locations, including those to which deputy buckley referred, in a manner that did not afford them even the slightest dignity. it is awful that these babies' graves were unmarked. it is horrific not to memorialise a child or any other person who has passed. that it was done by a religious institution with the knowledge of the state makes it even worse.
           the full truth must be brought to light in the interests of justice for every individual who was a resident of or had a connection with the mother and baby home in tuam. they must have their voices heard and must be given an opportunity to make their views known. in that regard, i welcome the ongoing work of the independent commission of investigation. 
           society must not hide from the events that have taken place in this country, whether recently or in the long distant past. we must fully confront the treatment that took place in mother and baby homes under the watchful eye of religious orders and with the full knowledge of the state. the only way in which we can ensure all those affected are afforded protection is to respect them and provide them with the opportunity to have their voices heard.
           i prepared extensive notes on the understanding that i would have more speaking time. i will attempt to condense my remarks and be as concise and precise as possible. the former taoiseach, deputy enda kenny, apologised in this chamber on behalf of the state to the individuals affected by this issue, both historically and currently. the only institutions that have not apologised in a meaningful way are the religious orders. it is regrettable that the former custodians of morals in this state have not been christian enough to apologise. their failure to do so speaks volumes to me and several other deputies who had the good grace to raise the issue with me this morning.
           it is important to acknowledge that many members of the public who have been discussed in the house in the context of mother and baby homes in various locations, not only tuam, do not want compensation. some of them are perfectly entitled to compensation and i hope they will receive it but many of them simply want an apology. it is appropriate that the message members of the oireachtas send to those who are following the debate is that the treatment meted out with the full knowledge of the state was wrong. we must, through the good work of the commission of investigation, reach a conclusion on this matter and take appropriate and timely steps on the mother and baby homes in tuam and elsewhere in order that the individuals who survived know that somebody cares. i trust the minister and the cabinet will do just that."
2018-03-07,dail,https://data.oireachtas.ie/akn/ie/debateRecord/dail/2018-03-07/debate/main,10,Minister for Children and Youth Affairs (Deputy Katherine Zappone),Minister for Children and Youth Affairs (Deputy Katherine Zappone),"minister for children and youth affairs (deputy katherine zappone)
          i regret that i was unable to attend earlier to listen to previous contributions. deputy farrell addressed this issue. i had an opportunity to make a statement when we commenced the debate during which i spoke about my feelings on this issue and identified some of the actions i have taken in response to the horrific findings in respect of the mother and baby home in tuam and, more generally, the issues that continue to be raised in the context of the work of the commission of investigation into mother and baby homes.
           i will address a few of the points that deputies raised during the sittings and add to them. before i do, though, i listened to deputy gino kenny. i acknowledge his mother's story and will reflect on it. in light of those experiences, it must mean much to her that the deputy is able to be here today and raise the issue not only on his own behalf, but on behalf of his mother and many other magdalen laundry heroes, to use the language of my colleague. i acknowledge the deputy's comments about the event on 5 and 6 june. i am generally in favour of, and have spoken at length about, the importance of memorialising the mother and baby homes, which extends to other settings, including the magdalen laundries. i will discuss the issues the deputy raised with me with my colleagues.
           i acknowledge that people have died since the commission was established and started its important and independent work as well as since my own ministry started. i feel those deaths, as all of us do. i grieve for them. i am resolved that we will continue doing what we can to respond to the concerns and issues of survivors, heroes or residents of mother and baby homes.
           deputy buckley expressed a number of stories from his own experiences. i hope that they will be shared with the commission's confidential committee, as it is out of such bearing witness that we will be provided with the best possible assessment of what happened across the board and, therefore, what we as a state have a responsibility to do. from the beginning of my ministry, and particularly in light of my work with the people of tuam, i have offered my personal apology for the horrific stories that i have heard from those who were residents in the homes. we know that the commission's findings will be painful. both as a society and as a group of parliamentarians who want to ensure that justice is done, we need to listen to the full account of the commission's conclusion.
           i appreciate the issues that have been raised today and previously about the delay in the turn-around, and not just because people have died. it is taking too long. for that reason and to the extent that i had the power to do so in my ministry, i initiated a number of additional processes to complement the commission's work. included in that is another form of facilitation in the form of a collaborative forum, whereby we are pulling together the representatives of people who have been in mother and baby homes and examining various issues. one of the issues that i want the forum to examine first and reach a consensus on is whether people require health and well-being supports and, if so, to make a recommendation to me on what can be done as soon as possible, perhaps even before the findings of the commission. this is one way of responding to some of the delay.
           i could say many more things on this subject and i tried to outline a number of them in my opening remarks. since we are approaching the one-year anniversary of the tuam findings, i will say that the consultation process is under way and is based on the work of the technical group that i established to determine what options would be possible. there will be a public meeting in tuam this month. subsequent to that and the analysis of other forms of consultation, recommendations on what the stakeholders wish to happen will come to me. i hope that we can make decisions on those within the near future."
2018-03-07,dail,https://data.oireachtas.ie/akn/ie/debateRecord/dail/2018-03-07/debate/main,11,An Leas-Cheann Comhairle,An Leas-Cheann Comhairle,"an leas-cheann comhairle
          that concludes statements on the third interim report of the commission of investigation into mother and baby homes. níl obair ar bith eile le déanamh agus dá bhrí sin, tá an teach ar fionraí go dtí meán lae."
2018-03-07,dail,https://data.oireachtas.ie/akn/ie/debateRecord/dail/2018-03-07/debate/main,208,Deputy Maureen O'Sullivan,Deputy Maureen O'Sullivan,"deputy maureen o'sullivan
          i move:
          that leave be granted to introduce a bill entitled an act to regulate and restrict, where appropriate, sex offenders from travelling abroad, in the interests of the common good and to protect persons from serious harm outside the state, to amend the sexual offenders act 2001 and to provide for related matters.
           first, i want to acknowledge and thank those who worked hard on this bill, in particular, maeve ní liatháin of the oireachtas library and research service for her research paper, david dodd, who drafted the amendment bill, the office of the parliamentary legal adviser and ciaran o'brien in my own office, who also worked on this legislation.
           ireland has a dark past when it comes to children. we have had the industrial schools, the mother and baby homes and other institutions where children were abused physically, emotionally and sexually. we then had the abuse of children by sports coaches, some of whom were brought to court, convicted and imprisoned.
          others, like mr. george gibney, never faced justice. there are cases of abuse in families by parents and other relatives. this week, in another case, 11 people were arrested in limerick for the alleged exploitation of children. we have seen more and more of that. we are seeing children being robbed of their childhood, innocence and sense of self-esteem, dignity and self-worth.
           there has been progress in ireland with respect to protection. we have had the children's referendum and we have the ombudsman for children, as well as procedures, policies and guidelines. we have child first guidelines and organisations like childline. there are still many countries in the world with no protection of children and where children are used and abused horrifically, with children as young as four and five years old being raped. in those countries, children are being abducted and trafficked for the sex industry, to be used in brothels and pornographic films, as well as cybersex. this abuse is predominantly done by men but some women are involved. they are from ireland, the uk, australia and the us. there are hundreds of thousands of so-called sex tourists in those many countries where there is no child protection or welfare, only help from organisations like the preda foundation.
           my amending bill seeks to protect children in those countries from being used sexually by people convicted in irish courts of child sexual abuse. it does this by restricting their ability to travel to do so. in 2016, almost 800 registered sex offenders in australia travelled to those countries, so australia introduced legislation to stop that happening in future. it was the first country to do so. global studies have found an expansion in sexual exploitation of children in travel and tourism, and that expansion is outpacing every attempt to respond at national or international levels. there have been court cases involving western men being convicted of buying children for sex and pornography. these crimes are unthinkable and inexcusable.
           in correspondence, the government stated to me that it wanted to combat child sexual abuse in every possible way. that was discussed earlier today at leaders' questions. my amending bill would empower judges to restrict, where appropriate, the travel of those convicted of child sexual offences where it is deemed that travel could pose a risk to vulnerable persons in jurisdictions outside this state that do not have adequate child protection and child welfare legislation. it would amend the 2001 act in a technical way to make specific changes on a case-by-case basis. it would allow judges to make travel restrictions, or not, depending on the circumstances of individual cases.
           the judge would assess the risk posed by a convicted individual and restrict travel where necessary. the judge could also consider if the offender has engaged in any meaningful way with a rehabilitation process. i acknowledge such processes that exist in prisons and the community. i know the garda and tusla work with probation services on risk assessment plans for those who genuinely want to engage in the process. this amending legislation would assist that process in that as a person in recovery from alcoholism is advised not to go near a pub, those convicted of child sexual offences would be helped not to go to countries where child abuse would be very possible. those who travel to exploit children are very likely to continue that exploitation when they return to the country of origin.
           this is about limiting and restricting travel and so it respects the right to travel in our constitution. there are minimal changes involved with the amendment to the 2001 act but they will make a difference. this is about protecting children in other countries in the same way we protect children here. this will mean ireland would be the first country in the european union to do it and i hope the legislation will be supported."
2018-03-06,dail,https://data.oireachtas.ie/akn/ie/debateRecord/dail/2018-03-06/debate/main,372,Deputy Joe McHugh,Deputy Joe McHugh,"deputy joe mchugh
          it is proposed, notwithstanding the order of business of the dáil today, 6 march 2018, that the business on wednesday before midday shall be no. 31, statements on the third interim report of the commission of investigation into mother and baby homes, resumed. after midday, the business shall be no. 9, motion re ireland’s ratification of the united nations convention on the rights of persons with disabilities; no. 30, statements on the irish language, resumed, if not previously concluded; no. 31, statements on the third interim report from the commission of investigation into mother and baby homes, resumed, if not previously concluded; and no. 32, statements on northern ireland. the motion re ireland's ratification of the united nations convention on the rights of persons with disabilities shall commence on the conclusion of private members' business and shall conclude at 8.10 p.m., if not previously concluded. in relation to that motion, the speeches of a minister or minister of state and the main spokespersons of parties and groups, or a member nominated in their stead, shall not exceed ten minutes each. all other members shall not exceed ten minutes each, with a five-minute response from a minister or minister of state, and all members may share time. the statements on northern ireland shall commence at 8.10 p.m.
           the dáil shall sit at 12 noon on thursday. thursday's business shall be no. 32a, statements on diaspora issues, to conclude by 5 p.m., if not previously concluded; no. 30, statements on the irish language, resumed, if not previously concluded; and no. 31, statements on the third interim report of the commission of investigation into mother and baby homes, resumed, if not previously concluded. the statements on diaspora issues of a minister or minister of state and the main spokespersons of parties and groups, or a member nominated in their stead, shall not exceed 15 minutes each. all other members shall not exceed ten minutes each, with a ten-minute response from a minister or minister of state, and all members may share time."
2018-02-15,dail,https://data.oireachtas.ie/akn/ie/debateRecord/dail/2018-02-15/debate/main,561,Deputy Joan Collins,Deputy Joan Collins,"deputy joan collins
          i congratulate the committee on the report because much hard work went into it. i thank the chairman for organising the committee to look at this area and produce a report. what really made the difference was that lone parents and single parents acting for the rights of kids, spark, appeared before the committee and we had the report from millar and crosse which pulled previous information together.
          that really fed into the committee. too often at committees, we hear from civil servants and different groups that do not really reflect the sections of society affected by the changes. that is one of the reasons i am going to refer to what one family and single parents acting for the rights of kids, spark, said when the report was published and following the budget. one family said that it was heartening the voices of lone parents had been heard by the committee through its continued, determined representation, that the committee reiterated and supported what it had evidenced in policy work and in submissions for the past decade, that the main challenges facing lone parents were child poverty, housing costs, availability of affordable child care, obtaining child maintenance payments, job activation, access to education and changes to the one parent family payment, that lone parents had waited long enough and that action was needed to ensure the government provided a range of measures, including but not confined to, housing support, child care access, education prospects and in-work supports to empower one parent families to break free from long-term deprivation and poverty, that it acknowledged the extensive work that had gone into the completion of the report and that the next step was to ensure budget 2018 contained significant measures which could resource the recommendations and make them a reality and that, in particular, it supported the committee's recommendation to broaden access to and increase supports available to those in receipt of jobseeker's transition and the call for the establishment of a state body to seek and pursue maintenance payments.
           after the report was published, spark said:
          last month, the joint oireachtas committee on social protection issued a groundbreaking report on the welfare of lone parents. the debate around lone parents in ireland has traditionally been a dualistic argument around work or welfare. this report, arguably for the first time, introduces the third strand into the debate, the role of the absent parent in the welfare of their child. we have a long history in ireland of absolving absent fathers from responsibility, in respect of mother and baby homes and this tradition has continued.
          it said that this was a welcome break from that. 
           it went on to say that in 2012, the minister for social protection introduced reforms to lone parent payments which cut the income of working lone parents and those in education and training, that eu silc, survey on income and living conditions, reports showed that since her reforms were introduced there had been a 50% increase in the consistent poverty rate for lone parent families, while concurrently there was a small reduction in the rate for the general population, that children in lone parent families were now over three times more likely to live in poverty than children in two parent families, that it believed a major reason for this was that one parent could legally walk away, that the committee undertook a comprehensive analysis of the reforms introduced by the minister of social protection in budget 2012 and included oral testimony from officials from the department and representatives of various organisations such as the society of st. vincent de paul, barnardos, focus ireland, one family and spark.
           spark also said that as a result of changes made by the minister, the department now writes to the non-custodial parent once the youngest child in a family turns seven and informs them they are no longer obliged to pay child maintenance, unless it is court ordered, that this has resulted in a 28% drop of families receiving maintenance and, according to the department, only a third of families now receive maintenance, that in march of this year, the united nations convention on the elimination of all forms of discrimination against women, un cedaw, committee called on ireland to consider setting up a statutory maintenance system, that in this report the oireachtas committee had now also called for a statutory child maintenance system and a review on how child maintenance was assessed by the department and that it was essential that the minister, deputy regina doherty, considered the important findings in this report and acted on its recommendations and that taking child maintenance out of contentious litigation could only help heal separated families. this is an important point and i would like to see how that is progressing. perhaps the minister might make a few points around that.
           after the budget, one family welcomed the €5 weekly social welfare payment increase, and the household income threshold for fis increase by €10 for families of up to three children, along with new housing initiatives. however, it said it was not enough to lift lone parents and their children out of the consistent poverty and deprivation that resulted from previous reform of the one-parent family payment, and to support them in overcoming systemic barriers in accessing education and employment. one family was quite critical that the department of employment affairs and social protection had released the indecon independent review of the amendments to the one-parent family payment which should have formed the basis of changes in budget 2018 for social welfare dependent one-parent families. it said that increases should have been targeted and strategic to reach the poorest children and families across the board, following the evidence and government commitments to lift 100,000 children out of poverty. it went on to refer to the economic and social research institute, esri, report, poverty dynamics of social risk groups in the eu, in relation to the specific barriers faced by lone parents in accessing work and their experience of higher levels of deprivation and child poverty. that paper draws on the eu-silc dataset to investigate changes over the period 2004 to 2014 in the trends and dynamics in poverty for social risk groups in selected european countries representing different welfare regimes and that out of 11 eu countries, the persistent poverty gap in ireland was the largest and that it also increased the most during the study’s timeframe.
           that contradicts the point the minister made in her contribution. one family continued by saying that the main findings of the report indicated that one parent families in all countries have among the highest risks of both material deprivation and income poverty. the point it is making is that in terms of ordinary instruments to try to eradicate poverty, more has to be put into the areas of lone parents and disability. there have to be more of those instruments to deal with that.
           i refer to what spark said because it is important. it said that in general, the situation for domestic abuse survivors had been sorted, that a few local offices were still ignoring it but, to be fair, once it highlighted it to department officials it was resolved. it also said that there was a massive problem around people transferring from the one-parent family payment to jst, that shortly after the transfer, the liable relative got a letter stating the department no longer held them liable for maintenance but that any existing court orders were still valid, that many men stopped paying and because, legally, the department could not do anything, it put pressure on the lone parent to prove they were seeking it, that many lone parents did not have an address for their ex-partner so the courts would not issue a summons, that the department had the father's pps number and address yet it put pressure on the woman when she did not have that information and that people with young children aged seven to 13 were really being pressurised over this. that is an area that needs to be looked at in a critical way.
           spark also said that a positive of the budget was the €10 per extra per week for qualifying lone parents, although that was still €17.60 less than it was back in 1971. that is going back a long time. it referred to the €5 extra in the basic payment and €2 extra for qualifying - small but welcome. it said that it failed to address higher costs of teenage children and left lone parents with teenagers in a very precarious position, that even with child benefit, €31.80 a week, this did not adequately feed and clothe a young adult and that they are charged adult rates for most things and that it did not cover even basics such as schools costs, trips, transport, etc.
           the other main point was that there was no provision made that would allow child maintenance be seen as a benefit for the child and that in general, 50% of a maintenance order is deducted from social welfare but it is 100% for people on rent supplement and that this happens whether the maintenance is paid or not. that point was made earlier on by a deputy.
           it was a positive report. some positive things happened around the budget but lone parents are expecting a lot more and they will continue to campaign for what they think has to be done in respect of getting them out of poverty and deprivation."
2018-02-13,dail,https://data.oireachtas.ie/akn/ie/debateRecord/dail/2018-02-13/debate/main,29,Deputy Mattie McGrath,Deputy Mattie McGrath,"deputy mattie mcgrath
          today's business shall be no. 6, motion re sixteenth report of the committee of selection, to be taken without debate; no. 7, motion re amendment to montreal protocol on substances that deplete the ozone layer, back from committee, to be taken without debate; no. 7a, motion re parliamentary questions rota change for the department of children and youth affairs and the department of employment affairs and social protection; no. 27, statements on the third interim report of the commission of investigation into mother and baby homes; and no. 3, employment (miscellaneous provisions) bill 2017 - order for second stage and second stage. private members' business shall be no. 168, motion re local and regional roads funding, which has been selected by fianna fáil.
           wednesday's business shall be no. 3, employment (miscellaneous provisions) bill 2017 - order for second stage and second stage; no. 28, public health (alcohol) bill 2015 [seanad] - second stage (resumed); no. 4, industrial development (amendment) bill 2018 - order for second stage and second stage; and no. 27, statements on the third interim report of the commission of investigation into mother and baby homes, resumed. private members' business shall be no. 45, central bank (amendment) bill 2018 - second stage, which has been selected by sinn féin.
           thursday's business shall be no. 3, employment (miscellaneous provisions) bill 2017 - second stage, resumed, if not previously concluded; no. 28, public health (alcohol) bill 2015 [seanad] - second stage, resumed, if not previously concluded; no. 4, industrial development (amendment) bill 2018 - second stage, resumed, if not previously concluded; no. 27, statements on the third interim report of the commission of investigation into mother and baby homes, resumed; and no. 29, statements on national broadband procurement process, resumed; and no. 8, report on the position of lone parents in ireland by the
						joint committee on employment affairs and social protection, to be taken in the evening slot.
           i refer to the first revised report of the business committee, dated 12 february, 2018. in relation to today's business, it is proposed that: (1) the motion re the sixteenth report of the committee of selection; the motion re amendment to montreal protocol on substances that deplete the ozone layer, back from committee, and the motion re parliamentary questions rota change shall be taken without debate and that any division demanded on the motion re parliamentary questions rota change shall be taken immediately; (2) statements on the third interim report of the commission of investigation into mother and baby homes shall adjourn not later than 8 p.m.; that the statements of a minister or a minister of state and the main spokespersons for parties or groups, or a member nominated in their stead, shall not exceed ten minutes each and that the statements of all other members shall not exceed five minutes each, with a five minute response from a minister or a minister of state. all members may share time.
           in relation to wednesday's business, it is proposed that: (1) second stage of the central bank (amendment) bill 2018 shall be brought to a conclusion, if not previously concluded, after two hours and; (2) statements on the third interim report of the commission of investigation into mother and baby homes shall adjourn not later than 10.15 p.m.
           in relation to thursday's business, it is proposed that statements on the national broadband procurement process shall resume at 4 p.m. or at the conclusion of the statements on the third interim report of the commission of investigation into mother and baby homes, whichever is the earlier, and conclude at 5 p.m., if not previously concluded, and that the order shall not resume thereafter."
2018-02-13,dail,https://data.oireachtas.ie/akn/ie/debateRecord/dail/2018-02-13/debate/main,316,Minister for Children and Youth Affairs (Deputy Katherine Zappone),Minister for Children and Youth Affairs (Deputy Katherine Zappone),"minister for children and youth affairs (deputy katherine zappone)
          i welcome the opportunity to update the house on the commission of investigation into mother and baby homes. in particular, i would like to update deputies on the commission's third interim report and the measures i am progressing with government colleagues to respond to the issues which have emerged so far from its work. i welcome the people in the visitors gallery who participated in influencing measures in this direction.
           as deputies will be aware, i published the third interim report from the commission in december last. in its report, the commission requested a one-year extension to the timeframe to submit its three final reports. the commission is of the opinion that all three reports, the confidential committee report, the investigative report and the social history module, are interlinked and should be presented together. following careful consideration, the government decided to grant this extension. the commission is now due to deliver all three reports by 17 february 2019. i know that many former residents have been eagerly awaiting the completion of the commission's work. i understand that many who contributed to the process and shared their information were disappointed and frustrated by this development. however, it is important that we do not underestimate the scale and complexity of the task that the commission has been set.
           the commission is seeking to establish facts and make findings and recommendations. in outlining its reasoning for requesting an extension, the commission's third interim report states that the confidential committee has met a considerable number of former residents and others with connections to the institutions under investigation who wished to share their experiences. the commission asked for more time to allow those who had applied, and were still waiting to share their experiences with it, to be heard. hearing these stories pays tribute to the memory of those who spent time in these places. the commission also stated that its wide terms of reference have necessitated the collection and analysis of a vast range of documentary material relating to the institutions under investigation. the analysis of all relevant records will not be completed until mid-2018. all of the information uncovered during the course of this investigation plays its part in painting as full a picture as possible of the events and experiences of the time.
           i recognise the absolute importance of the commission's work and i support it as it continues to investigate the matters within its terms of reference. it is a comprehensive task and it needs time to complete its work. the commission concluded at the time of publishing the interim report that extending the terms of reference into any further matters was not in the public interest, and i agree with this approach. in recent days the commission has advertised nationally seeking to hear from anyone who has any personal knowledge, documentation or any other information concerning the burial arrangements of children who died in bessborough mother and baby home in cork. i would strongly encourage any person with relevant information to contact the commission directly to divulge what they know to aid the investigation.
          
						over the course of 2017, i held two facilitated meetings with former residents and their families, one in dublin and one in cork. more than 130 former residents of mother and baby homes and their advocates were in attendance. i thank all who attended these meetings and acknowledge the generosity, willingness and courage of all participants in contributing to the dialogue. one cannot but be moved by their stories. the key theme that emerged from these facilitated consultations was ""nothing about us without us"", the idea being that former residents want direct input into the decisions made on their behalf. i have adopted this as my mantra. the establishment of a collaborative forum is a progressive response to this idea. participants will create and drive forward a process that they can support and trust and actively participate in, recommending actions and solutions to address their concerns.
           i am pleased to announce that mr. gerry kearney has accepted my invitation to chair the collaborative forum. over the course of his career, mr. kearney has demonstrated a strong commitment to public service as former secretary general of the department of community, rural and gaeltacht affairs. he was appointed chairman of the moore street consultative group established to consider views on the best way forward for moore street, a monumental task in diplomacy i think deputies will agree. i strongly believe that gives him the expertise and management experience required to work with the forum. his experience will be of considerable benefit to the forum in developing proposals and framing its recommendations. i know that mr. kearney is looking forward to beginning what we hope is an extremely engaging and fruitful endeavour.
           i have published a charter for the forum that will facilitate its work and that gives the blueprint for its methodology and demonstrates my commitment to innovative approaches to facilitate and empower former residents to contribute actively to decisions on matters that affect their lives. the forum will consist of 20 members. i am moving forward in identifying members for the selection panel that will establish the collaborative forum. selection of the correct people is critical to the success of the project. the selection panel will include representation from the areas of human rights, former residents' advocate groups and academics with experience in this field. i have made contact with these organisations and individuals and i am now awaiting confirmation of their agreement to participate. i hope to announce the members of the panel shortly. i hope they will have held their first meeting by the end of february. 
           i will then be advertising for members of the public and interested parties to express an interest formally in participating in the forum. the selection panel will select the members of the forum from these expressions of interest at its second meeting, which should take place in early march. i anticipate that the collaborative forum will meet on a monthly basis for a period of at least a year. if it reaches consensus on any issues before then, however, i will of course be happy to hear from it.
           the forum will establish three sub-committees, which will cover a large range of issues of concern to former residents, such as terminology, identity and representation for former residents; health and well-being supports; memorialisation; and the recording of personal narratives. i thank the government for its support in establishing the collaborative forum. i look forward to the beginning of its work.
           i have previously relayed my commitment to the house to inviting the un special rapporteur on the promotion of truth, justice, reparation and guarantees of non-recurrence, mr. pablo de greiff, to come to ireland. i believe he can assist us in our endeavours to establish the truth and advise us on how best to move forward and deal with this part of our history. arrangements are at an advanced stage and i expect an invitation to be issued to mr. de greiff in the coming days.
           as we approach the anniversary of the tragic findings in tuam in march 2017, i wish to update the house on the progress being made in responding to the discovery of the burial chambers. deputies will know i commissioned a team of international experts to produce a technical report. it advises of five options, which are now available to us. the team was appointed to ensure that any action taken on the site is in line with international best practice. the report is a detailed technical document. it outlines the unique nature of the site and the vast technical challenges involved. the options range from memorialisation with no further excavations in option one to exhumation, forensic examination and further investigation of the wider site in options two to five. all options can include memorialisation and appropriate internment at the site.
           having visited the tuam site several times, i am extremely conscious that this is a very sensitive and difficult matter for many former residents, their families and those living in the vicinity of the site. i want to ensure that everyone who wishes to contribute to the discussion on the future of the site has the opportunity to do so. i have asked galway county council to facilitate an independent consultation process on the five options as presented in the expert technical group's report. the contributions from these consultations will be used to produce a report that will inform the interdepartmental committee, which in turn will make proposals to me on these sensitive matters. i will bring these proposals to the government for its final recommendation.
           galway county council has asked interested parties to complete a questionnaire-type document to generate data to use as part of the consultation process. a number of families and representatives have contacted me to express their concerns about the approach and methodology used to gather information. it appears that some have likened it to a simplistic popular voting process. the process is far more comprehensive than that. i have raised these concerns with galway county council. i would like to assure the house that there is no intention to trivialise the memories or feelings of those wishing to partake in this process by using such a document. the key part of this process is to offer those with an interest to express their opinion and collate this information.
           the consultation process has been designed to facilitate various parties while ensuring there is certainty in regard to the preferred course of action of each respondent. i expect deputies will be asking me some questions or making comments on that. i look forward to coming back to this in my concluding remarks."
2018-02-13,dail,https://data.oireachtas.ie/akn/ie/debateRecord/dail/2018-02-13/debate/main,317,Deputy Anne Rabbitte,Deputy Anne Rabbitte,"deputy anne rabbitte
          i thank the minister for her submission. fianna fáil welcomed the mother and baby homes commission of investigation when it was established. we recognise the vital importance of the commission in delivering justice and accountability for all those affected by mother and baby homes in ireland.
           the third interim report of the mother and baby homes commission of investigation made a request to extend the deadline for its reports on its findings on the institutions being investigated. this would change the deadline to february 2019. it should be noted that this represents the third extension of the deadlines for these reports. while we appreciate that the commission is undertaking a complex and somewhat unpredictable task, fianna fáil is of the view that the commission must complete its work as quickly as possible as it is an important mode of investigation and recognition for the experiences of irish women and their children in these homes. all three reports should be issued together.
           we have always supported this commission as a means to bring justice to the victims of the homes and we remain supportive of it. fianna fáil welcomes the publication of the third interim report. while i would like us to be at the final stage now, we will stick with the process because we want to see it through. it is 12 months since i stood before the minister on this matter and i believed we would be coming to the end of the process today. we will try, however, to reach the end as quickly as possible.
           given the un comments about the current terms of reference being too narrow and feedback from survivor groups, we are supportive of these terms being expanded, as the minister has outlined. furthermore, fianna fáil supports the establishment of a forum for survivors to share their experiences and viewpoints in an open and safe environment.
           the treatment of mother and children in these institutions is a dark chapter in our country's history and it is a complex issue. questions still abound about the nature of justice and retribution for survivors and we must be thorough in our search for the best possible model of justice for survivors. 
           now, as always in this process, we believe it must remain survivor focused. while i cannot critique the minister's speech, i believe it is survivor focused.
           i welcome the formation of the forum. i welcome the panel and the fact that survivors of the homes can engage in the process and have representation. i welcome the fact the forum will have human rights people.
           the minister referred in her speech to galway. as spokesperson for children and youth affairs and coming from the constituency of galway east, which includes tuam, it would be very remiss of me not to focus a little on the experiences on the ground in tuam. i spoke earlier this evening to tommy, about whom i spoke this time last year, to receive an update on how he feels the process is progressing. he urged me yet again to stay with the process. he thanked the minister for the work taking place. he had a number of concerns over galway county council, which the minister has adequately addressed. while i do not mean to be critical, i wish to ask some questions that need to be teased out a little more.
           there is a lack of clarity at present on the role of galway county council in respect of some voting that was taking place. the minister explained it may have to do with the panels or selection criteria but those with whom i have been communicating do not know the exact role the council will play in the future. will it spearhead the process or will an independent person do so for it, drill down deep and engage? that is one of the issues tommy wanted addressed. i can understand that. would the minister believe people started to fill in the questionnaires only on sunday night? it is in light of the fact that we are here on a tuesday evening that the engagement was at that level.
           the interim report states there is one institution for which records are probably not available and one whose records may be available but which are difficult to extract from a larger collection. does the minister know exactly the mother and baby homes on which there are missing data and whose records are hard to find?
          it is clear there is extensive information available about certain aspects of the institution under investigation and that it will take some time to analyse it. will the minister indicate whether we have enough staff working on that and will they meet the deadline within the next 12 months? from what i can gather there is an awful lot of material to be scanned and examined. are the staff adequately resourced to complete the work?
           there is no doubt that this is a very human and live issue. people watching this debate wish to bring closure to this sensitive issue which is probably very raw for many people. the opportunity to come forward, engage and talk to people about their experience is in itself part of the healing process and that is something to be welcomed. the minister also announced it last year. the kernel of the process that people can tell their experiences and share their stories. it is important that experts are available to sit down and engage with the people who come forward and that their voices are listened to and they feel their contribution is a valuable one, because that is the case. they are the people who will open the curtains on what was a very dark part of our past. we owe it to those people to afford them the opportunity to speak. time is not on their side. if necessary, we must recruit more staff or provide more supports to ensure that in 12 months' time we will be able to provide a conclusion for them or that we will have reached the stage of having the three reports ready to be viewed.
           a commitment was made to the survivors of the mother and baby home in tuam that they would be notified prior to any press release on the home being issued by galway county council. it is important that they be made aware of what is going on so that they do not read about it first in the tuam herald or the connacht tribune. it is important that such courtesy be shown to the survivors so that they are made aware in advance of what is being printed. if nothing else, it is a sign of respect for the survivors. i accept the department has been working very closely with the survivors but it is also incumbent on galway county council to engage with those people.
           in terms of the ongoing technical engagement, people welcome all the hard work that has been done. the issue is very sensitive and there are varying viewpoints but it is important that we have complete engagement from the residents of the mother and baby homes, those who worked there or those who lived in the area. i plead with people who have anything to contribute to providing a fuller picture to come forward and engage with the process the minister has initiated. i wish the group well for the next 12 months and hope we will have a final report this time next year."
2018-02-13,dail,https://data.oireachtas.ie/akn/ie/debateRecord/dail/2018-02-13/debate/main,318,Deputy Denise Mitchell,Deputy Denise Mitchell,"deputy denise mitchell
          i welcome the opportunity to speak on this issue. first, i express my solidarity and pledge my party's ongoing support to the survivors, relatives and campaigners who are continuing their quest for truth and justice for those who died and those who were so cruelly mistreated in the institutions. what went on in mother and baby homes is a shameful part of the history of this state and one which was rooted in an appalling attitude to women.
           i understand there have been many views on the reason for the delay in the production of the final report. many people are very upset. the commission explained how the time-consuming work of digitising files and unearthing documents has been a major factor in the delay. unfortunately, time is not on our side. many fear they will not get the truth and justice they deserve. as we all know, justice delayed is justice denied, so i urge the government to do all it can to ensure the commission has whatever resources it needs to complete its work in a timely fashion.
           i want the minister to outline her plan for redress for survivors of the bethany home and other homes who were wrongly excluded from the redress scheme in 2002. the second interim report was very clear in its recommendations on this issue. that report was a signpost to the findings of the final report and work is required to address the issue. it is not acceptable for the government to tell the survivors that they will have to wait until after the publication of the final report before redress is even considered. the bethany survivors group has described the delay as placing a ""death sentence on justice and truth"". i urge the minister to begin working on a redress scheme immediately.
           part of the interim report notes the serious lack of information available when it comes to the burial sites of those who died at the homes. i understand the former bessborough mother and baby home and large parts of the shan ross abbey mother and baby home have been put up for sale by the nuns who ran them. we need to be absolutely sure there are no further burial sites on the grounds that are earmarked for development.
           i welcome the announcement of the collaborative forum. that is something the previous government should have done when it set up the commission of investigation in the first place. i also hope that when it comes to memorials that the survivors and relatives of those who died in the institutions will be widely consulted on the most appropriate way to go about it.
           i commend the work being done by the commission, but i express my concerns at the delay. if the commission needs more resources to allow it to complete its work in a timely and efficient manner they should be provided. the last thing we want is to be back in this chamber in 12 months' time to be told the report will be delayed yet again."
2018-02-13,dail,https://data.oireachtas.ie/akn/ie/debateRecord/dail/2018-02-13/debate/main,319,Deputy Donnchadh Ó Laoghaire,Deputy Donnchadh Ó Laoghaire,"deputy donnchadh ó laoghaire
          great disappointment has been expressed to us at the delay in the publication of the current report. it is worth stating the process started in 2015 and arguably before that and almost four years will have elapsed by the time the commission completes its work. many of the survivors of the institutions who had wrongs inflicted on them are reaching an advanced age and they may not be around when the commission concludes its work. that is a cause of concern for many. some survivors have not had an opportunity to avail of any previous schemes relating to institutional abuse of any kind. i refer for example to residents of the bethany home, among others. much concern is evident in that regard.
           much of the media commentary more so than debate in this house has focused on the mother and baby home in tuam - with good reason - but it is vitally important that we examine all the sites. in my constituency, i am very conscious of the mother and baby home at bessborough. it is vitally important that we ensure all sites where question marks remain are properly investigated.
           the minister made a point about the request for information. i heard such an advertisement yesterday. i welcome that initiative.
          i do not have any information or evidence, but if we compare the numbers of children who died in that institution during the years, it was open with the official burial site, it is difficult to credit that all those dead children could be located on the site. that is simply an observation and i do not have any specific information on it. it is vital that all those sites be properly investigated.
           there has been some discussion around the consultative forum. i wish to reflect on an observation made to me on many of the hearings. the consultative forum is a valuable initiative. it is essential in any discussions around any of these things that counsellors are on hand. the discussions may be traumatic and potentially difficult for those who were affected. that issue needs to be incorporated.
           we had a debate on a proposal for a truth commission. the minister did not necessarily agree on all the issues. one of the reasons i put forward the case for that commission was because there are connections between the mother and baby homes, county homes, industrial schools and so on. i took the view that it was important to explore these connections. i note the comments relating to mr. de greiff, but the details were announced some time ago and i am disappointed that there has been no further progress. i look forward to hearing more on the matter."
2018-02-13,dail,https://data.oireachtas.ie/akn/ie/debateRecord/dail/2018-02-13/debate/main,321,Deputy Joan Burton,Deputy Joan Burton,"deputy joan burton
          i will start by mentioning the name of christine buckley who may not be known to all those in the chamber. she was one of the most important people in bringing out the story of what happened to people who were in institutions, including mother and baby homes. in dublin there is a private small charity group called the aislinn education and support centre. the centre was established by christine buckley, among others. it caters for people who have been in institutions and want a place to meet. the centre caters in particular for people who were in mother and baby homes as children and who went on to bigger institutions as they grew older. often, they were shown the door on their 16th or 18th birthday. if they had the money, many of them took the boat to england straightaway.
           the aislinn centre exists on a shoestring. it is provided with a small amount of hse funding. all the fine talk in the chamber is as nothing if there is insufficient funding for the older people who go to the centre. in the centre they can sit down, have a cup of tea and take part in art and drama classes. basically, it is about helping them to feel empowered as people and pick up on parts of education that they did not get previously.
           one of the things about children from orphanages who went to mainstream primary schools is that they were always at the back of the class. many people who spent a good deal of their life in homes have serious problems with literacy, even at this stage. they never got opportunities for educational development.
           i know that the minister is concerned about this issue. i appeal to her to pick up the telephone or get her officials to pick up the telephone and call the aislinn centre. she should ask the people there to tell her or her officials the current position of the centre. i know the minister is going to tell me that it is not her responsibility and that it is not under her budget. it is really important that the centre continues its work for many of the people who are now growing older. i have had the privilege to be at the centre.
           some people joke that i am a graduate of temple hill, as are people like sally mulready. i spent the early part of my life there and in foster care. to be honest, what i care about most of all is the dignity of the people and of all the good lives that the people from there have made and led. up to 20 or 30 years ago, it was not easy to be a child who was adopted in ireland. let us be frank about it, there was a lot of social distinction. it was not easy to be a birth mother either. i have met so many birth mothers who are carrying incredible grief in their hearts. they are now very much older and have no way of making contact. the minister and i have spoken privately about this. she has been very decent in arranging to meet people who have approached her to tell her their story. we need to think about how we address this.
           there is a situation in tuam and in many other places, including bessborough, that involves a set of family stories. what was a secret was in fact privately held knowledge among extended families. i am referring to when a girl went away. i use the word ""girl"" because that was the language of those days. the girl went away, had a baby and came back. sometimes she came back to the family home and sometimes she went to england. often the men held strong views and perhaps the mothers also. reconciliation never happened. in fact, people got married and had children themselves and never told anyone about their experiences. anyone who has had the privilege of meeting these people will know what i am talking about.
           aside from the aislinn centre, there are other places in the country that try to look out for people and offer a helping hand. i do not mean any kind of charity but a real helping hand to people. i believe the aislinn centre could do with more government support and more funding to allow it to do its work. costs are rising exponentially in dublin city centre. although there are some already, there is probably need for similar centres at different points around ireland where people could make contact.
           i am not happy about caranua. while i acknowledge that apologies were made, the comments made were incredibly demeaning of people who were in mother and baby homes. if the minister has any influence over the department of education and skills, she should use it in respect of the substantial fund operated by the department to provide redress. funding may be provided for individuals only, not for organisations. the minister should speak to people who use caranua's services. some organisations and individuals have a good relationship with it, while others have a difficult and strained relationship with it. the current model needs to be overhauled. i acknowledge, however, that caranua does not come within the remit of her department.
           on the issue of records and fostering, when i was tánaiste and minister for social protection, i saw through the house a bill to give people the right to trace, almost to its final stages. as we heard, many of the individuals in question are getting older. tracing is a lottery. some people are successful because the organisation that arranged their adoption is still in operation and has a structure in place for dealing with tracing, while others are unable to trace their family. increasingly, adopted persons want to trace their birth parents to find out about their medical history. worldwide, more women than men trace their birth parents. however, after they have children, particularly in cases where medical issues arise, men often want to trace their birth parents to obtain their medical records. the minister spoke about bringing forward a human rights commissioner, which is great, but she must implement legislation on tracing. i am not aware of any progress that has been made with the bill i introduced. as deputy anne rabbitte stated, this is a complicated issue involving different parties whose rights and interests must be respected. however, postponing the introduction of tracing legislation until the commission of inquiry has completed its investigation, as i believe the government may have decided to do, would be wrong, given the age of many of the individuals in question. 
           large numbers of adopted persons are repeatedly told by adoption organisations that they were an only child. this is patently not true because many of the people who gave up children for adoption were in long-term relationships. for one reason or another, including the prevailing mores at the time, they were unable to have an open relationship. local busy bodies often pressed for their children to be placed in homes and made the necessary arrangements to do so, causing intense grief. many people have siblings that they have not been able to trace and this issue must be addressed. it is possible to facilitate meetings and achieve some level of reconciliation among extended families. i have sat in many kitchens with elderly women who survived the mother and baby homes. they often ask why ireland did this to them and why it was as it was. the reason is we had an incredibly powerful and autocratic catholic church which knew what was right.
           the minister faces a serious challenge in her brief on the commission of investigation, namely, to try to right a number of wrongs. the catholic church should come out and apologise, as should the church of ireland and other churches that operated homes on a smaller scale. parish priests should ask their parishioners from the pulpit at sunday mass to help people who come to the district seeking to trace relatives. i am not aware of any parish priest who has done this, yet in all my years of tracing i have met many priests who told me i was extremely lucky to have been adopted. i know that i was lucky and there is no doubt that the alternative of living permanently in an institution was the worst case scenario. i was also fantastically lucky in the family who adopted me. however, others were not so lucky and they want to know their story and obtain their papers.
           the minister can take certain initiatives and address some of the issues i have raised without waiting for the final report of the commission of investigation. she should not postpone taking action until the commission has concluded its work. it is important that the commission do its work properly and fully; i am not in favour of a quick report. given that the commission is reporting in stages, will the minister indicate whether she has addressed all of the recommendations made in the second interim report? i do not believe the department has done so and will leave that to the record. i plead with the minister to reach out to try to bring more humanity into this area."
2018-02-13,dail,https://data.oireachtas.ie/akn/ie/debateRecord/dail/2018-02-13/debate/main,322,Deputy Ruth Coppinger,Deputy Ruth Coppinger,"deputy ruth coppinger
          the third interim report was met with acute dissatisfaction by survivors and their families and supporters, people who had been failed by the state, the religious denominations and the entire establishment. for the lone parents, unmarried mothers and poor parents involved - in many cases, the only crime of those placed in county homes was being homeless or living in poverty - this is not an historic event but a lived reality. mothers and children were institutionalised and families split up. the mother and baby homes were the product of a misogynist conservative establishment that ran the state for decades.
           the extension of time by one year to allow the commission of investigation to make its final report is particularly difficult for survivors, most of whom are elderly and seeking answers to many questions. i am not dismissing or diminishing the problems and complexities the commission and its staff face. the commission has yet to meet many of the large number of people who have been contacting it to give their testimonies. the confidential committee has met hundreds of former residents here and in britain. attitudes have changed and more and more women believe they can come forward and speak about their treatment in the institutions. many of them have still not met the commission.
           the second reason given is that records are old, that many are paper files and that the location or existence of some is uncertain. the interim report outlines the major administrative task involved in processing and manually examining these records. 
           the third issue is that extensive information remains to be provided by the religious congregations and departments which have been served with discovery orders. what level of non-co-operation has the commission of inquiry encountered from some religious institutions? this question must be answered because it would be disgraceful if a failure to co-operate was causing further delay in the process. 
           while i acknowledge these problems and issues facing the commission of inquiry, the position is still unsatisfactory for survivors, but steps can be taken in the interim. survivors need to be given a comprehensive, well researched and definitive report at the end of the process. they must also receive an apology from the state and the religious denominations and this does not have to wait until the commission of inquiry has completed its work.
           many survivors have been wondering on social media and elsewhere why the state is paying for a visit by the pope at a time when they have not received redress from the religious organisations that abused them or an apology from the church. this is a major issue which many people are raising.
          it is estimated that €20 million will be spent by the state on the visit. that is according to the archbishop of dublin and i do not know if the church is coughing up for any of it. that amount is three times the budget reported for this commission, which is €7 million. it is legitimate to ask whether we can beef up the budget and take on more staff. i am sure there are students, historians and researchers of all kinds who would love to work on this project and give closure to many of the people in this position. over the next year we must ensure the commission has further interim and progress reports, and if there are areas on which it can make conclusions, it should do so. i absolutely agree that a redress scheme could be set up for elderly people in particular to avail of. we do not want to be in a position next year, when the report is published, of seeing a delay in setting up a redress scheme. moves can be made to do it now. having made the point that societal attitudes are driving the correct call by survivors for redress and how women feel freer to speak, those who have been adopted should also feel free to speak about their experience and how the institutions have impacted on them.
           last week in this chamber we spoke on the 100th anniversary of the right of women to vote being marked by the state. at the same time women were being granted the right to vote, they were having their rights taken away from them in other areas. there was a counter-revolution taking place against women's rights when the state was established. we saw women getting the right to vote but being taken off juries. we saw women getting the right to vote but being denied contraception until the 1970s. the right to a divorce was removed in this country and it was only won back in the 1990s. in the past 25 years, there has been a transformation in attitudes and the role of women in irish society, much of it driven by the increased number of women in the workforce.
           at the time when some of these mother and baby homes were still open, such as in 1973, only 15% of married women worked. today that figure has increased significantly. the participation in the workplace by women has risen to 63%, and 34% of women have a third level qualification versus 28% of men. however, the pay gap has remained for women. the key point is that while we get redress for people in the mother and baby homes, the time is up for the oppression of women in this country in general. mother and baby homes were sustained by a hostile attitude to women's sexuality and value in society, with the church and state colluding to have institutions as the sanction that would be taken against women who did not conform to the role models of the time and having children only within wedlock. women were to be the providers of free domestic labour at this time, and we can see that in the institutions where their work was unpaid.
           we are approaching a referendum that will primarily deal with the rights of women over their bodies. parties and individuals should be consistent. there is a link. for example, we should end the shaming of women's sexuality and recognise that women with crisis pregnancies should be allowed to make their own decisions, which they were not at this time. it relates to the referendum that is about to take place on abortion. in 2013, for example, it is quite amazing that the pharmaceutical society of ireland was given the power to sign off on regulations where the personal moral standards of a pharmacist could result in a women being denied emergency contraception. this case was highlighted only last week. in the past four years a 14-year jail sentence was introduced as a sanction for use of the abortion pill or having an abortion. just last year the government saw fit to turn over the ownership of the national maternity hospital to one of the religious institutions facing accusations and which is responsible for institutional abuse. that decision was only reversed because of a major public backlash and we still have politicians extremely far behind on these matters.
           today we have a transformed attitude to women and one in four families is now a one-parent family. it is absolutely time for this redress to be given to all those who are victims of this repressive attitude of the church and state towards women. everything should be done in terms of resources to ensure the process is done by next year. if there is any delay, it will cause outcry and be a huge kick in the teeth to people already victimised by the state."
2018-02-13,dail,https://data.oireachtas.ie/akn/ie/debateRecord/dail/2018-02-13/debate/main,323,Deputy Clare Daly,Deputy Clare Daly,"deputy clare daly
          i am really getting weary with the delay and, in some ways, the excuses. if i feel like that, god only knows what the survivors and those for whom this is a lived experience are feeling. we must ask ourselves why were these delays not anticipated and what are we doing to put the resources in place to ensure there are no further delays. over the past period there have been many nice statements, announcements and speak of consultation, but are we really hearing what people are saying? are we really addressing the basic needs on which some people have sought redress, such as access to basic housing, health issues and access to records? it has not been there for many people.
           one of the critical matters we must register today is the genuine fear with respect to the age of some of the survivors and how they cannot take a further delay beyond next year. we need an assurance that it will not happen. we must also be cognisant of the very sharp criticism of the ombudsman recently on the state's application in the magdalen redress scheme. he was extremely critical of the way in which women's real experiences were not listened to, an over-reliance on documentation, not hearing people out and overly complicating processes. i wonder if that is what we are doing. some of records element is complicated but other parts are less so.
           we must have a starting point in saying that much of the information is not new. i do not mean this in a disrespectful way but it is more than five years ago that an internal health service executive document in 2012 revealed what it called a wholly epidemic level of child death in bessborough, with 472 children recorded as dying between 1934 and 1953. we know from the excellent work of mr. conall ó fátharta at the irish examiner that the hse was given files in 2011 containing the names of 800 children who died in bessborough and sean ross abbey. incidentally, both of those sites are for sale currently. we know from the campaigning work of people like mr. derek leinster the figures and names of children who died in the bethany home. these facts were established before ms catherine corless did her trojan work in tuam but nothing was done. there was no investigation until tuam took the headlines. in some ways we are playing catch-up but we must very clearly say that this is not about one site and there are multiple sites. there is an experience of people that cannot be divorced from the treatment of women in society.
           i received an email from one of the babies - he is not a baby any more - who was born in one of these institutions. he describes the mother and baby homes as generally a cross between a maternity hospital with no doctors and nurses and a low to medium security prison. that is what they were and society knew about that. we have major responsibilities to address these outstanding matters. we have very limited time but the lack of sensitivity in some ways of dealing with these cases beggars belief. galway county council approached consultation with the survivors and their families by giving out a tick-box form; it brings a whole new meaning to a tick-box exercise. as it concerned dead babies, it was horrifically insensitive and at the very least, survivors need to be spoken to directly. i am concerned by the possibility raised by the commission that it may not get to meet everybody. i would like to hear that this could be addressed by extra resources or whatever it takes.
          i would like to know what the level of co-operation is. there is the point about the order for discovery and the giving of some information. was other information left out? are we satisfied with the amount of documents made available? critically, we need to factor in, if one likes, the lived and oral testimonies. we cannot lose sight of the fact that no one has been held to account for what happened to the children, many of whom died through neglect, while others were illegally adopted. that the issue of illegal adoptions is not included is regrettable. people who are getting older are looking for the truth and the identities of their loved ones, as well as justice and compensation, which cannot come too quickly. will the minister provide an assurance that they will receive whatever they need to get the job done without further delay?"
2018-02-13,dail,https://data.oireachtas.ie/akn/ie/debateRecord/dail/2018-02-13/debate/main,324,Deputy Catherine Connolly,Deputy Catherine Connolly,"deputy catherine connolly
          as i have five minutes only, i will direct and make my comments in a focused manner. 
           as the minister can imagine, trust is essential. as has been acknowledged, she received a letter on 16 january about basic issues, one of which is access to records. an individual has been to the high court eight times to gain access to records on his sister. another issue is the provision of a dedicated counselling service. there are also issues about care, the provision of medical cards and housing. if these basic needs cannot be met in a speedy and efficient manner, talking about the united nations, human rights and a consultative forum is absolute nonsense. i do not wish to be unduly critical, but, as someone who comes from galway, i have both personal and professional experience of the home and read every document on it.
           let me put this issue in perspective. in 2012, during the course of the work of the interdepartmental working group, issues in relation to mother and baby homes, in particular those in bessborough and tuam, were highlighted in an internal memorandum. i raised the issue with the minister months ago. it stated there were serious concerns about patient safety, medical care, accounting irregularities and possible interference with birth and death certificates, etc. there were two briefing documents on a scandal that will dwarf all others. there was also correspondence from major figures in the catholic church looking for babies to be sent to america. notwithstanding the good men who signed their names and said there must be action, the memorandum was ignored and not acted on. there was no follow-up action. then we had the good work of the journalist conall ó fátharta and a local historian, catherine corless, who between 2011 and 2013, after that work, highlighted 796 names. she paid €4 for each death certificate. she outlined that there had been newborn babies and children up to nine years of age and that one child had died every fortnight. not only was there silence there was also outright denial. on behalf of the bons secours sisters, ms terry prone responded to a documentary maker by saying:
          if you come here, you'll find no mass grave, no evidence that children were ever so buried and a local police force casting their eyes to heaven and saying ""yeah, a few bones were found - but this was an area where famine victims were buried. so?"" 
          that was the official response given through a communications firm.
           the commission was set up in february 2015 and the government was shamed into setting it up. it had a number of targets that were not met and we hear today that it wants a further extension. serious questions must be asked. why were sufficient resources not provided? why was there not a scoping exercise of sufficient strength and scope to allow this detailed and necessary work to be done within the time allocated? it will now enter its fourth year.
           in terms of trust, each and every report has been delayed, with the exception of the first interim report which simply asked for an extension of time. the second was received by the minister in september 2016 and published in april 2017. the commission felt the necessity to publish a report to highlight the fact that the manner in which unaccompanied children in mother and baby homes had been excluded from the redress system or an alternative redress system defied logic. there was no answer from the government. the commission was simply ignored.
           the technical report was on the minister's desk in june 2017. certainly, the options were on her desk. the full report was on it in september 2017 and published on 5 december 2017. again, there was a significant delay. there is a four page document - a note - that does absolutely nothing in the report to set the context at that stage, more than two years after it had been set up. it is a descriptive note that places nothing in context and makes no provisional conclusions.
           the discovery by the commission in march of 20 chambers, partially examined, of human remains caused international headlines. what is important for us, survivors and the families is what happened in the excavation. where is it at? what about the role of the coroner? under law the coroner has a serious statutory role to play. where is the report on his role? what inquests have been carried out? when were they carried out? if none was carried out, why not? 
           there was talk tonight of consultation and collaboration which was welcomed by deputies. that is their business and they may well see the need for it, but i see the need for honesty, open communication with survivors and their families and respect and dignity that are absolutely lacking. i am not speaking about the minister in a personal capacity; i am talking about the delays. when i examine page 56 of the technical report and the five options to which i will come back if the acting chairman will allow me-----"
2018-02-13,dail,https://data.oireachtas.ie/akn/ie/debateRecord/dail/2018-02-13/debate/main,329,Deputy Mattie McGrath,Deputy Mattie McGrath,"deputy mattie mcgrath
          i am happy to speak briefly about this issue. when the minister, deputy katherine zappone, published the third interim report of the commission of investigation into the mother and baby homes in december last year, she made it quite clear that the government had agreed to a request from the commission for an extension of one year to allow it to complete its fact-finding and information gathering process. the additional time will ensure the investigation can comprehensively address the wide range of public concerns referred to it. the minister also announced that she would establish a collaborative forum to support former residents to develop solutions to issues of concern to them. that is also welcome. i must admit, however, that i was surprised to hear the minister had felt it necessary to invite the un special rapporteur on the promotion of truth, justice, reparation and guarantees of non-recurrence to visit ireland to assist with the project. by any yardstick, i do not share her high regard for the united nations' so-called human rights institutions. in my experience, these institutions are riddled with moral hypocrisy and have a skewed view of what constitute human rights, as well as a history of gross interference with the sovereign rights of nations to control their own laws; nor do i see why the investigation cannot be overseen by the statutory authorities of the state. while it is an argument for another day, will the minister explain why it is so important to involve the united nations?
           to return to the interim report, i note that it is proving difficult to find the records of some health authorities. it is not clear if they have been lost or destroyed, or if it is simply the case that no one knows where they are.
          the report indicates that this may be due to the change in structures during the years of local authorities, boards of guardians, boards of public assistance to the health boards and then the hse and, in some cases, the child and family agency. the commission is continuing its efforts to find the material. i wish it well in that regard. we all need the clearest picture possible, including the families. 
           i am disturbed to read that while there are detailed death records available, there are significant gaps in the information on the burials of babies who died in a number of the institutions under investigation. the commission notes that while it is continuing to make inquiries about burials and burial records, it appears that it is an area in which it will be difficult to establish the full facts. that is something that must be continually borne in mind as we move forward as it will help us to avoid any summary rush to judgment in the clear absence of the facts. 
           this is also an opportune time to discuss some of the current failures in child protection. this will help us to realise that while the mother and baby homes issue is historical, the failure of the state to protect children is ongoing and very real. we can come into the house and pontificate and lash out about what happened in the dark days of the past, but we have very real failures occurring this very minute and hour all over the land. i want the minister to acknowledge this and try to deal with the issue. last year she gave me a breakdown of the number of children under the age of one year who had been in state care from 31 december 2011 to 2015. in 2011 the number was 136; in 2012, 148; in 2013, 136; in 2014, 139; and in 2015, 121. the numbers are truly astonishing. they show that we still have a desperate situation in the treatment of mothers and babies in the state. that is to say nothing of the number of children who died in state care in recent years, a matter i have raised previously with the minister. however, it bears repeating that there were also 56,000 reports of child abuse in the past three years across all categories of neglect and abuse, which is a shocking figure. will the minister also be calling in the un special rapporteur on truth to investigate these matters and, if not, why not? the figures provided for me by her department show that there were 19,407 reports of physical, sexual and emotional abuse, as well as neglect, received in 2013 alone, again a shocking figure in just one year. in 2014 the number of cases reported in the same categories was 18,676. in 2015, the number was 18,235. in total, in 2015 there were 43,596 referrals to tusla under the minister's department, a staggering figure. 
           i refer to recent history and history in the making which is not good. it does not make good reading and it is not goof for the memory in the context of future investigations and tribunals. the statistics point to an alarming undercurrent of violence and neglect that is still being perpetrated on innocent children in our society. will minister show the same diligence in dealing with this matter that she is showing in dealing with the mother and baby scandals? we can write and talk about what happened in the dark days of the past and can blame the catholic church and everybody else. however, this is happening under our watch with all of the education that is now supposed to be available, with of all the equality legislation that is supposed to be in place and with all of the powers of investigation that tusla and the hse continue to have. i ask why is this happening. i hope the media will focus on it also because if we learn nothing from the past, we are capable of repeating the same problems and we are, in spite of all the millions being pumped into dealing with them. we had a debate on child care two weeks ago. it is both shocking and staggering. i know of cases, about which i have been on to the minister. the minute a person is onto tusla, it is totally taboo and not possible to inquire. tusla has a lot of questions to answer. i had it in my county and otherwise about the way it did and did not get involved, but we should have seen the mistakes. 
           however, what did we do? we set up tusla and hived off a huge number of staff. there is interference from the side and i am being distracted. the staff were just moved into other positions. there are bound to be teething problems, but in this instance, they were more than teething problems. they are continuing and serious. i meet gardaí every weekend in my constituency, as others do in their constituencies, if they were to be honest. they receive calls at 3.20 p.m. and 4.20 p.m. on a friday evening. i am referring to calls about problem in families with children. gardaí are told they are in charge and can deal with the problem over the weekend. that is not good enough. it is not fair to members of an garda síochána. they are busy and have to police a lot of areas, but this happens continually. calls are landed on their desks shortly after lunch on a friday because there are not enough social workers on duty. i am not knocking all social workers and all that they do, but there are lots of problems and i referred to the figures earlier. that is no way to treat a problem by handing it over to members of an garda síochána who much of the time are ill equipped and untrained to deal with it. to where will they bring children in question and their families? will they bring them into the garda station and try to find a foster home for them? i salute the foster carers that make their houses and homes available. however, there are lots of problems under the minister's watch. it is important that we also bring in the united nations special rapporteur to deal with this issue. i can tell the minister that there will be investigations into what happened in 2011, 2012, 2013, 2014, 2015, 2016, 2017 and 2018 under our watch, for which we will have to be accountable and come up with ideas. we cannot blame all religious institutions and whoever else we feel like blaming for what happened in bygone days when we were always told we were backward and this and that. we have all of the education we need and are still letting the same thing to happen right under our noses on an hourly basis."
2018-02-13,dail,https://data.oireachtas.ie/akn/ie/debateRecord/dail/2018-02-13/debate/main,330,Deputy Anne Rabbitte,Deputy Anne Rabbitte,"deputy anne rabbitte
          come on; this is about mother and baby homes."
2018-02-13,dail,https://data.oireachtas.ie/akn/ie/debateRecord/dail/2018-02-13/debate/main,334,Deputy Seán Canney,Deputy Seán Canney,"deputy seán canney
          i welcome the opportunity to speak about mother and baby homes. i compliment the minister on her endeavours in dealing with this sensitive issue. earlier we listened to how galway county council was dealing with the issue in tuam. i come from tuam and was educated there. i have met a lot of people, some of whom are in the visitors gallery, who have been affected in one way or another. i refer to survivors or family members of people who passed away. it is a sensitive issue and we have to make sure we deal with it in a way that we will satisfaction for those who have been affected by this terrible tragedy.
           one of the things i find in speaking to survivors is that they find themselves in a position where they are beginning to talk about their experiences. they are talking to one another about them. they are talking in groups and beginning to find some consolation in the fact that they are meeting others who have had the same experiences. over a long period of time, from the time they were babies until they started to talk about it, they were holding it as a dark a secret as if there was something wrong with them. at this stage what we have to do as a state is to make sure we find the truth for them and make reparation.
          as deputy mattie mcgrath mentioned, we must be as vigilant as possible to ensure it will never happen again in this country or elsewhere.
           i met the group in tuam before christmas. we went to the site, said some prayers, read some poems and sang some hymns. there was reverence. it must also be taken into account that the lives of those who live in close proximity to the site have been affected. even though they are innocent and had no part to play in anything that happened, there has been an intrusion in their area and lives. we must respect them as well and ensure they get the support they need in terms of counselling, advice and information on what is happening.
           questions arise as to how to go about this work and ensure everyone is treated fairly. at the end of the day, decisions will have to be made. the minister is in the consultation process. it is important that everyone get a fair crack at stating his or her case. however, time is an issue. personally, i do not mind delays if we find the truth, but some people will be frustrated by how the timeframe keeps lengthening and by the delays in the process. we must be sensitive to this issue and spare no effort in doing everything that we can as humanly and as quickly as possible. i have great confidence that the minister will do so. she will treat this situation with the compassion it deserves. we are not proud of it as a society, but we must deal with it.
           it is not widely known that counselling services are available to the victims. barnardos is running a service whereby it takes appointments and sees people in the new primary care centre in tuam. more information on this service needs to get out in order that people know about it.
           i wish to make another point. it is a comment rather than a complaint. when people telephone for advice, there might not be someone on the other end of the line, meaning that they have to telephone time and again. someone might not revert to them for a number of days. we must ensure that, when people telephone, someone responds to them. otherwise, people will become even more frustrated.
           we will have to make tough decisions on what to do, not only in tuam, but at other sites. whatever we do, we must ensure we get to the truth and that those who have been affected receive reparation. in modern society, we must be vigilant against anything like this happening again."
2018-02-13,dail,https://data.oireachtas.ie/akn/ie/debateRecord/dail/2018-02-13/debate/main,335,Deputy Niamh Smyth,Deputy Niamh Smyth,"deputy niamh smyth
          we in fianna fáil welcomed the commission of investigation into mother and baby homes when it was established. we recognised the importance of the commission in delivering justice and accountability for all those affected by mother and baby homes.
           the commission's third interim report makes a request to extend the deadline for its reports on its findings on the institutions being investigated. this will add a further year to the timeframe. it should be noted that this represents the third extension of the deadlines for these reports. while we appreciate that the commission is undertaking a complex and somewhat unpredictable task, fianna fáil is of the view that the commission must complete its work as quickly as possible, as it is an important mode of investigation and recognition of the experiences of irish women and their children in these homes.
           given the united nations' comments on the terms of reference being too narrow and feedback from survivor groups, we are supportive of the terms being expanded. furthermore, we will be engaging with survivor groups to discuss and consider how their input can best be integrated into this report.
           the treatment of mothers and children in these institutions is a dark chapter in our country's history and a complex issue. questions still abound about the nature of justice and retribution for survivors. we must be thorough in our search for the best possible model of justice for them. our hope is that this investigation, under the direction of judge yvonne murphy, can contribute in a meaningful way to that process. we welcome the publication of this report as an important step towards the final report and as an important milestone for survivors. many survivors of mother and baby homes are reaching their later years. for this reason, it is imperative that justice and recognition be delivered to them as quickly as possible.
           we have always supported the commission as a means of bringing justice to the victims of these homes and we remain supportive of the process of the commission. furthermore, in recognition of the immense and widespread suffering that survivors experienced in the institutions excluded from the current terms, and given the united nations' assessment of the terms of reference being too narrow, fianna fáil fully supports the broadening of the terms of reference. we also support the establishment of a forum for survivors to share their experiences and viewpoints in an open and safe environment. it is crucial that we record as much information and as many experiences as we can at this juncture. given how difficult it is for many survivors to discuss their experiences, however, it would be easier and more appropriate for them to do so in a setting that is non-legalistic and does not imply guilt or blame on their part.
           these changes must be concurrent with broader discussions of justice for survivors of mother and baby homes. we must examine international best practice and other examples to find the best possible process for justice to be delivered to the survivors. now, and as always in this process, we believe that it must remain survivor focused. to that end, we welcome the minister's decision to seek public consultation on further action and to investigate the possibility of expanding the scope of the inquiry."
2018-02-13,dail,https://data.oireachtas.ie/akn/ie/debateRecord/dail/2018-02-13/debate/main,338,Deputy Louise O'Reilly,Deputy Louise O'Reilly,"deputy louise o'reilly
          while the announcement of a delay to the commission of investigation's report is disappointing, the reasons for the delay - the sheer amount of documentary evidence - cannot, and should not, be disputed. i would have preferred it if additional resources had been requested when the scale of the documentary evidence became apparent in order for the report to be published on time. i accept the minister's bona fides on this issue. it concerns her greatly and she does not want to add her name to the list of people in power who have let the women in question, their families and the survivors down. it is regrettable that we are not here to discuss the report in full. the survivors of mother and baby homes have waited so long. some of them are no longer with us and, unfortunately, others may not see another year. extending the report's finalisation date by a year should have been a last resort. nevertheless, the preference of almost all of the survivors is that there be an acknowledgement of the horror of the mother and baby homes, an official apology to the survivor community and an interim redress payment to the elderly and dying survivor community. we do not need a report to instruct the government that this should be done.
           it is important that the report reflects the horror that the victims suffered and the role of successive governments in facilitating these homes to operate their abuse. we should not shy away from this. therefore, if there is a request for a further year, it is important that it be made in order to study documents and relay the truth and not be part of some whitewashing or dilution of the true horror that these survivors experienced.
           i welcome the minister's announcement, including on the establishment of a collaborative forum to support former residents in developing solutions to the issues of concern to them. unlike one of the previous speakers, i welcome the decision to invite the un special rapporteur on the promotion of truth, justice, reparation and guarantees of non-recurrence to ireland.
           i must finish by saying the survivors from institutions included in the commission of investigation deserve justice as soon as possible. they do not deserve further delay."
2018-02-13,dail,https://data.oireachtas.ie/akn/ie/debateRecord/dail/2018-02-13/debate/main,339,Deputy Martin Kenny,Deputy Martin Kenny,"deputy martin kenny
          many of the people involved are getting older and facing ill-health. about a month ago i spoke to a woman who had been in the home in tuam where she had gone through a very difficult time. the extension of time really concerns her. where will it end? people need to be given an absolute assurance that we will come to a conclusion of this process very soon. it has altered their lives and those of their families and everyone around them. 
           it is almost six months since we debated this issue. a couple of weeks after the last debate i met a man who told me that his brother had worked in one of the homes in the 1950s and later emigrated. the reason he had emigrated was that he had worked there for about four or five months and had been shocked by the attitude the people who ran the place had towards whom he described as the inmates. it had been like a prison. it had brought the person concerned to a situation where he felt he could no longer stay in ireland and had to leave. it was not for financial reasons, the reason most people emigrated, but because of what he had experienced and the type of country he thought it was. 
           we need to recognise that our past is something we cannot change. we have to be careful about how we talk about it and what we do about it. none of us in this house is responsible for what happened in the past, but we are responsible for how we deal with it. that is what this is about. it is about how we deal with the consequences of the wrongs done in the past. we really need to focus on this issue. how we deal with this will be a reflection on us and the part we played for future generations. the minister is genuine and the government wants to try to do the right thing. however, a lot of people are fearful that it is playing for time. it needs to be acknowledged that it is not playing for time and that we are trying to find a solution. there is a need for a solution that is wholesome for the people involved and society in order that everyone will feel he or she has a stake in this process. what happened in the mother and baby homes is a poor reflection on our past. we now have an opportunity to change it."
2018-02-13,dail,https://data.oireachtas.ie/akn/ie/debateRecord/dail/2018-02-13/debate/main,340,Deputy Bríd Smith,Deputy Bríd Smith,"deputy bríd smith
          i am sure the minister read the article by fintan o'toole at the time the tuam babies scandal broke last year in which he said:
          the abusive relationship between church, state and society may, like the dead babies that have haunted us in recent weeks, be buried beneath the surface of our postmodern globalised reality. but its consequences still lurk in our bloodstream and until we understand them, the past will be our present and our future too. 
          i agree to the extent that i see the mother and baby homes not as a legacy of the dark past but as part of the uncontested control of the church. that marriage between church and state continues to pervade the education system, health services, the running of hospitals and schools and the debate on the reproductive health care of women. the interim report contains a number of striking things. i accept the minister's bona fides. i also accept that the investigation has expanded and that more time is needed to complete the report. i accept that the widening of its remit and scope means that the commissioners need more time. we have to question the length of time required. it will be another year before conclusions are made. survivor groups and advocates have pointed out that many of those directly affected, including the survivors, children and siblings of mothers who were incarcerated, are now elderly. there are many who have or will pass before the operation has been completed. we need a sense of urgency which i do not feel in the house. we need the sense of outrage and urgency that we felt last year when the story first broke. with it we need a strategy that will deal with this process much more quickly. does the minister believe she has sufficient resources to deal with it completely and properly and with a sense of urgency that allocates a sense of decency to the survivors who are left? will she try to address that question? it is not really a concern about the delay in finding out the very intricate details of what bones were found, the dates or the evidence we can obtain from witnesses and beyond. it is also about retribution and the redress afforded to the victims. i do not understand why that cannot even partially be run in tandem. there should be a parallel operation in which the evidence is found at the same time as we look after the victims of such abuse. 
           there is a wider issue about the legacy of the past. the church ethos and rulings still affect the education curriculum in schools. the ethos and rules still affect a wider question about how we run schools and hospitals. there are cases of parents whose children's futures are uncertain because, for example, the edmund rice schools trust which owns lands on which schools are located is not willing to give long-term leases but has instead given leases to schools that will expire in a few years' time. parents and entire families are fretting about the future of the education of the children. the state continues to contract out key services in health, education and housing to religious charities and religious groups when we have such a dreadful legacy. 
           since the woods deal in 2002, 16 years ago, there has been the possibility of having a shared retribution scheme to meet the cost of compensating the survivors. the church, in all its aspects, has completely fallen down in its duty to the state and the survivors. the figures mean that it would be paying back more than €750 million to the state in redress costs when, in fact, it has paid around €400 million. the woods deal, done by the then fianna fáil minister for health, allowed the church to get away without indemnifying the legacy it had left. when i see the edmund rice schools trust taking legal action against the parents and the board of the educate together school in clonkeen college or the uncertainty faced in my area because of the lack of a proper lease from the edmund rice schools trust, i see the legacy of the mother and baby homes in tuam and elsewhere. i see the gross interference of the church in the education system which for it is all about profit, money and what it can extract most for itself. there is a lot of unfinished business. the survivors will never be truly compensated until we actually have a genuine separation of church and state and run schools and hospitals on a secular basis. 
           does the minister believe she has enough resources to deal with this process? is there a way that, in tandem with the criminal investigation, we can compensate the victims who are still alive?"
2018-02-13,dail,https://data.oireachtas.ie/akn/ie/debateRecord/dail/2018-02-13/debate/main,342,Deputy Maureen O'Sullivan,Deputy Maureen O'Sullivan,"deputy maureen o'sullivan
          the issue of institutions, whether it be mother and baby homes, industrial schools or magdalen laundries, is harrowing and very sad when we think of the lives lost and destroyed, not to mention the physical conditions and brutality experienced by so many. few survivors have spoken about the care they received in the institutions. it is very difficult to comprehend how adults in the so-called caring professions could have been so callous, repressive, cruel and judgmental. in many cases, they were like that with children. the families of survivors also have to share the blame because they, in many cases, were the ones who put their own members into the institutions."
2018-01-24,dail,https://data.oireachtas.ie/akn/ie/debateRecord/dail/2018-01-24/debate/main,365,Deputy Denise Mitchell,Deputy Denise Mitchell,"deputy denise mitchell
          i commend the citizens' assembly and the joint committee on the eighth amendment of the constitution for the incredible amount of work they did. i remember marching in the 1990s about the x case when a 14-year-old girl became pregnant as a result of rape and was prevented from travelling to england to have an abortion. it was an appalling case which highlighted for many women the reality that they were second-class citizens in their own state. it was a state in which the catholic church held sway over society. we need only look at the disgraceful and horrific treatment of women and children who were incarcerated in magdalen laundries and mother and baby homes to see how the state and religious institutions persecuted and oppressed women.
           let us not be fooled into thinking that somehow we have all escaped this ill treatment and persecution by the state. we have not. the eighth amendment is one of the biggest obstacles the state and we, as women, will overcome on our away to achieving equality. i commend the women who continued the struggle for equality during the decades. it was certainly not an easy thing to do. they were vilified by the media, religious institutions and the political establishment. i also commend a new generation of young women who have taken up this fight. we would not be having this debate if it were not for their activism and campaigning.
           on a personal note, my heart goes out to the women from every city, village and town across ireland who have had to make the lonely journey to england to avail of something which is recognised in most states as a fundamental right. i have spoken to many of them and the way they have been demonised by some commentators and campaigners is shameful. the eighth amendment was inserted into the constitution 35 years ago and a generation of women of childbearing age have not been given a say on an issue which affects them. it is time to hold a referendum on the eighth amendment. i will certainly vote in favour of the repeal bill when it is brought before the house and campaign for the repeal of the eighth amendment. it is time the issue was dealt with and the women of ireland had their voices heard."
2018-01-24,dail,https://data.oireachtas.ie/akn/ie/debateRecord/dail/2018-01-24/debate/main,370,Deputy Stephen S. Donnelly,Deputy Stephen S. Donnelly,"deputy stephen s. donnelly
          the questions being debated are these: should the eighth amendment be removed from the constitution; and if so, under what conditions should abortion be available in ireland? i will address each of these but before i do, i would like to recognise that there is a wide range of views, both in the oireachtas and in the country, and say that i believe those on both sides hold their views with sincerity and conviction. the debate in the oireachtas has been one of passion and respect and i hope that will continue, here and around the country, in the coming months.
           i believe the eighth amendment should be repealed. as for the conditions under which abortion should be available, i believe the committee recommendations have got the balance right and i will speak to these shortly.
           at the heart of this debate is a question of control by the state of women and women's bodies and on that question, ireland has a dark and shameful history. we are becoming more aware of the outrage that was the magdalen laundries where women were literally incarcerated as prisoners. those who were pregnant had their babies taken from them, and sold. we are just recently aware of the tuam mother and baby home and when that report is published, it will detail yet another horrific chapter in the institutional abuse of women with crisis pregnancies in ireland.
           while this level of horror may be in the past, the state still has a long way to go when it comes to equal opportunities for pregnant women and mothers. the survivors of symphysiotomy campaigned for years but were ignored. a pension gap exists for many parents, the majority of whom are mothers who left work to raise their children. child care costs remain among the highest in the world - a barrier for all parents, in particular, mothers, and affecting their career choices. the rate of enforcement of maintenance payments in ireland, in the main, required by mothers, is one of the lowest in europe. ireland's maternity pay is one of the lowest in europe. the biggest rise in deprivation during the crash was experienced by lone parents, the majority of whom are mothers.
           then, of course, there is the eighth amendment. combined with the subsequent supreme court ruling on the x case, it means that abortion is permitted in ireland if there is a real and substantial risk to the life, as opposed to the health, of the mother. under any other circumstances, it is a criminal offence with a prison sentence of up to 14 years. this includes cases where the health of the mother could be seriously damaged. it includes fatal foetal abnormality, incest and rape. it exposes vulnerable women in our country every single day.
           earlier today i had the following experience shared with me. a few years ago, ""a"" was 18 years old when she became pregnant. she was in first year in university and had just moved out of home. none of her school friends was attending her college and none of her family lived nearby. she was in a bad relationship which broke up, with her believing that she was free of him. one night, several months later, he arrived to her house drunk and he raped her. she became pregnant. when she found out, she flew to the united kingdom. she took a long bus journey and booked into a cheap bed and breakfast. then, on her own, she had an abortion. she told her friends she was travelling to the uk to visit relatives and she told her family she was travelling with her friends. later, she admitted that she feared that she would be arrested for what she has done. she would not have been arrested but if she had had the abortion in ireland, under the current law, she could have received a longer jail sentence than the man who raped her. that is the legal position in this country today. that is what is causing women, such as this one, to go abroad and do what they have to do instead of being cared for here.
           the eighth amendment does not prevent abortion. what it does is force women with crisis pregnancies, including those who have been raped, to travel abroad or to order an abortion pill online, which they take with no clinical or social support. what the eighth amendment does is force women with unviable pregnancies to either carry to full term or seek clinical help from another country. who has the right to force this on women? i do not believe i have that right. i do not believe anyone here has that right. i do not believe the state has that right. the eighth amendment is not fit for purpose. it should never have been put in the constitution and it needs to be repealed.
           under what conditions should abortion be available in ireland? the committee is recommending the following: unrestricted access up to 12 weeks, in part to account for cases of rape and incest; where there is fatal-foetal abnormality; and where there is a risk to the life or health of the mother, including both mental and physical health. the recommendation from the committee is that the assessment of risk should be made by at least two specialist physicians.
           some believe the recommendations of the committee do not go far enough. for example, the citizens' assembly recommended an unrestricted period of 22 weeks compared to the 12 weeks recommended by the committee. others believe the recommendations go too far, with some, for example, supporting repeal and abortion in the case of rape, incest or fatal foetal abnormality, but being uncomfortable about the 12 week period.
           the committee recommendations have struck the right balance. for example, without this unrestricted period of 12 weeks, it would not be possible to legislate for abortion up to 12 weeks in the case of rape. the reality, of course, is that abortion is already happening in ireland, unrestricted, close to 12 weeks, via the abortion pill. the committee recommendations would not make abortion more widely available in ireland. what they would do is allow ireland provide the clinical and social supports these women need.
           there is evidence of other countries liberalising their abortion regimes and ending up with lower rates of abortion, and if that is what we want here in ireland too, then there are other things we need to do as well as repeal the eighth amendment. we need better prosecution rates in cases of rape. we need better enforcement of maintenance payments.
          we need to provide free child care services in colleges and in situations in which mothers need free, decent quality child care to allow them to get on with their lives and have the baby. we need to improve maternity payments. it is outrageous that in a country as wealthy as ours we have some of the lowest maternity payments in europe. when it comes to pregnancy, particularly crisis pregnancy, the irish state has a history of trying to control women, and this has led to bad, dark, shameful outcomes, many of which we are only beginning to learn about now. from forcing women to leave work to incarcerating them, to taking their babies away from them, to not providing the care they and their babies needed, leading to infant mortality. this must end. the state must start trusting women and clinicians and start accepting that, between them, they know what to do in these situations.
           it is important that the voices of women are to the fore in this debate. women are still in a relatively small minority in this house. it is important their voices are heard in this house, in the seanad and across the country. when that debate has concluded, it is my hope that the eighth amendment will be repealed and removed from our constitution. it is my hope that the recommendations of the committee will be seen in the legislation to be proposed and ultimately passed by the oireachtas. it is my belief that this will lead to a more compassionate ireland. it is my belief that repealing the eighth and following through with the committee recommendations would be important steps on a road to a truly equal ireland."
2018-01-18,dail,https://data.oireachtas.ie/akn/ie/debateRecord/dail/2018-01-18/debate/main,193,Deputy Bernard J. Durkan,Deputy Bernard J. Durkan,"deputy bernard j. durkan
          despite that, i had three dáil elections and a seanad election behind me. i can recall the debate very well. it was a very hotly contested debate, full of acrimony, full of accusations, full of unpleasantness and full of false allegations. it did not do any good for our society. in fact, it divided society badly at that time.
           i sat in on most of the hearings chaired by the now senator jerry buttimer in 2013 in course of the run-up to the then minister, now senator james reilly's protection of life during pregnancy bill. many of the same issues arose again as well as quite a lot of unpleasantness, allegations and counter-allegations. in more recent times, in the past couple of years, we have spoken about the magdalen laundries, the mother and baby homes and the way pregnant women were treated in this country for a long time, and it was not only in this country but in other jurisdictions as well. we have learned the way they were shunned from society - our so-called caring society - and sent into oblivion, where somebody else would care for them and look after them, and the nuns were then blamed for maltreating them afterwards. society walked away. society did nothing. society chose not to look at what was happening at the time. i hope the debate we are having now brings us forward in a way that recognises people's situations as they are, not as they are perceived to be. it would be hugely important to us, as a society, even at this late stage, to recognise that times have changed, time has moved on, science has changed and people's attitudes have changed, and we have to move along with that.
           as i said during the course of the hearings and have said many times in the past, i am not in favour of abortion. however, i recognise that particular situations have arisen in recent years that require to be looked at again. i have always singled out rape as one situation. i do not agree at all with the notion that the victim of rape should have to continue to bear the product of that rape afterwards, to the satisfaction of the perpetrator. i could never in my life understand that argument. it was trotted out several times in 1983 and it was trotted out in 2013 as well. i am not saying that to aggravate anybody, it is just that i cannot see the justice in it at all. it is similar in regard to incest.
           i know people have said, in regard to the findings of the committee, that it was strange there should be unrestricted access to abortion. in fact, that is not the case. there is unrestricted access to abortion at the present time on the internet, although it is illegal and there is no supervision, no medical advice and no counselling. in a situation like that, as in the past, there have been tragic circumstances. it is incumbent on us now, as legislators, to ensure this does not continue. if we want to become hardline on it, we can say we will ban the internet, or ban abortion on the internet, but reality is reality. times have changed, and it is not possible to do that sort of thing. it is necessary, given the duty of care the state has, to take some measures to ensure that women who are pregnant and who may have to have recourse to the internet to achieve what they feel they require at the time are protected. society has to protect them and we have to put in place the medical supports, backup and counselling that is required. as deputy clare daly said, it may not necessarily always be an abortion that is required but support is required. there is a need to recognise the isolated situation in which some women have found themselves. we need to ask ourselves whether we want that to continue. do we want to help them, do we want to offer a helping hand or do we want to do nothing?
           a long time ago, i read adam bede, a famous book written by a woman writer under her pseudonym, george eliot. it was similar to far from the madding crowd, which we saw a couple of weeks ago, where the same scene was enacted again and again. life goes on. times have changed but the same fault lines have occurred, the same mistakes have been made and there has been the same failure to react sympathetically to a situation that was obvious in those times and again in the 1970s, 1980s and 1990s. the point i am making is that as legislators, there are times when we have to remain silent, times when we have to take action and times when we have to show leadership. it is incumbent on us to show that leadership now and to offer the help, support, sympathy and solace needed during pregnancy.
           i remember that people would say, way back, that women had been becoming pregnant for millions of years, and so they have. however, it is not all occasions that it is trouble free. that is the thing we all need to ponder. when a difficulty arises, for example, where a single girl, on her own, has to try to make up her mind as to what is the best thing to do, is it not incumbent on us to offer support and to provide a backup medical service and support for her so she is not left alone? i think it is, and that is what the committee is doing.
           the committee also did another important thing, which i have pointed out on many occasions. it highlighted that both sides in this debate over the past ten years have said at one time or another that they want a referendum. that is a fact. it has been said for different reasons, admittedly, but both sides have wanted a referendum. i believe it is necessary to have that referendum now. i agree with the speakers who said it has been a long time since the previous one, which it has been. it is important that we have the referendum. it is now down to the people. the committee did a great job and every member of the committee did to the best of their ability what was required of them. they asked the questions, heard the evidence submitted and tested that evidence, as they were supposed to do. the chairman did a very good job with a very sensitive and, very often, challenging subject, and she did it well. however, it is now down to the people and they cannot stand aloof. society is making this decision. society cannot stand aloof and say it does not agree with what the committee did. some people may not agree and some people may, but there is one thing we cannot get away from, namely, a decision has to be made and only the people can make that decision. we have tested the evidence that has come before us. we have asked the questions. not everybody has liked the questions we have asked, not everybody has liked us and not everybody has liked the subject as presented, but it has been presented to us in good faith. we could like it or lump it, as they say. the evidence was there before us. it was up to us to ask how the citizens' assembly came to its conclusions and we did that to the best of our ability.
           some of the evidence adduced was challenging, to say the least, and was distressing on numerous occasions, as referred to by other speakers. it was distressing because we had lived through this ourselves. we remembered some of the sequences that were raised during the course of the hearings. for example, we read the coroner's report in the savita case, which was really sad. it was so sad, moving and disturbing that words could not describe it. i thought then that it was our duty, and it remains our duty, to learn from that and to do what we can to hand this over to the community, to the people, to society to make this decision. let them now be the judges. let them ask themselves and ask their peers, in a quiet and persuasive way, what is the right thing to do.
          if they do that, they will come to a conclusion that is amicable and generally in line with the findings of the committee. there may be changes or improvements, but that is a matter for the minister and others. i compliment him and every deputy who has contributed to the debate so far. their interesting, caring and knowledgeable contributions were the kinds of response that we should have had when dealing with this subject more than 30 years ago.
           during our consideration of this matter, counselling and support were some of the most important issues that arose. a great deal of time was spent in 2014 debating what should happen where the health or life of the mother was threatened. this is one of the issues that we should consider very carefully. some health conditions, such as diabetes and high blood pressure, can accelerate rapidly in pregnancy and quickly develop into life-threatening situations. this was pointed out in the savita case. over the years, some of us have had experience of dealing with people in that situation. one quickly learns what one would do if one had to advise the people concerned. medical professionals are in this situation all the time. their duty is to advise on what should be done and to be alert.
           if we balance everything on a 50:50 basis, surely we must take into account the life of the person who has the central role, namely, the pregnant woman. should we ignore that and recommend that she wait a little while longer so that we can see how the situation progresses? sepsis, for example, can rapidly reach its zenith, and then it is all over. there is no coming back from that tragedy. it is all very well for us to step away and say that it was unfortunate or we are sorry the woman was lost, but ""sorry"" does not undo the tragedy. when we have available to us the measures necessary to take the steps that should be taken at a crucial time, the judgment call should be to protect the mother. surely we have reached that juncture at this stage in our development. i hope that we have.
           i also hope that the committee's discussions will be of some benefit to the general public when they come to make their decision. if not and the argument revolves around issues other than those thrashed out by the committee and the citizens' assembly, it will have moved away from the subject matter that should be central to the debate. i hope that those involved will recognise the necessity of keeping the debate on track and focused on the issues that have affected the women of this and other countries for millennia. they should also keep in mind the fact that medicine has advanced, times have changed and what was acceptable 30 or 40 years ago is no longer acceptable.
           i hope nobody believes that the victim of a rape should have to continue to enjoy the aftermath. ""enjoy"" is the wrong word. the woman at least needs to have some kind of choice in that situation. otherwise, we are saying that society or a judge in a court will decide. there is no place for that; we do not have time for that. this is about medicine, health and the need to do what is required at a crucial time.
           that is why the ten-week or 12-week issue arose. it seemed odd until the evidence was tested. when we asked ourselves how the citizens' assembly had reached that conclusion, two factors came to the fore, the first of which was the ordering of abortion pills online without supervision, medical advice or medical control. if a medic became involved, there was also the danger of him or her being charged with committing a criminal offence. that part of the debate was conclusive. the abortion pill is available on the internet. first there was the morning after pill and then the week after pill. now there is a three-month pill. we listened to all the arguments against this, what it meant in terms of preventing the lives of unborn babies and so on, but contraception means that as well. during our debates, we received strong evidence from the medical profession to the effect that, with proper sex education in schools and the availability of contraception, there had been a considerable move away from abortion on the grounds that it was unnecessary.
           in previous debates, particularly those in 2013 and 2014, there was a suggestion that women would automatically claim to be mentally unstable in order to avail of an abortion. that is not true at all. however, a woman could have a medical condition that, combined with being pregnant, could affect her quality of life and judgment. the courts have proven this in the meantime. in 2014, we were told that thousands of women would seek this option, but they have not. in the consecutive years since, the numbers have been approximately 25, 24 and 26.
           all this clearly indicates that women do not seek to have an abortion just because they want one. there are compelling reasons and worries in their minds that they know they must deal with themselves. on this occasion, there has been a recognition that we need to do something.
           the committee's recommendation is not abortion for all. rather, it provides for something that has been happening in any event. illegally, as matters currently stand, with all of the potential consequences of something going wrong. society needs to take its share of the responsibility for addressing the issue and supporting those who are directly affected. we must attempt to ensure that we do not continue with the kind of attitude that society had in the past. if this debate continues and people take the judgment call seriously, the outcome will accord with their wishes. that will be something of which society can be proud."
2018-01-18,dail,https://data.oireachtas.ie/akn/ie/debateRecord/dail/2018-01-18/debate/main,194,Deputy Lisa Chambers,Deputy Lisa Chambers,"deputy lisa chambers
          i am grateful for the opportunity to contribute on this historic debate on what is a key issue for women's rights and health care. i found it difficult to put together the words for my contribution because the other committee members and i had spent the best part of the past four months focused on and immersed in this issue. we dedicated our time to listening to the evidence and hearing the facts, be they legal, medical or academic, surrounding this contentious, divisive and emotive subject.
           i thank the committee chair, senator noone, for her diligence, patience and expertise. chairing the committee was difficult. i also thank the clerk and his team, who did a fantastic job.
           i feel strongly about this issue, but i will try my best to remain composed. regardless of whether we realise it, we all know someone who has been affected by the eighth amendment. it may have involved a fatal foetal abnormality or a pregnancy that she deemed for certain reasons to be a crisis in her life. for those engaging in this debate inside and outside the house, it is important to remember that, when they speak, they do not know who is listening, how people have been affected or to whom they are talking.
          approximately 170,000 women have accessed a termination abroad and they could be listening to them when they make their remarks. 
           one of the matters with which we must grapple is the type of country we want to live in and the type of country we actually live in right now. what values do we hold dear? i want to live in a country that is compassionate, caring, just, fair and equal. can we really say today that women who find themselves in crisis pregnancies feel as though they are living in a country with those values? our history in this country of the treatment of women is one that i find shameful; it angers and upsets me. on a regular basis, scandals emerge or we revisit a previous scandal or an atrocity that took place not very long ago. we have had discussions recently about the tuam mother and baby home and mother and baby homes more generally, the magdalene laundries, the kerry babies tragedy and the treatment of joanne hayes. these black marks on our society are from the very recent past. although we have come a long way from those times and the way that we treated women in this country, which was to lock them up, throw away the key and not talk about it, i wonder how far we have actually come when i recall some of the commentary we had to listen to in the committee room about women and why they make the choices they make. there have been so many negative comments that i could be here all day talking about them. l received a tweet today that reads, ""you should now try to identify the murdering mothers who are travelling to the uk for abortions and have them jailed for breaking the law"". that is one of many such tweets and if people want to visit any of the twitter or social media pages of committee members, they will see the visceral comments with which we have been dealing for the past four months. one individual said to me that if women do not want babies they should close their legs. another man said that women will use abortion as a form of contraception if we let them do it. another person said to me that women these days are just too posh to push. these are types of comments we are listening to and it is difficult to believe they are being made today. one would think these are comments from 30 or 40 years ago but they have been made recently. 
           i do not accept the labelling of people in this debate as being anti-life. i consider myself to be pro-life; we are all pro-life. however, we must be realistic about the difficulties, challenges and crises facing women. the reality is that we must deal with this. we can no longer sub-contract this out to a different jurisdiction, close our eyes and ears and refuse to talk about it because it is too difficult. in particular, i would suggest that members of both houses of the oireachtas must consider whether we are dealing with this properly. are we happy to continue with the status quo? if members are against the repeal of the eighth amendment, that means they want no change and want to maintain the status quo. that means that if a woman has been raped, they are content for her to be forced to remain pregnant against her will. it also means that if a young girl is pregnant as a result of incest, she should be forced to continue that pregnancy. it means that couples who are expecting a much-wanted baby and who receive a diagnosis of fatal foetal abnormality will not be cared for here at home. that is what being against the repeal of the eighth amendment means - that one is happy for the status quo to be maintained.
           members of the joint oireachtas committee on the eighth amendment of the constitution were asked to consider the recommendations of the citizen's assembly and to put forward our own recommendations and report. we were not beholden to the citizen's assembly report but were guided by it. we meticulously and painstakingly went through every recommendation and we heard evidence and facts for ourselves. we brought in legal, medical and academic experts in the area and listened for hours to evidence - not to opinion but to facts. we came on a journey together, one of which i am very proud. we showed that as a cross-party committee we could work together to produce a report that i hope will be of some significant guidance to the minister for health, his department and to government in formulating the question and to the citizens of this country when they ultimately make the decision for this country. 
           it is worth noting that the committee took a different view to the citizen's assembly on some issues. we did not just follow all of their recommendations but came up with some of our own. we recommended, as a majority, termination of pregnancy without restriction up to 12 weeks. the citizen's assembly recommendation was up to 22 weeks, so we diverged on that issue. we also took a specific vote on non-fatal foetal abnormality in the area of disability and almost unanimously rejected it as a ground for termination. any suggestion, therefore, that the committee is seeking to use disability as a ground for termination is abhorrent. i totally reject that because it is factually incorrect and misleading and anyone who puts forward that point of view needs to read the committee's report again, if he or she has not done so already. 
           it is also worth noting that some committee members have said publicly that they changed their minds. they came to the committee with one view and left with another and the same thing happened with the citizen's assembly. nobody expected that the assembly would produce the report it did. the commentary in the days following publication of its report was that it was very liberal, that nobody expected it and commentators asked how the members got there. they got there because they were educated on the actual facts, realities and the medical and legal evidence that prevails today. they went on a journey, starting at one point and after hearing all of the facts and the evidence, they produced their report. the same thing happened at the oireachtas committee. we listened to the facts and evidence and i find it difficult to understand how anybody, having heard the evidence we heard in that committee, could be opposed to repealing the eighth amendment or to at least having some flexibility in the law. 
           the committee heard lots of expert evidence. we do not have time to go through all of it today but some of it is certainly worth putting on the record of the dáil. this is the information that we digested and it formed the basis of our decisions. dr. abigail aiken said that between 1970 and 2016, at least 184,000 irish women travelled to england and wales to access abortion in a clinic. those figures came from the uk's department of health. her evidence shows that since 2007, women in ireland have been accessing the abortion pill which can be delivered by an post to one's door. since records detailing the numbers accessing the abortion pill began in 2010, some 5,650 women have had the pill delivered to them in ireland. dr. aiken interviewed some of the irish women that have accessed the pill at home and asked them for their views. one of the women she spoke to was edel, a 29 year old mother, who said the following:
          god no, i couldn’t talk to any doctors about it, definitely not, because i was just so scared. you hear these horror stories of women getting arrested and imprisoned. so i was completely alone. i did go in when i found i was at first pregnant when i didn't know what i was going to do and i went in and said, “okay, i'm pregnant”, but i obviously never told them any of my intentions. and their reaction was just like, “great, you're pregnant, we'll put you in for your 12-week scan”. but i couldn’t say anything because you don't know what they're going to react.
           that is the challenge of women taking the pill at home, alone, unsupervised and without access to a doctor. they are afraid to seek help if anything goes wrong because they are afraid they might be imprisoned, shamed and stigmatised. 
           one of the interesting facts presented to the committee, of which i was not aware, was the average age of those obtaining abortions. the general perception is that those accessing abortion are young, promiscuous women who are sleeping around and who pop over to england for an abortion because it is easy but that is not the case. the data collected shows that the most common age group accessing the abortion pill were between 30 and 34. the majority, at 63%, are mothers. the second largest category of women accessing abortion were in the their forties. we do not know the challenges and difficulties these women are facing. 
           one of the most harrowing accounts of the effect of the eighth amendment on irish citizens was that of gerry edwards and claire cullen-delsol, representing termination for medical reasons ireland. gerry spoke about his own and his partner's reaction to getting a diagnosis of fatal foetal abnormality. 
          it is devastating news to hear. our hearts are broken and our worlds stop...for those of us who chose to terminate our pregnancies and were forced to travel to lose our babies, we were basically left to our own devices...we had to make our own travel arrangements and decide if we would go by aeroplane or by car or by boat. how do we get from the airport or ferry port to the hospital? who will travel with us? if we already have children at home, who will look after them? how do we get time off work? do we have a passport and can we even afford it?
          these are the realities. these are the questions facing parents who have had a devastating diagnosis and are grieving. they are told that doctors here cannot help them and that the best they can do is give them a phone number for a clinic in england. doctors cannot even pass on their medical records to the clinic but must give them to the parents to take with them as they travel. 
          it is disgraceful that a modern country would leave grieving families in such situations and that women with much-wanted pregnancies do not receive help in their own country.
           this country's legal system is quite remarkable. under the eighth amendment which criminalises abortion, one can be imprisoned for up to 14 years. the thirteenth amendment specifically allows women to travel to seek an abortion in other countries. the fourteenth amendment which allows women to obtain information here on terminations they must travel elsewhere to procure is, as the phrase goes, an irish solution to an irish problem. we are quite happy for women to have terminations, but we are not happy for them to be carried out on irish soil. it is a case of ""not in my back yard"". how do we reconcile this? how do we think it is satisfactory? what would happen if there was no united kingdom? i shudder to think what the consequences would be for irish women if they did not have access to terminations elsewhere.
           we should remember that the eighth amendment does not affect all of us equally. there are women who cannot travel. they might not be able to afford to travel or they might be too ill to do so. some women have mental health issues that mean that they cannot just get on an aeroplane. the eighth amendment has an even more devastating impact for some women. we need to address the situation of women who are left without assistance in this country, including those who take the pill alone in their homes and are afraid because they do not know what the impact will be and do not know if they can go anywhere for help. many of the women who take early morning flights travel on their own because they are afraid to tell their loved ones where they are going. some are mothers who have to try to arrange care for their children at home. those who cannot travel are left here in fear and loneliness and with the shame and stigma we attach to them.
           dr. brendan o'shea of the irish college of general practitioners outlined to the joint committee how he and his colleagues who provide front-line services for many women with crisis pregnancies dealt with this issue. he gave an example of the scenario that could present at his gp office:
          sandra is 38 years of age and presents to her gp. she has three children but separated from her husband three weeks ago as he had become increasingly abusive towards her and her children. the gp has become increasingly concerned about sandra's isolation and lack of supports ... before the gp performs a pregnancy test, she explores sandra's feelings and asks if she would be happy if she found out that she was pregnant ... [when it is confirmed that she is pregnant] sandra looks despondent and says she does not want to be pregnant.
          it is worth remembering that we are not talking about the happy circumstances in which we hope most women will find themselves. we are talking about the crises in which people find themselves.
           the delegates from the irish college of general practitioners confirmed at the joint committee that ""gps cannot actually refer to or make an appointment at a clinic in the uk on behalf of a woman who chooses an abortion."" they mentioned that while general practitioners ""may provide a copy of the patient's medical records to the patient,"" they cannot transfer those records to the clinic. they clarified that women who returned to ireland after having an abortion ""do not have access to post-abortion services that are available in the country where it was performed"" and might be reluctant to present to irish health services owing to taboo and stigma. this can put them at risk of physical ill health. medical professionals who are dealing on the front line with women with crisis pregnancies have told us that the legal system, as it stands, presents a threat to the well-being, lives and health of such women. are we content to allow this to remain the case?
           the joint committee went on a journey before it reached the conclusions it reached. does anybody think that when we were voting, we made our decisions lightly? that is absolutely not the case. we were lobbied heavily throughout the process. some of us were personally threatened during it, but at the end of the day, we had to make the choice that we felt was right based on the evidence and facts before us. any suggestion we somehow placed no value at all on the life of the unborn child and did not debate the issue at all is completely incorrect. we discussed it at every opportunity and posed questions on that very basis. we faced up to such difficulties and it was not an easy decision. these are not pleasant situations. there are times when life is neither simple nor straightforward. it gets messy and difficult.
           that the mother and the baby can be equal at all times is simply not possible. where a mother's life or health is at risk and she has children to care for at home, that has to have a bearing. we cannot say a standing, living and breathing woman with children at home is the same as a foetus. she is not. she cannot be the same. equally, we cannot dismiss the right of the unborn. both need to be considered. we considered both and still came to the conclusions to which we came. our laws must adapt and change with our society. our society is changing. people are listening to women and their struggles. women have become stronger in making their voices heard and advocating for the health and medical services they know they need. the marriage equality referendum showed us that, as a nation, when required, we had the bravery and compassion to embark on major social change and make our society fairer and more equal. in some ways, technology and medicine have already passed us out. the pill is being delivered by the national postal service to women in their homes. we are a little late to the game. as dr. peter boylan put it at the joint committee, ""the genie is out of the bottle."" our laws must catch up to where we are today. right now, they do not protect women. they do not protect mothers, daughters, sisters and partners. they do not protect me or anybody else in this house. in fact, they directly put lives and health at risk when difficult and tragic circumstances arise. as dr. rhona mahony said at the joint committee, it is very difficult for doctors and consultants to make the call. how does one decide when a woman is on the verge of death? when does a risk to her health translate into a risk to her life? dr. mahony's evidence to the committee, as the master of the national maternity hospital and a practising consultant with years of experience of working in maternal care, was that it is too difficult to make this call. there are times when what might have started out as a threat to the health of a woman who is okay can within hours become a serious risk to her life, at which stage it may be too late for doctors to act. across the board in the medical profession, doctors fear that if they make the wrong call, they could be criminalised. they could lose their careers and professions and end up in jail. the same applies to the woman. no doctor acting in good faith to protect the life of a pregnant woman who could be a mother to other children and somebody's partner should ever feel that conflicted when providing medical care for a woman in this country.
           it is worth noting that the joint committee made ancillary recommendations. we spoke about the role of sex education and contraception in preventing crisis pregnancies. we will never prevent every such pregnancy. those who oppose the repeal of the eighth amendment argue that if enough supports were put in place, abortion services would not be needed. we know that is not the case and it is a naive and misleading position to take. we will always need abortion services. we can provide them at home for irish women, or we can continue to force them to travel or take the pill at home. abortions will continue to happen, but we can reduce the number of crisis pregnancies. i hope we will do so and think we will. this debate has certainly brought that issue to the fore. we need to be realistic about the real-life issues with which we are dealing. we need to recognise that these services must be provided for irish women at home in ireland. we must not force them to travel.
           i understand and appreciate that many in this and the other chamber are feeling uncomfortable about this debate. some of us have decided. we have come off the fence and know where we stand. we have taken a position. in some ways, that brings us to an easier place. perhaps we are not being targeted as often now that we have made our decisions. i can appreciate how difficult this debate is for those deputies and senators who have not yet decided because the members of the committee have been through this. i urge them to make the right choice for irish women and families. i do not mean the right choice politically but the right choice to provide the proper health care we need in this country. during the debate ahead i urge everyone to be respectful of the differing views. i will certainly respect them. when somebody takes a view that is in complete opposition to one's own, it is difficult to understand, but we have to be respectful. we have to understand we will never have consensus on this issue, but we can have a respectful and considered debate which i hope will result in the right choice for irish women."
2018-01-18,dail,https://data.oireachtas.ie/akn/ie/debateRecord/dail/2018-01-18/debate/main,196,Deputy Kate O'Connell,Deputy Kate O'Connell,"deputy kate o'connell
          i am going to start by reading lorraine's story in her words.
          it was first published almost 20 years ago at the turn of the millennium.
          i was 34 when i was widowed. my husband died in an accident. i had four children, from fourteen to four years of age. it was a terrible time and i never thought i’d get through it - the older kids took it very hard. my family were a great support, taking it in turns to stay over for the first few months, endlessly helping with the kids.
           the following year was a big wedding anniversary for my parents and we all got together to plan a celebration. i had hardly been out socially since david's death, but i was looking forward to the party - it was at a hotel, with everything laid on.
           by the end of the night i'd had a few drinks alright, but i wasn't drunk, just a bit fuzzy, merry. i took a lift home with a family friend, someone i’d known since i was 19 or 20 years old. there is no easy way to put this - he dropped the others in the car off first, insisted on seeing me to the door, and then pushed his way in behind me. he knew the kids weren't there - i'd told him they were at their cousins.
           the horror of that night. i can't tell you. the feelings after he'd gone - shame, disgust, rage, and worst of all - total helplessness. god forgive me, it was worse than david's death - it didn't happen to me, it was done to me. i knew immediately i couldn't do anything about it- i couldn't put the kids or the family through a public court case: everyone always knows who you are by the end. i couldn't do it.
           when i realised i was pregnant i felt total despair. i wondered what i had done to deserve it all. my whole sense of who i was seemed to fall apart.
           i finally told a friend the whole story, and it was her support, and organising the abortion, that kept me together over the next few weeks. i can't tell you how awful the pregnancy felt for me - to be pregnant from that night. i wanted an abortion as soon as possible. but it took huge organisation with family and kids, and endless lies because no one knew. i hated that. i couldn't have got through it without my friend. she also booked me in with a support agency here before we travelled, and that was very helpful. i realised there that i was going to need help with the rape, and that there was help available.
           i felt enormous relief after the abortion, and even felt positive enough to think about how i could pick up the pieces and move on. but the next few weeks were hell - all that pretending - that we'd had a lovely shopping weekend away or the reason why i couldn't go to the function i knew he would be at - it all left me feeling i'd made some awful mess that i was piling lie on lie to cover. all somehow my fault.
           it's taken me a long time, and professional help, to accept it wasn't my fault - and to realise i'd lose, and the kids would lose, if i didn't find a way to move on from this.
           for me, the abortion will always be a positive factor during a nightmare time. at least i could make that choice. any other outcome, for me, was so unbearable it was unthinkable.
           some people seem to prescribe that in their opinion they only feel comfortable with terminations being allowed in cases of rape, or incest. on examining that point of view and opinion further, that would indicate that it is ""the act"" of becoming pregnant that qualifies someone for a termination, not the potential life that is a consequence of that act. if a person agrees with abortion ""in certain circumstances"", it is not abortion they have an issue with, it is the type of sex women have.
           if abortion is only allowed in cases of rape, not only will women have had to endure horrific sexual assault but the onus will then be on them to prove it. a total of 65% of rape survivors who presented themselves to a rape crisis centre in 2015 had not reported their rape to an authority. in the irish context, more than four in ten - 42% - of women have reported some form of sexual abuse or assault in their lifetime. the most serious form of abuse, penetrative abuse, was experienced by 10% of women. are we saying that because these women had a man, and then a pregnancy, forced upon them that by virtue of the suffering they endured, they are more deserving of a termination? why must a woman suffer, be violated and terrorised before people feel compassion for her? if a woman who is pregnant as a result of rape procures abortion pills and is caught, she can currently serve a longer sentence than her rapist. if we are going down that route would people think it suitable that we start inquiring as to the violence of the rape, whether it was committed when she was conscious or unconscious, whether she needed medical intervention, were there vaginal tears requiring sutures, cervical or anal surgery?
           we heard from many experts in obstetrics and gynaecology, and law, at the committee. there is no ""typical victim""; there is no ""typical scenario"". do the people sitting in the upper and lower houses in leinster house, and outside these walls in the real world, think that ""the punishment"" that should be meted out to someone for perceived recklessness is parenthood? does it give the people who want no change comfort to know, that no change means they get what they want, and to hell, literally, with everyone else? does it make them feel victorious - and what a victory they have had until now - over women because of the power, the control, the pervasive shame and fear that follows us around into our homes, into our bedrooms and into our hospital theatres.
           our constitution [by virtue of the thirteenth amendment] enshrines a woman's right to commit an act which is a criminal offence in her own country, as long as it is committed outside the state. by any yardstick this is a bizarre situation.
          these are words uttered by the chairman of the institute of obstetricians and gynaecologists in ireland. what vested interest other than in the health and safety of women and infants has that man? what bias other than one towards safe and compassionate medical treatment could he be accused of? spelling out rape in law would be ""unworkable"", a professor of law from trinity college dublin, david kenny, told us in the committee. there is no diagnostic test to confirm rape, consultant obstetrician and gynaecologist dr. peter boylan told us. ""it can take up to two years for rape proceedings to come to court"", professor siobhán mullally from the irish human rights and equality commission told us. how do we propose to square that circle? dr. maeve eogan from the rotunda hospital told the committee that there is not a definitive or conclusive test that can either confirm or refute that the sexual intercourse has been unwanted. do people honestly think it would be possible to convene councils of sexual assessment to re-victimise a woman and make her atone for a crime and a sin that was not committed by her but rather to her? who would sit on such a council?
           it was said in this chamber many years ago that ""our duty as a legislature is...to deter fornication and promiscuity, to promote public morality and to prevent, in so far as we can...public immorality."" who would we as politicians elect to sit on these councils of chastity? there are indeed medics in the upper and lower houses but none are consultants in the area of obstetrics and gynaecology as far as i know, although to judge from some of the contributions at the committee one would think that some people are eminently qualified in the area of female anatomy, human reproduction and, indeed, the field of public morality.
           i wonder how such a council would have judged lorraine, whose story i have told, with the permission of the irish family planning association, ifpa, its original publishers. how would those present and the people of ireland judge her in her hour of need? who are any of us, as a majority christian people in ireland, to sit in judgment on anyone? surely the god so many people worship, myself included, is not so cruel as to restrict access for lorraine to heaven? i find it bizarre that so many of the communications received by deputies and senators in the post contain religious pictures and holy bible passages. we are sent images of jesus or the virgin mary alongside pictures of the sacred remains of a child, or cartoons that speculate on methods used to terminate a pregnancy. the sick people who are driven to create such literature or to disseminate it widely are no christians or catholics that i recognise. they are not respecting life or the potential for life when they print those images out in full colour onto glossy postcards. they are, in their own disturbed way, disrespecting the sanctity and humanity of life. these same people have wished that members of this house and the seanad were aborted. that is what they write to us saying that they know god would forgive them for wishing that as if they have a direct line to the man above.
          they call us child abusers, murderers and handmaidens of the devil. their creativity at crafting insults knows no bounds. i picture them gleefully dreaming up awful things to say, carefully folding the contents into an envelope and buying special holy stamps at the post office. i wonder how their god feels about what they say and what they do in his name.
           it is when we have been at our most catholic in ireland that we have been at our least christian. the special position of the catholic church was sewn into the constitution in 1937, two years after the criminal law amendment act, which made the sale, advertising or importation for sale of contraceptives illegal. this act banning contraceptives had a stereotypically, hypocritically and uniquely irish flavour to it. it was enacted by eamon de valera's government and, as emily o’reilly argues, it was part of a process of asserting the country’s ""independence"" from pagan england. to be really irish, went the thinking at the time, it was necessary to be both republican and roman catholic.
           the only voice of protest in the oireachtas when the special position of the catholic church was being debated was that of the poet - we are all very fond of quoting him in here - and senator, w. b. yeats, the protestant, irish nationalist. subsequent legislation in the years that followed imposed bans on married women being employed in the civil service, local authorities and health boards. the contraception ban meant that women would spend most of their adult lives pregnant, breastfeeding, and protecting their children both in utero and outside. all the while, the church and state were colluding to subjugate and intern fallen women in catholic-run and state-subsidised prisons, punishing them for the sin of sex and the flaw of being female. irish women were quite literally enslaved, in an act of church and state collusion that could be honestly characterised as nothing other than sexual apartheid. their babies were sold like puppies to foreign homes or enslaved in industrial schools to be preyed upon by those in power-wielding authority.
           in 1943 in cavan, 35 orphans perished in a blaze, locked into their dormitories as the fire raged. an rté documentary from 12 years ago attributed that loss of children’s lives to the nuns not wanting them to be seen in their nightgowns. one of the 50 children who were rescued said that the children were ordered to say the rosary as the fire spread from the laundry to the second and third floors of the building. that was a slaughter of the innocents. holy catholic ireland was a monstrous hoax.
           when it came to children out of wedlock, the sin of having sex outside marriage was all-encompassing. the products of such sex were seen as the devil’s spawn. as it was women who bore the children, who laboured their births and nursed them at their breasts, it was the women who were unavoidably and visibly the most sinful. and what of the absent male parents of such offspring? no doubt some were married men, some single men, some brutal men, some cowardly men and some, i expect, were men of status, influence, and elected office. i studied yeats again recently and found a speech he made in the seanad on 11 june 1925 during a debate on divorce legislation in which he made some salient points. ""there is no use quarrelling with icebergs in warm water,"" he said, and:
          i have no doubt whatsoever that when the iceberg melts it will become an exceedingly tolerant country. the monuments are on the whole encouraging. i am thinking of o’connell, parnell, and nelson. we never had any trouble about o’connell. it was said about o’connell, in his own day, that you could not throw a stick over a workhouse wall without hitting one of his children, but he believed in the indissolubility of marriage, and when he died his heart was very properly preserved in rome.
          incidentally, that same year, a tuam workhouse became the bon secours mother and baby home, a magdalene asylum to house the promiscuous and sinful women and their unfortunate offspring. one in four of the little children there would die within a year of birth and, of course, the women were blamed for that too. a report in 1935 stated that the children died from causes traceable to the conditions associated with the unfortunate lot of the unmarried mother. no wonder the poor little outcasts were allowed to die of neglect. there should be a collective national guilt and responsibility for all the wrongs that were done to so many for so long. we conspired to do this to ireland’s children, ireland’s women and ireland’s poor and marginalised. we murdered them in their hundreds through neglect and hate, brutalised them in the name of salvation and enslaved them in the name of redemption.
           the electorate is engaged on this issue. they are the ones who are travelling outside our country at a rate of ten or 12 a day. they are not imaginary people. as the minister, deputy harris, said yesterday, they come from galway, tipperary, kerry, waterford, louth and elsewhere. they are married. they are in their 20s, 30s, 40s and sometimes 50s. they have children, they have partners, they have mammies and they are mammies. they have sisters and aunties and friends and, thank god, they have votes. they may not tell anyone and may never send an email or write a letter to a local newspaper. they may never report a journalist to the press council or to the broadcasting authority of ireland, bai, for not discussing abortion in a way that they deem suitable. they may never send a miraculous medal to a politician beseeching him or her to vote for repeal. that does not mean that the people who do engage in such activities are more numerous, more important to consider or more worthy of representation.
           pregnancies come to an end every day, some in the happiest way ever, some in the saddest. some come to an end in a tragic way, some in a surprising way and some alone and in secret. in january 1984, just three months after the eighth amendment was put into our constitution, ann lovett died in a grotto in longford with her infant boy. a 1984 letter written by the roman catholic archdiocese of armagh to poet christopher daybell, which was released by the national archives in 2014, claimed that lovett’s ""sad death reflects more on her immaturity than on any lack of christian charity"". how christian of that man. the poor, frightened, innocent teenager died a few miles from where my father was born, in drinan, ballymahon, county longford.
           what did the eighth amendment do to protect ann lovett? what has it done since for miss x, miss y and all the other misses and near misses we will never know about? why should we hear about them? why should we hear about their sex, their shame, their sin and their suffering? who are we to say that we know best as politicians, when all the medical and legal experts one could shake a stick at have come before us over the past three months begging us to be compassionate and reasonable and to legislate for repeal?
           i have been surprised by the overwhelming interest and support that my office has received over recent years from the most unlikely of places. i would hope that other politicians of all parties and none receive the same positive and supportive contact from people in the months ahead, because i have no doubt that those who oppose repeal will seek to make their numbers appear larger, louder and more important than the silent majority that exists quietly in our parishes and constituencies."
2018-01-18,dail,https://data.oireachtas.ie/akn/ie/debateRecord/dail/2018-01-18/debate/main,239,Deputy Pat Buckley,Deputy Pat Buckley,"deputy pat buckley
          it is a privilege to stand in the chamber and talk on a very sensitive issue but also one that is long overdue to be dealt with. the first point i want to raise is the history of this country when it comes to women's rights, which has been abysmal and shameful, and i think everybody has a part to play in that. i want to pay tribute to everybody who took a stand in 1983, which includes women and men. if anybody wants to know how old i was in 1983, they can google it.
           i am a realist when it comes to this matter. one of the issues that has struck me over the years - i have a personal interest in it - is that which relates to the mother and baby homes. it was not too long ago that women were treated in this way - members can hear how i feel in my voice. a mother wants to hold on to her child and is forced to breast-feed him facing a wall, and the child is then ripped from the mother's chest and it takes 45 years to find that child. we know who is responsible for this. it is ludicrous, criminal and downright shameful that it happened in this country. this is what is so important about this debate. it is about women's rights, about families' rights and also about men's rights, given we are partners in many what we would call marriages. it goes across a broad spectrum.
           i am very open and i listen to all sides of the argument. i am lucky enough to have a wife, i have a daughter, my mother is still alive and my mother-in-law is still alive. we spoke about this in depth. we need to look at this with realism. i would hate to see my daughter being in a predicament where the state dictates to me, my wife, my mother or my mother-in-law and says, ""you cannot do this"", knowing that my daughter's life could be in jeopardy. these are the realities of what is happening in life. i am serious. do we want to go back to that? my god, it is probably one of the most shameful parts of the history of this state. i appeal to people out there to be realists when it comes to this. it is not about our political careers; it is about doing the right thing. that is what we are elected to do. if we were playing on a team and there was a match, obviously, there would be an opposing set of fans and we can understand that. however, this debate is bigger than personal issues. we are setting down a marker here for the future. let us have a proud history from 2018 and let us not go backwards anymore. i would certainly be ashamed and disgusted, as an elected representative, if we did that. we are in here to do a job, which is to work on behalf of the people and move things forward. we are supposed to be a progressive society.
           a word i have listened to in the past number of days in this debate and also during the committee debates is ""shame"". shame should not come into it. it is about education. the state has again let the people down in that it has not educated society enough. this grieves me. again, it goes back to what i said - education and realism. i have heard many individual cases, although i do not like to pick out individual cases of rape, incest and medical conditions. it should not come to that. it is about making the right choices as adults and as human beings. in 2018, it should be about women having a right to decide what they are able to do with their own bodies. in the last 12 months, when out canvassing, this has probably been the most topical issue one is faced with at the doors. often the first question that is thrown at me when people come to the door is ""what is your stance on repealing the eighth?"" my answer has always been that it has to be repealed.
           i thank everybody who was involved in all aspects of the committee. i want to pay special tribute to my sinn féin colleagues, senator paul gavan, deputy louise o'reilly and deputy jonathan o'brien. i know it has been strenuous for everybody but when people believe in something and believe in getting it right, they work hard and they do it to the best of their ability.
           i want to finish with a quote that will possibly open pandora's box but i think it is the most inclusive way of reflecting what has gone on here during the debates in recent days and weeks. it states, ""people have different reasons for the way they live their lives. you cannot put everyone's reasons in the same box."" this makes sense in that we will all be judged equally and individually but we will never all agree. in my view, i hope and pray that when this debate is over, it will be for the people outside to choose, not us inside here. i appeal to the electorate to do the right thing."
2018-01-18,dail,https://data.oireachtas.ie/akn/ie/debateRecord/dail/2018-01-18/debate/main,245,Deputy Marcella Corcoran Kennedy,Deputy Marcella Corcoran Kennedy,"deputy marcella corcoran kennedy
          i welcome the opportunity to speak on this important report. i must be honest, however, by stating that i would prefer if i did not have to think about repealing the eighth amendment of the constitution. it would have been preferable if the constitution had not been amended in the first instance. moreover, i would prefer if there was no need for abortion, all pregnancies were carried to full term without complications or the devastating news of fatal foetal abnormality, people who did not want to become parents used contraception all the time, girls and women were not raped and there were no victims of incest. i could go on but irrespective of what my preferences are, the reality is that abortion takes place in ireland every day both legally - for medical reasons - and, more worryingly, illegally.
           there is nothing new in unintended pregnancies. our history of dealing with unintended pregnancies by putting girls and women into magdalen laundries, mother and baby homes, industrial schools, county homes and other residential institutions is appalling testimony to that. in the 1980s, we had the kerry babies tragedy and the persecution of joanne hayes and the tragic deaths of ann lovett, a 15 year old girl who died as a result of a secret birth, and her baby son. the 1990s brought the x case, which involved a pregnancy as a result of the rape of a 14 year old girl. we had the c case, the miss d case and a, b and c v. ireland. in 2012, we had the needless death of savita halappanaver as a result of a septic miscarriage. we also have evidence of women being kept alive against the wishes of their families. many wanted pregnancies ended in unnecessary symphysiotomies in the 1950s, 1960s and 1970s which were carried out on women instead of caesarean sections. furthermore, for decades women were considered unclean after delivering their babies and were required to be churched by lying prostrate on the altar of their local church after birth. society's track record on how it treated our pregnant women is shameful and it is long past time that we addressed this issue.
           irish women travel abroad for abortions every day and women in every county take abortion pills at home every day. the harsh reality is that there are women and couples for whom abortion is the only option and we know that criminal laws do not deter women from seeking abortion. where does this leave me, as a legislator and lawmaker? i have followed this debate carefully for many years. most recently, i listened to and read the evidence provided to the citizens' assembly and joint committee hearings. i reflected on what i would have done if i had had an unintended pregnancy. i do not have an answer to that question because i have never faced making that decision. however, i would like to believe i would not have made a decision to travel for an abortion as i have never thought i would want to have an abortion. the question i must ask is whether i have the right to impose my view on other women, their partners and husbands. as a legislator, i am expected to make decisions and i am charged with making a decision on this most difficult subject.
           what should i do after carefully considering the medical and legal evidence? do i support the committee recommendation? do i agree to give the people an opportunity to make a decision to repeal the eighth amendment and, if so, for what will the oireachtas legislate if the referendum is carried? the easy option for me, as a politician, would be to sit on the fence and say nothing. however, i must ask what that course of action would say about me, as a lawmaker. if i were to say nothing publicly or disagree with the joint committee's recommendations, would it mean i was happy to allow the status quo to continue? this would mean that we, as a society, would continue to allow illegal and dangerous abortions to be carried out every day in every county and continue to force our women, daughters, sisters, nieces, wives and girlfriends to travel abroad to access abortion. women are prepared to put themselves at risk of prosecution by buying abortion pills online, having made the agonising decision to do so. moreover, they put their lives at risk when doing so because abortion pills purchased online are unregulated. they often undergo the experience alone, telling no one. do i want this unsafe approach to women's health care to continue to be the norm?
           i can only imagine the trauma of a woman who has taken abortion pills. having suffered a miscarriage, i know the physical and mental pain of that loss. we now know that many of these women are excluded from our health care system because they fear prosecution if they go to their doctor. some political parties have given their members the option of voting with their conscience on this matter. as a lawmaker, i must ask if my conscience would be clear if i stayed quiet on the findings of this report or voted against legislation to hold a referendum.
           as legislators, when we hear the minister for health, deputy harris, cite figures regarding the number of women in each county who we know have had abortions abroad, we must accept that continuing to export our problem is not acceptable. there are many more women who have abortions abroad whom we do not know about. however, we know that in 2017 alone, 3,265 irish women travelled to the united kingdom and others travelled to other countries such as the netherlands. more than 1,200 of the women who travelled to the uk were married, in civil partnerships or in a relationship, while 85% of them were between three weeks' and 12 weeks' pregnant. it is estimated that at least 170,000 irish women have travelled to other countries for abortions since 1980.
           it is now 2018 and i want all our women to have equal access to the health care they need in all circumstances, particularly at the most vulnerable time of an unintended pregnancy. furthermore, our health care providers deserve certainty in their day-to-day care of women who need their services and must be able to deliver these services without fear of prosecution.
           at this point, it is appropriate to highlight that there is a non-judgmental source of factual information available to citizens. positive options, which is funded by the hse's crisis pregnancy programme, encourages women and their partners and families experiencing and unintended pregnancy to avail of the services of a state-funded counsellor for free, trustworthy and non-judgmental counselling at one of more than 50 centres nationwide.
           despite my personal feelings on abortion and having considered the evidence, particularly the medical evidence and lived experiences of those who gave evidence to the joint committee and citizens' assembly, i accept the finding of the report of the joint committee, which was more conservative than the recommendation of the citizens' assembly, to hold a referendum to repeal the eighth amendment. women's health care should have no place in the constitution. a woman's health care should be a matter for her and her doctor. if the eighth amendment is repealed, women will have more time to consider their decision. they will also benefit from non-health considerations, for example, in respect of travel restrictions and financial concerns. women will receive follow-up care, including contraceptive advice and the provision of contraceptives in a timely manner. as in other countries, terminations would take place earlier in the gestation cycle, which would avoid surgical rather than medical termination.
           evidence provided at the joint committee illustrated that where abortion is legalised, the termination rate declines. furthermore, in countries where abortion is banned, the rate of women dying remains high. while i have some difficulty with the 12-week gestational timeframe, the proviso that it be availed of through a general practitioner-led service in a clinical context provides me with some reassurance.
           an important aspect of the report relates to ancillary services which arose from the recommendations of the citizens' assembly. these relate to decriminalisation, better availability of contraception, an overhaul of sex education and better counselling and obstetrical care, all of which i support and should be discussed in greater detail. 
           i hope we will have a calm and respectful debate and that we, as legislators, will lead by example. furthermore, i sincerely ask deputies who wish to contribute to the debate to read the report in advance. it is not lengthy and sets out clearly the rationale of the committee members in making their recommendations. i hope we will have a referendum as soon as possible and we will have a good turnout. i also hope the women of the country and the men who love them will vote to repeal simpliciter in order that they can enjoy full and equal access to health care in their own country when they need it. that is what i intend to do.
           i thank the chairperson, senator noone, and members of the joint committee who undertook the work of examining the first report and recommendations of the citizens' assembly chaired by ms justice mary laffoy. both the committee and the citizens' assembly examined the evidence on this most complex and emotive issue with careful consideration and thoughtful deliberation and i acknowledge and thank their members for this work. many women and advocates, including those who have lived through the experience, have campaigned long and hard on this issue and i thank them also."
2018-01-17,seanad,https://data.oireachtas.ie/akn/ie/debateRecord/seanad/2018-01-17/debate/main,48,Senator Paudie Coffey,Senator Paudie Coffey,"senator paudie coffey
          i welcome the leader back to the chamber as a married man. i wish him and his husband conchobar the very best for their future together.
           ireland had, and still has, a lot to be proud of but our past shows there are a lot of shameful chapters about which we should be embarrassed and shamed. during public discussion and discourse in recent years, we have heard about the magdalen laundries, the mother and baby homes and now the kerry babies' case and the treatment that was meted out to joanne hayes. these are all shameful episodes in irish history.
          i want to raise another shameful episode that has received public attention in recent times. it relates to a man named billy kenneally, a convicted paedophile, in waterford. the victims are seeking a commission of inquiry to investigate who knew what at the time he, and possibly others, was abusing young children in waterford. i am raising the issue because it is a serious one. these victims are brave men who revealed their identity in order to raise awareness around the issue and to ensure that we have full transparency, accountability and justice in this particular case of abuse. it is well known that people in authority at the time knew about the abuse and allowed it to continue. people in an garda síochána, the clergy and state agencies, as well as in the political system, were aware that this abuser was running rampant in the waterford area and abusing young children. these brave young men stepped forward when they discovered this paedophile was still a basketball coach. they went public, took on this case and the man was convicted.
           these men are fathers of children themselves, as are many of us here, and there is an obligation on us as a society to ensure that there is full justice and transparency in this case. i have spoken to the minister for justice and equality and he has acknowledged the need for a commission of inquiry. he understands the pain and suffering that the victims have endured and he is currently engaged with the attorney general to find a way forward to ensure that this commission is established. however, i ask the seanad for its support to ensure that these victims are supported and their stories heard in the full light of day, that there is full transparency and justice, and that the people of authority who knew what was going on are brought before the commission to ensure it never happens again. we all have an obligation in that regard. i support these brave victims. we must ensure they get the commission of inquiry they so badly want."
2018-01-17,seanad,https://data.oireachtas.ie/akn/ie/debateRecord/seanad/2018-01-17/debate/main,126,Senator Aodhán Ó Ríordáin,Senator Aodhán Ó Ríordáin,"senator aodhán ó ríordáin
          i am an irishman, the son of a woman who was forced to leave the civil service when she got married, a grandson of women who were born with no right to vote, and the brother of a woman who was born in the year the eighth amendment was passed when, as ms emily o'reilly put it, the ""masterminds of the right"" got their way. it was the year ms sheila hodgers died, having been denied treatment for her cancer while she was pregnant.
           i am an irishman. i live in a city dotted with physical reminders of magdalen laundries, in a country with deep secrets of baby plots, mother and baby homes, sexual abuse and violence, where older women bear the mental and physical scars of churching and symphysiotomy.
           i am an irishman. television images of my childhood were of violence, emigration, unemployment and occasionally of women who should not be believed. it was not that simple in the land of the whispering corners. it was really the fault of ms joanne hayes, ann lovett and ms annie murphy. it was really the fault of the girl in the x case and the law was there to prove it.
           i am an irishman. i stand in a parliament, still overwhelmingly male, led by a government which is overwhelmingly male and reported on by a media that is overwhelmingly male, who say there are two extremes to this debate on the eighth amendment. there are not two extremes to this debate,. there is only one, and that is the extreme that demands of all women in every circumstance to be forced always to take a certain course of action. the other side, my side, does not demand that of any women.
           i stand in a parliament dominated by parties who speak of republicanism, who glorify post colonial victimhood, but who cannot genuinely appreciate that by ourselves alone we have perpetuated this injustice in contradiction of the human rights norm of every western democracy.
           i am an irishman. i will never be told by a doctor, nurse, or a medical professional that protecting my life or my health is constitutionally complex or legally uncertain. i will never have to employ legal representation from a hospital bed and no one will ever equate my life or health to the unborn because i am an irishman.
           i know that fundamentally this debate centres on a distrust of women, but i cannot fathom the intense loneliness and abandonment that thousands of women have felt over the years as they wait at airport departure gates or ferry terminals to travel abroad to terminate their pregnancies. many have remained silent because of the whispering corners.
           i am an irishman, so i struggle to imagine the anguish and torture in a young woman's mind as she handles an abortion pill she ordered online as she sits alone in her room, consumed with the reality that she cannot tell anyone, not a friend, a doctor, not even a soulmate. these women are of ireland, as much as our music, sport and dance. they are to be trusted to be empowered. the constitution must protect them in every single way as much as it protects irishmen. 
           in recent years, i have heard these names haunt the corridors of this building: ms savita halappanavar, ms louise o'keeffe, ms máiría cahill, ms a, ms b, ms c, ms d, ms y, ms amanda mellet and ms siobhan whelan.
           i am an irishman and there is much to be ashamed of and much to be proud of, because i did not always subscribe to this point of view. it has been the inspirational women in my life and in my party, the labour party, who have helped to bring me to this compassionate position. they have reminded me that there were always voices who would not be silenced - from ms evelyn owens to máirín de burca, mary robinson to senator ivana bacik, women who stood for and stand for a different ireland.
           i am an irishman, and i stand in awe of the mná who will not be silenced anymore. they speak through the national women's council, terminations for medical reasons, amnesty international, and through repeal groups in every corner of this country. individuals, such as ms tara flynn and róisín ingle, have placed themselves at the centre of a whirlwind of abuse because they are not going to take it anymore. women contact politicians such as me in confidence about their stories.
           i am an irishman and i want a constitution that liberates, not imprisons; a society that inspires compassion, not blame; and a state that lives up to the republican gospel of the proclamation that speaks to irish men and irish women and puts to rest finally this dangerous and oppressive amendment."
2018-01-17,seanad,https://data.oireachtas.ie/akn/ie/debateRecord/seanad/2018-01-17/debate/main,148,Senator Máire Devine,Senator Máire Devine,"senator máire devine
          i want to take us back to the ireland of the 1980s. i was quite a young adult then and obviously a young female. it was a dismissive society with rules legislating for the very patriarchal manner in which it was run. women and girls were controlled by the state and the church. we were intimidated and bullied. the state reigned over half its population. on the surface, it was venerating us as mothers, madonnas or maidens dancing at the crossroads, but when we dared to differ in opinion or make demands, we became whores. just ask joanne hayes. it was in this societal context - the context of the magdalen laundries, the tuam babies sites, the forced adoptions and the shame - that the eight amendment came into being, with 66% of the population voting in favour of it. i was not among that 66%.
           as that young girl and as a young republican, i instinctively knew that my friends, my sisters and i had no voice. we were smothered by the raging and damaging conservatism of the state, which was then led by the church, that put my health, my sisters' health and my friends' health at risk. we grew up with a trauma and terror of pregnancy, without sex education and without access to independent gps. gps would ring one's mother if one went to talk to them. we had no access to contraception. it was the dark ages for women and girls, yet it was only just over three decades ago. instead i went to the library. i was fed up looking at the horrific posters and quotes about what we were doing to babies that my colleague, senator paul gavan, talked about earlier. i went to the library and i tried to get some more information. i went to bookshops. i went to inform myself and to get away from the rhetoric that was smothering me, my friends and my sisters. we are 50% of the population and we have come a long way. in the 1980s we were young and we were on the cusp of a new generation. it has taken another three decades or so for the young people of today to have their voice. they are heard and they will be heard in this repeal of the eighth amendment. 
           i thank the citizens' assembly and welcome its findings. i also welcome the report of the joint committee on the eighth amendment of the constitution, and especially the contribution of senator catherine noone, which recommends that article 40.3.3° be repealed and replaced so that women can avail of terminations in certain circumstances, which would include when there is a risk to their health. the definition of health would not exclude mental health or make a distinction between it and physical health. this is essential. we have had the x case and the y case. we have had women coming back with babies in boxes. we have had all those women admitted to psychiatric hospitals because of their distress and, because of the lack of legislation in this country, they have ended up being diagnosed as having psychiatric mental illness. that is not on. that is the fault of the state and we need to correct it.
           of all the lobbying, correspondence, emails and phone calls i have received, the message that moved me most was from a beautiful woman, anita, who lives in tipperary. she has allowed me to read this in the chamber. she is 44.
          i am lucky to have a beautiful boy who is now 5... i would love to have another child but sadly my age but also my mental health means that pregnancy and the years after birth would take a very big toll on me... i was aware that due to my previous mental health history there was a very strong chance that i may develop post natal depression.
          she did indeed develop it.
          i really can't express how difficult i found the first 6 months of motherhood. society would have you believe that it's the most special time of a woman's life but i just found it hell. and i felt so guilty... parenthood is tough but even tougher when you are dealing with demons in your head telling you every moment of every day that you are a terrible mother and your baby hates you... over the years i gave abortion very little thought, until i became pregnant at 38... i asked my gp, innocently, what would happen if there was a major problem with my baby and it was best to end the pregnancy. when he replied ""well you'd have to go to england"" suddenly the realisation of what the 8th amendment meant and how it affects every aspect of a woman's pregnancy hit me... i would love more than anything to have another child and for my son to have a sibling but the stress that this would put on me is too much a risk to take... can you honestly hand on heart say that you are ok with keeping me pregnant against my will, knowing how much trauma it will put me through?
          i found that really thoughtful and provoking and i thank brave anita. whatever replaces the legislation, we need to provide a wide range of comprehensive health and reproductive services in which equality is realised and control is given to our women and girls to decide on their own health and well-being. again, i thank the joint committee for its report, which reaches out not just to the women and girls, but to our men and our society and which provides for a kinder, compassionate, understanding and ultimately safer society which would repeal this draconian, smothering legislation. support our women and girls in difficult circumstances. the status quo is untenable and unsupportable. we need to remove the dark shadow over the daily lives of half of the population of ireland. i trust the medical experts, i trust myself and i trust women. we all need to trust."
2018-01-17,seanad,https://data.oireachtas.ie/akn/ie/debateRecord/seanad/2018-01-17/debate/main,153,Senator Gerard P. Craughwell,Senator Gerard P. Craughwell,"senator gerard p. craughwell
          i thought long and hard before coming here to speak tonight. i speak as the brother of eight sisters, the son of a mother, the husband of a wife and the father of a daughter. i see it has gone viral already that while my colleague, senator kelleher, was speaking, i tried to shut her up.
           i do not know anyone in the world who is not pro-life. every single one of us cherishes life and cherishes the lives that come into this world. we had a debate here some time ago on an rté documentary about mother and baby homes. the following morning, a woman - a girl i knew growing up - rang me. i had known that she had been pregnant as a teenager and that she had left galway to have her child in peace and quiet. i thought she had gone to a family; that is what we were told at the time. this girl did not go to a family, however; she went to one of these homes. i have spoken to her many times since that documentary and the pain, hurt and sense of betrayal and injustice that comes from that woman is heartbreaking to listen to. then this debate on the repeal of the eighth amendment started. as someone with a constitutionally established position in the seanad, i support the right of the constitution to determine where we go in this country. therefore, i support the right of the people to have a vote on repealing the eighth amendment. the people will decide what way that goes.
           since it was announced, i have been inundated with messages, whether text messages, via twitter and facebook, and on postcards. one thing that shocks me is that the majority of them come from men, the same men who made these girls pregnant years ago and deserted them the moment they became pregnant. they left the unborn child to be carried to birth, such as that poor girl who had to hand up their child and have it exported to the united states or handed over to someone else for adoption. they are the same men who live respectable lives today as professionals, farmers, teachers, doctors or whatever, who abandoned their own children and the girls they got pregnant, had them branded as some sort of harlot in the town, and walked away, still respectable. 
           why do i stand here today? i support the referendum and the right of the people to make the decision they wish to make. i stand here because my colleague, senator catherine noone, got an unmerciful time on social media over recent days. to these clowns who send me and others messages - they are on both sides - and to people who exploit photographs of foetuses in an effort to drive home a message, i say, ""do not send them to me"". the woman who works in my office does make decisions and she does not deserve that."
2018-01-17,seanad,https://data.oireachtas.ie/akn/ie/debateRecord/seanad/2018-01-17/debate/main,158,Senator Fintan Warfield,Senator Fintan Warfield,"senator fintan warfield
          i commend senator noone on the role she played as chairman of the joint committee on the eighth amendment of the constitution. she was calm, patient and fair and her conduct as chairman was everything for which an institution such as this could hope. those traits are all the more impressive when one considers the issue at hand and the behaviour of some people.
           for quite some time, it has been apparent that we would discuss the report of the joint committee during our first sitting week after the recess. it is worthy of attention that, on our return to the seanad and during the first statements of 2018, which marks the centenary of women’s suffrage in ireland, we are debating where ireland stands regarding women’s health care and rights. over the course of this year, the oireachtas will mark the work of the suffrage movement in ireland dating back to the early 19th century. there will be cultural, historical and educational events involving a celebration of the lives of women involved in legislative reform and those elected to parliament. in the words of rita o’hare, they were ""brave, beautiful and extraordinary women who defied the social mores of that era, who came from every class and creed and background, from rural communities, from the slums of this city and those who rejected the confines of class and privilege to join that combination of the national movement, the women’s movement and the labour movement in declaring that they stood for the republic."" this centenary year is not just about marking an anniversary, it is about continuing a struggle. those women struggled for agency, not only for themselves, their sisters or their comrades but also for the independence of a nation.
           having watched much of its proceedings and having already reflected on the work of its chairman, i also commend members of the joint committee such as deputy louise o’reilly and senator lynn ruane. they and others on the committee have yet again proved that this institution and our society are best served by a diversity of imagination and representation. only 35 of 158 deputies in the dáil, or 22%, and only 19 of 60 senators, or 32%, are women. something needs to give.
           my sister and my female friends stood with me when i demanded equality. i now stand with them and with mná na héireann. we are on the other side of a citizens’ assembly and an oireachtas committee. it is time to repeal the eighth amendment, to begin as broad a conversation as possible and to bring as many people with us as we can. as has been said, this is not the 1980s. the information is accessible and the factual evidence is there.
           during the committee's proceedings, it was stated that one in eight irish women of child-bearing age have had abortions. this is a truly diverse and far-reaching issue. it has become obvious that we need the ability to legislate. to so do, we must remove women’s reproductive health from bunreacht na héireann in order to robustly respond to the unpredictable and exceptional aspects of many pregnancies. we also need to formulate legislative responses to technological and medical advances. article 40.3.3° does not take account of the unpredictability of any given pregnancy and cannot respond to effectively safeguard a woman’s health. many witnesses to the joint committee confirmed that the eighth amendment restricts our doctors and medical staff in their response to guarding a woman’s health. it is time to listen to our medical professionals. they will play a central role in this campaign. we need only reflect on the case of savita halappanavar to know that the ambiguity of our laws has led to uncertainty in medical responses. savita was a victim of that ambiguity.
           i say to those who support the eighth amendment that to reduce the need for such a service we must work together to give women a full range of accessible contraceptive options and a fully effective and inclusive sex education curriculum, including modules on consent. to reduce the number of delayed abortions overseas, we must make provision for this medical procedure in ireland. the eighth amendment does not save lives but, rather, puts women’s lives at risk and supports a regime of medically unsupervised abortions via pills ordered online.
           i want to commend the brave women who have come forward to share their stories of difficult decisions made and of shame shipped overseas. those stories have been told in a selfless manner that articulates difficult circumstances and they have been put into the public space so that we, as policymakers and citizens, can listen and reform a law in order that others will not have to confront the same situations. previous governments passed the buck because they did not favour the electoral turbulence of taking action on this challenging issue. we need to have the bravery, where previous administrations did not, to do what is right without taking account of re-election. we need to listen because the calls have never been louder to hold a referendum on repealing the eighth amendment and we need to confirm that as soon as possible.
           i am of the view that the referendum will pass and that the core human decency of the irish people will prevail. every day, i see young people demanding agency and independence. we saw that during the referendum on civil marriage equality. older generations with different experiences will expose the misogyny and ingrained sense of prejudice historically experienced by the women in this state. the eighth amendment is the biggest obstacle to women’s health care in this state. it is a representation of a state and society that did all they could to control and police our bodies and sex lives. it condemned and continues to condemn women to be victims of a dodgy and obscured version of morality. we live in a state that has condemned independently minded women, whether through the denial of basic contraception, upholding a rape culture or incarcerating women in laundries, mother and baby homes or other mental institutions. we have stigmatised women for having sex, yet have been seemingly oblivious to the lack of any equal moral standard expected of heterosexual men. we stigmatised ann lovett, a 15-year-old girl from granard, county longford, who died beside a grotto in 1984 and who felt she had nowhere to turn. we owe it to her, to every woman who has travelled in fear of criminalisation, to our generations who deserve better and who deserve universal health care and, in this centenary year, to the women of an chéad dáil not to be so hypocritically reliant on british policy."
2018-01-17,seanad,https://data.oireachtas.ie/akn/ie/debateRecord/seanad/2018-01-17/debate/main,216,Deputy Simon Harris,Deputy Simon Harris,"deputy simon harris
          it was. it was looked at from the point of view of criminal justice. we now find ourselves in a very different place. i genuinely love this country, as i think we all do, and we are all very proud of it but i am ashamed of how it has treated women, particularly pregnant women. others have referenced the magdalen laundries, mother and baby homes and the kerry babies case, which are all different but all connected because they all relate to how we treated pregnant women.
          it is a terribly tragic and upsetting irony that, in 1984, 15 year old ann lovett died beneath a statue of our lady at a religious grotto having given birth. her body was found by her schoolmates. we have a problem here with how we have treated women and we must look at how we address it. we are all looking at it and trying to do our best. i appreciate very much that there will be different perspectives. we should not get into a space of name-calling or stereotyping each other because that has led to paralysis. it has led, quite frankly, to an inability on the part of the nation to think about this issue with clarity and to follow the evidence. we have never had that opportunity. every time we try to discuss it, the debate is reduced to two people on radio, often men, shouting and roaring at each other and calling each other names. we have to try to do better.
           members of seanad and dáil éireann who served on the joint committee on the eighth amendment of the constitution have done a real service to all of us in the oireachtas and to the irish people. i join many others in commending senator noone on her leadership of the committee. it was a very complex task and there were many commentators and politicians who were not sure the committee would ever get to the final report it produced. however, it did get there. senator noone steered the committee in a dignified, balanced, fair and impartial way. i should not and do not intend to misrepresent in any way the findings of the committee, which were not unanimous. there were people on the committee who dissented as was their right. we should respect that right. however, there was a majority view and that is the basis on which we should, as an oireachtas, proceed.
           i heard senator ó donnghaile make the point very honestly about people changing their views. i changed my view. to those on twitter who are going to tweet about how i changed my view as though i should be somewhat embarrassed, i note that it will not work. i have spoken about this very openly. i changed my view, not on a whim, but by listening to women, doctors and the reality of abortion in this country. it is not just a reality in the way it used to be. it used to be the reality that we would export challenging situations. in 2016, 3,265 women left our shores and went to britain for abortions. many of them were married and had other children. there was a wide spectrum of ages, from teenagers to women in their 40s. i set out in the dáil only a few hours ago that every single county in ireland saw women leave to go to the uk for an abortion in 2016 and listed the statistics. this is not an urban-rural issue; it affects every part of the country. it is not only that. as well as what has been going on for decades and generations whereby up to 170,000 women and probably more travelled have abroad for abortions since 1980s, we now have the reality of the protection of life during pregnancy act. as such, abortion is legal in this country in limited circumstances.
           people are entitled to their own opinions but they are not entitled to their own facts. i remember sitting in the seanad during the committee hearings chaired very ably by senator buttimer and being told, in an awful phrase, that if we passed the protection of life during pregnancy bill, as it then was, the floodgates would open. anyone who reads the transcripts will see that some senators and deputies asserted that if the legislation was passed, women would fake threats to their lives to access terminations. that was said or the inference was certainly made. we publish annual reports which show that simply has not happened. the numbers stayed static. abortion is legal in those circumstances. as such, it is people going broad, people under the protection of life during pregnancy act and, in what is now a third reality, the abortion pill is available. this is something the committee considered in great detail and i have read the evidence and testimony given to it in that regard. yet again, women are being left lonely and isolated but this time without having to leave the country. this time, it is where they log onto a computer, order a pill, wait for it to be delivered in the post and take it in the privacy of their bedroom or wherever else. it is hard to put accurate figures on this because it is an illegal pill in this country, but the british journal of obstetrics and gynaecology published research last october which showed a 62% increase in the number of irish women inquiring about the pill from one online provider alone between 2010 and 2015. the research showed well over 1,000 women in ireland accessing the pill in one year.
           this debate cannot be reduced to one which is just about abortion and whether one views it as right or wrong, because that is a matter for people's consciences. this debate is about the reality of abortion for irish women and how we ensure we support women who make that deeply difficult decision. i am really pleased to have heard so many people acknowledge tonight that it is a deeply difficult decision. when i hear terms like ""abortion on demand"", it makes me cringe. women are not going around demanding abortions. they are agonising over deeply personal, private and difficult decisions. pregnancy is a very happy occasion, thankfully, for many women and their partners in this country, but for some women it is a terrifying experience. for some women, it is a tragic experience. we have all heard from many of those women in recent years. there is a reality here which we will have to work together as an oireachtas to address. my view is that we cannot address it as long as the eighth amendment remains in the constitution. that is why we must allow the people of ireland to have their say and recognise those, not just of my age but under the age of about 50, who have never had a say on the substantive issue of the eighth amendment.
           should the government make a decision and should the oireachtas facilitate the passage of the constitutional amendment legislation, we will be in a position this year to put a question to the people. it is my preference that we put that question in the month of may for a whole lot of practical reasons. obviously, that is a matter for the government to decide. i note that senator noone asked what form the question will take. i have been very clear so there should be no ambiguity; in my view the eighth amendment should go. that is a decision for the people and only they can make it. the question should facilitate the people to have the opportunity to remove the eighth amendment. as a government, however, we must obtain legal advice from the attorney general as to how best to make that a legal reality. the committee obtained its legal advice and had one view. the citizens' assembly obtained legal advice and had a different view. the government will also obtain legal advice. as minister for health, my aim will be to bring a proposal to the government, the oireachtas and then the people which gives them an opportunity to remove the eighth amendment. how we do that legally is a matter for greater minds than mine and it is something the government will be working through.
           i turn to the ancillary recommendations. everyone in the house, regardless of his or her view on the eighth amendment or abortion and terminations, wants to see us do better by women in crisis pregnancy situations. everyone wants to see us do better by women in terms of our maternity services also. i was struck when i read the committee's report that it focused a great deal on that. i am glad the chairman made the point. i did not hear senator kelleher's contribution, but i understand she referred to the importance of it as well, as did many others. this is not a report that says the only thing the state should do for women in crisis pregnancies is legalise terminations; far from it. of course, that is what is going to get the media and political attention because, let us be honest, it is an important issue and a significant policy proposal. however, the report also talks about the need to reduce the incidence of crisis pregnancy and support every woman from every part of the country to have access to the best possible maternity services.
           i want the house and the people to know that my department is working actively on how to deliver on those ancillary recommendations. i contend that we are already delivering on some. we have the first ever - it is incredible that this is the case - national maternity strategy which will bring us to a much better place. we have established the women-and-infants health programme in the hse and a dedicated programme office to drive the delivery of maternity services. we have put in place the first ever hiqa standards on maternity care and we have new hse bereavement standards for anyone who has had pregnancy loss, regardless of how that loss has come about. i take very seriously the report's other recommendations on contraception, sex education and access to anomaly scans. we have significant plans to enhance access to anomaly scans in the hse service plan this year. we have set up a working group in the department, which is chaired by the chief medical officer, and we are working our way through the recommendations. that must be part of the government's comprehensive response to the report.
          after multiple referendums, multiple court cases, multiple private members' bills in this house and the other house, multiple debates, column inches, committee hearings and citizens' assembly hearings, we will be in a position finally to give the irish people their chance to have a say on the issue. as others have said, regardless of their views, as democrats it is very important that we let the people of ireland have their say on the issue and that we respect their decision. we must lead on facilitating a respectful, informed debate and i think tonight is a good start."
2018-01-17,dail,https://data.oireachtas.ie/akn/ie/debateRecord/dail/2018-01-17/debate/main,356,Minister for Health (Deputy Simon Harris),Minister for Health (Deputy Simon Harris),"minister for health (deputy simon harris)
          every now and then an issue comes before us which challenges us to think about what kind of a country we want to be and what kind of a society we are; an issue that we struggle with, that may be difficult to talk about, but that is not going to go away. today is a moment where we, the members of the thirty-second dáil, come face to face again with such an issue. in doing so, we come face to face with our history - a history that continues to unfold and continues to hold up a mirror in which we sometimes do not like what we see, whether it is the damp cold of the magdalen laundries creeping into our bones, or the sundered silence of mother and baby homes being broken, or the glimpses of what was an all too acceptable culture exposed by the kerry babies case. all these are connected by the way we as a country have treated women, and particularly the way we have treated pregnant women.
           i think of another cold january like this one in 1984 when the 15 year-old ann lovett gave birth alone to her son beneath a statue of our lady. the death of ann and her baby son in these stark and lonely circumstances is a memory that chills us still and one we should not forget. we now arrive at another moment on a long journey, starting with the insertion of the eighth amendment of the constitution in 1983 through the court cases that made us think about the pregnant victims of rape and incest, through the bravery of families faced with fatal foetal abnormalities who made us think about the particular cruelties we add to their tragedies, and, after all this, perhaps arriving at the realisation that each crisis pregnancy is different and each involves a real woman facing a very difficult and very personal decision.
           these are real women such as the 36 from county carlow who travelled to the uk for an abortion in 2016, or the 38 from mayo, the 69 from tipperary, the 85 from wicklow, the 241 from cork and the 1,175 women from dublin. women from every county in the republic travelled to the uk in 2016 and we need to acknowledge them all, including the 49 from kerry; 130 from kildare; 21 from leitrim; 20 from roscommon; 69 from wexford; 39 from cavan; 15 from monaghan; 99 from limerick; 53 from clare; 38 from westmeath; 63 from donegal; 113 from galway; 44 from kilkenny; 42 from laois; 83 from louth; 100 from meath; 28 from offaly; 29 from sligo; 16 from longford; and 56 from waterford.
           in 2016, 3,265 irish women travelled to the uk alone and we know that irish women travel to other countries such as the netherlands as well. more than 1,200 of the women who went to the uk were aged between 30 and 39; more than 1,500 were aged between 20 and 29; 255 were aged 40 or over; ten were girls under the age of 16; and 230 were teenagers. more than half of the women who travelled were married, in a civil partnership, or in a relationship while 85% of them were between three and 12 weeks' pregnant. it is estimated that at least 170,000 irish women have travelled to other countries for abortions since 1980.
           these are not faceless women. it might be convenient for us sometimes to think that they are. they are our friends, neighbours, sisters, cousins, mothers, aunts, and wives. each woman is dealing with her own personal situation and making what is a deeply difficult decision because this time around - let us be honest about this – this is not a decision or a procedure that anyone undertakes lightly. women agonise about it and consider every possibility for dealing with the particular crisis facing them, and sometimes they arrive at the conclusion that there is no other option for them but to terminate their pregnancy. when they arrive at that difficult decision, the country we live in, which we hope has come a long way from the dark events that continue to haunt this chamber, tells them to go and get their care elsewhere - go to another country or head off somewhere else.
           in 1992, we formalised the right of irish women to travel for an abortion and to obtain information about it, but we have been temporarily exporting women in crisis for an awful lot longer than that. i cannot help but wonder what we would have done if we did not have a neighbouring island to help us turn a blind eye. sometimes turning a blind eye is the same as turning your back. we need now to seek to build a society which accepts our own challenges and addresses them honestly, maturely and openly, which does not seek to deny reality or to outsource it to another country, and which does not reject women at the most vulnerable moments in their lives.
           as i stand before this house at the commencement of what i genuinely believe in time could be seen as an historic debate, i am fully aware of the sensitivities and complexities of this issue. i want to acknowledge the deeply held, genuine views on all sides of the house and throughout the country. no matter what may divide us, i accept that all of us are trying to do what is right. all of us are guided by our own conscience and our own sense of humanity. some of us have changed our views over the years. my own views have changed and been formed by listening to women and doctors, and coming to recognise some hard realities. some of us bear the scars of past debates and fear what is to come. however, this time, i firmly believe that it is possible for us to have a respectful debate on the issue. please do not call that naïve and do not dismiss the idea that we can maturely recognise that each of us has deeply personal and genuinely held views, all of which deserve to be heard, understood and respected. it is an issue that troubles most of us as individuals. for some of us, it challenges us to hold what appear to be conflicting views simultaneously. which of us does not value and love human life, and which of us does not want to see that protected? no one has a monopoly on that. the tactics name-calling, pigeon-holing, and stereotyping need to be consigned to history because they have only led to paralysis, fear and division.
           it will require effort and attention from all of us, regardless of our views, but it is so important that everyone has the chance to hear clearly in order that when, as a nation, we come to make the next decision on this issue, it is informed.
          we do so as a country with a particularly complex past which, in fact, dates back to 1861, when abortion was a felony under the offences against the person act, a felony with a sentence of penal servitude for life. in more recent decades, it has been an issue dominated by referendums and court cases. as members know, 1983 saw the first referendum. in 1992 there was another with three questions. legislation followed in 1995. a third referendum on abortion was held in 2002 seeking to overturn the x case but it was defeated. in 2014 the issue came before this house again when we passed the protection of life during pregnancy act.
           i remember vividly that debate and some of the offensive comments about floodgates opening. i remember the language used, which seemed to suggest women would even fake a threat to their own lives to obtain a termination - quite unbelievable really, when we look back only those few short years. obviously, none of this has come to pass and the reports laid before this house each year bear that out.
           since the passing of that law there has been a clear legal basis for abortion in ireland but it has become clear that the oireachtas can go no further without constitutional change. other members have tried to bring forward thoughtful legislation to assist families with a diagnosis of fatal foetal abnormality, for example. i have been the minister to respond to these private members' bills but on each occasion the legal advice has been clear that without the repeal of the eighth amendment, we, as an oireachtas, could not address these issues.
           abortion is a reality for women living in ireland but not just women in the limited circumstances in which it is legal under the protection of life during pregnancy act, nor for the many women who travel to other countries, as i have outlined. there are now new realities on top of that. the oireachtas committee heard evidence of abortion pills being bought on the internet and used by women in this country without any medical supervision. research from the british journal of obstetrics and gynaecology shows a 62% increase in the number of women from ireland contacting one online provider over a five-year period, up from 548 women in 2010 to 1,438 in 2015, and that is just one provider.
           can we pause and picture what this is telling us, because we can get lost in numbers and years? is it acceptable to any of us that women are once again left in a lonely and scary place, sending off for a pill to be sent through the post instead of being able to access the medical advice and support they need? this is happening in ireland today. it is a fact. how can we ignore it? how can we consider it to be all right? if it is the sad reality that we have been exporting this issue for many decades, are we now accepting that, on top of exporting it, women must import their own solutions?
           i want to turn now to the substance of the recommendations of the joint committee on the eighth amendment of the constitution. i commend all the members for their work and thank them for the contributions they made. they have served the oireachtas well. i wish to thank senator catherine noone, in particular, for her calm and balanced handling of the issue as chair. we, as an oireachtas, asked these colleagues, on a cross-party basis, to do a very important body of work: to listen to experts, to hear evidence and to report back to us. we owe them a debt of gratitude for the time and dedication they applied to their task. i would also like to commend the chair of the citizens’ assembly, ms justice mary laffoy, and its members for their careful deliberations and to acknowledge their valuable contribution.
           the citizens' assembly and the committee have given us a model for addressing this issue in a rational and measured way, and i believe it is one we should follow. i want to recognise that the recommendations contained in the committee’s report represent the views of the majority of members but there was not unanimous agreement on them. i respect the views of those who dissented from the recommendations but i believe the recommendations are the basis on which we must proceed on this issue. the main conclusion of the committee’s work is that change is needed to extend the grounds for lawful termination of pregnancy in the state. in order to effect that change, the committee recommended that article 40.3.3° should be removed from the constitution. the committee then went on to make recommendations on the grounds on which termination of pregnancy should be permitted in ireland, if article 40.3.3° is repealed by the irish people. it recommended extending the law on abortion to cover cases where the health of a woman is concerned, cases of fatal foetal abnormalities and a broader legal regime that allows abortions where the woman seeks it from her medical practitioner if her pregnancy is under 12 weeks gestation.
           i am working with my chief medical officer and officials of my department, and the attorney general, to consider how best to translate these recommendations into legislation, should that be the wish of the irish people. it is my intention that, in the event of a referendum, as much information as possible would be available to people so they can make an informed decision.
           while it is understandable the focus so far has been on the committee’s recommendations regarding the eighth amendment, it is important to put on the record of the house that the committee did not only make recommendations on termination of pregnancy, but also on the services and supports that should be available to women. i am fully committed to ensuring that all women accessing maternity services in our country should receive the same standard of safe, high quality care. every woman, from any corner of ireland, should expect and be able to access the maternity services she needs. i am confident that, through the implementation of the first-ever national maternity strategy, creating a better future together, the quality outcomes envisaged by the committee will be realised. in some ways, it is incredible it is the first-ever national maternity strategy. officials in my department, under the chairmanship of the chief medical officer, have now established a group to address and formulate an effective and comprehensive response to the issues raised by the committee in its ancillary recommendations.
           we have made other progress which provides the base for delivering the kind of integrated care women and their babies deserve. we have established the national women and infants health programme. we now have hiqa’s standards for safer better maternity services and new hse national standards for bereavement care to ensure clinical and counselling services are in place to support all women and families in all pregnancy loss situations. the hse’s positive options crisis pregnancy counselling service is also available in 50 centres nationwide.
           as someone born three years after the 1983 referendum on the eighth amendment, i never imagined i might one day be the minister for health responsible for a referendum on its repeal. i come at it from a perspective that i think was sadly absent in 1983, that is, from the perspective of women’s health care. in the ministry i have the honour to hold, it is my duty to work to ensure that people in this country receive the highest possible standards of care, and to protect and promote the health of our people under the laws of our land.
           i realise the issue before us challenges us - it challenges me. it causes us to ask difficult questions of ourselves. it makes us uncomfortable at times as we collectively wrestle with what is, at its core, a very personal and private matter. women become pregnant and it is a joyous thing for so many, but it is a terrifying thing for some and a tragic thing for others. irish women are driven today to find their own solutions. sometimes they put themselves at risk in doing so. as things stand, they are often left without help, advice or support at one of the most vulnerable times in their lives. i hope that, as a country, we can no longer tolerate a law which denies care and understanding to women who are our friends, our sisters, our mothers, our daughters, our wives. ultimately, there is always a deeply personal, private story behind each individual case, which i believe is a matter best served by women and their doctors. i believe the people in this country trust women and trust their doctors to make these difficult decisions.
           i look forward to what i hope will be a constructive debate on the issues raised by the committee here and in the seanad. i hope we can show here that this debate can take place in an atmosphere of respect for each other's views so that the same is possible in the context of a referendum campaign. after this debate concludes, i expect to return to government in the coming weeks with a series of proposals which i believe can deliver a referendum by the end of may or very early june, should the will of the oireachtas be to facilitate that. i do not doubt that, as long as i remain a member of this house, i will continue to witness moments in this chamber that remind us of darker times in our history, but let this be a different type of moment. let this be a moment people will look back on as one where their representatives confronted one of the most complex issues we have faced as a country with clarity, with compassion and with care."
2018-01-17,dail,https://data.oireachtas.ie/akn/ie/debateRecord/dail/2018-01-17/debate/main,360,Deputy Gerry Adams,Deputy Gerry Adams,"deputy gerry adams
          tá áthas orm deis a bheith agam labhairt ar an ábhar fíorthábhachtach seo atá roimh an dáil um thráthnóna. i am also grateful to the joint committee on the eighth amendment of the constitution. i commend its members, including, in particular, its chairman, senator catherine noone, and the three sinn féin representatives, deputies louise o'reilly and jonathan o'brien and senator paul gavan. i also thank the citizens' assembly and its chairman, ms justice mary laffoy. i commend the minister for health for his very compassionate remarks. i also commend the thoughtful remarks made by teachta billy kelleher.
           one hundred years ago this year countess markievicz was elected to the first dáil. she went on to become the first female cabinet minister in europe. she was part of a revolutionary strand of the national movement that included women such as hanna sheehy-skeffington, kathleen lynn and elizabeth o'farrell. they were fine women who serve as role models for many of us to this day. they led the struggle for women's rights in extraordinary times, buoyed by the freedom charter that was the 1916 proclamation which addressed itself equally to irish men and irish women. they must have felt betrayed after the counter-revolutionary period which resulted in the development of two conservative, narrow-minded states that championed public policy that was anti-women, chauvinistic, cruel and intolerant.
          women were written out of history. their status in this state was confirmed in the 1937 constitution, which provided that the place of women is ""in the home"". women who strayed beyond the so-called norms were sent to magdalen laundries or mother and baby homes, where they endured unbelievable hardship and were denied everything by a state that condemned them for no reason other than the fact that they were women. such attitudes permeated every facet of irish life. the architecture of the state ensured women were consigned to a lesser status. the employment marriage bar remained in force until 1973. domestic violence was not recognised as an issue during this era. it was not until 1976 that a wife could seek a barring order against her husband. criminal conversation, which enshrined in law that a wife was the property of her husband, remained on the statute book until 1981. contraception was not available without a prescription until 1985, and even then only in chemists until 1991. simple things like the purchase of a television or a radio on hire purchase were not possible without a husband's signature at this time.
           while strides have been made in addressing some of the historic injustices forced on women by this state, the legacy of that treatment remains with us in respect of issues like pay equality, or the lack of it. it can be seen in the scarcity of women in many aspects of public life, politics and leadership positions in commerce, academia and other sectors. this injustice is evident in the continued existence of the 1983 amendment to the constitution, which was already out of touch at that time. this amendment prohibits access to what is considered, and was considered even at that time, to be basic medical treatment in any developed society. that is not right. it is wrong. as legislators, we have a responsibility to end that injustice. the business of the state should be to ensure women have access to proper health care services if they need them and choose to avail of them. the state has a responsibility to support women.  we should not fool ourselves. abortion is a reality in ireland. abortion pills are available here. they can be ordered online and taken by women without medical supervision. women in distress can go to england, which is an english solution to an irish problem.
           i have my own position on abortion. as a legislator, i have no right to impose that view on anyone. it is not for any of us here to cast judgment on anybody for doing what they feel they need to do. it is for women to make that judgment. i believe they are fully capable of doing so and are entitled to do so. those who are opposed to abortion are entitled to their opinions. they are equally and fully entitled not to have terminations. everyone has the right to choose. those who subscribe to a particular faith can heed the guidance of their religious leaders if they so choose. my strongly held opinion is that it is not appropriate for anyone to foist their views on anyone else. some of those who will oppose that analysis are friends of mine. they are good people whose sincerely held views i respect. tolerance has to be the hallmark of our discourse.
           ireland has changed. that change has been spearheaded by women in the first case. mná na héireann are not going to accept as dogma the continued guidance, mar dhea, of a constitution that was written when they were second-class citizens and was revised in 1983 under false pretences. women do not need moral diktats and certainly do not need condemnation. they need and deserve respect.  they need the right to make decisions about their own health and their own lives. repealing the eighth amendment is the right thing to do.  it will correct an historic wrong. i hope a referendum to give the people the right to repeal the eighth amendment happens as soon as possible. i hope the people will support that proposition. thereafter, we can debate the merits or otherwise of the legislation that will follow.
           sinn féin accepts the need for abortion to be available where a woman’s life, health or mental health is at serious risk or in danger and in cases of rape or sexual abuse. this has been our policy for a long time. we recently dealt with the issue of fatal foetal abnormality at an ard-fheis. i never knew there was such a condition. we listened to compassionate people explaining how they or their partners, sisters or friends decided to carry a fatal foetal abnormality to full term while others could not do so. we changed our position accordingly. i think that is what we have to do. the first step we need to take is to allow women the right to make a choice on these deeply distressing matters. it is their business, it is their right and it is their choice. sinn féin will fully support the repeal of the eighth amendment."
2018-01-17,dail,https://data.oireachtas.ie/akn/ie/debateRecord/dail/2018-01-17/debate/main,361,Deputy Mary Lou McDonald,Deputy Mary Lou McDonald,"deputy mary lou mcdonald
          i would like to add my voice to those who have commended the work of the joint committee on the eighth amendment of the constitution. i particularly commend my colleagues, teachtaí louise o'reilly and jonathan o'brien and seanadóir paul gavan. i also commend the chairman of the committee, senator catherine noone, who did a very fine job. as an oireachtas, we made a big ask of our peers and colleagues on the committee. i believe they conducted themselves with great dignity, compassion, intelligence and thoughtfulness throughout the hearings. i commend them on that. i was disappointed that some members of the committee tried unsuccessfully to thwart its work. i do not say that to sound a note of rancour, but because it is important that the disrespectful commentary which featured in the course of the committee's work is not allowed to set the tone for the public debate. as we move to repeal the eighth amendment of the constitution and agree a new legislative and regulatory framework, i hope and believe it will be an historic and momentous journey for all of us. i hope all of this work can be done in a respectful, well-informed, calm and fair atmosphere.
           the harrowing experiences of joanne hayes, and all the horrific events surrounding what became known as the kerry babies scandal of more than 33 years ago, have played themselves out again in heartbreaking detail in the past 24 hours. the scale of the abuse joanne endured at the hands of the state was unprecedented and horribly and agonisingly public. i welcome yesterday's apology from the garda síochána and today's apology from the taoiseach. such statements are most welcome. the taoiseach must now move to make good today's statement on compensation for joanne hayes. she is entitled to a full and formal apology from the state for its persecution and vilification of her and her family. she also deserves compensation and redress. back then, having failed joanne and having pursued her case in the most corrupt manner, the garda went viciously for a second bite at the tribunal of inquiry.
           i remember hearing joanne hayes's name when i was a girl. i remember the kerry babies being spoken of. i also recall the incredible atmosphere of hostility directed at women and girls in 1983. i can still feel the very toxic atmosphere in which the eighth amendment was conceived, debated and inserted into the constitution. i do not think there is a woman of my age in ireland who cannot still feel how that atmosphere felt. after all, this was the ireland of the mother and baby homes and the magdalen laundries. it was an ireland where women were to be subjugated and kept quiet inside the home to accept their fate. this obsessive control of women did not happen by accident.
          it was very much intended by a powerful conservative cohort across society - in government and the churches, across the highest ranks of the public and civil service and among the professional elites. women's subjugation was part of a carving up of power and influence in the public and private spheres, which did not happen by accident.
           the then journalist and current european ombudsman, emily o'reilly, wrote the following in 1992:
          the widespread passive acceptance of the patriarchal nature of irish society also enabled the conservative lobby to hold sway. nothing threatens the system more than when women are enabled to take control of every aspect of their lives, public and private. and there is nothing more critical to the exercise of that control than the ability to decide how many children to have, if any, and when to have them.
          the eighth amendment was in effect a constitutional coup and the reactionary codification of the suppression of women. that is what happened in 1983. in the decades since, women in ireland have had to live with the abusive outworkings of the eighth amendment. the x case, in particular, brought into sharp focus the worst expression of the conservative coup. a child who was pregnant as a result of rape was dragged through the courts by the state, whose sole and stated intent was to force her to continue with the pregnancy from rape to full term. i still struggle to fully comprehend the callousness of the state in so aggressively and cruelly forcing a child victim of rape to continue with pregnancy. it is hard to fathom that any individual or agency could heap more abuse and trauma on a child who had already been violated. even after the supreme court judgment, the public outcry and the horrors endured by miss x and her family, successive governments refused for more than two decades to legislate for the x case. it is important to record that this is a source of shame for successive oireachtais. it took the tragic death of savita halappanavar and the alphabetical array of cases taken by incredibly brave women to shame government into finally enacting in law the supreme court decisions in the x case.
           there is now broad acceptance across the oireachtas and in wider society that the eighth amendment must be repealed from the constitution. i passionately believe that now is the time for leadership and in that regard, i commend the minister for health, deputy simon harris, on his words this evening. leadership must come from the front.
           abortion is a divisive issue. that statement echoes throughout this debate. while that may be the case, the abuse of women and indifference to our health and bodily integrity are not divisive issues but unacceptable positions to take in public life. some people argue that because abortion is a divisive issue, votes of conscience must, therefore, be allowed. i do not share that view and i say this as someone who is deeply respectful of diverse views and fully understands that some people will struggle with this issue. however, in the final analysis, this debate is a matter of public health, women's health, our right to decide and our right to respect for our conscience as we decide on matters for ourselves. the clinicians and doctors, not least in the hearings of the joint committee, made clear that the eighth amendment casts a long shadow over their practice and relationships with their patients and jeopardises women's health and their lives.
           the first issue for the oireachtas to address is the nature of the question to be put for repeal. a simple repeal of the eighth amendment of the constitution, as recommended by the joint committee, must be delivered. there can be no equivocation on this by anyone. if legal advice that takes a contrary view is offered, for instance, if it is suggested that instead of repeal simpliciter, an enabling clause should be inserted in the constitution, the government must share this advice with all oireachtas members because we need transparency and informed debate above all.
           i agree with deputy billy kelleher and my party colleague, deputy gerry adams, that the first order of business is the repeal of the eighth amendment. thereafter, we must debate and acquire an understanding of the legislative framework. the first task and duty of the oireachtas at this time is to remove the eighth amendment from the constitution. it is time to right a fundamental wrong that occurred in 1983. as legislators, we cannot accept the terrible impact of the eighth amendment on women's health, their obstetric care and well-being, and their and our fundamental rights. we must state loud and clear that we trust and respect women and that there is no place for the cruelty of the eighth amendment in a modern and diverse ireland.
           there can be no place for unnecessary dogma or doctrinaire positions in the coming months. i accept, however, that we must listen to, acknowledge and engage with people's concerns. it is, after all, our shared responsibility to protect women's rights and health now and into the future by engaging in a respectful debate and delivering a successful referendum result, which means the repeal of the eighth amendment. 
           as we are all being confessional and owning up to our ages, i was 14 years old when the eighth amendment to the constitution was made. as i was reflecting on this debate and listening to joanne hayes, i wondered how i would explain to my 14 year old daughter what ireland was like then and what the hostility experienced by women and girls felt like at the time. i am very happy to say i could not begin to explain to my 14 year old daughter what that was like. that is a great thing. it is now time for the law, politics and every member of the oireachtas to catch up with public opinion and the new ireland, the country in which my 14 year old daughter and all our daughters and granddaughters - and our boys and men - live and give us and them a decent, human rights-based and respectful constitution that acknowledges women as full and equal people."
2018-01-17,dail,https://data.oireachtas.ie/akn/ie/debateRecord/dail/2018-01-17/debate/main,370,Deputy Catherine Connolly,Deputy Catherine Connolly,"deputy catherine connolly
          i welcome the opportunity to participate in this debate. i thank senator catherine noone and all of the members of the committee and the citizens' assembly. i also thank the minister for his speech, its content and the way he delivered it. however, i have two reservations which have already been mentioned. one is that he gave no timeline and the second is the failure to mention the draconian 2013 legislation.
           i fully support the various recommendations of the committee. the constitution was amended in the 1980s. the 1980s gave us the case of sheila hodgers who died on 19 march, prior to the referendum. we knew exactly what we were doing in the country when we passed the referendum.
          she died two days after delivering her baby prematurely. her cancer treatment had been stopped by the hospital which claimed it would harm her pregnancy. she was also denied x-rays and pain relief. that was prior to the amendment. when we passed the amendment it was a time in ireland when we had the kerry babies tribunal and when ann lovett died, 33 years ago at the end of this month, on 31 january. it was an ireland that sent eileen flynn from her position in a school in wexford simply because she loved a man whom she subsequently married, with whom she had a child and whose children she raised. it was the 1980s of the moving statues, limited contraceptives and when marital rape was not recognised. it was a time when we had no divorce and many other things were absent.
           as somebody who lived through that time as a young woman it was the ireland of secrets, shame and mass emigration. it was an ireland that told us that if we stepped out of line and did something we would be punished severely one way or another. those secrets and that shame came to light and they were overseen by the pillars of society at the time both in the church and outside it. subsequently, we saw those pillars fall to the ground. i am not here to mention names but one has to mention some names such as those of fr. cleary and bishop casey, and the subsequent exposure of horrific abuse. we had different types of inquiry, for example, into clerical abuse in ferns, cloyne and dublin. institutional abuse was examined in the ryan report. the abuse in families was exposed by numerous inquiries such as those in kilkenny and roscommon. the report into the abuse in the kilkenny incest case was subsequently published in the 1990s. we had the 1980s of secrets, which followed on from previous decades of secrets, and that has continued as previous speakers said right up to today as we grapple with the mother and baby home in tuam. we still have not learnt to be honest, straight and direct. i am pleased the minister is nodding his head in relation to that.
           i have thanked the minister and the committee but i wish in particular to thank the courageous women who have brought the inadequacy of the eighth amendment to our attention repeatedly in the most appalling of circumstances. i refer, for example, to the 17-year old who refused to allow herself to be classified as suicidal ten years ago, back in 2007. she was being pushed to say she was suicidal when she simply wanted a termination because she had discovered that she had an anencephalic pregnancy. she was adamant that she was not suicidal and she was forced to go to the high court. many cases have arisen since the introduction of the eighth amendment which i do not have time to go into. it was quite clear at the time to me and to other people that it was an appalling amendment to the constitution. even as young women we knew there were going to be problems.
           in 1992 there was the case which famously became known as the x case. it involved a 14-year old girl who was raped by a family friend. she had to go through absolute torture to get a termination. in 1997 a 13-year old girl was raped and became pregnant. again, the circumstances were appalling and there was an appalling process involved for her to try to get a termination. the d case took place in 2006. a fatal foetal abnormality was diagnosed and again it was a difficult process to get a termination. i mentioned the 17-year old miss d case in 2007. in 2010 there was the a, b and c cases. miss c was pregnant and suffering from cancer. in 2012 in my own city we had savita's case. again, there was an absolutely appalling lack of basic treatment but the fact is that more emphasis was put on a foetal heartbeat than on the treatment of obvious sepsis and that should not have happened. in 2016 there was the amanda mellet case and in 2017 there was the whelan case. over that period we have been forced to confront this issue by very brave women whose health has suffered, some of whom have died. we have also been forced to do so by european court judgments, and a united nations committee which has clearly told us that what we are doing to our women is inhuman, degrading and amounts to certain torture.
           i am here tonight to proudly add my voice to say the amendment simply has to go. it is time to trust women to make decisions. i make my comments in the context of the centenary celebration of women getting the right to vote, albeit a limited right, and 70 years after noël browne bravely tried to introduce his comprehensive mother and child scheme. that was not successful. seventy years later we have a very welcome report from the oireachtas committee with its ancillary recommendations telling us that in the 21st century, in 2018, we have significant gaps in the provision of maternity services. the minister clarified that this is the first maternal strategy. we are excluding women from the health service in the 21st century, 70 years after noel browne's gallant attempt. women are excluded from the health service in terms of getting a termination and they are going abroad in their thousands. the figure of 3,265 was mentioned. those women come back bleeding, having travelled through airports, and we stand over that and exclude them from any follow-up treatment. we should cringe, collectively, that it has taken us this much time and effort from vulnerable women who have had the courage in the most appalling circumstances to stand up, and also our colleagues such as deputies clare daly, bríd smith and mick wallace, and all the other people who have tried to raise the issue. if i mention names i might forget somebody so i pay tribute to all the deputies who have brought or attempted to bring bills before the dáil to deal with the matter in a humane way. it is time to treat this society as a secular society. ironically, for those who are totally against abortion, whose opinion i fully respect, the best way to reduce the rate of abortion is to look at those countries which have liberal regimes as they have a very low rate of abortion. for me, that is the most ironic fact in all of that."
