date,house,debateType,debate_uri,xml_uri
2023-12-14,seanad,debate,https://data.oireachtas.ie/akn/ie/debateRecord/seanad/2023-12-14/debate/main,https://data.oireachtas.ie/akn/ie/debateRecord/seanad/2023-12-14/debate/mul@/main.xml
2023-12-14,dail,debate,https://data.oireachtas.ie/akn/ie/debateRecord/joint_committee_on_key_issues_affecting_the_traveller_community_2023/2023-12-14/debate/main,https://data.oireachtas.ie/akn/ie/debateRecord/joint_committee_on_key_issues_affecting_the_traveller_community_2023/2023-12-14/debate/mul@/main.xml
2023-12-14,dail,debate,https://data.oireachtas.ie/akn/ie/debateRecord/committee_of_public_accounts/2023-12-14/debate/main,https://data.oireachtas.ie/akn/ie/debateRecord/committee_of_public_accounts/2023-12-14/debate/mul@/main.xml
2023-12-14,dail,debate,https://data.oireachtas.ie/akn/ie/debateRecord/joint_committee_on_public_petitions_and_the_ombudsmen/2023-12-14/debate/main,https://data.oireachtas.ie/akn/ie/debateRecord/joint_committee_on_public_petitions_and_the_ombudsmen/2023-12-14/debate/mul@/main.xml
2023-12-14,dail,debate,https://data.oireachtas.ie/akn/ie/debateRecord/joint_committee_on_the_implementation_of_the_good_friday_agreement/2023-12-14/debate/main,https://data.oireachtas.ie/akn/ie/debateRecord/joint_committee_on_the_implementation_of_the_good_friday_agreement/2023-12-14/debate/mul@/main.xml
2023-12-14,dail,debate,https://data.oireachtas.ie/akn/ie/debateRecord/joint_committee_on_housing_local_government_and_heritage/2023-12-14/debate/main,https://data.oireachtas.ie/akn/ie/debateRecord/joint_committee_on_housing_local_government_and_heritage/2023-12-14/debate/mul@/main.xml
2023-12-14,dail,debate,https://data.oireachtas.ie/akn/ie/debateRecord/dail/2023-12-14/debate/main,https://data.oireachtas.ie/akn/ie/debateRecord/dail/2023-12-14/debate/mul@/main.xml
2023-12-13,dail,debate,https://data.oireachtas.ie/akn/ie/debateRecord/comhchoiste_na_gaeilge_na_gaeltachta_agus_phobal_labhartha_na_gaeilge/2023-12-13/debate/main,https://data.oireachtas.ie/akn/ie/debateRecord/comhchoiste_na_gaeilge_na_gaeltachta_agus_phobal_labhartha_na_gaeilge/2023-12-13/debate/mul@/main.xml
2023-12-13,dail,debate,https://data.oireachtas.ie/akn/ie/debateRecord/joint_committee_on_agriculture_food_and_the_marine/2023-12-13/debate/main,https://data.oireachtas.ie/akn/ie/debateRecord/joint_committee_on_agriculture_food_and_the_marine/2023-12-13/debate/mul@/main.xml
2023-12-13,dail,debate,https://data.oireachtas.ie/akn/ie/debateRecord/joint_committee_on_enterprise_trade_and_employment/2023-12-13/debate/main,https://data.oireachtas.ie/akn/ie/debateRecord/joint_committee_on_enterprise_trade_and_employment/2023-12-13/debate/mul@/main.xml
2023-12-13,dail,debate,https://data.oireachtas.ie/akn/ie/debateRecord/joint_committee_on_finance_public_expenditure_and_reform_and_taoiseach/2023-12-13/debate/main,https://data.oireachtas.ie/akn/ie/debateRecord/joint_committee_on_finance_public_expenditure_and_reform_and_taoiseach/2023-12-13/debate/mul@/main.xml
2023-12-13,dail,debate,https://data.oireachtas.ie/akn/ie/debateRecord/joint_committee_on_health/2023-12-13/debate/main,https://data.oireachtas.ie/akn/ie/debateRecord/joint_committee_on_health/2023-12-13/debate/mul@/main.xml
2023-12-13,dail,debate,https://data.oireachtas.ie/akn/ie/debateRecord/joint_committee_on_tourism_culture_arts_sport_and_media/2023-12-13/debate/main,https://data.oireachtas.ie/akn/ie/debateRecord/joint_committee_on_tourism_culture_arts_sport_and_media/2023-12-13/debate/mul@/main.xml
2023-12-13,seanad,debate,https://data.oireachtas.ie/akn/ie/debateRecord/seanad/2023-12-13/debate/main,https://data.oireachtas.ie/akn/ie/debateRecord/seanad/2023-12-13/debate/mul@/main.xml
2023-12-13,dail,debate,https://data.oireachtas.ie/akn/ie/debateRecord/dail/2023-12-13/debate/main,https://data.oireachtas.ie/akn/ie/debateRecord/dail/2023-12-13/debate/mul@/main.xml
2023-12-13,dail,debate,https://data.oireachtas.ie/akn/ie/debateRecord/committee_on_budgetary_oversight/2023-12-13/debate/main,https://data.oireachtas.ie/akn/ie/debateRecord/committee_on_budgetary_oversight/2023-12-13/debate/mul@/main.xml
2023-12-12,dail,debate,https://data.oireachtas.ie/akn/ie/debateRecord/joint_committee_on_assisted_dying/2023-12-12/debate/main,https://data.oireachtas.ie/akn/ie/debateRecord/joint_committee_on_assisted_dying/2023-12-12/debate/mul@/main.xml
2023-12-12,seanad,debate,https://data.oireachtas.ie/akn/ie/debateRecord/seanad/2023-12-12/debate/main,https://data.oireachtas.ie/akn/ie/debateRecord/seanad/2023-12-12/debate/mul@/main.xml
2023-12-12,dail,debate,https://data.oireachtas.ie/akn/ie/debateRecord/dail/2023-12-12/debate/main,https://data.oireachtas.ie/akn/ie/debateRecord/dail/2023-12-12/debate/mul@/main.xml
2023-12-07,dail,debate,https://data.oireachtas.ie/akn/ie/debateRecord/joint_committee_on_key_issues_affecting_the_traveller_community_2023/2023-12-07/debate/main,https://data.oireachtas.ie/akn/ie/debateRecord/joint_committee_on_key_issues_affecting_the_traveller_community_2023/2023-12-07/debate/mul@/main.xml
2023-12-07,dail,debate,https://data.oireachtas.ie/akn/ie/debateRecord/committee_of_public_accounts/2023-12-07/debate/main,https://data.oireachtas.ie/akn/ie/debateRecord/committee_of_public_accounts/2023-12-07/debate/mul@/main.xml
2023-12-07,dail,debate,https://data.oireachtas.ie/akn/ie/debateRecord/joint_committee_on_environment_and_climate_action/2023-12-07/debate/main,https://data.oireachtas.ie/akn/ie/debateRecord/joint_committee_on_environment_and_climate_action/2023-12-07/debate/mul@/main.xml
2023-12-07,dail,debate,https://data.oireachtas.ie/akn/ie/debateRecord/joint_committee_on_the_implementation_of_the_good_friday_agreement/2023-12-07/debate/main,https://data.oireachtas.ie/akn/ie/debateRecord/joint_committee_on_the_implementation_of_the_good_friday_agreement/2023-12-07/debate/mul@/main.xml
2023-12-07,dail,debate,https://data.oireachtas.ie/akn/ie/debateRecord/joint_committee_on_housing_local_government_and_heritage/2023-12-07/debate/main,https://data.oireachtas.ie/akn/ie/debateRecord/joint_committee_on_housing_local_government_and_heritage/2023-12-07/debate/mul@/main.xml
2023-12-07,dail,debate,https://data.oireachtas.ie/akn/ie/debateRecord/joint_committee_on_justice/2023-12-07/debate/main,https://data.oireachtas.ie/akn/ie/debateRecord/joint_committee_on_justice/2023-12-07/debate/mul@/main.xml
2023-12-07,seanad,debate,https://data.oireachtas.ie/akn/ie/debateRecord/seanad/2023-12-07/debate/main,https://data.oireachtas.ie/akn/ie/debateRecord/seanad/2023-12-07/debate/mul@/main.xml
2023-12-07,dail,debate,https://data.oireachtas.ie/akn/ie/debateRecord/dail/2023-12-07/debate/main,https://data.oireachtas.ie/akn/ie/debateRecord/dail/2023-12-07/debate/mul@/main.xml
2023-12-06,dail,debate,https://data.oireachtas.ie/akn/ie/debateRecord/joint_committee_on_disability_matters/2023-12-06/debate/main,https://data.oireachtas.ie/akn/ie/debateRecord/joint_committee_on_disability_matters/2023-12-06/debate/mul@/main.xml
2023-12-06,dail,debate,https://data.oireachtas.ie/akn/ie/debateRecord/joint_committee_on_agriculture_food_and_the_marine/2023-12-06/debate/main,https://data.oireachtas.ie/akn/ie/debateRecord/joint_committee_on_agriculture_food_and_the_marine/2023-12-06/debate/mul@/main.xml
2023-12-06,dail,debate,https://data.oireachtas.ie/akn/ie/debateRecord/committee_on_budgetary_oversight/2023-12-06/debate/main,https://data.oireachtas.ie/akn/ie/debateRecord/committee_on_budgetary_oversight/2023-12-06/debate/mul@/main.xml
2023-12-06,dail,debate,https://data.oireachtas.ie/akn/ie/debateRecord/select_committee_on_environment_and_climate_action/2023-12-06/debate/main,https://data.oireachtas.ie/akn/ie/debateRecord/select_committee_on_environment_and_climate_action/2023-12-06/debate/mul@/main.xml
2023-12-06,dail,debate,https://data.oireachtas.ie/akn/ie/debateRecord/joint_committee_on_children_equality_disability_integration_and_youth/2023-12-06/debate/main,https://data.oireachtas.ie/akn/ie/debateRecord/joint_committee_on_children_equality_disability_integration_and_youth/2023-12-06/debate/mul@/main.xml
2023-12-06,dail,debate,https://data.oireachtas.ie/akn/ie/debateRecord/joint_committee_on_european_union_affairs/2023-12-06/debate/main,https://data.oireachtas.ie/akn/ie/debateRecord/joint_committee_on_european_union_affairs/2023-12-06/debate/mul@/main.xml
2023-12-06,dail,debate,https://data.oireachtas.ie/akn/ie/debateRecord/joint_committee_on_finance_public_expenditure_and_reform_and_taoiseach/2023-12-06/debate/main,https://data.oireachtas.ie/akn/ie/debateRecord/joint_committee_on_finance_public_expenditure_and_reform_and_taoiseach/2023-12-06/debate/mul@/main.xml
2023-12-06,dail,debate,https://data.oireachtas.ie/akn/ie/debateRecord/joint_committee_on_health/2023-12-06/debate/main,https://data.oireachtas.ie/akn/ie/debateRecord/joint_committee_on_health/2023-12-06/debate/mul@/main.xml
2023-12-06,dail,debate,https://data.oireachtas.ie/akn/ie/debateRecord/joint_committee_on_tourism_culture_arts_sport_and_media/2023-12-06/debate/main,https://data.oireachtas.ie/akn/ie/debateRecord/joint_committee_on_tourism_culture_arts_sport_and_media/2023-12-06/debate/mul@/main.xml
2023-12-06,dail,debate,https://data.oireachtas.ie/akn/ie/debateRecord/joint_committee_on_transport_and_communications/2023-12-06/debate/main,https://data.oireachtas.ie/akn/ie/debateRecord/joint_committee_on_transport_and_communications/2023-12-06/debate/mul@/main.xml
2023-12-06,dail,debate,https://data.oireachtas.ie/akn/ie/debateRecord/joint_committee_on_social_protection_community_and_rural_development_and_the_islands/2023-12-06/debate/main,https://data.oireachtas.ie/akn/ie/debateRecord/joint_committee_on_social_protection_community_and_rural_development_and_the_islands/2023-12-06/debate/mul@/main.xml
2023-12-06,seanad,debate,https://data.oireachtas.ie/akn/ie/debateRecord/seanad/2023-12-06/debate/main,https://data.oireachtas.ie/akn/ie/debateRecord/seanad/2023-12-06/debate/mul@/main.xml
2023-12-06,dail,debate,https://data.oireachtas.ie/akn/ie/debateRecord/dail/2023-12-06/debate/main,https://data.oireachtas.ie/akn/ie/debateRecord/dail/2023-12-06/debate/mul@/main.xml
2023-12-05,dail,debate,https://data.oireachtas.ie/akn/ie/debateRecord/select_committee_on_justice/2023-12-05/debate/main,https://data.oireachtas.ie/akn/ie/debateRecord/select_committee_on_justice/2023-12-05/debate/mul@/main.xml
2023-12-05,dail,debate,https://data.oireachtas.ie/akn/ie/debateRecord/joint_committee_on_foreign_affairs_and_defence/2023-12-05/debate/main,https://data.oireachtas.ie/akn/ie/debateRecord/joint_committee_on_foreign_affairs_and_defence/2023-12-05/debate/mul@/main.xml
2023-12-05,seanad,debate,https://data.oireachtas.ie/akn/ie/debateRecord/seanad/2023-12-05/debate/main,https://data.oireachtas.ie/akn/ie/debateRecord/seanad/2023-12-05/debate/mul@/main.xml
2023-12-05,dail,debate,https://data.oireachtas.ie/akn/ie/debateRecord/dail/2023-12-05/debate/main,https://data.oireachtas.ie/akn/ie/debateRecord/dail/2023-12-05/debate/mul@/main.xml
2023-12-05,dail,debate,https://data.oireachtas.ie/akn/ie/debateRecord/joint_committee_on_housing_local_government_and_heritage/2023-12-05/debate/main,https://data.oireachtas.ie/akn/ie/debateRecord/joint_committee_on_housing_local_government_and_heritage/2023-12-05/debate/mul@/main.xml
2023-12-05,dail,debate,https://data.oireachtas.ie/akn/ie/debateRecord/joint_committee_on_assisted_dying/2023-12-05/debate/main,https://data.oireachtas.ie/akn/ie/debateRecord/joint_committee_on_assisted_dying/2023-12-05/debate/mul@/main.xml
2023-11-30,dail,debate,https://data.oireachtas.ie/akn/ie/debateRecord/joint_committee_on_key_issues_affecting_the_traveller_community_2023/2023-11-30/debate/main,https://data.oireachtas.ie/akn/ie/debateRecord/joint_committee_on_key_issues_affecting_the_traveller_community_2023/2023-11-30/debate/mul@/main.xml
2023-11-30,dail,debate,https://data.oireachtas.ie/akn/ie/debateRecord/committee_of_public_accounts/2023-11-30/debate/main,https://data.oireachtas.ie/akn/ie/debateRecord/committee_of_public_accounts/2023-11-30/debate/mul@/main.xml
2023-11-30,dail,debate,https://data.oireachtas.ie/akn/ie/debateRecord/joint_committee_on_environment_and_climate_action/2023-11-30/debate/main,https://data.oireachtas.ie/akn/ie/debateRecord/joint_committee_on_environment_and_climate_action/2023-11-30/debate/mul@/main.xml
2023-11-30,dail,debate,https://data.oireachtas.ie/akn/ie/debateRecord/joint_committee_on_public_petitions_and_the_ombudsmen/2023-11-30/debate/main,https://data.oireachtas.ie/akn/ie/debateRecord/joint_committee_on_public_petitions_and_the_ombudsmen/2023-11-30/debate/mul@/main.xml
2023-11-30,seanad,debate,https://data.oireachtas.ie/akn/ie/debateRecord/seanad/2023-11-30/debate/main,https://data.oireachtas.ie/akn/ie/debateRecord/seanad/2023-11-30/debate/mul@/main.xml
2023-11-30,dail,debate,https://data.oireachtas.ie/akn/ie/debateRecord/dail/2023-11-30/debate/main,https://data.oireachtas.ie/akn/ie/debateRecord/dail/2023-11-30/debate/mul@/main.xml
2023-11-29,dail,debate,https://data.oireachtas.ie/akn/ie/debateRecord/joint_committee_on_agriculture_food_and_the_marine/2023-11-29/debate/main,https://data.oireachtas.ie/akn/ie/debateRecord/joint_committee_on_agriculture_food_and_the_marine/2023-11-29/debate/mul@/main.xml
2023-11-29,dail,debate,https://data.oireachtas.ie/akn/ie/debateRecord/select_committee_on_enterprise_trade_and_employment/2023-11-29/debate/main,https://data.oireachtas.ie/akn/ie/debateRecord/select_committee_on_enterprise_trade_and_employment/2023-11-29/debate/mul@/main.xml
2023-11-29,dail,debate,https://data.oireachtas.ie/akn/ie/debateRecord/committee_on_budgetary_oversight/2023-11-29/debate/main,https://data.oireachtas.ie/akn/ie/debateRecord/committee_on_budgetary_oversight/2023-11-29/debate/mul@/main.xml
2023-11-29,dail,debate,https://data.oireachtas.ie/akn/ie/debateRecord/select_committee_on_education_further_and_higher_education_research_innovation_and_science/2023-11-29/debate/main,https://data.oireachtas.ie/akn/ie/debateRecord/select_committee_on_education_further_and_higher_education_research_innovation_and_science/2023-11-29/debate/mul@/main.xml
2023-11-29,dail,debate,https://data.oireachtas.ie/akn/ie/debateRecord/select_committee_on_finance_public_expenditure_and_reform_and_taoiseach/2023-11-29/debate/main,https://data.oireachtas.ie/akn/ie/debateRecord/select_committee_on_finance_public_expenditure_and_reform_and_taoiseach/2023-11-29/debate/mul@/main.xml
2023-11-29,dail,debate,https://data.oireachtas.ie/akn/ie/debateRecord/select_committee_on_health/2023-11-29/debate/main,https://data.oireachtas.ie/akn/ie/debateRecord/select_committee_on_health/2023-11-29/debate/mul@/main.xml
2023-11-29,dail,debate,https://data.oireachtas.ie/akn/ie/debateRecord/joint_committee_on_justice/2023-11-29/debate/main,https://data.oireachtas.ie/akn/ie/debateRecord/joint_committee_on_justice/2023-11-29/debate/mul@/main.xml
2023-11-29,dail,debate,https://data.oireachtas.ie/akn/ie/debateRecord/select_committee_on_social_protection_community_and_rural_development_and_the_islands/2023-11-29/debate/main,https://data.oireachtas.ie/akn/ie/debateRecord/select_committee_on_social_protection_community_and_rural_development_and_the_islands/2023-11-29/debate/mul@/main.xml
2023-11-29,dail,debate,https://data.oireachtas.ie/akn/ie/debateRecord/joint_committee_on_transport_and_communications/2023-11-29/debate/main,https://data.oireachtas.ie/akn/ie/debateRecord/joint_committee_on_transport_and_communications/2023-11-29/debate/mul@/main.xml
2023-11-29,seanad,debate,https://data.oireachtas.ie/akn/ie/debateRecord/seanad/2023-11-29/debate/main,https://data.oireachtas.ie/akn/ie/debateRecord/seanad/2023-11-29/debate/mul@/main.xml
2023-11-29,dail,debate,https://data.oireachtas.ie/akn/ie/debateRecord/dail/2023-11-29/debate/main,https://data.oireachtas.ie/akn/ie/debateRecord/dail/2023-11-29/debate/mul@/main.xml
2023-11-28,dail,debate,https://data.oireachtas.ie/akn/ie/debateRecord/select_committee_on_foreign_affairs_and_defence/2023-11-28/debate/main,https://data.oireachtas.ie/akn/ie/debateRecord/select_committee_on_foreign_affairs_and_defence/2023-11-28/debate/mul@/main.xml
2023-11-28,dail,debate,https://data.oireachtas.ie/akn/ie/debateRecord/joint_committee_on_assisted_dying/2023-11-28/debate/main,https://data.oireachtas.ie/akn/ie/debateRecord/joint_committee_on_assisted_dying/2023-11-28/debate/mul@/main.xml
2023-11-28,dail,debate,https://data.oireachtas.ie/akn/ie/debateRecord/joint_committee_on_environment_and_climate_action/2023-11-28/debate/main,https://data.oireachtas.ie/akn/ie/debateRecord/joint_committee_on_environment_and_climate_action/2023-11-28/debate/mul@/main.xml
2023-11-28,dail,debate,https://data.oireachtas.ie/akn/ie/debateRecord/select_committee_on_children_equality_disability_integration_and_youth/2023-11-28/debate/main,https://data.oireachtas.ie/akn/ie/debateRecord/select_committee_on_children_equality_disability_integration_and_youth/2023-11-28/debate/mul@/main.xml
2023-11-28,dail,debate,https://data.oireachtas.ie/akn/ie/debateRecord/joint_committee_on_housing_local_government_and_heritage/2023-11-28/debate/main,https://data.oireachtas.ie/akn/ie/debateRecord/joint_committee_on_housing_local_government_and_heritage/2023-11-28/debate/mul@/main.xml
2023-11-28,dail,debate,https://data.oireachtas.ie/akn/ie/debateRecord/select_committee_on_justice/2023-11-28/debate/main,https://data.oireachtas.ie/akn/ie/debateRecord/select_committee_on_justice/2023-11-28/debate/mul@/main.xml
2023-11-28,dail,debate,https://data.oireachtas.ie/akn/ie/debateRecord/select_committee_on_tourism_culture_arts_sport_and_media/2023-11-28/debate/main,https://data.oireachtas.ie/akn/ie/debateRecord/select_committee_on_tourism_culture_arts_sport_and_media/2023-11-28/debate/mul@/main.xml
2023-11-28,dail,debate,https://data.oireachtas.ie/akn/ie/debateRecord/select_committee_on_transport_and_communications/2023-11-28/debate/main,https://data.oireachtas.ie/akn/ie/debateRecord/select_committee_on_transport_and_communications/2023-11-28/debate/mul@/main.xml
2023-11-28,dail,debate,https://data.oireachtas.ie/akn/ie/debateRecord/select_committee_on_education_further_and_higher_education_research_innovation_and_science/2023-11-28/debate/main,https://data.oireachtas.ie/akn/ie/debateRecord/select_committee_on_education_further_and_higher_education_research_innovation_and_science/2023-11-28/debate/mul@/main.xml
2023-11-28,seanad,debate,https://data.oireachtas.ie/akn/ie/debateRecord/seanad/2023-11-28/debate/main,https://data.oireachtas.ie/akn/ie/debateRecord/seanad/2023-11-28/debate/mul@/main.xml
2023-11-28,dail,debate,https://data.oireachtas.ie/akn/ie/debateRecord/dail/2023-11-28/debate/main,https://data.oireachtas.ie/akn/ie/debateRecord/dail/2023-11-28/debate/mul@/main.xml
2023-11-23,dail,debate,https://data.oireachtas.ie/akn/ie/debateRecord/committee_of_public_accounts/2023-11-23/debate/main,https://data.oireachtas.ie/akn/ie/debateRecord/committee_of_public_accounts/2023-11-23/debate/mul@/main.xml
2023-11-23,dail,debate,https://data.oireachtas.ie/akn/ie/debateRecord/select_committee_on_finance_public_expenditure_and_reform_and_taoiseach/2023-11-23/debate/main,https://data.oireachtas.ie/akn/ie/debateRecord/select_committee_on_finance_public_expenditure_and_reform_and_taoiseach/2023-11-23/debate/mul@/main.xml
2023-11-23,dail,debate,https://data.oireachtas.ie/akn/ie/debateRecord/joint_committee_on_the_implementation_of_the_good_friday_agreement/2023-11-23/debate/main,https://data.oireachtas.ie/akn/ie/debateRecord/joint_committee_on_the_implementation_of_the_good_friday_agreement/2023-11-23/debate/mul@/main.xml
2023-11-23,dail,debate,https://data.oireachtas.ie/akn/ie/debateRecord/select_committee_on_housing_local_government_and_heritage/2023-11-23/debate/main,https://data.oireachtas.ie/akn/ie/debateRecord/select_committee_on_housing_local_government_and_heritage/2023-11-23/debate/mul@/main.xml
2023-11-23,dail,debate,https://data.oireachtas.ie/akn/ie/debateRecord/roghchoiste_na_gaeilge_na_gaeltachta_agus_phobal_labhartha_na_gaeilge/2023-11-23/debate/main,https://data.oireachtas.ie/akn/ie/debateRecord/roghchoiste_na_gaeilge_na_gaeltachta_agus_phobal_labhartha_na_gaeilge/2023-11-23/debate/mul@/main.xml
2023-11-23,dail,debate,https://data.oireachtas.ie/akn/ie/debateRecord/dail/2023-11-23/debate/main,https://data.oireachtas.ie/akn/ie/debateRecord/dail/2023-11-23/debate/mul@/main.xml
2023-11-22,seanad,debate,https://data.oireachtas.ie/akn/ie/debateRecord/seanad/2023-11-22/debate/main,https://data.oireachtas.ie/akn/ie/debateRecord/seanad/2023-11-22/debate/mul@/main.xml
2023-11-22,dail,debate,https://data.oireachtas.ie/akn/ie/debateRecord/comhchoiste_na_gaeilge_na_gaeltachta_agus_phobal_labhartha_na_gaeilge/2023-11-22/debate/main,https://data.oireachtas.ie/akn/ie/debateRecord/comhchoiste_na_gaeilge_na_gaeltachta_agus_phobal_labhartha_na_gaeilge/2023-11-22/debate/mul@/main.xml
2023-11-22,dail,debate,https://data.oireachtas.ie/akn/ie/debateRecord/joint_committee_on_agriculture_food_and_the_marine/2023-11-22/debate/main,https://data.oireachtas.ie/akn/ie/debateRecord/joint_committee_on_agriculture_food_and_the_marine/2023-11-22/debate/mul@/main.xml
2023-11-22,dail,debate,https://data.oireachtas.ie/akn/ie/debateRecord/select_committee_on_agriculture_food_and_the_marine/2023-11-22/debate/main,https://data.oireachtas.ie/akn/ie/debateRecord/select_committee_on_agriculture_food_and_the_marine/2023-11-22/debate/mul@/main.xml
2023-11-22,dail,debate,https://data.oireachtas.ie/akn/ie/debateRecord/joint_committee_on_enterprise_trade_and_employment/2023-11-22/debate/main,https://data.oireachtas.ie/akn/ie/debateRecord/joint_committee_on_enterprise_trade_and_employment/2023-11-22/debate/mul@/main.xml
2023-11-22,dail,debate,https://data.oireachtas.ie/akn/ie/debateRecord/committee_on_budgetary_oversight/2023-11-22/debate/main,https://data.oireachtas.ie/akn/ie/debateRecord/committee_on_budgetary_oversight/2023-11-22/debate/mul@/main.xml
2023-11-22,dail,debate,https://data.oireachtas.ie/akn/ie/debateRecord/joint_committee_on_disability_matters/2023-11-22/debate/main,https://data.oireachtas.ie/akn/ie/debateRecord/joint_committee_on_disability_matters/2023-11-22/debate/mul@/main.xml
2023-11-22,dail,debate,https://data.oireachtas.ie/akn/ie/debateRecord/joint_committee_on_european_union_affairs/2023-11-22/debate/main,https://data.oireachtas.ie/akn/ie/debateRecord/joint_committee_on_european_union_affairs/2023-11-22/debate/mul@/main.xml
2023-11-22,dail,debate,https://data.oireachtas.ie/akn/ie/debateRecord/joint_committee_on_finance_public_expenditure_and_reform_and_taoiseach/2023-11-22/debate/main,https://data.oireachtas.ie/akn/ie/debateRecord/joint_committee_on_finance_public_expenditure_and_reform_and_taoiseach/2023-11-22/debate/mul@/main.xml
2023-11-22,dail,debate,https://data.oireachtas.ie/akn/ie/debateRecord/select_committee_on_finance_public_expenditure_and_reform_and_taoiseach/2023-11-22/debate/main,https://data.oireachtas.ie/akn/ie/debateRecord/select_committee_on_finance_public_expenditure_and_reform_and_taoiseach/2023-11-22/debate/mul@/main.xml
2023-11-22,dail,debate,https://data.oireachtas.ie/akn/ie/debateRecord/joint_committee_on_health/2023-11-22/debate/main,https://data.oireachtas.ie/akn/ie/debateRecord/joint_committee_on_health/2023-11-22/debate/mul@/main.xml
2023-11-22,dail,debate,https://data.oireachtas.ie/akn/ie/debateRecord/select_committee_on_social_protection_community_and_rural_development_and_the_islands/2023-11-22/debate/main,https://data.oireachtas.ie/akn/ie/debateRecord/select_committee_on_social_protection_community_and_rural_development_and_the_islands/2023-11-22/debate/mul@/main.xml
2023-11-22,dail,debate,https://data.oireachtas.ie/akn/ie/debateRecord/joint_committee_on_tourism_culture_arts_sport_and_media/2023-11-22/debate/main,https://data.oireachtas.ie/akn/ie/debateRecord/joint_committee_on_tourism_culture_arts_sport_and_media/2023-11-22/debate/mul@/main.xml
2023-11-22,dail,debate,https://data.oireachtas.ie/akn/ie/debateRecord/joint_committee_on_transport_and_communications/2023-11-22/debate/main,https://data.oireachtas.ie/akn/ie/debateRecord/joint_committee_on_transport_and_communications/2023-11-22/debate/mul@/main.xml
2023-11-22,dail,debate,https://data.oireachtas.ie/akn/ie/debateRecord/dail/2023-11-22/debate/main,https://data.oireachtas.ie/akn/ie/debateRecord/dail/2023-11-22/debate/mul@/main.xml
2023-11-21,seanad,debate,https://data.oireachtas.ie/akn/ie/debateRecord/seanad/2023-11-21/debate/main,https://data.oireachtas.ie/akn/ie/debateRecord/seanad/2023-11-21/debate/mul@/main.xml
2023-11-21,dail,debate,https://data.oireachtas.ie/akn/ie/debateRecord/seanad_select_committee_on_scrutiny_of_draft_eu_related_statutory_instruments/2023-11-21/debate/main,https://data.oireachtas.ie/akn/ie/debateRecord/seanad_select_committee_on_scrutiny_of_draft_eu_related_statutory_instruments/2023-11-21/debate/mul@/main.xml
2023-11-21,dail,debate,https://data.oireachtas.ie/akn/ie/debateRecord/joint_committee_on_assisted_dying/2023-11-21/debate/main,https://data.oireachtas.ie/akn/ie/debateRecord/joint_committee_on_assisted_dying/2023-11-21/debate/mul@/main.xml
2023-11-21,dail,debate,https://data.oireachtas.ie/akn/ie/debateRecord/joint_committee_on_environment_and_climate_action/2023-11-21/debate/main,https://data.oireachtas.ie/akn/ie/debateRecord/joint_committee_on_environment_and_climate_action/2023-11-21/debate/mul@/main.xml
2023-11-21,dail,debate,https://data.oireachtas.ie/akn/ie/debateRecord/joint_committee_on_foreign_affairs_and_defence/2023-11-21/debate/main,https://data.oireachtas.ie/akn/ie/debateRecord/joint_committee_on_foreign_affairs_and_defence/2023-11-21/debate/mul@/main.xml
2023-11-21,dail,debate,https://data.oireachtas.ie/akn/ie/debateRecord/dail/2023-11-21/debate/main,https://data.oireachtas.ie/akn/ie/debateRecord/dail/2023-11-21/debate/mul@/main.xml
2023-11-16,dail,debate,https://data.oireachtas.ie/akn/ie/debateRecord/committee_of_public_accounts/2023-11-16/debate/main,https://data.oireachtas.ie/akn/ie/debateRecord/committee_of_public_accounts/2023-11-16/debate/mul@/main.xml
2023-11-16,dail,debate,https://data.oireachtas.ie/akn/ie/debateRecord/select_committee_on_environment_and_climate_action/2023-11-16/debate/main,https://data.oireachtas.ie/akn/ie/debateRecord/select_committee_on_environment_and_climate_action/2023-11-16/debate/mul@/main.xml
2023-11-16,dail,debate,https://data.oireachtas.ie/akn/ie/debateRecord/joint_committee_on_public_petitions_and_the_ombudsmen/2023-11-16/debate/main,https://data.oireachtas.ie/akn/ie/debateRecord/joint_committee_on_public_petitions_and_the_ombudsmen/2023-11-16/debate/mul@/main.xml
2023-11-16,dail,debate,https://data.oireachtas.ie/akn/ie/debateRecord/joint_committee_on_the_implementation_of_the_good_friday_agreement/2023-11-16/debate/main,https://data.oireachtas.ie/akn/ie/debateRecord/joint_committee_on_the_implementation_of_the_good_friday_agreement/2023-11-16/debate/mul@/main.xml
2023-11-16,dail,debate,https://data.oireachtas.ie/akn/ie/debateRecord/select_committee_on_housing_local_government_and_heritage/2023-11-16/debate/main,https://data.oireachtas.ie/akn/ie/debateRecord/select_committee_on_housing_local_government_and_heritage/2023-11-16/debate/mul@/main.xml
2023-11-16,dail,debate,https://data.oireachtas.ie/akn/ie/debateRecord/dail/2023-11-16/debate/main,https://data.oireachtas.ie/akn/ie/debateRecord/dail/2023-11-16/debate/mul@/main.xml
2023-11-16,dail,debate,https://data.oireachtas.ie/akn/ie/debateRecord/seanad_public_consultation_committee/2023-11-16/debate/main,https://data.oireachtas.ie/akn/ie/debateRecord/seanad_public_consultation_committee/2023-11-16/debate/mul@/main.xml
2023-11-15,dail,debate,https://data.oireachtas.ie/akn/ie/debateRecord/joint_committee_on_agriculture_food_and_the_marine/2023-11-15/debate/main,https://data.oireachtas.ie/akn/ie/debateRecord/joint_committee_on_agriculture_food_and_the_marine/2023-11-15/debate/mul@/main.xml
2023-11-15,dail,debate,https://data.oireachtas.ie/akn/ie/debateRecord/joint_committee_on_environment_and_climate_action/2023-11-15/debate/main,https://data.oireachtas.ie/akn/ie/debateRecord/joint_committee_on_environment_and_climate_action/2023-11-15/debate/mul@/main.xml
2023-11-15,dail,debate,https://data.oireachtas.ie/akn/ie/debateRecord/committee_on_budgetary_oversight/2023-11-15/debate/main,https://data.oireachtas.ie/akn/ie/debateRecord/committee_on_budgetary_oversight/2023-11-15/debate/mul@/main.xml
2023-11-15,dail,debate,https://data.oireachtas.ie/akn/ie/debateRecord/joint_committee_on_disability_matters/2023-11-15/debate/main,https://data.oireachtas.ie/akn/ie/debateRecord/joint_committee_on_disability_matters/2023-11-15/debate/mul@/main.xml
2023-11-15,dail,debate,https://data.oireachtas.ie/akn/ie/debateRecord/joint_committee_on_european_union_affairs/2023-11-15/debate/main,https://data.oireachtas.ie/akn/ie/debateRecord/joint_committee_on_european_union_affairs/2023-11-15/debate/mul@/main.xml
2023-11-15,dail,debate,https://data.oireachtas.ie/akn/ie/debateRecord/joint_committee_on_health/2023-11-15/debate/main,https://data.oireachtas.ie/akn/ie/debateRecord/joint_committee_on_health/2023-11-15/debate/mul@/main.xml
2023-11-15,dail,debate,https://data.oireachtas.ie/akn/ie/debateRecord/select_committee_on_housing_local_government_and_heritage/2023-11-15/debate/main,https://data.oireachtas.ie/akn/ie/debateRecord/select_committee_on_housing_local_government_and_heritage/2023-11-15/debate/mul@/main.xml
2023-11-15,dail,debate,https://data.oireachtas.ie/akn/ie/debateRecord/joint_committee_on_social_protection_community_and_rural_development_and_the_islands/2023-11-15/debate/main,https://data.oireachtas.ie/akn/ie/debateRecord/joint_committee_on_social_protection_community_and_rural_development_and_the_islands/2023-11-15/debate/mul@/main.xml
2023-11-15,dail,debate,https://data.oireachtas.ie/akn/ie/debateRecord/joint_committee_on_tourism_culture_arts_sport_and_media/2023-11-15/debate/main,https://data.oireachtas.ie/akn/ie/debateRecord/joint_committee_on_tourism_culture_arts_sport_and_media/2023-11-15/debate/mul@/main.xml
2023-11-15,dail,debate,https://data.oireachtas.ie/akn/ie/debateRecord/select_committee_on_transport_and_communications/2023-11-15/debate/main,https://data.oireachtas.ie/akn/ie/debateRecord/select_committee_on_transport_and_communications/2023-11-15/debate/mul@/main.xml
2023-11-15,dail,debate,https://data.oireachtas.ie/akn/ie/debateRecord/joint_committee_on_enterprise_trade_and_employment/2023-11-15/debate/main,https://data.oireachtas.ie/akn/ie/debateRecord/joint_committee_on_enterprise_trade_and_employment/2023-11-15/debate/mul@/main.xml
2023-11-15,seanad,debate,https://data.oireachtas.ie/akn/ie/debateRecord/seanad/2023-11-15/debate/main,https://data.oireachtas.ie/akn/ie/debateRecord/seanad/2023-11-15/debate/mul@/main.xml
2023-11-15,dail,debate,https://data.oireachtas.ie/akn/ie/debateRecord/dail/2023-11-15/debate/main,https://data.oireachtas.ie/akn/ie/debateRecord/dail/2023-11-15/debate/mul@/main.xml
2023-11-14,dail,debate,https://data.oireachtas.ie/akn/ie/debateRecord/joint_committee_on_assisted_dying/2023-11-14/debate/main,https://data.oireachtas.ie/akn/ie/debateRecord/joint_committee_on_assisted_dying/2023-11-14/debate/mul@/main.xml
2023-11-14,dail,debate,https://data.oireachtas.ie/akn/ie/debateRecord/joint_committee_on_environment_and_climate_action/2023-11-14/debate/main,https://data.oireachtas.ie/akn/ie/debateRecord/joint_committee_on_environment_and_climate_action/2023-11-14/debate/mul@/main.xml
2023-11-14,dail,debate,https://data.oireachtas.ie/akn/ie/debateRecord/joint_committee_on_children_equality_disability_integration_and_youth/2023-11-14/debate/main,https://data.oireachtas.ie/akn/ie/debateRecord/joint_committee_on_children_equality_disability_integration_and_youth/2023-11-14/debate/mul@/main.xml
2023-11-14,dail,debate,https://data.oireachtas.ie/akn/ie/debateRecord/joint_committee_on_finance_public_expenditure_and_reform_and_taoiseach/2023-11-14/debate/main,https://data.oireachtas.ie/akn/ie/debateRecord/joint_committee_on_finance_public_expenditure_and_reform_and_taoiseach/2023-11-14/debate/mul@/main.xml
2023-11-14,dail,debate,https://data.oireachtas.ie/akn/ie/debateRecord/select_committee_on_justice/2023-11-14/debate/main,https://data.oireachtas.ie/akn/ie/debateRecord/select_committee_on_justice/2023-11-14/debate/mul@/main.xml
2023-11-14,dail,debate,https://data.oireachtas.ie/akn/ie/debateRecord/joint_committee_on_foreign_affairs_and_defence/2023-11-14/debate/main,https://data.oireachtas.ie/akn/ie/debateRecord/joint_committee_on_foreign_affairs_and_defence/2023-11-14/debate/mul@/main.xml
2023-11-14,seanad,debate,https://data.oireachtas.ie/akn/ie/debateRecord/seanad/2023-11-14/debate/main,https://data.oireachtas.ie/akn/ie/debateRecord/seanad/2023-11-14/debate/mul@/main.xml
2023-11-14,dail,debate,https://data.oireachtas.ie/akn/ie/debateRecord/dail/2023-11-14/debate/main,https://data.oireachtas.ie/akn/ie/debateRecord/dail/2023-11-14/debate/mul@/main.xml
2023-11-09,dail,debate,https://data.oireachtas.ie/akn/ie/debateRecord/joint_committee_on_the_implementation_of_the_good_friday_agreement/2023-11-09/debate/main,https://data.oireachtas.ie/akn/ie/debateRecord/joint_committee_on_the_implementation_of_the_good_friday_agreement/2023-11-09/debate/mul@/main.xml
2023-11-09,seanad,debate,https://data.oireachtas.ie/akn/ie/debateRecord/seanad/2023-11-09/debate/main,https://data.oireachtas.ie/akn/ie/debateRecord/seanad/2023-11-09/debate/mul@/main.xml
2023-11-09,dail,debate,https://data.oireachtas.ie/akn/ie/debateRecord/committee_of_public_accounts/2023-11-09/debate/main,https://data.oireachtas.ie/akn/ie/debateRecord/committee_of_public_accounts/2023-11-09/debate/mul@/main.xml
2023-11-09,dail,debate,https://data.oireachtas.ie/akn/ie/debateRecord/dail/2023-11-09/debate/main,https://data.oireachtas.ie/akn/ie/debateRecord/dail/2023-11-09/debate/mul@/main.xml
2023-11-08,dail,debate,https://data.oireachtas.ie/akn/ie/debateRecord/joint_committee_on_disability_matters/2023-11-08/debate/main,https://data.oireachtas.ie/akn/ie/debateRecord/joint_committee_on_disability_matters/2023-11-08/debate/mul@/main.xml
2023-11-08,dail,debate,https://data.oireachtas.ie/akn/ie/debateRecord/joint_committee_on_enterprise_trade_and_employment/2023-11-08/debate/main,https://data.oireachtas.ie/akn/ie/debateRecord/joint_committee_on_enterprise_trade_and_employment/2023-11-08/debate/mul@/main.xml
2023-11-08,dail,debate,https://data.oireachtas.ie/akn/ie/debateRecord/joint_committee_on_health/2023-11-08/debate/main,https://data.oireachtas.ie/akn/ie/debateRecord/joint_committee_on_health/2023-11-08/debate/mul@/main.xml
2023-11-08,dail,debate,https://data.oireachtas.ie/akn/ie/debateRecord/joint_committee_on_transport_and_communications/2023-11-08/debate/main,https://data.oireachtas.ie/akn/ie/debateRecord/joint_committee_on_transport_and_communications/2023-11-08/debate/mul@/main.xml
2023-11-08,dail,debate,https://data.oireachtas.ie/akn/ie/debateRecord/joint_committee_on_agriculture_food_and_the_marine/2023-11-08/debate/main,https://data.oireachtas.ie/akn/ie/debateRecord/joint_committee_on_agriculture_food_and_the_marine/2023-11-08/debate/mul@/main.xml
2023-11-08,dail,debate,https://data.oireachtas.ie/akn/ie/debateRecord/select_committee_on_finance_public_expenditure_and_reform_and_taoiseach/2023-11-08/debate/main,https://data.oireachtas.ie/akn/ie/debateRecord/select_committee_on_finance_public_expenditure_and_reform_and_taoiseach/2023-11-08/debate/mul@/main.xml
2023-11-08,seanad,debate,https://data.oireachtas.ie/akn/ie/debateRecord/seanad/2023-11-08/debate/main,https://data.oireachtas.ie/akn/ie/debateRecord/seanad/2023-11-08/debate/mul@/main.xml
2023-11-08,dail,debate,https://data.oireachtas.ie/akn/ie/debateRecord/dail/2023-11-08/debate/main,https://data.oireachtas.ie/akn/ie/debateRecord/dail/2023-11-08/debate/mul@/main.xml
2023-11-07,seanad,debate,https://data.oireachtas.ie/akn/ie/debateRecord/seanad/2023-11-07/debate/main,https://data.oireachtas.ie/akn/ie/debateRecord/seanad/2023-11-07/debate/mul@/main.xml
2023-11-07,dail,debate,https://data.oireachtas.ie/akn/ie/debateRecord/select_committee_on_finance_public_expenditure_and_reform_and_taoiseach/2023-11-07/debate/main,https://data.oireachtas.ie/akn/ie/debateRecord/select_committee_on_finance_public_expenditure_and_reform_and_taoiseach/2023-11-07/debate/mul@/main.xml
2023-11-07,dail,debate,https://data.oireachtas.ie/akn/ie/debateRecord/joint_committee_on_the_royal_hibernian_academy_amendment_of_charter_bill/2023-11-07/debate/main,https://data.oireachtas.ie/akn/ie/debateRecord/joint_committee_on_the_royal_hibernian_academy_amendment_of_charter_bill/2023-11-07/debate/mul@/main.xml
2023-11-07,dail,debate,https://data.oireachtas.ie/akn/ie/debateRecord/joint_committee_on_assisted_dying/2023-11-07/debate/main,https://data.oireachtas.ie/akn/ie/debateRecord/joint_committee_on_assisted_dying/2023-11-07/debate/mul@/main.xml
2023-11-07,dail,debate,https://data.oireachtas.ie/akn/ie/debateRecord/joint_committee_on_environment_and_climate_action/2023-11-07/debate/main,https://data.oireachtas.ie/akn/ie/debateRecord/joint_committee_on_environment_and_climate_action/2023-11-07/debate/mul@/main.xml
2023-11-07,dail,debate,https://data.oireachtas.ie/akn/ie/debateRecord/joint_committee_on_children_equality_disability_integration_and_youth/2023-11-07/debate/main,https://data.oireachtas.ie/akn/ie/debateRecord/joint_committee_on_children_equality_disability_integration_and_youth/2023-11-07/debate/mul@/main.xml
2023-11-07,dail,debate,https://data.oireachtas.ie/akn/ie/debateRecord/joint_committee_on_education_further_and_higher_education_research_innovation_and_science/2023-11-07/debate/main,https://data.oireachtas.ie/akn/ie/debateRecord/joint_committee_on_education_further_and_higher_education_research_innovation_and_science/2023-11-07/debate/mul@/main.xml
2023-11-07,dail,debate,https://data.oireachtas.ie/akn/ie/debateRecord/joint_committee_on_housing_local_government_and_heritage/2023-11-07/debate/main,https://data.oireachtas.ie/akn/ie/debateRecord/joint_committee_on_housing_local_government_and_heritage/2023-11-07/debate/mul@/main.xml
2023-11-07,dail,debate,https://data.oireachtas.ie/akn/ie/debateRecord/joint_committee_on_justice/2023-11-07/debate/main,https://data.oireachtas.ie/akn/ie/debateRecord/joint_committee_on_justice/2023-11-07/debate/mul@/main.xml
2023-11-07,dail,debate,https://data.oireachtas.ie/akn/ie/debateRecord/dail/2023-11-07/debate/main,https://data.oireachtas.ie/akn/ie/debateRecord/dail/2023-11-07/debate/mul@/main.xml
2023-11-07,dail,debate,https://data.oireachtas.ie/akn/ie/debateRecord/sub_committee_on_mental_health_2023/2023-11-07/debate/main,https://data.oireachtas.ie/akn/ie/debateRecord/sub_committee_on_mental_health_2023/2023-11-07/debate/mul@/main.xml
2023-10-26,dail,debate,https://data.oireachtas.ie/akn/ie/debateRecord/committee_of_public_accounts/2023-10-26/debate/main,https://data.oireachtas.ie/akn/ie/debateRecord/committee_of_public_accounts/2023-10-26/debate/mul@/main.xml
2023-10-26,dail,debate,https://data.oireachtas.ie/akn/ie/debateRecord/joint_committee_on_housing_local_government_and_heritage/2023-10-26/debate/main,https://data.oireachtas.ie/akn/ie/debateRecord/joint_committee_on_housing_local_government_and_heritage/2023-10-26/debate/mul@/main.xml
2023-10-26,seanad,debate,https://data.oireachtas.ie/akn/ie/debateRecord/seanad/2023-10-26/debate/main,https://data.oireachtas.ie/akn/ie/debateRecord/seanad/2023-10-26/debate/mul@/main.xml
2023-10-26,dail,debate,https://data.oireachtas.ie/akn/ie/debateRecord/dail/2023-10-26/debate/main,https://data.oireachtas.ie/akn/ie/debateRecord/dail/2023-10-26/debate/mul@/main.xml
2023-10-25,dail,debate,https://data.oireachtas.ie/akn/ie/debateRecord/joint_committee_on_agriculture_food_and_the_marine/2023-10-25/debate/main,https://data.oireachtas.ie/akn/ie/debateRecord/joint_committee_on_agriculture_food_and_the_marine/2023-10-25/debate/mul@/main.xml
2023-10-25,dail,debate,https://data.oireachtas.ie/akn/ie/debateRecord/committee_on_budgetary_oversight/2023-10-25/debate/main,https://data.oireachtas.ie/akn/ie/debateRecord/committee_on_budgetary_oversight/2023-10-25/debate/mul@/main.xml
2023-10-25,dail,debate,https://data.oireachtas.ie/akn/ie/debateRecord/joint_committee_on_disability_matters/2023-10-25/debate/main,https://data.oireachtas.ie/akn/ie/debateRecord/joint_committee_on_disability_matters/2023-10-25/debate/mul@/main.xml
2023-10-25,dail,debate,https://data.oireachtas.ie/akn/ie/debateRecord/joint_committee_on_transport_and_communications/2023-10-25/debate/main,https://data.oireachtas.ie/akn/ie/debateRecord/joint_committee_on_transport_and_communications/2023-10-25/debate/mul@/main.xml
2023-10-25,seanad,debate,https://data.oireachtas.ie/akn/ie/debateRecord/seanad/2023-10-25/debate/main,https://data.oireachtas.ie/akn/ie/debateRecord/seanad/2023-10-25/debate/mul@/main.xml
2023-10-25,dail,debate,https://data.oireachtas.ie/akn/ie/debateRecord/dail/2023-10-25/debate/main,https://data.oireachtas.ie/akn/ie/debateRecord/dail/2023-10-25/debate/mul@/main.xml
2023-10-25,dail,debate,https://data.oireachtas.ie/akn/ie/debateRecord/joint_committee_on_enterprise_trade_and_employment/2023-10-25/debate/main,https://data.oireachtas.ie/akn/ie/debateRecord/joint_committee_on_enterprise_trade_and_employment/2023-10-25/debate/mul@/main.xml
2023-10-25,dail,debate,https://data.oireachtas.ie/akn/ie/debateRecord/joint_committee_on_european_union_affairs/2023-10-25/debate/main,https://data.oireachtas.ie/akn/ie/debateRecord/joint_committee_on_european_union_affairs/2023-10-25/debate/mul@/main.xml
2023-10-25,dail,debate,https://data.oireachtas.ie/akn/ie/debateRecord/select_committee_on_health/2023-10-25/debate/main,https://data.oireachtas.ie/akn/ie/debateRecord/select_committee_on_health/2023-10-25/debate/mul@/main.xml
2023-10-25,dail,debate,https://data.oireachtas.ie/akn/ie/debateRecord/joint_committee_on_social_protection_community_and_rural_development_and_the_islands/2023-10-25/debate/main,https://data.oireachtas.ie/akn/ie/debateRecord/joint_committee_on_social_protection_community_and_rural_development_and_the_islands/2023-10-25/debate/mul@/main.xml
2023-10-24,seanad,debate,https://data.oireachtas.ie/akn/ie/debateRecord/seanad/2023-10-24/debate/main,https://data.oireachtas.ie/akn/ie/debateRecord/seanad/2023-10-24/debate/mul@/main.xml
2023-10-24,dail,debate,https://data.oireachtas.ie/akn/ie/debateRecord/joint_committee_on_housing_local_government_and_heritage/2023-10-24/debate/main,https://data.oireachtas.ie/akn/ie/debateRecord/joint_committee_on_housing_local_government_and_heritage/2023-10-24/debate/mul@/main.xml
2023-10-24,dail,debate,https://data.oireachtas.ie/akn/ie/debateRecord/joint_committee_on_assisted_dying/2023-10-24/debate/main,https://data.oireachtas.ie/akn/ie/debateRecord/joint_committee_on_assisted_dying/2023-10-24/debate/mul@/main.xml
2023-10-24,dail,debate,https://data.oireachtas.ie/akn/ie/debateRecord/joint_committee_on_environment_and_climate_action/2023-10-24/debate/main,https://data.oireachtas.ie/akn/ie/debateRecord/joint_committee_on_environment_and_climate_action/2023-10-24/debate/mul@/main.xml
2023-10-24,dail,debate,https://data.oireachtas.ie/akn/ie/debateRecord/joint_committee_on_education_further_and_higher_education_research_innovation_and_science/2023-10-24/debate/main,https://data.oireachtas.ie/akn/ie/debateRecord/joint_committee_on_education_further_and_higher_education_research_innovation_and_science/2023-10-24/debate/mul@/main.xml
2023-10-24,dail,debate,https://data.oireachtas.ie/akn/ie/debateRecord/joint_committee_on_health/2023-10-24/debate/main,https://data.oireachtas.ie/akn/ie/debateRecord/joint_committee_on_health/2023-10-24/debate/mul@/main.xml
2023-10-24,dail,debate,https://data.oireachtas.ie/akn/ie/debateRecord/dail/2023-10-24/debate/main,https://data.oireachtas.ie/akn/ie/debateRecord/dail/2023-10-24/debate/mul@/main.xml
2023-10-24,dail,debate,https://data.oireachtas.ie/akn/ie/debateRecord/joint_committee_on_finance_public_expenditure_and_reform_and_taoiseach/2023-10-24/debate/main,https://data.oireachtas.ie/akn/ie/debateRecord/joint_committee_on_finance_public_expenditure_and_reform_and_taoiseach/2023-10-24/debate/mul@/main.xml
2023-10-24,dail,debate,https://data.oireachtas.ie/akn/ie/debateRecord/joint_committee_on_justice/2023-10-24/debate/main,https://data.oireachtas.ie/akn/ie/debateRecord/joint_committee_on_justice/2023-10-24/debate/mul@/main.xml
2023-10-19,seanad,debate,https://data.oireachtas.ie/akn/ie/debateRecord/seanad/2023-10-19/debate/main,https://data.oireachtas.ie/akn/ie/debateRecord/seanad/2023-10-19/debate/mul@/main.xml
2023-10-19,dail,debate,https://data.oireachtas.ie/akn/ie/debateRecord/committee_of_public_accounts/2023-10-19/debate/main,https://data.oireachtas.ie/akn/ie/debateRecord/committee_of_public_accounts/2023-10-19/debate/mul@/main.xml
2023-10-19,dail,debate,https://data.oireachtas.ie/akn/ie/debateRecord/joint_committee_on_public_petitions_and_the_ombudsmen/2023-10-19/debate/main,https://data.oireachtas.ie/akn/ie/debateRecord/joint_committee_on_public_petitions_and_the_ombudsmen/2023-10-19/debate/mul@/main.xml
2023-10-19,dail,debate,https://data.oireachtas.ie/akn/ie/debateRecord/joint_committee_on_housing_local_government_and_heritage/2023-10-19/debate/main,https://data.oireachtas.ie/akn/ie/debateRecord/joint_committee_on_housing_local_government_and_heritage/2023-10-19/debate/mul@/main.xml
2023-10-19,dail,debate,https://data.oireachtas.ie/akn/ie/debateRecord/dail/2023-10-19/debate/main,https://data.oireachtas.ie/akn/ie/debateRecord/dail/2023-10-19/debate/mul@/main.xml
2023-10-18,dail,debate,https://data.oireachtas.ie/akn/ie/debateRecord/joint_committee_on_european_union_affairs/2023-10-18/debate/main,https://data.oireachtas.ie/akn/ie/debateRecord/joint_committee_on_european_union_affairs/2023-10-18/debate/mul@/main.xml
2023-10-18,dail,debate,https://data.oireachtas.ie/akn/ie/debateRecord/select_committee_on_finance_public_expenditure_and_reform_and_taoiseach/2023-10-18/debate/main,https://data.oireachtas.ie/akn/ie/debateRecord/select_committee_on_finance_public_expenditure_and_reform_and_taoiseach/2023-10-18/debate/mul@/main.xml
2023-10-18,seanad,debate,https://data.oireachtas.ie/akn/ie/debateRecord/seanad/2023-10-18/debate/main,https://data.oireachtas.ie/akn/ie/debateRecord/seanad/2023-10-18/debate/mul@/main.xml
2023-10-18,dail,debate,https://data.oireachtas.ie/akn/ie/debateRecord/joint_committee_on_agriculture_food_and_the_marine/2023-10-18/debate/main,https://data.oireachtas.ie/akn/ie/debateRecord/joint_committee_on_agriculture_food_and_the_marine/2023-10-18/debate/mul@/main.xml
2023-10-18,dail,debate,https://data.oireachtas.ie/akn/ie/debateRecord/committee_on_budgetary_oversight/2023-10-18/debate/main,https://data.oireachtas.ie/akn/ie/debateRecord/committee_on_budgetary_oversight/2023-10-18/debate/mul@/main.xml
2023-10-18,dail,debate,https://data.oireachtas.ie/akn/ie/debateRecord/joint_committee_on_disability_matters/2023-10-18/debate/main,https://data.oireachtas.ie/akn/ie/debateRecord/joint_committee_on_disability_matters/2023-10-18/debate/mul@/main.xml
2023-10-18,dail,debate,https://data.oireachtas.ie/akn/ie/debateRecord/joint_committee_on_education_further_and_higher_education_research_innovation_and_science/2023-10-18/debate/main,https://data.oireachtas.ie/akn/ie/debateRecord/joint_committee_on_education_further_and_higher_education_research_innovation_and_science/2023-10-18/debate/mul@/main.xml
2023-10-18,dail,debate,https://data.oireachtas.ie/akn/ie/debateRecord/joint_committee_on_transport_and_communications/2023-10-18/debate/main,https://data.oireachtas.ie/akn/ie/debateRecord/joint_committee_on_transport_and_communications/2023-10-18/debate/mul@/main.xml
2023-10-18,dail,debate,https://data.oireachtas.ie/akn/ie/debateRecord/joint_committee_on_health/2023-10-18/debate/main,https://data.oireachtas.ie/akn/ie/debateRecord/joint_committee_on_health/2023-10-18/debate/mul@/main.xml
2023-10-18,dail,debate,https://data.oireachtas.ie/akn/ie/debateRecord/joint_committee_on_social_protection_community_and_rural_development_and_the_islands/2023-10-18/debate/main,https://data.oireachtas.ie/akn/ie/debateRecord/joint_committee_on_social_protection_community_and_rural_development_and_the_islands/2023-10-18/debate/mul@/main.xml
2023-10-18,dail,debate,https://data.oireachtas.ie/akn/ie/debateRecord/joint_committee_on_enterprise_trade_and_employment/2023-10-18/debate/main,https://data.oireachtas.ie/akn/ie/debateRecord/joint_committee_on_enterprise_trade_and_employment/2023-10-18/debate/mul@/main.xml
2023-10-18,dail,debate,https://data.oireachtas.ie/akn/ie/debateRecord/dail/2023-10-18/debate/main,https://data.oireachtas.ie/akn/ie/debateRecord/dail/2023-10-18/debate/mul@/main.xml
2023-10-17,seanad,debate,https://data.oireachtas.ie/akn/ie/debateRecord/seanad/2023-10-17/debate/main,https://data.oireachtas.ie/akn/ie/debateRecord/seanad/2023-10-17/debate/mul@/main.xml
2023-10-17,dail,debate,https://data.oireachtas.ie/akn/ie/debateRecord/dail/2023-10-17/debate/main,https://data.oireachtas.ie/akn/ie/debateRecord/dail/2023-10-17/debate/mul@/main.xml
2023-10-17,dail,debate,https://data.oireachtas.ie/akn/ie/debateRecord/joint_committee_on_assisted_dying/2023-10-17/debate/main,https://data.oireachtas.ie/akn/ie/debateRecord/joint_committee_on_assisted_dying/2023-10-17/debate/mul@/main.xml
2023-10-17,dail,debate,https://data.oireachtas.ie/akn/ie/debateRecord/joint_committee_on_education_further_and_higher_education_research_innovation_and_science/2023-10-17/debate/main,https://data.oireachtas.ie/akn/ie/debateRecord/joint_committee_on_education_further_and_higher_education_research_innovation_and_science/2023-10-17/debate/mul@/main.xml
2023-10-17,dail,debate,https://data.oireachtas.ie/akn/ie/debateRecord/joint_committee_on_foreign_affairs_and_defence/2023-10-17/debate/main,https://data.oireachtas.ie/akn/ie/debateRecord/joint_committee_on_foreign_affairs_and_defence/2023-10-17/debate/mul@/main.xml
2023-10-17,dail,debate,https://data.oireachtas.ie/akn/ie/debateRecord/select_committee_on_justice/2023-10-17/debate/main,https://data.oireachtas.ie/akn/ie/debateRecord/select_committee_on_justice/2023-10-17/debate/mul@/main.xml
2023-10-17,dail,debate,https://data.oireachtas.ie/akn/ie/debateRecord/joint_committee_on_environment_and_climate_action/2023-10-17/debate/main,https://data.oireachtas.ie/akn/ie/debateRecord/joint_committee_on_environment_and_climate_action/2023-10-17/debate/mul@/main.xml
2023-10-12,dail,debate,https://data.oireachtas.ie/akn/ie/debateRecord/select_committee_on_health/2023-10-12/debate/main,https://data.oireachtas.ie/akn/ie/debateRecord/select_committee_on_health/2023-10-12/debate/mul@/main.xml
2023-10-12,dail,debate,https://data.oireachtas.ie/akn/ie/debateRecord/committee_of_public_accounts/2023-10-12/debate/main,https://data.oireachtas.ie/akn/ie/debateRecord/committee_of_public_accounts/2023-10-12/debate/mul@/main.xml
2023-10-12,dail,debate,https://data.oireachtas.ie/akn/ie/debateRecord/dail/2023-10-12/debate/main,https://data.oireachtas.ie/akn/ie/debateRecord/dail/2023-10-12/debate/mul@/main.xml
2023-10-11,seanad,debate,https://data.oireachtas.ie/akn/ie/debateRecord/seanad/2023-10-11/debate/main,https://data.oireachtas.ie/akn/ie/debateRecord/seanad/2023-10-11/debate/mul@/main.xml
2023-10-11,dail,debate,https://data.oireachtas.ie/akn/ie/debateRecord/joint_committee_on_agriculture_food_and_the_marine/2023-10-11/debate/main,https://data.oireachtas.ie/akn/ie/debateRecord/joint_committee_on_agriculture_food_and_the_marine/2023-10-11/debate/mul@/main.xml
2023-10-11,dail,debate,https://data.oireachtas.ie/akn/ie/debateRecord/joint_committee_on_enterprise_trade_and_employment/2023-10-11/debate/main,https://data.oireachtas.ie/akn/ie/debateRecord/joint_committee_on_enterprise_trade_and_employment/2023-10-11/debate/mul@/main.xml
2023-10-11,dail,debate,https://data.oireachtas.ie/akn/ie/debateRecord/joint_committee_on_disability_matters/2023-10-11/debate/main,https://data.oireachtas.ie/akn/ie/debateRecord/joint_committee_on_disability_matters/2023-10-11/debate/mul@/main.xml
2023-10-11,dail,debate,https://data.oireachtas.ie/akn/ie/debateRecord/joint_committee_on_european_union_affairs/2023-10-11/debate/main,https://data.oireachtas.ie/akn/ie/debateRecord/joint_committee_on_european_union_affairs/2023-10-11/debate/mul@/main.xml
2023-10-11,dail,debate,https://data.oireachtas.ie/akn/ie/debateRecord/joint_committee_on_health/2023-10-11/debate/main,https://data.oireachtas.ie/akn/ie/debateRecord/joint_committee_on_health/2023-10-11/debate/mul@/main.xml
2023-10-11,dail,debate,https://data.oireachtas.ie/akn/ie/debateRecord/joint_committee_on_social_protection_community_and_rural_development_and_the_islands/2023-10-11/debate/main,https://data.oireachtas.ie/akn/ie/debateRecord/joint_committee_on_social_protection_community_and_rural_development_and_the_islands/2023-10-11/debate/mul@/main.xml
2023-10-11,dail,debate,https://data.oireachtas.ie/akn/ie/debateRecord/joint_committee_on_tourism_culture_arts_sport_and_media/2023-10-11/debate/main,https://data.oireachtas.ie/akn/ie/debateRecord/joint_committee_on_tourism_culture_arts_sport_and_media/2023-10-11/debate/mul@/main.xml
2023-10-11,dail,debate,https://data.oireachtas.ie/akn/ie/debateRecord/dail/2023-10-11/debate/main,https://data.oireachtas.ie/akn/ie/debateRecord/dail/2023-10-11/debate/mul@/main.xml
2023-10-10,seanad,debate,https://data.oireachtas.ie/akn/ie/debateRecord/seanad/2023-10-10/debate/main,https://data.oireachtas.ie/akn/ie/debateRecord/seanad/2023-10-10/debate/mul@/main.xml
2023-10-10,dail,debate,https://data.oireachtas.ie/akn/ie/debateRecord/joint_committee_on_assisted_dying/2023-10-10/debate/main,https://data.oireachtas.ie/akn/ie/debateRecord/joint_committee_on_assisted_dying/2023-10-10/debate/mul@/main.xml
2023-10-10,dail,debate,https://data.oireachtas.ie/akn/ie/debateRecord/joint_committee_on_housing_local_government_and_heritage/2023-10-10/debate/main,https://data.oireachtas.ie/akn/ie/debateRecord/joint_committee_on_housing_local_government_and_heritage/2023-10-10/debate/mul@/main.xml
2023-10-10,dail,debate,https://data.oireachtas.ie/akn/ie/debateRecord/dail/2023-10-10/debate/main,https://data.oireachtas.ie/akn/ie/debateRecord/dail/2023-10-10/debate/mul@/main.xml
2023-10-05,seanad,debate,https://data.oireachtas.ie/akn/ie/debateRecord/seanad/2023-10-05/debate/main,https://data.oireachtas.ie/akn/ie/debateRecord/seanad/2023-10-05/debate/mul@/main.xml
2023-10-05,dail,debate,https://data.oireachtas.ie/akn/ie/debateRecord/select_committee_on_environment_and_climate_action/2023-10-05/debate/main,https://data.oireachtas.ie/akn/ie/debateRecord/select_committee_on_environment_and_climate_action/2023-10-05/debate/mul@/main.xml
2023-10-05,dail,debate,https://data.oireachtas.ie/akn/ie/debateRecord/joint_committee_on_public_petitions_and_the_ombudsmen/2023-10-05/debate/main,https://data.oireachtas.ie/akn/ie/debateRecord/joint_committee_on_public_petitions_and_the_ombudsmen/2023-10-05/debate/mul@/main.xml
2023-10-05,dail,debate,https://data.oireachtas.ie/akn/ie/debateRecord/committee_of_public_accounts/2023-10-05/debate/main,https://data.oireachtas.ie/akn/ie/debateRecord/committee_of_public_accounts/2023-10-05/debate/mul@/main.xml
2023-10-05,dail,debate,https://data.oireachtas.ie/akn/ie/debateRecord/dail/2023-10-05/debate/main,https://data.oireachtas.ie/akn/ie/debateRecord/dail/2023-10-05/debate/mul@/main.xml
2023-10-04,seanad,debate,https://data.oireachtas.ie/akn/ie/debateRecord/seanad/2023-10-04/debate/main,https://data.oireachtas.ie/akn/ie/debateRecord/seanad/2023-10-04/debate/mul@/main.xml
2023-10-04,dail,debate,https://data.oireachtas.ie/akn/ie/debateRecord/joint_committee_on_enterprise_trade_and_employment/2023-10-04/debate/main,https://data.oireachtas.ie/akn/ie/debateRecord/joint_committee_on_enterprise_trade_and_employment/2023-10-04/debate/mul@/main.xml
2023-10-04,dail,debate,https://data.oireachtas.ie/akn/ie/debateRecord/joint_committee_on_social_protection_community_and_rural_development_and_the_islands/2023-10-04/debate/main,https://data.oireachtas.ie/akn/ie/debateRecord/joint_committee_on_social_protection_community_and_rural_development_and_the_islands/2023-10-04/debate/mul@/main.xml
2023-10-04,dail,debate,https://data.oireachtas.ie/akn/ie/debateRecord/joint_committee_on_disability_matters/2023-10-04/debate/main,https://data.oireachtas.ie/akn/ie/debateRecord/joint_committee_on_disability_matters/2023-10-04/debate/mul@/main.xml
2023-10-04,dail,debate,https://data.oireachtas.ie/akn/ie/debateRecord/joint_committee_on_finance_public_expenditure_and_reform_and_taoiseach/2023-10-04/debate/main,https://data.oireachtas.ie/akn/ie/debateRecord/joint_committee_on_finance_public_expenditure_and_reform_and_taoiseach/2023-10-04/debate/mul@/main.xml
2023-10-04,dail,debate,https://data.oireachtas.ie/akn/ie/debateRecord/joint_committee_on_health/2023-10-04/debate/main,https://data.oireachtas.ie/akn/ie/debateRecord/joint_committee_on_health/2023-10-04/debate/mul@/main.xml
2023-10-04,dail,debate,https://data.oireachtas.ie/akn/ie/debateRecord/joint_committee_on_tourism_culture_arts_sport_and_media/2023-10-04/debate/main,https://data.oireachtas.ie/akn/ie/debateRecord/joint_committee_on_tourism_culture_arts_sport_and_media/2023-10-04/debate/mul@/main.xml
2023-10-04,dail,debate,https://data.oireachtas.ie/akn/ie/debateRecord/joint_committee_on_agriculture_food_and_the_marine/2023-10-04/debate/main,https://data.oireachtas.ie/akn/ie/debateRecord/joint_committee_on_agriculture_food_and_the_marine/2023-10-04/debate/mul@/main.xml
2023-10-04,dail,debate,https://data.oireachtas.ie/akn/ie/debateRecord/select_committee_on_children_equality_disability_integration_and_youth/2023-10-04/debate/main,https://data.oireachtas.ie/akn/ie/debateRecord/select_committee_on_children_equality_disability_integration_and_youth/2023-10-04/debate/mul@/main.xml
2023-10-04,dail,debate,https://data.oireachtas.ie/akn/ie/debateRecord/dail/2023-10-04/debate/main,https://data.oireachtas.ie/akn/ie/debateRecord/dail/2023-10-04/debate/mul@/main.xml
2023-10-03,dail,debate,https://data.oireachtas.ie/akn/ie/debateRecord/joint_committee_on_assisted_dying/2023-10-03/debate/main,https://data.oireachtas.ie/akn/ie/debateRecord/joint_committee_on_assisted_dying/2023-10-03/debate/mul@/main.xml
2023-10-03,dail,debate,https://data.oireachtas.ie/akn/ie/debateRecord/joint_committee_on_children_equality_disability_integration_and_youth/2023-10-03/debate/main,https://data.oireachtas.ie/akn/ie/debateRecord/joint_committee_on_children_equality_disability_integration_and_youth/2023-10-03/debate/mul@/main.xml
2023-10-03,dail,debate,https://data.oireachtas.ie/akn/ie/debateRecord/dail/2023-10-03/debate/main,https://data.oireachtas.ie/akn/ie/debateRecord/dail/2023-10-03/debate/mul@/main.xml
2023-10-03,seanad,debate,https://data.oireachtas.ie/akn/ie/debateRecord/seanad/2023-10-03/debate/main,https://data.oireachtas.ie/akn/ie/debateRecord/seanad/2023-10-03/debate/mul@/main.xml
2023-10-03,dail,debate,https://data.oireachtas.ie/akn/ie/debateRecord/joint_committee_on_education_further_and_higher_education_research_innovation_and_science/2023-10-03/debate/main,https://data.oireachtas.ie/akn/ie/debateRecord/joint_committee_on_education_further_and_higher_education_research_innovation_and_science/2023-10-03/debate/mul@/main.xml
2023-10-03,dail,debate,https://data.oireachtas.ie/akn/ie/debateRecord/joint_committee_on_foreign_affairs_and_defence/2023-10-03/debate/main,https://data.oireachtas.ie/akn/ie/debateRecord/joint_committee_on_foreign_affairs_and_defence/2023-10-03/debate/mul@/main.xml
2023-10-03,dail,debate,https://data.oireachtas.ie/akn/ie/debateRecord/joint_committee_on_justice/2023-10-03/debate/main,https://data.oireachtas.ie/akn/ie/debateRecord/joint_committee_on_justice/2023-10-03/debate/mul@/main.xml
2023-09-28,seanad,debate,https://data.oireachtas.ie/akn/ie/debateRecord/seanad/2023-09-28/debate/main,https://data.oireachtas.ie/akn/ie/debateRecord/seanad/2023-09-28/debate/mul@/main.xml
2023-09-28,dail,debate,https://data.oireachtas.ie/akn/ie/debateRecord/joint_committee_on_the_implementation_of_the_good_friday_agreement/2023-09-28/debate/main,https://data.oireachtas.ie/akn/ie/debateRecord/joint_committee_on_the_implementation_of_the_good_friday_agreement/2023-09-28/debate/mul@/main.xml
2023-09-28,dail,debate,https://data.oireachtas.ie/akn/ie/debateRecord/dail/2023-09-28/debate/main,https://data.oireachtas.ie/akn/ie/debateRecord/dail/2023-09-28/debate/mul@/main.xml
2023-09-28,dail,debate,https://data.oireachtas.ie/akn/ie/debateRecord/committee_of_public_accounts/2023-09-28/debate/main,https://data.oireachtas.ie/akn/ie/debateRecord/committee_of_public_accounts/2023-09-28/debate/mul@/main.xml
2023-09-28,dail,debate,https://data.oireachtas.ie/akn/ie/debateRecord/joint_committee_on_public_petitions_and_the_ombudsmen/2023-09-28/debate/main,https://data.oireachtas.ie/akn/ie/debateRecord/joint_committee_on_public_petitions_and_the_ombudsmen/2023-09-28/debate/mul@/main.xml
2023-09-28,dail,debate,https://data.oireachtas.ie/akn/ie/debateRecord/joint_committee_on_health/2023-09-28/debate/main,https://data.oireachtas.ie/akn/ie/debateRecord/joint_committee_on_health/2023-09-28/debate/mul@/main.xml
2023-09-27,seanad,debate,https://data.oireachtas.ie/akn/ie/debateRecord/seanad/2023-09-27/debate/main,https://data.oireachtas.ie/akn/ie/debateRecord/seanad/2023-09-27/debate/mul@/main.xml
2023-09-27,dail,debate,https://data.oireachtas.ie/akn/ie/debateRecord/joint_committee_on_agriculture_food_and_the_marine/2023-09-27/debate/main,https://data.oireachtas.ie/akn/ie/debateRecord/joint_committee_on_agriculture_food_and_the_marine/2023-09-27/debate/mul@/main.xml
2023-09-27,dail,debate,https://data.oireachtas.ie/akn/ie/debateRecord/joint_committee_on_enterprise_trade_and_employment/2023-09-27/debate/main,https://data.oireachtas.ie/akn/ie/debateRecord/joint_committee_on_enterprise_trade_and_employment/2023-09-27/debate/mul@/main.xml
2023-09-27,dail,debate,https://data.oireachtas.ie/akn/ie/debateRecord/committee_on_budgetary_oversight/2023-09-27/debate/main,https://data.oireachtas.ie/akn/ie/debateRecord/committee_on_budgetary_oversight/2023-09-27/debate/mul@/main.xml
2023-09-27,dail,debate,https://data.oireachtas.ie/akn/ie/debateRecord/joint_committee_on_health/2023-09-27/debate/main,https://data.oireachtas.ie/akn/ie/debateRecord/joint_committee_on_health/2023-09-27/debate/mul@/main.xml
2023-09-27,dail,debate,https://data.oireachtas.ie/akn/ie/debateRecord/joint_committee_on_social_protection_community_and_rural_development_and_the_islands/2023-09-27/debate/main,https://data.oireachtas.ie/akn/ie/debateRecord/joint_committee_on_social_protection_community_and_rural_development_and_the_islands/2023-09-27/debate/mul@/main.xml
2023-09-27,dail,debate,https://data.oireachtas.ie/akn/ie/debateRecord/joint_committee_on_tourism_culture_arts_sport_and_media/2023-09-27/debate/main,https://data.oireachtas.ie/akn/ie/debateRecord/joint_committee_on_tourism_culture_arts_sport_and_media/2023-09-27/debate/mul@/main.xml
2023-09-27,dail,debate,https://data.oireachtas.ie/akn/ie/debateRecord/joint_committee_on_transport_and_communications/2023-09-27/debate/main,https://data.oireachtas.ie/akn/ie/debateRecord/joint_committee_on_transport_and_communications/2023-09-27/debate/mul@/main.xml
2023-09-27,dail,debate,https://data.oireachtas.ie/akn/ie/debateRecord/joint_committee_on_disability_matters/2023-09-27/debate/main,https://data.oireachtas.ie/akn/ie/debateRecord/joint_committee_on_disability_matters/2023-09-27/debate/mul@/main.xml
2023-09-27,dail,debate,https://data.oireachtas.ie/akn/ie/debateRecord/joint_committee_on_finance_public_expenditure_and_reform_and_taoiseach/2023-09-27/debate/main,https://data.oireachtas.ie/akn/ie/debateRecord/joint_committee_on_finance_public_expenditure_and_reform_and_taoiseach/2023-09-27/debate/mul@/main.xml
2023-09-27,dail,debate,https://data.oireachtas.ie/akn/ie/debateRecord/dail/2023-09-27/debate/main,https://data.oireachtas.ie/akn/ie/debateRecord/dail/2023-09-27/debate/mul@/main.xml
2023-09-26,seanad,debate,https://data.oireachtas.ie/akn/ie/debateRecord/seanad/2023-09-26/debate/main,https://data.oireachtas.ie/akn/ie/debateRecord/seanad/2023-09-26/debate/mul@/main.xml
2023-09-26,dail,debate,https://data.oireachtas.ie/akn/ie/debateRecord/joint_committee_on_housing_local_government_and_heritage/2023-09-26/debate/main,https://data.oireachtas.ie/akn/ie/debateRecord/joint_committee_on_housing_local_government_and_heritage/2023-09-26/debate/mul@/main.xml
2023-09-26,dail,debate,https://data.oireachtas.ie/akn/ie/debateRecord/joint_committee_on_assisted_dying/2023-09-26/debate/main,https://data.oireachtas.ie/akn/ie/debateRecord/joint_committee_on_assisted_dying/2023-09-26/debate/mul@/main.xml
2023-09-26,dail,debate,https://data.oireachtas.ie/akn/ie/debateRecord/joint_committee_on_environment_and_climate_action/2023-09-26/debate/main,https://data.oireachtas.ie/akn/ie/debateRecord/joint_committee_on_environment_and_climate_action/2023-09-26/debate/mul@/main.xml
2023-09-26,dail,debate,https://data.oireachtas.ie/akn/ie/debateRecord/dail/2023-09-26/debate/main,https://data.oireachtas.ie/akn/ie/debateRecord/dail/2023-09-26/debate/mul@/main.xml
2023-09-26,dail,debate,https://data.oireachtas.ie/akn/ie/debateRecord/joint_committee_on_foreign_affairs_and_defence/2023-09-26/debate/main,https://data.oireachtas.ie/akn/ie/debateRecord/joint_committee_on_foreign_affairs_and_defence/2023-09-26/debate/mul@/main.xml
2023-09-22,dail,debate,https://data.oireachtas.ie/akn/ie/debateRecord/joint_committee_on_social_protection_community_and_rural_development_and_the_islands/2023-09-22/debate/main,https://data.oireachtas.ie/akn/ie/debateRecord/joint_committee_on_social_protection_community_and_rural_development_and_the_islands/2023-09-22/debate/mul@/main.xml
2023-09-21,dail,debate,https://data.oireachtas.ie/akn/ie/debateRecord/joint_committee_on_key_issues_affecting_the_traveller_community_2023/2023-09-21/debate/main,https://data.oireachtas.ie/akn/ie/debateRecord/joint_committee_on_key_issues_affecting_the_traveller_community_2023/2023-09-21/debate/mul@/main.xml
2023-09-21,dail,debate,https://data.oireachtas.ie/akn/ie/debateRecord/committee_of_public_accounts/2023-09-21/debate/main,https://data.oireachtas.ie/akn/ie/debateRecord/committee_of_public_accounts/2023-09-21/debate/mul@/main.xml
2023-09-21,dail,debate,https://data.oireachtas.ie/akn/ie/debateRecord/joint_committee_on_the_implementation_of_the_good_friday_agreement/2023-09-21/debate/main,https://data.oireachtas.ie/akn/ie/debateRecord/joint_committee_on_the_implementation_of_the_good_friday_agreement/2023-09-21/debate/mul@/main.xml
2023-09-21,dail,debate,https://data.oireachtas.ie/akn/ie/debateRecord/joint_committee_on_housing_local_government_and_heritage/2023-09-21/debate/main,https://data.oireachtas.ie/akn/ie/debateRecord/joint_committee_on_housing_local_government_and_heritage/2023-09-21/debate/mul@/main.xml
2023-09-21,dail,debate,https://data.oireachtas.ie/akn/ie/debateRecord/dail/2023-09-21/debate/main,https://data.oireachtas.ie/akn/ie/debateRecord/dail/2023-09-21/debate/mul@/main.xml
2023-09-20,dail,debate,https://data.oireachtas.ie/akn/ie/debateRecord/joint_committee_on_enterprise_trade_and_employment/2023-09-20/debate/main,https://data.oireachtas.ie/akn/ie/debateRecord/joint_committee_on_enterprise_trade_and_employment/2023-09-20/debate/mul@/main.xml
2023-09-20,dail,debate,https://data.oireachtas.ie/akn/ie/debateRecord/dail/2023-09-20/debate/main,https://data.oireachtas.ie/akn/ie/debateRecord/dail/2023-09-20/debate/mul@/main.xml
2023-09-20,dail,debate,https://data.oireachtas.ie/akn/ie/debateRecord/joint_committee_on_agriculture_food_and_the_marine/2023-09-20/debate/main,https://data.oireachtas.ie/akn/ie/debateRecord/joint_committee_on_agriculture_food_and_the_marine/2023-09-20/debate/mul@/main.xml
2023-09-20,dail,debate,https://data.oireachtas.ie/akn/ie/debateRecord/committee_on_budgetary_oversight/2023-09-20/debate/main,https://data.oireachtas.ie/akn/ie/debateRecord/committee_on_budgetary_oversight/2023-09-20/debate/mul@/main.xml
2023-09-20,dail,debate,https://data.oireachtas.ie/akn/ie/debateRecord/joint_committee_on_children_equality_disability_integration_and_youth/2023-09-20/debate/main,https://data.oireachtas.ie/akn/ie/debateRecord/joint_committee_on_children_equality_disability_integration_and_youth/2023-09-20/debate/mul@/main.xml
2023-09-20,dail,debate,https://data.oireachtas.ie/akn/ie/debateRecord/joint_committee_on_disability_matters/2023-09-20/debate/main,https://data.oireachtas.ie/akn/ie/debateRecord/joint_committee_on_disability_matters/2023-09-20/debate/mul@/main.xml
2023-09-20,dail,debate,https://data.oireachtas.ie/akn/ie/debateRecord/joint_committee_on_transport_and_communications/2023-09-20/debate/main,https://data.oireachtas.ie/akn/ie/debateRecord/joint_committee_on_transport_and_communications/2023-09-20/debate/mul@/main.xml
2023-09-20,dail,debate,https://data.oireachtas.ie/akn/ie/debateRecord/joint_committee_on_finance_public_expenditure_and_reform_and_taoiseach/2023-09-20/debate/main,https://data.oireachtas.ie/akn/ie/debateRecord/joint_committee_on_finance_public_expenditure_and_reform_and_taoiseach/2023-09-20/debate/mul@/main.xml
2023-09-20,dail,debate,https://data.oireachtas.ie/akn/ie/debateRecord/joint_committee_on_social_protection_community_and_rural_development_and_the_islands/2023-09-20/debate/main,https://data.oireachtas.ie/akn/ie/debateRecord/joint_committee_on_social_protection_community_and_rural_development_and_the_islands/2023-09-20/debate/mul@/main.xml
2023-09-19,dail,debate,https://data.oireachtas.ie/akn/ie/debateRecord/joint_committee_on_environment_and_climate_action/2023-09-19/debate/main,https://data.oireachtas.ie/akn/ie/debateRecord/joint_committee_on_environment_and_climate_action/2023-09-19/debate/mul@/main.xml
2023-09-19,dail,debate,https://data.oireachtas.ie/akn/ie/debateRecord/committee_on_budgetary_oversight/2023-09-19/debate/main,https://data.oireachtas.ie/akn/ie/debateRecord/committee_on_budgetary_oversight/2023-09-19/debate/mul@/main.xml
2023-09-15,dail,debate,https://data.oireachtas.ie/akn/ie/debateRecord/joint_committee_on_agriculture_food_and_the_marine/2023-09-15/debate/main,https://data.oireachtas.ie/akn/ie/debateRecord/joint_committee_on_agriculture_food_and_the_marine/2023-09-15/debate/mul@/main.xml
2023-09-13,dail,debate,https://data.oireachtas.ie/akn/ie/debateRecord/joint_committee_on_tourism_culture_arts_sport_and_media/2023-09-13/debate/main,https://data.oireachtas.ie/akn/ie/debateRecord/joint_committee_on_tourism_culture_arts_sport_and_media/2023-09-13/debate/mul@/main.xml
2023-09-11,dail,debate,https://data.oireachtas.ie/akn/ie/debateRecord/dail/2023-09-11/debate/main,https://data.oireachtas.ie/akn/ie/debateRecord/dail/2023-09-11/debate/mul@/main.xml
2023-07-25,dail,debate,https://data.oireachtas.ie/akn/ie/debateRecord/dail/2023-07-25/debate/main,https://data.oireachtas.ie/akn/ie/debateRecord/dail/2023-07-25/debate/mul@/main.xml
2023-07-19,dail,debate,https://data.oireachtas.ie/akn/ie/debateRecord/joint_committee_on_agriculture_food_and_the_marine/2023-07-19/debate/main,https://data.oireachtas.ie/akn/ie/debateRecord/joint_committee_on_agriculture_food_and_the_marine/2023-07-19/debate/mul@/main.xml
2023-07-13,dail,debate,https://data.oireachtas.ie/akn/ie/debateRecord/joint_committee_on_public_petitions_and_the_ombudsmen/2023-07-13/debate/main,https://data.oireachtas.ie/akn/ie/debateRecord/joint_committee_on_public_petitions_and_the_ombudsmen/2023-07-13/debate/mul@/main.xml
2023-07-13,dail,debate,https://data.oireachtas.ie/akn/ie/debateRecord/joint_committee_on_key_issues_affecting_the_traveller_community_2023/2023-07-13/debate/main,https://data.oireachtas.ie/akn/ie/debateRecord/joint_committee_on_key_issues_affecting_the_traveller_community_2023/2023-07-13/debate/mul@/main.xml
2023-07-13,dail,debate,https://data.oireachtas.ie/akn/ie/debateRecord/committee_of_public_accounts/2023-07-13/debate/main,https://data.oireachtas.ie/akn/ie/debateRecord/committee_of_public_accounts/2023-07-13/debate/mul@/main.xml
2023-07-13,dail,debate,https://data.oireachtas.ie/akn/ie/debateRecord/joint_committee_on_agriculture_food_and_the_marine/2023-07-13/debate/main,https://data.oireachtas.ie/akn/ie/debateRecord/joint_committee_on_agriculture_food_and_the_marine/2023-07-13/debate/mul@/main.xml
2023-07-13,dail,debate,https://data.oireachtas.ie/akn/ie/debateRecord/joint_committee_on_disability_matters/2023-07-13/debate/main,https://data.oireachtas.ie/akn/ie/debateRecord/joint_committee_on_disability_matters/2023-07-13/debate/mul@/main.xml
2023-07-13,dail,debate,https://data.oireachtas.ie/akn/ie/debateRecord/joint_committee_on_the_implementation_of_the_good_friday_agreement/2023-07-13/debate/main,https://data.oireachtas.ie/akn/ie/debateRecord/joint_committee_on_the_implementation_of_the_good_friday_agreement/2023-07-13/debate/mul@/main.xml
2023-07-13,dail,debate,https://data.oireachtas.ie/akn/ie/debateRecord/joint_committee_on_housing_local_government_and_heritage/2023-07-13/debate/main,https://data.oireachtas.ie/akn/ie/debateRecord/joint_committee_on_housing_local_government_and_heritage/2023-07-13/debate/mul@/main.xml
2023-07-13,seanad,debate,https://data.oireachtas.ie/akn/ie/debateRecord/seanad/2023-07-13/debate/main,https://data.oireachtas.ie/akn/ie/debateRecord/seanad/2023-07-13/debate/mul@/main.xml
2023-07-13,dail,debate,https://data.oireachtas.ie/akn/ie/debateRecord/dail/2023-07-13/debate/main,https://data.oireachtas.ie/akn/ie/debateRecord/dail/2023-07-13/debate/mul@/main.xml
2023-07-12,dail,debate,https://data.oireachtas.ie/akn/ie/debateRecord/joint_committee_on_agriculture_food_and_the_marine/2023-07-12/debate/main,https://data.oireachtas.ie/akn/ie/debateRecord/joint_committee_on_agriculture_food_and_the_marine/2023-07-12/debate/mul@/main.xml
2023-07-12,dail,debate,https://data.oireachtas.ie/akn/ie/debateRecord/committee_on_budgetary_oversight/2023-07-12/debate/main,https://data.oireachtas.ie/akn/ie/debateRecord/committee_on_budgetary_oversight/2023-07-12/debate/mul@/main.xml
2023-07-12,dail,debate,https://data.oireachtas.ie/akn/ie/debateRecord/joint_committee_on_finance_public_expenditure_and_reform_and_taoiseach/2023-07-12/debate/main,https://data.oireachtas.ie/akn/ie/debateRecord/joint_committee_on_finance_public_expenditure_and_reform_and_taoiseach/2023-07-12/debate/mul@/main.xml
2023-07-12,seanad,debate,https://data.oireachtas.ie/akn/ie/debateRecord/seanad/2023-07-12/debate/main,https://data.oireachtas.ie/akn/ie/debateRecord/seanad/2023-07-12/debate/mul@/main.xml
2023-07-12,dail,debate,https://data.oireachtas.ie/akn/ie/debateRecord/joint_committee_on_enterprise_trade_and_employment/2023-07-12/debate/main,https://data.oireachtas.ie/akn/ie/debateRecord/joint_committee_on_enterprise_trade_and_employment/2023-07-12/debate/mul@/main.xml
2023-07-12,dail,debate,https://data.oireachtas.ie/akn/ie/debateRecord/joint_committee_on_european_union_affairs/2023-07-12/debate/main,https://data.oireachtas.ie/akn/ie/debateRecord/joint_committee_on_european_union_affairs/2023-07-12/debate/mul@/main.xml
2023-07-12,dail,debate,https://data.oireachtas.ie/akn/ie/debateRecord/joint_committee_on_health/2023-07-12/debate/main,https://data.oireachtas.ie/akn/ie/debateRecord/joint_committee_on_health/2023-07-12/debate/mul@/main.xml
2023-07-12,dail,debate,https://data.oireachtas.ie/akn/ie/debateRecord/joint_committee_on_social_protection_community_and_rural_development_and_the_islands/2023-07-12/debate/main,https://data.oireachtas.ie/akn/ie/debateRecord/joint_committee_on_social_protection_community_and_rural_development_and_the_islands/2023-07-12/debate/mul@/main.xml
2023-07-12,dail,debate,https://data.oireachtas.ie/akn/ie/debateRecord/dail/2023-07-12/debate/main,https://data.oireachtas.ie/akn/ie/debateRecord/dail/2023-07-12/debate/mul@/main.xml
2023-07-11,dail,debate,https://data.oireachtas.ie/akn/ie/debateRecord/joint_committee_on_foreign_affairs_and_defence/2023-07-11/debate/main,https://data.oireachtas.ie/akn/ie/debateRecord/joint_committee_on_foreign_affairs_and_defence/2023-07-11/debate/mul@/main.xml
2023-07-11,dail,debate,https://data.oireachtas.ie/akn/ie/debateRecord/select_committee_on_justice/2023-07-11/debate/main,https://data.oireachtas.ie/akn/ie/debateRecord/select_committee_on_justice/2023-07-11/debate/mul@/main.xml
2023-07-11,dail,debate,https://data.oireachtas.ie/akn/ie/debateRecord/joint_committee_on_tourism_culture_arts_sport_and_media/2023-07-11/debate/main,https://data.oireachtas.ie/akn/ie/debateRecord/joint_committee_on_tourism_culture_arts_sport_and_media/2023-07-11/debate/mul@/main.xml
2023-07-11,dail,debate,https://data.oireachtas.ie/akn/ie/debateRecord/joint_committee_on_assisted_dying/2023-07-11/debate/main,https://data.oireachtas.ie/akn/ie/debateRecord/joint_committee_on_assisted_dying/2023-07-11/debate/mul@/main.xml
2023-07-11,dail,debate,https://data.oireachtas.ie/akn/ie/debateRecord/committee_of_public_accounts/2023-07-11/debate/main,https://data.oireachtas.ie/akn/ie/debateRecord/committee_of_public_accounts/2023-07-11/debate/mul@/main.xml
2023-07-11,dail,debate,https://data.oireachtas.ie/akn/ie/debateRecord/joint_committee_on_housing_local_government_and_heritage/2023-07-11/debate/main,https://data.oireachtas.ie/akn/ie/debateRecord/joint_committee_on_housing_local_government_and_heritage/2023-07-11/debate/mul@/main.xml
2023-07-11,dail,debate,https://data.oireachtas.ie/akn/ie/debateRecord/dail/2023-07-11/debate/main,https://data.oireachtas.ie/akn/ie/debateRecord/dail/2023-07-11/debate/mul@/main.xml
2023-07-11,seanad,debate,https://data.oireachtas.ie/akn/ie/debateRecord/seanad/2023-07-11/debate/main,https://data.oireachtas.ie/akn/ie/debateRecord/seanad/2023-07-11/debate/mul@/main.xml
2023-07-06,dail,debate,https://data.oireachtas.ie/akn/ie/debateRecord/select_committee_on_housing_local_government_and_heritage/2023-07-06/debate/main,https://data.oireachtas.ie/akn/ie/debateRecord/select_committee_on_housing_local_government_and_heritage/2023-07-06/debate/mul@/main.xml
2023-07-06,dail,debate,https://data.oireachtas.ie/akn/ie/debateRecord/committee_of_public_accounts/2023-07-06/debate/main,https://data.oireachtas.ie/akn/ie/debateRecord/committee_of_public_accounts/2023-07-06/debate/mul@/main.xml
2023-07-06,dail,debate,https://data.oireachtas.ie/akn/ie/debateRecord/joint_committee_on_disability_matters/2023-07-06/debate/main,https://data.oireachtas.ie/akn/ie/debateRecord/joint_committee_on_disability_matters/2023-07-06/debate/mul@/main.xml
2023-07-06,dail,debate,https://data.oireachtas.ie/akn/ie/debateRecord/joint_committee_on_housing_local_government_and_heritage/2023-07-06/debate/main,https://data.oireachtas.ie/akn/ie/debateRecord/joint_committee_on_housing_local_government_and_heritage/2023-07-06/debate/mul@/main.xml
2023-07-06,seanad,debate,https://data.oireachtas.ie/akn/ie/debateRecord/seanad/2023-07-06/debate/main,https://data.oireachtas.ie/akn/ie/debateRecord/seanad/2023-07-06/debate/mul@/main.xml
2023-07-06,dail,debate,https://data.oireachtas.ie/akn/ie/debateRecord/dail/2023-07-06/debate/main,https://data.oireachtas.ie/akn/ie/debateRecord/dail/2023-07-06/debate/mul@/main.xml
2023-07-05,dail,debate,https://data.oireachtas.ie/akn/ie/debateRecord/comhchoiste_na_gaeilge_na_gaeltachta_agus_phobal_labhartha_na_gaeilge/2023-07-05/debate/main,https://data.oireachtas.ie/akn/ie/debateRecord/comhchoiste_na_gaeilge_na_gaeltachta_agus_phobal_labhartha_na_gaeilge/2023-07-05/debate/mul@/main.xml
2023-07-05,dail,debate,https://data.oireachtas.ie/akn/ie/debateRecord/joint_committee_on_agriculture_food_and_the_marine/2023-07-05/debate/main,https://data.oireachtas.ie/akn/ie/debateRecord/joint_committee_on_agriculture_food_and_the_marine/2023-07-05/debate/mul@/main.xml
2023-07-05,dail,debate,https://data.oireachtas.ie/akn/ie/debateRecord/joint_committee_on_enterprise_trade_and_employment/2023-07-05/debate/main,https://data.oireachtas.ie/akn/ie/debateRecord/joint_committee_on_enterprise_trade_and_employment/2023-07-05/debate/mul@/main.xml
2023-07-05,dail,debate,https://data.oireachtas.ie/akn/ie/debateRecord/committee_on_budgetary_oversight/2023-07-05/debate/main,https://data.oireachtas.ie/akn/ie/debateRecord/committee_on_budgetary_oversight/2023-07-05/debate/mul@/main.xml
2023-07-05,dail,debate,https://data.oireachtas.ie/akn/ie/debateRecord/joint_committee_on_european_union_affairs/2023-07-05/debate/main,https://data.oireachtas.ie/akn/ie/debateRecord/joint_committee_on_european_union_affairs/2023-07-05/debate/mul@/main.xml
2023-07-05,dail,debate,https://data.oireachtas.ie/akn/ie/debateRecord/joint_committee_on_finance_public_expenditure_and_reform_and_taoiseach/2023-07-05/debate/main,https://data.oireachtas.ie/akn/ie/debateRecord/joint_committee_on_finance_public_expenditure_and_reform_and_taoiseach/2023-07-05/debate/mul@/main.xml
2023-07-05,dail,debate,https://data.oireachtas.ie/akn/ie/debateRecord/joint_committee_on_health/2023-07-05/debate/main,https://data.oireachtas.ie/akn/ie/debateRecord/joint_committee_on_health/2023-07-05/debate/mul@/main.xml
2023-07-05,dail,debate,https://data.oireachtas.ie/akn/ie/debateRecord/select_committee_on_justice/2023-07-05/debate/main,https://data.oireachtas.ie/akn/ie/debateRecord/select_committee_on_justice/2023-07-05/debate/mul@/main.xml
2023-07-05,dail,debate,https://data.oireachtas.ie/akn/ie/debateRecord/joint_committee_on_social_protection_community_and_rural_development_and_the_islands/2023-07-05/debate/main,https://data.oireachtas.ie/akn/ie/debateRecord/joint_committee_on_social_protection_community_and_rural_development_and_the_islands/2023-07-05/debate/mul@/main.xml
2023-07-05,dail,debate,https://data.oireachtas.ie/akn/ie/debateRecord/joint_committee_on_tourism_culture_arts_sport_and_media/2023-07-05/debate/main,https://data.oireachtas.ie/akn/ie/debateRecord/joint_committee_on_tourism_culture_arts_sport_and_media/2023-07-05/debate/mul@/main.xml
2023-07-05,dail,debate,https://data.oireachtas.ie/akn/ie/debateRecord/joint_committee_on_transport_and_communications/2023-07-05/debate/main,https://data.oireachtas.ie/akn/ie/debateRecord/joint_committee_on_transport_and_communications/2023-07-05/debate/mul@/main.xml
2023-07-05,seanad,debate,https://data.oireachtas.ie/akn/ie/debateRecord/seanad/2023-07-05/debate/main,https://data.oireachtas.ie/akn/ie/debateRecord/seanad/2023-07-05/debate/mul@/main.xml
2023-07-05,dail,debate,https://data.oireachtas.ie/akn/ie/debateRecord/dail/2023-07-05/debate/main,https://data.oireachtas.ie/akn/ie/debateRecord/dail/2023-07-05/debate/mul@/main.xml
2023-07-04,dail,debate,https://data.oireachtas.ie/akn/ie/debateRecord/joint_committee_on_environment_and_climate_action/2023-07-04/debate/main,https://data.oireachtas.ie/akn/ie/debateRecord/joint_committee_on_environment_and_climate_action/2023-07-04/debate/mul@/main.xml
2023-07-04,dail,debate,https://data.oireachtas.ie/akn/ie/debateRecord/joint_committee_on_foreign_affairs_and_defence/2023-07-04/debate/main,https://data.oireachtas.ie/akn/ie/debateRecord/joint_committee_on_foreign_affairs_and_defence/2023-07-04/debate/mul@/main.xml
2023-07-04,dail,debate,https://data.oireachtas.ie/akn/ie/debateRecord/select_committee_on_housing_local_government_and_heritage/2023-07-04/debate/main,https://data.oireachtas.ie/akn/ie/debateRecord/select_committee_on_housing_local_government_and_heritage/2023-07-04/debate/mul@/main.xml
2023-07-04,dail,debate,https://data.oireachtas.ie/akn/ie/debateRecord/seanad_select_committee_on_scrutiny_of_draft_eu_related_statutory_instruments/2023-07-04/debate/main,https://data.oireachtas.ie/akn/ie/debateRecord/seanad_select_committee_on_scrutiny_of_draft_eu_related_statutory_instruments/2023-07-04/debate/mul@/main.xml
2023-07-04,dail,debate,https://data.oireachtas.ie/akn/ie/debateRecord/joint_committee_on_assisted_dying/2023-07-04/debate/main,https://data.oireachtas.ie/akn/ie/debateRecord/joint_committee_on_assisted_dying/2023-07-04/debate/mul@/main.xml
2023-07-04,dail,debate,https://data.oireachtas.ie/akn/ie/debateRecord/joint_committee_on_education_further_and_higher_education_research_innovation_and_science/2023-07-04/debate/main,https://data.oireachtas.ie/akn/ie/debateRecord/joint_committee_on_education_further_and_higher_education_research_innovation_and_science/2023-07-04/debate/mul@/main.xml
2023-07-04,dail,debate,https://data.oireachtas.ie/akn/ie/debateRecord/joint_committee_on_justice/2023-07-04/debate/main,https://data.oireachtas.ie/akn/ie/debateRecord/joint_committee_on_justice/2023-07-04/debate/mul@/main.xml
2023-07-04,seanad,debate,https://data.oireachtas.ie/akn/ie/debateRecord/seanad/2023-07-04/debate/main,https://data.oireachtas.ie/akn/ie/debateRecord/seanad/2023-07-04/debate/mul@/main.xml
2023-07-04,dail,debate,https://data.oireachtas.ie/akn/ie/debateRecord/dail/2023-07-04/debate/main,https://data.oireachtas.ie/akn/ie/debateRecord/dail/2023-07-04/debate/mul@/main.xml
2023-06-29,dail,debate,https://data.oireachtas.ie/akn/ie/debateRecord/committee_of_public_accounts/2023-06-29/debate/main,https://data.oireachtas.ie/akn/ie/debateRecord/committee_of_public_accounts/2023-06-29/debate/mul@/main.xml
2023-06-29,dail,debate,https://data.oireachtas.ie/akn/ie/debateRecord/joint_committee_on_public_petitions_and_the_ombudsmen/2023-06-29/debate/main,https://data.oireachtas.ie/akn/ie/debateRecord/joint_committee_on_public_petitions_and_the_ombudsmen/2023-06-29/debate/mul@/main.xml
2023-06-29,dail,debate,https://data.oireachtas.ie/akn/ie/debateRecord/select_committee_on_housing_local_government_and_heritage/2023-06-29/debate/main,https://data.oireachtas.ie/akn/ie/debateRecord/select_committee_on_housing_local_government_and_heritage/2023-06-29/debate/mul@/main.xml
2023-06-29,dail,debate,https://data.oireachtas.ie/akn/ie/debateRecord/joint_committee_on_the_implementation_of_the_good_friday_agreement/2023-06-29/debate/main,https://data.oireachtas.ie/akn/ie/debateRecord/joint_committee_on_the_implementation_of_the_good_friday_agreement/2023-06-29/debate/mul@/main.xml
2023-06-29,seanad,debate,https://data.oireachtas.ie/akn/ie/debateRecord/seanad/2023-06-29/debate/main,https://data.oireachtas.ie/akn/ie/debateRecord/seanad/2023-06-29/debate/mul@/main.xml
2023-06-29,dail,debate,https://data.oireachtas.ie/akn/ie/debateRecord/dail/2023-06-29/debate/main,https://data.oireachtas.ie/akn/ie/debateRecord/dail/2023-06-29/debate/mul@/main.xml
2023-06-29,dail,debate,https://data.oireachtas.ie/akn/ie/debateRecord/joint_committee_on_disability_matters/2023-06-29/debate/main,https://data.oireachtas.ie/akn/ie/debateRecord/joint_committee_on_disability_matters/2023-06-29/debate/mul@/main.xml
2023-06-28,dail,debate,https://data.oireachtas.ie/akn/ie/debateRecord/comhchoiste_na_gaeilge_na_gaeltachta_agus_phobal_labhartha_na_gaeilge/2023-06-28/debate/main,https://data.oireachtas.ie/akn/ie/debateRecord/comhchoiste_na_gaeilge_na_gaeltachta_agus_phobal_labhartha_na_gaeilge/2023-06-28/debate/mul@/main.xml
2023-06-28,dail,debate,https://data.oireachtas.ie/akn/ie/debateRecord/joint_committee_on_agriculture_food_and_the_marine/2023-06-28/debate/main,https://data.oireachtas.ie/akn/ie/debateRecord/joint_committee_on_agriculture_food_and_the_marine/2023-06-28/debate/mul@/main.xml
2023-06-28,dail,debate,https://data.oireachtas.ie/akn/ie/debateRecord/joint_committee_on_social_protection_community_and_rural_development_and_the_islands/2023-06-28/debate/main,https://data.oireachtas.ie/akn/ie/debateRecord/joint_committee_on_social_protection_community_and_rural_development_and_the_islands/2023-06-28/debate/mul@/main.xml
2023-06-28,dail,debate,https://data.oireachtas.ie/akn/ie/debateRecord/select_committee_on_enterprise_trade_and_employment/2023-06-28/debate/main,https://data.oireachtas.ie/akn/ie/debateRecord/select_committee_on_enterprise_trade_and_employment/2023-06-28/debate/mul@/main.xml
2023-06-28,dail,debate,https://data.oireachtas.ie/akn/ie/debateRecord/committee_on_budgetary_oversight/2023-06-28/debate/main,https://data.oireachtas.ie/akn/ie/debateRecord/committee_on_budgetary_oversight/2023-06-28/debate/mul@/main.xml
2023-06-28,dail,debate,https://data.oireachtas.ie/akn/ie/debateRecord/joint_committee_on_european_union_affairs/2023-06-28/debate/main,https://data.oireachtas.ie/akn/ie/debateRecord/joint_committee_on_european_union_affairs/2023-06-28/debate/mul@/main.xml
2023-06-28,dail,debate,https://data.oireachtas.ie/akn/ie/debateRecord/joint_committee_on_health/2023-06-28/debate/main,https://data.oireachtas.ie/akn/ie/debateRecord/joint_committee_on_health/2023-06-28/debate/mul@/main.xml
2023-06-28,dail,debate,https://data.oireachtas.ie/akn/ie/debateRecord/joint_committee_on_tourism_culture_arts_sport_and_media/2023-06-28/debate/main,https://data.oireachtas.ie/akn/ie/debateRecord/joint_committee_on_tourism_culture_arts_sport_and_media/2023-06-28/debate/mul@/main.xml
2023-06-28,dail,debate,https://data.oireachtas.ie/akn/ie/debateRecord/joint_committee_on_transport_and_communications/2023-06-28/debate/main,https://data.oireachtas.ie/akn/ie/debateRecord/joint_committee_on_transport_and_communications/2023-06-28/debate/mul@/main.xml
2023-06-28,dail,debate,https://data.oireachtas.ie/akn/ie/debateRecord/joint_committee_on_finance_public_expenditure_and_reform_and_taoiseach/2023-06-28/debate/main,https://data.oireachtas.ie/akn/ie/debateRecord/joint_committee_on_finance_public_expenditure_and_reform_and_taoiseach/2023-06-28/debate/mul@/main.xml
2023-06-28,seanad,debate,https://data.oireachtas.ie/akn/ie/debateRecord/seanad/2023-06-28/debate/main,https://data.oireachtas.ie/akn/ie/debateRecord/seanad/2023-06-28/debate/mul@/main.xml
2023-06-28,dail,debate,https://data.oireachtas.ie/akn/ie/debateRecord/dail/2023-06-28/debate/main,https://data.oireachtas.ie/akn/ie/debateRecord/dail/2023-06-28/debate/mul@/main.xml
2023-06-27,dail,debate,https://data.oireachtas.ie/akn/ie/debateRecord/joint_committee_on_assisted_dying/2023-06-27/debate/main,https://data.oireachtas.ie/akn/ie/debateRecord/joint_committee_on_assisted_dying/2023-06-27/debate/mul@/main.xml
2023-06-27,dail,debate,https://data.oireachtas.ie/akn/ie/debateRecord/joint_committee_on_children_equality_disability_integration_and_youth/2023-06-27/debate/main,https://data.oireachtas.ie/akn/ie/debateRecord/joint_committee_on_children_equality_disability_integration_and_youth/2023-06-27/debate/mul@/main.xml
2023-06-27,dail,debate,https://data.oireachtas.ie/akn/ie/debateRecord/select_committee_on_education_further_and_higher_education_research_innovation_and_science/2023-06-27/debate/main,https://data.oireachtas.ie/akn/ie/debateRecord/select_committee_on_education_further_and_higher_education_research_innovation_and_science/2023-06-27/debate/mul@/main.xml
2023-06-27,seanad,debate,https://data.oireachtas.ie/akn/ie/debateRecord/seanad/2023-06-27/debate/main,https://data.oireachtas.ie/akn/ie/debateRecord/seanad/2023-06-27/debate/mul@/main.xml
2023-06-27,dail,debate,https://data.oireachtas.ie/akn/ie/debateRecord/dail/2023-06-27/debate/main,https://data.oireachtas.ie/akn/ie/debateRecord/dail/2023-06-27/debate/mul@/main.xml
2023-06-22,dail,debate,https://data.oireachtas.ie/akn/ie/debateRecord/committee_of_public_accounts/2023-06-22/debate/main,https://data.oireachtas.ie/akn/ie/debateRecord/committee_of_public_accounts/2023-06-22/debate/mul@/main.xml
2023-06-22,dail,debate,https://data.oireachtas.ie/akn/ie/debateRecord/committee_on_budgetary_oversight/2023-06-22/debate/main,https://data.oireachtas.ie/akn/ie/debateRecord/committee_on_budgetary_oversight/2023-06-22/debate/mul@/main.xml
2023-06-22,dail,debate,https://data.oireachtas.ie/akn/ie/debateRecord/joint_committee_on_finance_public_expenditure_and_reform_and_taoiseach/2023-06-22/debate/main,https://data.oireachtas.ie/akn/ie/debateRecord/joint_committee_on_finance_public_expenditure_and_reform_and_taoiseach/2023-06-22/debate/mul@/main.xml
2023-06-22,dail,debate,https://data.oireachtas.ie/akn/ie/debateRecord/working_group_of_committee_cathaoirligh/2023-06-22/debate/main,https://data.oireachtas.ie/akn/ie/debateRecord/working_group_of_committee_cathaoirligh/2023-06-22/debate/mul@/main.xml
2023-06-22,seanad,debate,https://data.oireachtas.ie/akn/ie/debateRecord/seanad/2023-06-22/debate/main,https://data.oireachtas.ie/akn/ie/debateRecord/seanad/2023-06-22/debate/mul@/main.xml
2023-06-22,dail,debate,https://data.oireachtas.ie/akn/ie/debateRecord/dail/2023-06-22/debate/main,https://data.oireachtas.ie/akn/ie/debateRecord/dail/2023-06-22/debate/mul@/main.xml
2023-06-21,dail,debate,https://data.oireachtas.ie/akn/ie/debateRecord/comhchoiste_na_gaeilge_na_gaeltachta_agus_phobal_labhartha_na_gaeilge/2023-06-21/debate/main,https://data.oireachtas.ie/akn/ie/debateRecord/comhchoiste_na_gaeilge_na_gaeltachta_agus_phobal_labhartha_na_gaeilge/2023-06-21/debate/mul@/main.xml
2023-06-21,dail,debate,https://data.oireachtas.ie/akn/ie/debateRecord/joint_committee_on_education_further_and_higher_education_research_innovation_and_science/2023-06-21/debate/main,https://data.oireachtas.ie/akn/ie/debateRecord/joint_committee_on_education_further_and_higher_education_research_innovation_and_science/2023-06-21/debate/mul@/main.xml
2023-06-21,dail,debate,https://data.oireachtas.ie/akn/ie/debateRecord/joint_committee_on_european_union_affairs/2023-06-21/debate/main,https://data.oireachtas.ie/akn/ie/debateRecord/joint_committee_on_european_union_affairs/2023-06-21/debate/mul@/main.xml
2023-06-21,dail,debate,https://data.oireachtas.ie/akn/ie/debateRecord/joint_committee_on_social_protection_community_and_rural_development_and_the_islands/2023-06-21/debate/main,https://data.oireachtas.ie/akn/ie/debateRecord/joint_committee_on_social_protection_community_and_rural_development_and_the_islands/2023-06-21/debate/mul@/main.xml
2023-06-21,dail,debate,https://data.oireachtas.ie/akn/ie/debateRecord/joint_committee_on_key_issues_affecting_the_traveller_community_2023/2023-06-21/debate/main,https://data.oireachtas.ie/akn/ie/debateRecord/joint_committee_on_key_issues_affecting_the_traveller_community_2023/2023-06-21/debate/mul@/main.xml
2023-06-21,dail,debate,https://data.oireachtas.ie/akn/ie/debateRecord/joint_committee_on_finance_public_expenditure_and_reform_and_taoiseach/2023-06-21/debate/main,https://data.oireachtas.ie/akn/ie/debateRecord/joint_committee_on_finance_public_expenditure_and_reform_and_taoiseach/2023-06-21/debate/mul@/main.xml
2023-06-21,dail,debate,https://data.oireachtas.ie/akn/ie/debateRecord/joint_committee_on_agriculture_food_and_the_marine/2023-06-21/debate/main,https://data.oireachtas.ie/akn/ie/debateRecord/joint_committee_on_agriculture_food_and_the_marine/2023-06-21/debate/mul@/main.xml
2023-06-21,dail,debate,https://data.oireachtas.ie/akn/ie/debateRecord/joint_committee_on_enterprise_trade_and_employment/2023-06-21/debate/main,https://data.oireachtas.ie/akn/ie/debateRecord/joint_committee_on_enterprise_trade_and_employment/2023-06-21/debate/mul@/main.xml
2023-06-21,dail,debate,https://data.oireachtas.ie/akn/ie/debateRecord/joint_committee_on_tourism_culture_arts_sport_and_media/2023-06-21/debate/main,https://data.oireachtas.ie/akn/ie/debateRecord/joint_committee_on_tourism_culture_arts_sport_and_media/2023-06-21/debate/mul@/main.xml
2023-06-21,dail,debate,https://data.oireachtas.ie/akn/ie/debateRecord/select_committee_on_health/2023-06-21/debate/main,https://data.oireachtas.ie/akn/ie/debateRecord/select_committee_on_health/2023-06-21/debate/mul@/main.xml
2023-06-21,seanad,debate,https://data.oireachtas.ie/akn/ie/debateRecord/seanad/2023-06-21/debate/main,https://data.oireachtas.ie/akn/ie/debateRecord/seanad/2023-06-21/debate/mul@/main.xml
2023-06-21,dail,debate,https://data.oireachtas.ie/akn/ie/debateRecord/dail/2023-06-21/debate/main,https://data.oireachtas.ie/akn/ie/debateRecord/dail/2023-06-21/debate/mul@/main.xml
2023-06-20,dail,debate,https://data.oireachtas.ie/akn/ie/debateRecord/joint_committee_on_assisted_dying/2023-06-20/debate/main,https://data.oireachtas.ie/akn/ie/debateRecord/joint_committee_on_assisted_dying/2023-06-20/debate/mul@/main.xml
2023-06-20,dail,debate,https://data.oireachtas.ie/akn/ie/debateRecord/joint_committee_on_enterprise_trade_and_employment/2023-06-20/debate/main,https://data.oireachtas.ie/akn/ie/debateRecord/joint_committee_on_enterprise_trade_and_employment/2023-06-20/debate/mul@/main.xml
2023-06-20,dail,debate,https://data.oireachtas.ie/akn/ie/debateRecord/joint_committee_on_environment_and_climate_action/2023-06-20/debate/main,https://data.oireachtas.ie/akn/ie/debateRecord/joint_committee_on_environment_and_climate_action/2023-06-20/debate/mul@/main.xml
2023-06-20,dail,debate,https://data.oireachtas.ie/akn/ie/debateRecord/joint_committee_on_justice/2023-06-20/debate/main,https://data.oireachtas.ie/akn/ie/debateRecord/joint_committee_on_justice/2023-06-20/debate/mul@/main.xml
2023-06-20,dail,debate,https://data.oireachtas.ie/akn/ie/debateRecord/joint_committee_on_foreign_affairs_and_defence/2023-06-20/debate/main,https://data.oireachtas.ie/akn/ie/debateRecord/joint_committee_on_foreign_affairs_and_defence/2023-06-20/debate/mul@/main.xml
2023-06-20,seanad,debate,https://data.oireachtas.ie/akn/ie/debateRecord/seanad/2023-06-20/debate/main,https://data.oireachtas.ie/akn/ie/debateRecord/seanad/2023-06-20/debate/mul@/main.xml
2023-06-20,dail,debate,https://data.oireachtas.ie/akn/ie/debateRecord/dail/2023-06-20/debate/main,https://data.oireachtas.ie/akn/ie/debateRecord/dail/2023-06-20/debate/mul@/main.xml
2023-06-15,dail,debate,https://data.oireachtas.ie/akn/ie/debateRecord/joint_committee_on_housing_local_government_and_heritage/2023-06-15/debate/main,https://data.oireachtas.ie/akn/ie/debateRecord/joint_committee_on_housing_local_government_and_heritage/2023-06-15/debate/mul@/main.xml
2023-06-15,dail,debate,https://data.oireachtas.ie/akn/ie/debateRecord/joint_committee_on_environment_and_climate_action/2023-06-15/debate/main,https://data.oireachtas.ie/akn/ie/debateRecord/joint_committee_on_environment_and_climate_action/2023-06-15/debate/mul@/main.xml
2023-06-15,dail,debate,https://data.oireachtas.ie/akn/ie/debateRecord/committee_of_public_accounts/2023-06-15/debate/main,https://data.oireachtas.ie/akn/ie/debateRecord/committee_of_public_accounts/2023-06-15/debate/mul@/main.xml
2023-06-15,dail,debate,https://data.oireachtas.ie/akn/ie/debateRecord/joint_committee_on_public_petitions_and_the_ombudsmen/2023-06-15/debate/main,https://data.oireachtas.ie/akn/ie/debateRecord/joint_committee_on_public_petitions_and_the_ombudsmen/2023-06-15/debate/mul@/main.xml
2023-06-15,seanad,debate,https://data.oireachtas.ie/akn/ie/debateRecord/seanad/2023-06-15/debate/main,https://data.oireachtas.ie/akn/ie/debateRecord/seanad/2023-06-15/debate/mul@/main.xml
2023-06-15,dail,debate,https://data.oireachtas.ie/akn/ie/debateRecord/dail/2023-06-15/debate/main,https://data.oireachtas.ie/akn/ie/debateRecord/dail/2023-06-15/debate/mul@/main.xml
2023-06-14,dail,debate,https://data.oireachtas.ie/akn/ie/debateRecord/comhchoiste_na_gaeilge_na_gaeltachta_agus_phobal_labhartha_na_gaeilge/2023-06-14/debate/main,https://data.oireachtas.ie/akn/ie/debateRecord/comhchoiste_na_gaeilge_na_gaeltachta_agus_phobal_labhartha_na_gaeilge/2023-06-14/debate/mul@/main.xml
2023-06-14,dail,debate,https://data.oireachtas.ie/akn/ie/debateRecord/select_committee_on_enterprise_trade_and_employment/2023-06-14/debate/main,https://data.oireachtas.ie/akn/ie/debateRecord/select_committee_on_enterprise_trade_and_employment/2023-06-14/debate/mul@/main.xml
2023-06-14,dail,debate,https://data.oireachtas.ie/akn/ie/debateRecord/committee_on_budgetary_oversight/2023-06-14/debate/main,https://data.oireachtas.ie/akn/ie/debateRecord/committee_on_budgetary_oversight/2023-06-14/debate/mul@/main.xml
2023-06-14,dail,debate,https://data.oireachtas.ie/akn/ie/debateRecord/joint_committee_on_health/2023-06-14/debate/main,https://data.oireachtas.ie/akn/ie/debateRecord/joint_committee_on_health/2023-06-14/debate/mul@/main.xml
2023-06-14,dail,debate,https://data.oireachtas.ie/akn/ie/debateRecord/joint_committee_on_transport_and_communications/2023-06-14/debate/main,https://data.oireachtas.ie/akn/ie/debateRecord/joint_committee_on_transport_and_communications/2023-06-14/debate/mul@/main.xml
2023-06-14,seanad,debate,https://data.oireachtas.ie/akn/ie/debateRecord/seanad/2023-06-14/debate/main,https://data.oireachtas.ie/akn/ie/debateRecord/seanad/2023-06-14/debate/mul@/main.xml
2023-06-14,dail,debate,https://data.oireachtas.ie/akn/ie/debateRecord/dail/2023-06-14/debate/main,https://data.oireachtas.ie/akn/ie/debateRecord/dail/2023-06-14/debate/mul@/main.xml
2023-06-13,seanad,debate,https://data.oireachtas.ie/akn/ie/debateRecord/seanad/2023-06-13/debate/main,https://data.oireachtas.ie/akn/ie/debateRecord/seanad/2023-06-13/debate/mul@/main.xml
2023-06-13,dail,debate,https://data.oireachtas.ie/akn/ie/debateRecord/joint_committee_on_children_equality_disability_integration_and_youth/2023-06-13/debate/main,https://data.oireachtas.ie/akn/ie/debateRecord/joint_committee_on_children_equality_disability_integration_and_youth/2023-06-13/debate/mul@/main.xml
2023-06-13,dail,debate,https://data.oireachtas.ie/akn/ie/debateRecord/joint_sub_committee_on_mental_health/2023-06-13/debate/main,https://data.oireachtas.ie/akn/ie/debateRecord/joint_sub_committee_on_mental_health/2023-06-13/debate/mul@/main.xml
2023-06-13,dail,debate,https://data.oireachtas.ie/akn/ie/debateRecord/joint_committee_on_housing_local_government_and_heritage/2023-06-13/debate/main,https://data.oireachtas.ie/akn/ie/debateRecord/joint_committee_on_housing_local_government_and_heritage/2023-06-13/debate/mul@/main.xml
2023-06-13,dail,debate,https://data.oireachtas.ie/akn/ie/debateRecord/joint_committee_on_environment_and_climate_action/2023-06-13/debate/main,https://data.oireachtas.ie/akn/ie/debateRecord/joint_committee_on_environment_and_climate_action/2023-06-13/debate/mul@/main.xml
2023-06-13,dail,debate,https://data.oireachtas.ie/akn/ie/debateRecord/joint_committee_on_assisted_dying/2023-06-13/debate/main,https://data.oireachtas.ie/akn/ie/debateRecord/joint_committee_on_assisted_dying/2023-06-13/debate/mul@/main.xml
2023-06-13,dail,debate,https://data.oireachtas.ie/akn/ie/debateRecord/dail/2023-06-13/debate/main,https://data.oireachtas.ie/akn/ie/debateRecord/dail/2023-06-13/debate/mul@/main.xml
2023-06-01,seanad,debate,https://data.oireachtas.ie/akn/ie/debateRecord/seanad/2023-06-01/debate/main,https://data.oireachtas.ie/akn/ie/debateRecord/seanad/2023-06-01/debate/mul@/main.xml
2023-06-01,dail,debate,https://data.oireachtas.ie/akn/ie/debateRecord/committee_of_public_accounts/2023-06-01/debate/main,https://data.oireachtas.ie/akn/ie/debateRecord/committee_of_public_accounts/2023-06-01/debate/mul@/main.xml
2023-06-01,dail,debate,https://data.oireachtas.ie/akn/ie/debateRecord/joint_committee_on_public_petitions_and_the_ombudsmen/2023-06-01/debate/main,https://data.oireachtas.ie/akn/ie/debateRecord/joint_committee_on_public_petitions_and_the_ombudsmen/2023-06-01/debate/mul@/main.xml
2023-06-01,dail,debate,https://data.oireachtas.ie/akn/ie/debateRecord/joint_committee_on_disability_matters/2023-06-01/debate/main,https://data.oireachtas.ie/akn/ie/debateRecord/joint_committee_on_disability_matters/2023-06-01/debate/mul@/main.xml
2023-06-01,dail,debate,https://data.oireachtas.ie/akn/ie/debateRecord/joint_committee_on_the_implementation_of_the_good_friday_agreement/2023-06-01/debate/main,https://data.oireachtas.ie/akn/ie/debateRecord/joint_committee_on_the_implementation_of_the_good_friday_agreement/2023-06-01/debate/mul@/main.xml
2023-06-01,dail,debate,https://data.oireachtas.ie/akn/ie/debateRecord/joint_committee_on_housing_local_government_and_heritage/2023-06-01/debate/main,https://data.oireachtas.ie/akn/ie/debateRecord/joint_committee_on_housing_local_government_and_heritage/2023-06-01/debate/mul@/main.xml
2023-06-01,dail,debate,https://data.oireachtas.ie/akn/ie/debateRecord/dail/2023-06-01/debate/main,https://data.oireachtas.ie/akn/ie/debateRecord/dail/2023-06-01/debate/mul@/main.xml
2023-05-31,dail,debate,https://data.oireachtas.ie/akn/ie/debateRecord/comhchoiste_na_gaeilge_na_gaeltachta_agus_phobal_labhartha_na_gaeilge/2023-05-31/debate/main,https://data.oireachtas.ie/akn/ie/debateRecord/comhchoiste_na_gaeilge_na_gaeltachta_agus_phobal_labhartha_na_gaeilge/2023-05-31/debate/mul@/main.xml
2023-05-31,seanad,debate,https://data.oireachtas.ie/akn/ie/debateRecord/seanad/2023-05-31/debate/main,https://data.oireachtas.ie/akn/ie/debateRecord/seanad/2023-05-31/debate/mul@/main.xml
2023-05-31,dail,debate,https://data.oireachtas.ie/akn/ie/debateRecord/joint_committee_on_enterprise_trade_and_employment/2023-05-31/debate/main,https://data.oireachtas.ie/akn/ie/debateRecord/joint_committee_on_enterprise_trade_and_employment/2023-05-31/debate/mul@/main.xml
2023-05-31,dail,debate,https://data.oireachtas.ie/akn/ie/debateRecord/committee_on_budgetary_oversight/2023-05-31/debate/main,https://data.oireachtas.ie/akn/ie/debateRecord/committee_on_budgetary_oversight/2023-05-31/debate/mul@/main.xml
2023-05-31,dail,debate,https://data.oireachtas.ie/akn/ie/debateRecord/joint_committee_on_european_union_affairs/2023-05-31/debate/main,https://data.oireachtas.ie/akn/ie/debateRecord/joint_committee_on_european_union_affairs/2023-05-31/debate/mul@/main.xml
2023-05-31,dail,debate,https://data.oireachtas.ie/akn/ie/debateRecord/joint_committee_on_finance_public_expenditure_and_reform_and_taoiseach/2023-05-31/debate/main,https://data.oireachtas.ie/akn/ie/debateRecord/joint_committee_on_finance_public_expenditure_and_reform_and_taoiseach/2023-05-31/debate/mul@/main.xml
2023-05-31,dail,debate,https://data.oireachtas.ie/akn/ie/debateRecord/joint_committee_on_health/2023-05-31/debate/main,https://data.oireachtas.ie/akn/ie/debateRecord/joint_committee_on_health/2023-05-31/debate/mul@/main.xml
2023-05-31,dail,debate,https://data.oireachtas.ie/akn/ie/debateRecord/joint_committee_on_social_protection_community_and_rural_development_and_the_islands/2023-05-31/debate/main,https://data.oireachtas.ie/akn/ie/debateRecord/joint_committee_on_social_protection_community_and_rural_development_and_the_islands/2023-05-31/debate/mul@/main.xml
2023-05-31,dail,debate,https://data.oireachtas.ie/akn/ie/debateRecord/joint_committee_on_transport_and_communications/2023-05-31/debate/main,https://data.oireachtas.ie/akn/ie/debateRecord/joint_committee_on_transport_and_communications/2023-05-31/debate/mul@/main.xml
2023-05-31,dail,debate,https://data.oireachtas.ie/akn/ie/debateRecord/joint_committee_on_tourism_culture_arts_sport_and_media/2023-05-31/debate/main,https://data.oireachtas.ie/akn/ie/debateRecord/joint_committee_on_tourism_culture_arts_sport_and_media/2023-05-31/debate/mul@/main.xml
2023-05-31,dail,debate,https://data.oireachtas.ie/akn/ie/debateRecord/dail/2023-05-31/debate/main,https://data.oireachtas.ie/akn/ie/debateRecord/dail/2023-05-31/debate/mul@/main.xml
2023-05-30,seanad,debate,https://data.oireachtas.ie/akn/ie/debateRecord/seanad/2023-05-30/debate/main,https://data.oireachtas.ie/akn/ie/debateRecord/seanad/2023-05-30/debate/mul@/main.xml
2023-05-30,dail,debate,https://data.oireachtas.ie/akn/ie/debateRecord/joint_committee_on_autism/2023-05-30/debate/main,https://data.oireachtas.ie/akn/ie/debateRecord/joint_committee_on_autism/2023-05-30/debate/mul@/main.xml
2023-05-30,dail,debate,https://data.oireachtas.ie/akn/ie/debateRecord/joint_committee_on_environment_and_climate_action/2023-05-30/debate/main,https://data.oireachtas.ie/akn/ie/debateRecord/joint_committee_on_environment_and_climate_action/2023-05-30/debate/mul@/main.xml
2023-05-30,dail,debate,https://data.oireachtas.ie/akn/ie/debateRecord/joint_committee_on_children_equality_disability_integration_and_youth/2023-05-30/debate/main,https://data.oireachtas.ie/akn/ie/debateRecord/joint_committee_on_children_equality_disability_integration_and_youth/2023-05-30/debate/mul@/main.xml
2023-05-30,dail,debate,https://data.oireachtas.ie/akn/ie/debateRecord/joint_committee_on_education_further_and_higher_education_research_innovation_and_science/2023-05-30/debate/main,https://data.oireachtas.ie/akn/ie/debateRecord/joint_committee_on_education_further_and_higher_education_research_innovation_and_science/2023-05-30/debate/mul@/main.xml
2023-05-30,dail,debate,https://data.oireachtas.ie/akn/ie/debateRecord/joint_committee_on_foreign_affairs_and_defence/2023-05-30/debate/main,https://data.oireachtas.ie/akn/ie/debateRecord/joint_committee_on_foreign_affairs_and_defence/2023-05-30/debate/mul@/main.xml
2023-05-30,dail,debate,https://data.oireachtas.ie/akn/ie/debateRecord/joint_committee_on_housing_local_government_and_heritage/2023-05-30/debate/main,https://data.oireachtas.ie/akn/ie/debateRecord/joint_committee_on_housing_local_government_and_heritage/2023-05-30/debate/mul@/main.xml
2023-05-30,dail,debate,https://data.oireachtas.ie/akn/ie/debateRecord/dail/2023-05-30/debate/main,https://data.oireachtas.ie/akn/ie/debateRecord/dail/2023-05-30/debate/mul@/main.xml
2023-05-25,seanad,debate,https://data.oireachtas.ie/akn/ie/debateRecord/seanad/2023-05-25/debate/main,https://data.oireachtas.ie/akn/ie/debateRecord/seanad/2023-05-25/debate/mul@/main.xml
2023-05-25,dail,debate,https://data.oireachtas.ie/akn/ie/debateRecord/committee_of_public_accounts/2023-05-25/debate/main,https://data.oireachtas.ie/akn/ie/debateRecord/committee_of_public_accounts/2023-05-25/debate/mul@/main.xml
2023-05-25,dail,debate,https://data.oireachtas.ie/akn/ie/debateRecord/joint_committee_on_disability_matters/2023-05-25/debate/main,https://data.oireachtas.ie/akn/ie/debateRecord/joint_committee_on_disability_matters/2023-05-25/debate/mul@/main.xml
2023-05-25,dail,debate,https://data.oireachtas.ie/akn/ie/debateRecord/joint_committee_on_the_implementation_of_the_good_friday_agreement/2023-05-25/debate/main,https://data.oireachtas.ie/akn/ie/debateRecord/joint_committee_on_the_implementation_of_the_good_friday_agreement/2023-05-25/debate/mul@/main.xml
2023-05-25,dail,debate,https://data.oireachtas.ie/akn/ie/debateRecord/joint_committee_on_housing_local_government_and_heritage/2023-05-25/debate/main,https://data.oireachtas.ie/akn/ie/debateRecord/joint_committee_on_housing_local_government_and_heritage/2023-05-25/debate/mul@/main.xml
2023-05-25,dail,debate,https://data.oireachtas.ie/akn/ie/debateRecord/dail/2023-05-25/debate/main,https://data.oireachtas.ie/akn/ie/debateRecord/dail/2023-05-25/debate/mul@/main.xml
2023-05-24,seanad,debate,https://data.oireachtas.ie/akn/ie/debateRecord/seanad/2023-05-24/debate/main,https://data.oireachtas.ie/akn/ie/debateRecord/seanad/2023-05-24/debate/mul@/main.xml
2023-05-24,dail,debate,https://data.oireachtas.ie/akn/ie/debateRecord/committee_on_budgetary_oversight/2023-05-24/debate/main,https://data.oireachtas.ie/akn/ie/debateRecord/committee_on_budgetary_oversight/2023-05-24/debate/mul@/main.xml
2023-05-24,dail,debate,https://data.oireachtas.ie/akn/ie/debateRecord/joint_committee_on_social_protection_community_and_rural_development_and_the_islands/2023-05-24/debate/main,https://data.oireachtas.ie/akn/ie/debateRecord/joint_committee_on_social_protection_community_and_rural_development_and_the_islands/2023-05-24/debate/mul@/main.xml
2023-05-24,dail,debate,https://data.oireachtas.ie/akn/ie/debateRecord/joint_committee_on_agriculture_food_and_the_marine/2023-05-24/debate/main,https://data.oireachtas.ie/akn/ie/debateRecord/joint_committee_on_agriculture_food_and_the_marine/2023-05-24/debate/mul@/main.xml
2023-05-24,dail,debate,https://data.oireachtas.ie/akn/ie/debateRecord/joint_committee_on_enterprise_trade_and_employment/2023-05-24/debate/main,https://data.oireachtas.ie/akn/ie/debateRecord/joint_committee_on_enterprise_trade_and_employment/2023-05-24/debate/mul@/main.xml
2023-05-24,dail,debate,https://data.oireachtas.ie/akn/ie/debateRecord/joint_committee_on_european_union_affairs/2023-05-24/debate/main,https://data.oireachtas.ie/akn/ie/debateRecord/joint_committee_on_european_union_affairs/2023-05-24/debate/mul@/main.xml
2023-05-24,dail,debate,https://data.oireachtas.ie/akn/ie/debateRecord/joint_committee_on_health/2023-05-24/debate/main,https://data.oireachtas.ie/akn/ie/debateRecord/joint_committee_on_health/2023-05-24/debate/mul@/main.xml
2023-05-24,dail,debate,https://data.oireachtas.ie/akn/ie/debateRecord/joint_committee_on_tourism_culture_arts_sport_and_media/2023-05-24/debate/main,https://data.oireachtas.ie/akn/ie/debateRecord/joint_committee_on_tourism_culture_arts_sport_and_media/2023-05-24/debate/mul@/main.xml
2023-05-24,dail,debate,https://data.oireachtas.ie/akn/ie/debateRecord/joint_committee_on_finance_public_expenditure_and_reform_and_taoiseach/2023-05-24/debate/main,https://data.oireachtas.ie/akn/ie/debateRecord/joint_committee_on_finance_public_expenditure_and_reform_and_taoiseach/2023-05-24/debate/mul@/main.xml
2023-05-24,dail,debate,https://data.oireachtas.ie/akn/ie/debateRecord/dail/2023-05-24/debate/main,https://data.oireachtas.ie/akn/ie/debateRecord/dail/2023-05-24/debate/mul@/main.xml
2023-05-23,seanad,debate,https://data.oireachtas.ie/akn/ie/debateRecord/seanad/2023-05-23/debate/main,https://data.oireachtas.ie/akn/ie/debateRecord/seanad/2023-05-23/debate/mul@/main.xml
2023-05-23,dail,debate,https://data.oireachtas.ie/akn/ie/debateRecord/joint_committee_on_autism/2023-05-23/debate/main,https://data.oireachtas.ie/akn/ie/debateRecord/joint_committee_on_autism/2023-05-23/debate/mul@/main.xml
2023-05-23,dail,debate,https://data.oireachtas.ie/akn/ie/debateRecord/joint_committee_on_housing_local_government_and_heritage/2023-05-23/debate/main,https://data.oireachtas.ie/akn/ie/debateRecord/joint_committee_on_housing_local_government_and_heritage/2023-05-23/debate/mul@/main.xml
2023-05-23,dail,debate,https://data.oireachtas.ie/akn/ie/debateRecord/joint_committee_on_children_equality_disability_integration_and_youth/2023-05-23/debate/main,https://data.oireachtas.ie/akn/ie/debateRecord/joint_committee_on_children_equality_disability_integration_and_youth/2023-05-23/debate/mul@/main.xml
2023-05-23,dail,debate,https://data.oireachtas.ie/akn/ie/debateRecord/joint_committee_on_foreign_affairs_and_defence/2023-05-23/debate/main,https://data.oireachtas.ie/akn/ie/debateRecord/joint_committee_on_foreign_affairs_and_defence/2023-05-23/debate/mul@/main.xml
2023-05-23,dail,debate,https://data.oireachtas.ie/akn/ie/debateRecord/joint_committee_on_environment_and_climate_action/2023-05-23/debate/main,https://data.oireachtas.ie/akn/ie/debateRecord/joint_committee_on_environment_and_climate_action/2023-05-23/debate/mul@/main.xml
2023-05-23,dail,debate,https://data.oireachtas.ie/akn/ie/debateRecord/joint_committee_on_education_further_and_higher_education_research_innovation_and_science/2023-05-23/debate/main,https://data.oireachtas.ie/akn/ie/debateRecord/joint_committee_on_education_further_and_higher_education_research_innovation_and_science/2023-05-23/debate/mul@/main.xml
2023-05-23,dail,debate,https://data.oireachtas.ie/akn/ie/debateRecord/dail/2023-05-23/debate/main,https://data.oireachtas.ie/akn/ie/debateRecord/dail/2023-05-23/debate/mul@/main.xml
2023-05-18,seanad,debate,https://data.oireachtas.ie/akn/ie/debateRecord/seanad/2023-05-18/debate/main,https://data.oireachtas.ie/akn/ie/debateRecord/seanad/2023-05-18/debate/mul@/main.xml
2023-05-18,dail,debate,https://data.oireachtas.ie/akn/ie/debateRecord/committee_of_public_accounts/2023-05-18/debate/main,https://data.oireachtas.ie/akn/ie/debateRecord/committee_of_public_accounts/2023-05-18/debate/mul@/main.xml
2023-05-18,dail,debate,https://data.oireachtas.ie/akn/ie/debateRecord/joint_committee_on_disability_matters/2023-05-18/debate/main,https://data.oireachtas.ie/akn/ie/debateRecord/joint_committee_on_disability_matters/2023-05-18/debate/mul@/main.xml
2023-05-18,dail,debate,https://data.oireachtas.ie/akn/ie/debateRecord/dail/2023-05-18/debate/main,https://data.oireachtas.ie/akn/ie/debateRecord/dail/2023-05-18/debate/mul@/main.xml
2023-05-17,dail,debate,https://data.oireachtas.ie/akn/ie/debateRecord/comhchoiste_na_gaeilge_na_gaeltachta_agus_phobal_labhartha_na_gaeilge/2023-05-17/debate/main,https://data.oireachtas.ie/akn/ie/debateRecord/comhchoiste_na_gaeilge_na_gaeltachta_agus_phobal_labhartha_na_gaeilge/2023-05-17/debate/mul@/main.xml
2023-05-17,seanad,debate,https://data.oireachtas.ie/akn/ie/debateRecord/seanad/2023-05-17/debate/main,https://data.oireachtas.ie/akn/ie/debateRecord/seanad/2023-05-17/debate/mul@/main.xml
2023-05-17,dail,debate,https://data.oireachtas.ie/akn/ie/debateRecord/joint_committee_on_enterprise_trade_and_employment/2023-05-17/debate/main,https://data.oireachtas.ie/akn/ie/debateRecord/joint_committee_on_enterprise_trade_and_employment/2023-05-17/debate/mul@/main.xml
2023-05-17,dail,debate,https://data.oireachtas.ie/akn/ie/debateRecord/joint_committee_on_agriculture_food_and_the_marine/2023-05-17/debate/main,https://data.oireachtas.ie/akn/ie/debateRecord/joint_committee_on_agriculture_food_and_the_marine/2023-05-17/debate/mul@/main.xml
2023-05-17,dail,debate,https://data.oireachtas.ie/akn/ie/debateRecord/joint_committee_on_health/2023-05-17/debate/main,https://data.oireachtas.ie/akn/ie/debateRecord/joint_committee_on_health/2023-05-17/debate/mul@/main.xml
2023-05-17,dail,debate,https://data.oireachtas.ie/akn/ie/debateRecord/joint_committee_on_transport_and_communications/2023-05-17/debate/main,https://data.oireachtas.ie/akn/ie/debateRecord/joint_committee_on_transport_and_communications/2023-05-17/debate/mul@/main.xml
2023-05-17,dail,debate,https://data.oireachtas.ie/akn/ie/debateRecord/dail/2023-05-17/debate/main,https://data.oireachtas.ie/akn/ie/debateRecord/dail/2023-05-17/debate/mul@/main.xml
2023-05-16,seanad,debate,https://data.oireachtas.ie/akn/ie/debateRecord/seanad/2023-05-16/debate/main,https://data.oireachtas.ie/akn/ie/debateRecord/seanad/2023-05-16/debate/mul@/main.xml
2023-05-16,dail,debate,https://data.oireachtas.ie/akn/ie/debateRecord/joint_committee_on_autism/2023-05-16/debate/main,https://data.oireachtas.ie/akn/ie/debateRecord/joint_committee_on_autism/2023-05-16/debate/mul@/main.xml
2023-05-16,dail,debate,https://data.oireachtas.ie/akn/ie/debateRecord/joint_committee_on_environment_and_climate_action/2023-05-16/debate/main,https://data.oireachtas.ie/akn/ie/debateRecord/joint_committee_on_environment_and_climate_action/2023-05-16/debate/mul@/main.xml
2023-05-16,dail,debate,https://data.oireachtas.ie/akn/ie/debateRecord/joint_committee_on_children_equality_disability_integration_and_youth/2023-05-16/debate/main,https://data.oireachtas.ie/akn/ie/debateRecord/joint_committee_on_children_equality_disability_integration_and_youth/2023-05-16/debate/mul@/main.xml
2023-05-16,dail,debate,https://data.oireachtas.ie/akn/ie/debateRecord/joint_committee_on_education_further_and_higher_education_research_innovation_and_science/2023-05-16/debate/main,https://data.oireachtas.ie/akn/ie/debateRecord/joint_committee_on_education_further_and_higher_education_research_innovation_and_science/2023-05-16/debate/mul@/main.xml
2023-05-16,dail,debate,https://data.oireachtas.ie/akn/ie/debateRecord/joint_committee_on_foreign_affairs_and_defence/2023-05-16/debate/main,https://data.oireachtas.ie/akn/ie/debateRecord/joint_committee_on_foreign_affairs_and_defence/2023-05-16/debate/mul@/main.xml
2023-05-16,dail,debate,https://data.oireachtas.ie/akn/ie/debateRecord/joint_committee_on_housing_local_government_and_heritage/2023-05-16/debate/main,https://data.oireachtas.ie/akn/ie/debateRecord/joint_committee_on_housing_local_government_and_heritage/2023-05-16/debate/mul@/main.xml
2023-05-16,dail,debate,https://data.oireachtas.ie/akn/ie/debateRecord/dail/2023-05-16/debate/main,https://data.oireachtas.ie/akn/ie/debateRecord/dail/2023-05-16/debate/mul@/main.xml
2023-05-11,seanad,debate,https://data.oireachtas.ie/akn/ie/debateRecord/seanad/2023-05-11/debate/main,https://data.oireachtas.ie/akn/ie/debateRecord/seanad/2023-05-11/debate/mul@/main.xml
2023-05-11,dail,debate,https://data.oireachtas.ie/akn/ie/debateRecord/committee_of_public_accounts/2023-05-11/debate/main,https://data.oireachtas.ie/akn/ie/debateRecord/committee_of_public_accounts/2023-05-11/debate/mul@/main.xml
2023-05-11,dail,debate,https://data.oireachtas.ie/akn/ie/debateRecord/joint_committee_on_disability_matters/2023-05-11/debate/main,https://data.oireachtas.ie/akn/ie/debateRecord/joint_committee_on_disability_matters/2023-05-11/debate/mul@/main.xml
2023-05-11,dail,debate,https://data.oireachtas.ie/akn/ie/debateRecord/joint_committee_on_the_implementation_of_the_good_friday_agreement/2023-05-11/debate/main,https://data.oireachtas.ie/akn/ie/debateRecord/joint_committee_on_the_implementation_of_the_good_friday_agreement/2023-05-11/debate/mul@/main.xml
2023-05-11,dail,debate,https://data.oireachtas.ie/akn/ie/debateRecord/joint_committee_on_housing_local_government_and_heritage/2023-05-11/debate/main,https://data.oireachtas.ie/akn/ie/debateRecord/joint_committee_on_housing_local_government_and_heritage/2023-05-11/debate/mul@/main.xml
2023-05-11,dail,debate,https://data.oireachtas.ie/akn/ie/debateRecord/dail/2023-05-11/debate/main,https://data.oireachtas.ie/akn/ie/debateRecord/dail/2023-05-11/debate/mul@/main.xml
2023-05-10,dail,debate,https://data.oireachtas.ie/akn/ie/debateRecord/comhchoiste_na_gaeilge_na_gaeltachta_agus_phobal_labhartha_na_gaeilge/2023-05-10/debate/main,https://data.oireachtas.ie/akn/ie/debateRecord/comhchoiste_na_gaeilge_na_gaeltachta_agus_phobal_labhartha_na_gaeilge/2023-05-10/debate/mul@/main.xml
2023-05-10,seanad,debate,https://data.oireachtas.ie/akn/ie/debateRecord/seanad/2023-05-10/debate/main,https://data.oireachtas.ie/akn/ie/debateRecord/seanad/2023-05-10/debate/mul@/main.xml
2023-05-10,dail,debate,https://data.oireachtas.ie/akn/ie/debateRecord/joint_committee_on_agriculture_food_and_the_marine/2023-05-10/debate/main,https://data.oireachtas.ie/akn/ie/debateRecord/joint_committee_on_agriculture_food_and_the_marine/2023-05-10/debate/mul@/main.xml
2023-05-10,dail,debate,https://data.oireachtas.ie/akn/ie/debateRecord/joint_committee_on_enterprise_trade_and_employment/2023-05-10/debate/main,https://data.oireachtas.ie/akn/ie/debateRecord/joint_committee_on_enterprise_trade_and_employment/2023-05-10/debate/mul@/main.xml
2023-05-10,dail,debate,https://data.oireachtas.ie/akn/ie/debateRecord/committee_on_budgetary_oversight/2023-05-10/debate/main,https://data.oireachtas.ie/akn/ie/debateRecord/committee_on_budgetary_oversight/2023-05-10/debate/mul@/main.xml
2023-05-10,dail,debate,https://data.oireachtas.ie/akn/ie/debateRecord/joint_committee_on_european_union_affairs/2023-05-10/debate/main,https://data.oireachtas.ie/akn/ie/debateRecord/joint_committee_on_european_union_affairs/2023-05-10/debate/mul@/main.xml
2023-05-10,dail,debate,https://data.oireachtas.ie/akn/ie/debateRecord/joint_committee_on_finance_public_expenditure_and_reform_and_taoiseach/2023-05-10/debate/main,https://data.oireachtas.ie/akn/ie/debateRecord/joint_committee_on_finance_public_expenditure_and_reform_and_taoiseach/2023-05-10/debate/mul@/main.xml
2023-05-10,dail,debate,https://data.oireachtas.ie/akn/ie/debateRecord/joint_committee_on_health/2023-05-10/debate/main,https://data.oireachtas.ie/akn/ie/debateRecord/joint_committee_on_health/2023-05-10/debate/mul@/main.xml
2023-05-10,dail,debate,https://data.oireachtas.ie/akn/ie/debateRecord/joint_committee_on_social_protection_community_and_rural_development_and_the_islands/2023-05-10/debate/main,https://data.oireachtas.ie/akn/ie/debateRecord/joint_committee_on_social_protection_community_and_rural_development_and_the_islands/2023-05-10/debate/mul@/main.xml
2023-05-10,dail,debate,https://data.oireachtas.ie/akn/ie/debateRecord/joint_committee_on_tourism_culture_arts_sport_and_media/2023-05-10/debate/main,https://data.oireachtas.ie/akn/ie/debateRecord/joint_committee_on_tourism_culture_arts_sport_and_media/2023-05-10/debate/mul@/main.xml
2023-05-10,dail,debate,https://data.oireachtas.ie/akn/ie/debateRecord/joint_committee_on_transport_and_communications/2023-05-10/debate/main,https://data.oireachtas.ie/akn/ie/debateRecord/joint_committee_on_transport_and_communications/2023-05-10/debate/mul@/main.xml
2023-05-10,dail,debate,https://data.oireachtas.ie/akn/ie/debateRecord/dail/2023-05-10/debate/main,https://data.oireachtas.ie/akn/ie/debateRecord/dail/2023-05-10/debate/mul@/main.xml
2023-05-09,seanad,debate,https://data.oireachtas.ie/akn/ie/debateRecord/seanad/2023-05-09/debate/main,https://data.oireachtas.ie/akn/ie/debateRecord/seanad/2023-05-09/debate/mul@/main.xml
2023-05-09,dail,debate,https://data.oireachtas.ie/akn/ie/debateRecord/joint_committee_on_environment_and_climate_action/2023-05-09/debate/main,https://data.oireachtas.ie/akn/ie/debateRecord/joint_committee_on_environment_and_climate_action/2023-05-09/debate/mul@/main.xml
2023-05-09,dail,debate,https://data.oireachtas.ie/akn/ie/debateRecord/joint_committee_on_children_equality_disability_integration_and_youth/2023-05-09/debate/main,https://data.oireachtas.ie/akn/ie/debateRecord/joint_committee_on_children_equality_disability_integration_and_youth/2023-05-09/debate/mul@/main.xml
2023-05-09,dail,debate,https://data.oireachtas.ie/akn/ie/debateRecord/joint_committee_on_education_further_and_higher_education_research_innovation_and_science/2023-05-09/debate/main,https://data.oireachtas.ie/akn/ie/debateRecord/joint_committee_on_education_further_and_higher_education_research_innovation_and_science/2023-05-09/debate/mul@/main.xml
2023-05-09,dail,debate,https://data.oireachtas.ie/akn/ie/debateRecord/joint_committee_on_foreign_affairs_and_defence/2023-05-09/debate/main,https://data.oireachtas.ie/akn/ie/debateRecord/joint_committee_on_foreign_affairs_and_defence/2023-05-09/debate/mul@/main.xml
2023-05-09,dail,debate,https://data.oireachtas.ie/akn/ie/debateRecord/joint_committee_on_housing_local_government_and_heritage/2023-05-09/debate/main,https://data.oireachtas.ie/akn/ie/debateRecord/joint_committee_on_housing_local_government_and_heritage/2023-05-09/debate/mul@/main.xml
2023-05-09,dail,debate,https://data.oireachtas.ie/akn/ie/debateRecord/select_committee_on_justice/2023-05-09/debate/main,https://data.oireachtas.ie/akn/ie/debateRecord/select_committee_on_justice/2023-05-09/debate/mul@/main.xml
2023-05-09,dail,debate,https://data.oireachtas.ie/akn/ie/debateRecord/joint_sub_committee_on_mental_health/2023-05-09/debate/main,https://data.oireachtas.ie/akn/ie/debateRecord/joint_sub_committee_on_mental_health/2023-05-09/debate/mul@/main.xml
2023-05-09,dail,debate,https://data.oireachtas.ie/akn/ie/debateRecord/dail/2023-05-09/debate/main,https://data.oireachtas.ie/akn/ie/debateRecord/dail/2023-05-09/debate/mul@/main.xml
2023-05-04,seanad,debate,https://data.oireachtas.ie/akn/ie/debateRecord/seanad/2023-05-04/debate/main,https://data.oireachtas.ie/akn/ie/debateRecord/seanad/2023-05-04/debate/mul@/main.xml
2023-05-04,dail,debate,https://data.oireachtas.ie/akn/ie/debateRecord/joint_committee_on_public_petitions_and_the_ombudsmen/2023-05-04/debate/main,https://data.oireachtas.ie/akn/ie/debateRecord/joint_committee_on_public_petitions_and_the_ombudsmen/2023-05-04/debate/mul@/main.xml
2023-05-04,dail,debate,https://data.oireachtas.ie/akn/ie/debateRecord/joint_committee_on_disability_matters/2023-05-04/debate/main,https://data.oireachtas.ie/akn/ie/debateRecord/joint_committee_on_disability_matters/2023-05-04/debate/mul@/main.xml
2023-05-04,dail,debate,https://data.oireachtas.ie/akn/ie/debateRecord/joint_committee_on_the_implementation_of_the_good_friday_agreement/2023-05-04/debate/main,https://data.oireachtas.ie/akn/ie/debateRecord/joint_committee_on_the_implementation_of_the_good_friday_agreement/2023-05-04/debate/mul@/main.xml
2023-05-04,dail,debate,https://data.oireachtas.ie/akn/ie/debateRecord/joint_committee_on_housing_local_government_and_heritage/2023-05-04/debate/main,https://data.oireachtas.ie/akn/ie/debateRecord/joint_committee_on_housing_local_government_and_heritage/2023-05-04/debate/mul@/main.xml
2023-05-04,dail,debate,https://data.oireachtas.ie/akn/ie/debateRecord/committee_of_public_accounts/2023-05-04/debate/main,https://data.oireachtas.ie/akn/ie/debateRecord/committee_of_public_accounts/2023-05-04/debate/mul@/main.xml
2023-05-04,dail,debate,https://data.oireachtas.ie/akn/ie/debateRecord/dail/2023-05-04/debate/main,https://data.oireachtas.ie/akn/ie/debateRecord/dail/2023-05-04/debate/mul@/main.xml
2023-05-03,dail,debate,https://data.oireachtas.ie/akn/ie/debateRecord/comhchoiste_na_gaeilge_na_gaeltachta_agus_phobal_labhartha_na_gaeilge/2023-05-03/debate/main,https://data.oireachtas.ie/akn/ie/debateRecord/comhchoiste_na_gaeilge_na_gaeltachta_agus_phobal_labhartha_na_gaeilge/2023-05-03/debate/mul@/main.xml
2023-05-03,seanad,debate,https://data.oireachtas.ie/akn/ie/debateRecord/seanad/2023-05-03/debate/main,https://data.oireachtas.ie/akn/ie/debateRecord/seanad/2023-05-03/debate/mul@/main.xml
2023-05-03,dail,debate,https://data.oireachtas.ie/akn/ie/debateRecord/joint_committee_on_agriculture_food_and_the_marine/2023-05-03/debate/main,https://data.oireachtas.ie/akn/ie/debateRecord/joint_committee_on_agriculture_food_and_the_marine/2023-05-03/debate/mul@/main.xml
2023-05-03,dail,debate,https://data.oireachtas.ie/akn/ie/debateRecord/joint_committee_on_enterprise_trade_and_employment/2023-05-03/debate/main,https://data.oireachtas.ie/akn/ie/debateRecord/joint_committee_on_enterprise_trade_and_employment/2023-05-03/debate/mul@/main.xml
2023-05-03,dail,debate,https://data.oireachtas.ie/akn/ie/debateRecord/select_committee_on_health/2023-05-03/debate/main,https://data.oireachtas.ie/akn/ie/debateRecord/select_committee_on_health/2023-05-03/debate/mul@/main.xml
2023-05-03,dail,debate,https://data.oireachtas.ie/akn/ie/debateRecord/joint_committee_on_social_protection_community_and_rural_development_and_the_islands/2023-05-03/debate/main,https://data.oireachtas.ie/akn/ie/debateRecord/joint_committee_on_social_protection_community_and_rural_development_and_the_islands/2023-05-03/debate/mul@/main.xml
2023-05-03,dail,debate,https://data.oireachtas.ie/akn/ie/debateRecord/joint_committee_on_finance_public_expenditure_and_reform_and_taoiseach/2023-05-03/debate/main,https://data.oireachtas.ie/akn/ie/debateRecord/joint_committee_on_finance_public_expenditure_and_reform_and_taoiseach/2023-05-03/debate/mul@/main.xml
2023-05-03,dail,debate,https://data.oireachtas.ie/akn/ie/debateRecord/joint_committee_on_tourism_culture_arts_sport_and_media/2023-05-03/debate/main,https://data.oireachtas.ie/akn/ie/debateRecord/joint_committee_on_tourism_culture_arts_sport_and_media/2023-05-03/debate/mul@/main.xml
2023-05-03,dail,debate,https://data.oireachtas.ie/akn/ie/debateRecord/dail/2023-05-03/debate/main,https://data.oireachtas.ie/akn/ie/debateRecord/dail/2023-05-03/debate/mul@/main.xml
2023-05-02,dail,debate,https://data.oireachtas.ie/akn/ie/debateRecord/joint_committee_on_housing_local_government_and_heritage/2023-05-02/debate/main,https://data.oireachtas.ie/akn/ie/debateRecord/joint_committee_on_housing_local_government_and_heritage/2023-05-02/debate/mul@/main.xml
2023-04-27,seanad,debate,https://data.oireachtas.ie/akn/ie/debateRecord/seanad/2023-04-27/debate/main,https://data.oireachtas.ie/akn/ie/debateRecord/seanad/2023-04-27/debate/mul@/main.xml
2023-04-27,dail,debate,https://data.oireachtas.ie/akn/ie/debateRecord/committee_of_public_accounts/2023-04-27/debate/main,https://data.oireachtas.ie/akn/ie/debateRecord/committee_of_public_accounts/2023-04-27/debate/mul@/main.xml
2023-04-27,dail,debate,https://data.oireachtas.ie/akn/ie/debateRecord/joint_committee_on_disability_matters/2023-04-27/debate/main,https://data.oireachtas.ie/akn/ie/debateRecord/joint_committee_on_disability_matters/2023-04-27/debate/mul@/main.xml
2023-04-27,dail,debate,https://data.oireachtas.ie/akn/ie/debateRecord/joint_committee_on_the_implementation_of_the_good_friday_agreement/2023-04-27/debate/main,https://data.oireachtas.ie/akn/ie/debateRecord/joint_committee_on_the_implementation_of_the_good_friday_agreement/2023-04-27/debate/mul@/main.xml
2023-04-27,dail,debate,https://data.oireachtas.ie/akn/ie/debateRecord/dail/2023-04-27/debate/main,https://data.oireachtas.ie/akn/ie/debateRecord/dail/2023-04-27/debate/mul@/main.xml
2023-04-26,seanad,debate,https://data.oireachtas.ie/akn/ie/debateRecord/seanad/2023-04-26/debate/main,https://data.oireachtas.ie/akn/ie/debateRecord/seanad/2023-04-26/debate/mul@/main.xml
2023-04-26,dail,debate,https://data.oireachtas.ie/akn/ie/debateRecord/joint_committee_on_social_protection_community_and_rural_development_and_the_islands/2023-04-26/debate/main,https://data.oireachtas.ie/akn/ie/debateRecord/joint_committee_on_social_protection_community_and_rural_development_and_the_islands/2023-04-26/debate/mul@/main.xml
2023-04-26,dail,debate,https://data.oireachtas.ie/akn/ie/debateRecord/joint_committee_on_enterprise_trade_and_employment/2023-04-26/debate/main,https://data.oireachtas.ie/akn/ie/debateRecord/joint_committee_on_enterprise_trade_and_employment/2023-04-26/debate/mul@/main.xml
2023-04-26,dail,debate,https://data.oireachtas.ie/akn/ie/debateRecord/joint_committee_on_agriculture_food_and_the_marine/2023-04-26/debate/main,https://data.oireachtas.ie/akn/ie/debateRecord/joint_committee_on_agriculture_food_and_the_marine/2023-04-26/debate/mul@/main.xml
2023-04-26,dail,debate,https://data.oireachtas.ie/akn/ie/debateRecord/committee_on_budgetary_oversight/2023-04-26/debate/main,https://data.oireachtas.ie/akn/ie/debateRecord/committee_on_budgetary_oversight/2023-04-26/debate/mul@/main.xml
2023-04-26,dail,debate,https://data.oireachtas.ie/akn/ie/debateRecord/select_committee_on_children_equality_disability_integration_and_youth/2023-04-26/debate/main,https://data.oireachtas.ie/akn/ie/debateRecord/select_committee_on_children_equality_disability_integration_and_youth/2023-04-26/debate/mul@/main.xml
2023-04-26,dail,debate,https://data.oireachtas.ie/akn/ie/debateRecord/joint_committee_on_transport_and_communications/2023-04-26/debate/main,https://data.oireachtas.ie/akn/ie/debateRecord/joint_committee_on_transport_and_communications/2023-04-26/debate/mul@/main.xml
2023-04-26,dail,debate,https://data.oireachtas.ie/akn/ie/debateRecord/dail/2023-04-26/debate/main,https://data.oireachtas.ie/akn/ie/debateRecord/dail/2023-04-26/debate/mul@/main.xml
2023-04-26,dail,debate,https://data.oireachtas.ie/akn/ie/debateRecord/joint_committee_on_health/2023-04-26/debate/main,https://data.oireachtas.ie/akn/ie/debateRecord/joint_committee_on_health/2023-04-26/debate/mul@/main.xml
2023-04-25,dail,debate,https://data.oireachtas.ie/akn/ie/debateRecord/joint_committee_on_autism/2023-04-25/debate/main,https://data.oireachtas.ie/akn/ie/debateRecord/joint_committee_on_autism/2023-04-25/debate/mul@/main.xml
2023-04-25,dail,debate,https://data.oireachtas.ie/akn/ie/debateRecord/joint_committee_on_children_equality_disability_integration_and_youth/2023-04-25/debate/main,https://data.oireachtas.ie/akn/ie/debateRecord/joint_committee_on_children_equality_disability_integration_and_youth/2023-04-25/debate/mul@/main.xml
2023-04-25,dail,debate,https://data.oireachtas.ie/akn/ie/debateRecord/joint_committee_on_education_further_and_higher_education_research_innovation_and_science/2023-04-25/debate/main,https://data.oireachtas.ie/akn/ie/debateRecord/joint_committee_on_education_further_and_higher_education_research_innovation_and_science/2023-04-25/debate/mul@/main.xml
2023-04-25,dail,debate,https://data.oireachtas.ie/akn/ie/debateRecord/joint_committee_on_european_union_affairs/2023-04-25/debate/main,https://data.oireachtas.ie/akn/ie/debateRecord/joint_committee_on_european_union_affairs/2023-04-25/debate/mul@/main.xml
2023-04-25,dail,debate,https://data.oireachtas.ie/akn/ie/debateRecord/joint_committee_on_housing_local_government_and_heritage/2023-04-25/debate/main,https://data.oireachtas.ie/akn/ie/debateRecord/joint_committee_on_housing_local_government_and_heritage/2023-04-25/debate/mul@/main.xml
2023-04-25,dail,debate,https://data.oireachtas.ie/akn/ie/debateRecord/dail/2023-04-25/debate/main,https://data.oireachtas.ie/akn/ie/debateRecord/dail/2023-04-25/debate/mul@/main.xml
2023-04-25,seanad,debate,https://data.oireachtas.ie/akn/ie/debateRecord/seanad/2023-04-25/debate/main,https://data.oireachtas.ie/akn/ie/debateRecord/seanad/2023-04-25/debate/mul@/main.xml
2023-04-20,dail,debate,https://data.oireachtas.ie/akn/ie/debateRecord/comhchoiste_na_gaeilge_na_gaeltachta_agus_phobal_labhartha_na_gaeilge/2023-04-20/debate/main,https://data.oireachtas.ie/akn/ie/debateRecord/comhchoiste_na_gaeilge_na_gaeltachta_agus_phobal_labhartha_na_gaeilge/2023-04-20/debate/mul@/main.xml
2023-04-20,seanad,debate,https://data.oireachtas.ie/akn/ie/debateRecord/seanad/2023-04-20/debate/main,https://data.oireachtas.ie/akn/ie/debateRecord/seanad/2023-04-20/debate/mul@/main.xml
2023-04-20,dail,debate,https://data.oireachtas.ie/akn/ie/debateRecord/joint_committee_on_public_petitions_and_the_ombudsmen/2023-04-20/debate/main,https://data.oireachtas.ie/akn/ie/debateRecord/joint_committee_on_public_petitions_and_the_ombudsmen/2023-04-20/debate/mul@/main.xml
2023-04-20,dail,debate,https://data.oireachtas.ie/akn/ie/debateRecord/joint_committee_on_disability_matters/2023-04-20/debate/main,https://data.oireachtas.ie/akn/ie/debateRecord/joint_committee_on_disability_matters/2023-04-20/debate/mul@/main.xml
2023-04-20,dail,debate,https://data.oireachtas.ie/akn/ie/debateRecord/joint_committee_on_the_implementation_of_the_good_friday_agreement/2023-04-20/debate/main,https://data.oireachtas.ie/akn/ie/debateRecord/joint_committee_on_the_implementation_of_the_good_friday_agreement/2023-04-20/debate/mul@/main.xml
2023-04-20,dail,debate,https://data.oireachtas.ie/akn/ie/debateRecord/dail/2023-04-20/debate/main,https://data.oireachtas.ie/akn/ie/debateRecord/dail/2023-04-20/debate/mul@/main.xml
2023-04-20,dail,debate,https://data.oireachtas.ie/akn/ie/debateRecord/committee_of_public_accounts/2023-04-20/debate/main,https://data.oireachtas.ie/akn/ie/debateRecord/committee_of_public_accounts/2023-04-20/debate/mul@/main.xml
2023-04-19,seanad,debate,https://data.oireachtas.ie/akn/ie/debateRecord/seanad/2023-04-19/debate/main,https://data.oireachtas.ie/akn/ie/debateRecord/seanad/2023-04-19/debate/mul@/main.xml
2023-04-19,dail,debate,https://data.oireachtas.ie/akn/ie/debateRecord/seanad_select_committee_on_scrutiny_of_draft_eu_related_statutory_instruments/2023-04-19/debate/main,https://data.oireachtas.ie/akn/ie/debateRecord/seanad_select_committee_on_scrutiny_of_draft_eu_related_statutory_instruments/2023-04-19/debate/mul@/main.xml
2023-04-19,dail,debate,https://data.oireachtas.ie/akn/ie/debateRecord/joint_committee_on_agriculture_food_and_the_marine/2023-04-19/debate/main,https://data.oireachtas.ie/akn/ie/debateRecord/joint_committee_on_agriculture_food_and_the_marine/2023-04-19/debate/mul@/main.xml
2023-04-19,dail,debate,https://data.oireachtas.ie/akn/ie/debateRecord/committee_on_budgetary_oversight/2023-04-19/debate/main,https://data.oireachtas.ie/akn/ie/debateRecord/committee_on_budgetary_oversight/2023-04-19/debate/mul@/main.xml
2023-04-19,dail,debate,https://data.oireachtas.ie/akn/ie/debateRecord/joint_committee_on_finance_public_expenditure_and_reform_and_taoiseach/2023-04-19/debate/main,https://data.oireachtas.ie/akn/ie/debateRecord/joint_committee_on_finance_public_expenditure_and_reform_and_taoiseach/2023-04-19/debate/mul@/main.xml
2023-04-19,dail,debate,https://data.oireachtas.ie/akn/ie/debateRecord/select_committee_on_health/2023-04-19/debate/main,https://data.oireachtas.ie/akn/ie/debateRecord/select_committee_on_health/2023-04-19/debate/mul@/main.xml
2023-04-19,dail,debate,https://data.oireachtas.ie/akn/ie/debateRecord/joint_committee_on_transport_and_communications/2023-04-19/debate/main,https://data.oireachtas.ie/akn/ie/debateRecord/joint_committee_on_transport_and_communications/2023-04-19/debate/mul@/main.xml
2023-04-19,dail,debate,https://data.oireachtas.ie/akn/ie/debateRecord/joint_committee_on_social_protection_community_and_rural_development_and_the_islands/2023-04-19/debate/main,https://data.oireachtas.ie/akn/ie/debateRecord/joint_committee_on_social_protection_community_and_rural_development_and_the_islands/2023-04-19/debate/mul@/main.xml
2023-04-19,dail,debate,https://data.oireachtas.ie/akn/ie/debateRecord/dail/2023-04-19/debate/main,https://data.oireachtas.ie/akn/ie/debateRecord/dail/2023-04-19/debate/mul@/main.xml
2023-04-19,dail,debate,https://data.oireachtas.ie/akn/ie/debateRecord/joint_committee_on_enterprise_trade_and_employment/2023-04-19/debate/main,https://data.oireachtas.ie/akn/ie/debateRecord/joint_committee_on_enterprise_trade_and_employment/2023-04-19/debate/mul@/main.xml
2023-04-19,dail,debate,https://data.oireachtas.ie/akn/ie/debateRecord/joint_committee_on_tourism_culture_arts_sport_and_media/2023-04-19/debate/main,https://data.oireachtas.ie/akn/ie/debateRecord/joint_committee_on_tourism_culture_arts_sport_and_media/2023-04-19/debate/mul@/main.xml
2023-04-18,seanad,debate,https://data.oireachtas.ie/akn/ie/debateRecord/seanad/2023-04-18/debate/main,https://data.oireachtas.ie/akn/ie/debateRecord/seanad/2023-04-18/debate/mul@/main.xml
2023-04-18,dail,debate,https://data.oireachtas.ie/akn/ie/debateRecord/joint_committee_on_children_equality_disability_integration_and_youth/2023-04-18/debate/main,https://data.oireachtas.ie/akn/ie/debateRecord/joint_committee_on_children_equality_disability_integration_and_youth/2023-04-18/debate/mul@/main.xml
2023-04-18,dail,debate,https://data.oireachtas.ie/akn/ie/debateRecord/joint_committee_on_autism/2023-04-18/debate/main,https://data.oireachtas.ie/akn/ie/debateRecord/joint_committee_on_autism/2023-04-18/debate/mul@/main.xml
2023-04-18,dail,debate,https://data.oireachtas.ie/akn/ie/debateRecord/joint_committee_on_environment_and_climate_action/2023-04-18/debate/main,https://data.oireachtas.ie/akn/ie/debateRecord/joint_committee_on_environment_and_climate_action/2023-04-18/debate/mul@/main.xml
2023-04-18,dail,debate,https://data.oireachtas.ie/akn/ie/debateRecord/joint_committee_on_education_further_and_higher_education_research_innovation_and_science/2023-04-18/debate/main,https://data.oireachtas.ie/akn/ie/debateRecord/joint_committee_on_education_further_and_higher_education_research_innovation_and_science/2023-04-18/debate/mul@/main.xml
2023-04-18,dail,debate,https://data.oireachtas.ie/akn/ie/debateRecord/joint_committee_on_housing_local_government_and_heritage/2023-04-18/debate/main,https://data.oireachtas.ie/akn/ie/debateRecord/joint_committee_on_housing_local_government_and_heritage/2023-04-18/debate/mul@/main.xml
2023-04-18,dail,debate,https://data.oireachtas.ie/akn/ie/debateRecord/joint_committee_on_foreign_affairs_and_defence/2023-04-18/debate/main,https://data.oireachtas.ie/akn/ie/debateRecord/joint_committee_on_foreign_affairs_and_defence/2023-04-18/debate/mul@/main.xml
2023-04-18,dail,debate,https://data.oireachtas.ie/akn/ie/debateRecord/dail/2023-04-18/debate/main,https://data.oireachtas.ie/akn/ie/debateRecord/dail/2023-04-18/debate/mul@/main.xml
2023-04-18,dail,debate,https://data.oireachtas.ie/akn/ie/debateRecord/joint_sub_committee_on_mental_health/2023-04-18/debate/main,https://data.oireachtas.ie/akn/ie/debateRecord/joint_sub_committee_on_mental_health/2023-04-18/debate/mul@/main.xml
2023-04-18,dail,debate,https://data.oireachtas.ie/akn/ie/debateRecord/joint_committee_on_justice/2023-04-18/debate/main,https://data.oireachtas.ie/akn/ie/debateRecord/joint_committee_on_justice/2023-04-18/debate/mul@/main.xml
2023-04-13,seanad,debate,https://data.oireachtas.ie/akn/ie/debateRecord/seanad/2023-04-13/debate/main,https://data.oireachtas.ie/akn/ie/debateRecord/seanad/2023-04-13/debate/mul@/main.xml
2023-04-13,dail,debate,https://data.oireachtas.ie/akn/ie/debateRecord/dail/2023-04-13/debate/main,https://data.oireachtas.ie/akn/ie/debateRecord/dail/2023-04-13/debate/mul@/main.xml
2023-03-30,seanad,debate,https://data.oireachtas.ie/akn/ie/debateRecord/seanad/2023-03-30/debate/main,https://data.oireachtas.ie/akn/ie/debateRecord/seanad/2023-03-30/debate/mul@/main.xml
2023-03-30,dail,debate,https://data.oireachtas.ie/akn/ie/debateRecord/committee_on_public_petitions/2023-03-30/debate/main,https://data.oireachtas.ie/akn/ie/debateRecord/committee_on_public_petitions/2023-03-30/debate/mul@/main.xml
2023-03-30,dail,debate,https://data.oireachtas.ie/akn/ie/debateRecord/joint_committee_on_disability_matters/2023-03-30/debate/main,https://data.oireachtas.ie/akn/ie/debateRecord/joint_committee_on_disability_matters/2023-03-30/debate/mul@/main.xml
2023-03-30,dail,debate,https://data.oireachtas.ie/akn/ie/debateRecord/committee_of_public_accounts/2023-03-30/debate/main,https://data.oireachtas.ie/akn/ie/debateRecord/committee_of_public_accounts/2023-03-30/debate/mul@/main.xml
2023-03-30,dail,debate,https://data.oireachtas.ie/akn/ie/debateRecord/dail/2023-03-30/debate/main,https://data.oireachtas.ie/akn/ie/debateRecord/dail/2023-03-30/debate/mul@/main.xml
2023-03-29,seanad,debate,https://data.oireachtas.ie/akn/ie/debateRecord/seanad/2023-03-29/debate/main,https://data.oireachtas.ie/akn/ie/debateRecord/seanad/2023-03-29/debate/mul@/main.xml
2023-03-29,dail,debate,https://data.oireachtas.ie/akn/ie/debateRecord/select_committee_on_finance_public_expenditure_and_reform_and_taoiseach/2023-03-29/debate/main,https://data.oireachtas.ie/akn/ie/debateRecord/select_committee_on_finance_public_expenditure_and_reform_and_taoiseach/2023-03-29/debate/mul@/main.xml
2023-03-29,dail,debate,https://data.oireachtas.ie/akn/ie/debateRecord/select_committee_on_agriculture_food_and_the_marine/2023-03-29/debate/main,https://data.oireachtas.ie/akn/ie/debateRecord/select_committee_on_agriculture_food_and_the_marine/2023-03-29/debate/mul@/main.xml
2023-03-29,dail,debate,https://data.oireachtas.ie/akn/ie/debateRecord/comhchoiste_na_gaeilge_na_gaeltachta_agus_phobal_labhartha_na_gaeilge/2023-03-29/debate/main,https://data.oireachtas.ie/akn/ie/debateRecord/comhchoiste_na_gaeilge_na_gaeltachta_agus_phobal_labhartha_na_gaeilge/2023-03-29/debate/mul@/main.xml
2023-03-29,dail,debate,https://data.oireachtas.ie/akn/ie/debateRecord/joint_committee_on_european_union_affairs/2023-03-29/debate/main,https://data.oireachtas.ie/akn/ie/debateRecord/joint_committee_on_european_union_affairs/2023-03-29/debate/mul@/main.xml
2023-03-29,dail,debate,https://data.oireachtas.ie/akn/ie/debateRecord/joint_committee_on_health/2023-03-29/debate/main,https://data.oireachtas.ie/akn/ie/debateRecord/joint_committee_on_health/2023-03-29/debate/mul@/main.xml
2023-03-29,dail,debate,https://data.oireachtas.ie/akn/ie/debateRecord/joint_committee_on_tourism_culture_arts_sport_and_media/2023-03-29/debate/main,https://data.oireachtas.ie/akn/ie/debateRecord/joint_committee_on_tourism_culture_arts_sport_and_media/2023-03-29/debate/mul@/main.xml
2023-03-29,dail,debate,https://data.oireachtas.ie/akn/ie/debateRecord/dail/2023-03-29/debate/main,https://data.oireachtas.ie/akn/ie/debateRecord/dail/2023-03-29/debate/mul@/main.xml
2023-03-28,dail,debate,https://data.oireachtas.ie/akn/ie/debateRecord/dail/2023-03-28/debate/main,https://data.oireachtas.ie/akn/ie/debateRecord/dail/2023-03-28/debate/mul@/main.xml
2023-03-28,seanad,debate,https://data.oireachtas.ie/akn/ie/debateRecord/seanad/2023-03-28/debate/main,https://data.oireachtas.ie/akn/ie/debateRecord/seanad/2023-03-28/debate/mul@/main.xml
2023-03-28,dail,debate,https://data.oireachtas.ie/akn/ie/debateRecord/joint_committee_on_children_equality_disability_integration_and_youth/2023-03-28/debate/main,https://data.oireachtas.ie/akn/ie/debateRecord/joint_committee_on_children_equality_disability_integration_and_youth/2023-03-28/debate/mul@/main.xml
2023-03-28,dail,debate,https://data.oireachtas.ie/akn/ie/debateRecord/joint_committee_on_education_further_and_higher_education_research_innovation_and_science/2023-03-28/debate/main,https://data.oireachtas.ie/akn/ie/debateRecord/joint_committee_on_education_further_and_higher_education_research_innovation_and_science/2023-03-28/debate/mul@/main.xml
2023-03-28,dail,debate,https://data.oireachtas.ie/akn/ie/debateRecord/joint_committee_on_environment_and_climate_action/2023-03-28/debate/main,https://data.oireachtas.ie/akn/ie/debateRecord/joint_committee_on_environment_and_climate_action/2023-03-28/debate/mul@/main.xml
2023-03-28,dail,debate,https://data.oireachtas.ie/akn/ie/debateRecord/select_committee_on_foreign_affairs_and_defence/2023-03-28/debate/main,https://data.oireachtas.ie/akn/ie/debateRecord/select_committee_on_foreign_affairs_and_defence/2023-03-28/debate/mul@/main.xml
2023-03-28,dail,debate,https://data.oireachtas.ie/akn/ie/debateRecord/joint_committee_on_autism/2023-03-28/debate/main,https://data.oireachtas.ie/akn/ie/debateRecord/joint_committee_on_autism/2023-03-28/debate/mul@/main.xml
2023-03-23,dail,debate,https://data.oireachtas.ie/akn/ie/debateRecord/dail/2023-03-23/debate/main,https://data.oireachtas.ie/akn/ie/debateRecord/dail/2023-03-23/debate/mul@/main.xml
2023-03-23,seanad,debate,https://data.oireachtas.ie/akn/ie/debateRecord/seanad/2023-03-23/debate/main,https://data.oireachtas.ie/akn/ie/debateRecord/seanad/2023-03-23/debate/mul@/main.xml
2023-03-23,dail,debate,https://data.oireachtas.ie/akn/ie/debateRecord/joint_committee_on_disability_matters/2023-03-23/debate/main,https://data.oireachtas.ie/akn/ie/debateRecord/joint_committee_on_disability_matters/2023-03-23/debate/mul@/main.xml
2023-03-23,dail,debate,https://data.oireachtas.ie/akn/ie/debateRecord/committee_of_public_accounts/2023-03-23/debate/main,https://data.oireachtas.ie/akn/ie/debateRecord/committee_of_public_accounts/2023-03-23/debate/mul@/main.xml
2023-03-23,dail,debate,https://data.oireachtas.ie/akn/ie/debateRecord/joint_committee_on_environment_and_climate_action/2023-03-23/debate/main,https://data.oireachtas.ie/akn/ie/debateRecord/joint_committee_on_environment_and_climate_action/2023-03-23/debate/mul@/main.xml
2023-03-23,dail,debate,https://data.oireachtas.ie/akn/ie/debateRecord/committee_on_public_petitions/2023-03-23/debate/main,https://data.oireachtas.ie/akn/ie/debateRecord/committee_on_public_petitions/2023-03-23/debate/mul@/main.xml
2023-03-22,dail,debate,https://data.oireachtas.ie/akn/ie/debateRecord/comhchoiste_na_gaeilge_na_gaeltachta_agus_phobal_labhartha_na_gaeilge/2023-03-22/debate/main,https://data.oireachtas.ie/akn/ie/debateRecord/comhchoiste_na_gaeilge_na_gaeltachta_agus_phobal_labhartha_na_gaeilge/2023-03-22/debate/mul@/main.xml
2023-03-22,seanad,debate,https://data.oireachtas.ie/akn/ie/debateRecord/seanad/2023-03-22/debate/main,https://data.oireachtas.ie/akn/ie/debateRecord/seanad/2023-03-22/debate/mul@/main.xml
2023-03-22,dail,debate,https://data.oireachtas.ie/akn/ie/debateRecord/select_committee_on_transport_and_communications/2023-03-22/debate/main,https://data.oireachtas.ie/akn/ie/debateRecord/select_committee_on_transport_and_communications/2023-03-22/debate/mul@/main.xml
2023-03-22,dail,debate,https://data.oireachtas.ie/akn/ie/debateRecord/joint_committee_on_enterprise_trade_and_employment/2023-03-22/debate/main,https://data.oireachtas.ie/akn/ie/debateRecord/joint_committee_on_enterprise_trade_and_employment/2023-03-22/debate/mul@/main.xml
2023-03-22,dail,debate,https://data.oireachtas.ie/akn/ie/debateRecord/committee_on_budgetary_oversight/2023-03-22/debate/main,https://data.oireachtas.ie/akn/ie/debateRecord/committee_on_budgetary_oversight/2023-03-22/debate/mul@/main.xml
2023-03-22,dail,debate,https://data.oireachtas.ie/akn/ie/debateRecord/joint_committee_on_health/2023-03-22/debate/main,https://data.oireachtas.ie/akn/ie/debateRecord/joint_committee_on_health/2023-03-22/debate/mul@/main.xml
2023-03-22,dail,debate,https://data.oireachtas.ie/akn/ie/debateRecord/joint_committee_on_european_union_affairs/2023-03-22/debate/main,https://data.oireachtas.ie/akn/ie/debateRecord/joint_committee_on_european_union_affairs/2023-03-22/debate/mul@/main.xml
2023-03-22,dail,debate,https://data.oireachtas.ie/akn/ie/debateRecord/dail/2023-03-22/debate/main,https://data.oireachtas.ie/akn/ie/debateRecord/dail/2023-03-22/debate/mul@/main.xml
2023-03-21,dail,debate,https://data.oireachtas.ie/akn/ie/debateRecord/joint_committee_on_environment_and_climate_action/2023-03-21/debate/main,https://data.oireachtas.ie/akn/ie/debateRecord/joint_committee_on_environment_and_climate_action/2023-03-21/debate/mul@/main.xml
2023-03-21,dail,debate,https://data.oireachtas.ie/akn/ie/debateRecord/joint_committee_on_children_equality_disability_integration_and_youth/2023-03-21/debate/main,https://data.oireachtas.ie/akn/ie/debateRecord/joint_committee_on_children_equality_disability_integration_and_youth/2023-03-21/debate/mul@/main.xml
2023-03-21,dail,debate,https://data.oireachtas.ie/akn/ie/debateRecord/joint_committee_on_education_further_and_higher_education_research_innovation_and_science/2023-03-21/debate/main,https://data.oireachtas.ie/akn/ie/debateRecord/joint_committee_on_education_further_and_higher_education_research_innovation_and_science/2023-03-21/debate/mul@/main.xml
2023-03-21,dail,debate,https://data.oireachtas.ie/akn/ie/debateRecord/joint_committee_on_foreign_affairs_and_defence/2023-03-21/debate/main,https://data.oireachtas.ie/akn/ie/debateRecord/joint_committee_on_foreign_affairs_and_defence/2023-03-21/debate/mul@/main.xml
2023-03-21,dail,debate,https://data.oireachtas.ie/akn/ie/debateRecord/joint_committee_on_justice/2023-03-21/debate/main,https://data.oireachtas.ie/akn/ie/debateRecord/joint_committee_on_justice/2023-03-21/debate/mul@/main.xml
2023-03-21,dail,debate,https://data.oireachtas.ie/akn/ie/debateRecord/joint_committee_on_housing_local_government_and_heritage/2023-03-21/debate/main,https://data.oireachtas.ie/akn/ie/debateRecord/joint_committee_on_housing_local_government_and_heritage/2023-03-21/debate/mul@/main.xml
2023-03-21,dail,debate,https://data.oireachtas.ie/akn/ie/debateRecord/joint_sub_committee_on_mental_health/2023-03-21/debate/main,https://data.oireachtas.ie/akn/ie/debateRecord/joint_sub_committee_on_mental_health/2023-03-21/debate/mul@/main.xml
2023-03-21,dail,debate,https://data.oireachtas.ie/akn/ie/debateRecord/dail/2023-03-21/debate/main,https://data.oireachtas.ie/akn/ie/debateRecord/dail/2023-03-21/debate/mul@/main.xml
2023-03-09,dail,debate,https://data.oireachtas.ie/akn/ie/debateRecord/joint_committee_on_the_implementation_of_the_good_friday_agreement/2023-03-09/debate/main,https://data.oireachtas.ie/akn/ie/debateRecord/joint_committee_on_the_implementation_of_the_good_friday_agreement/2023-03-09/debate/mul@/main.xml
2023-03-09,dail,debate,https://data.oireachtas.ie/akn/ie/debateRecord/joint_committee_on_housing_local_government_and_heritage/2023-03-09/debate/main,https://data.oireachtas.ie/akn/ie/debateRecord/joint_committee_on_housing_local_government_and_heritage/2023-03-09/debate/mul@/main.xml
2023-03-09,dail,debate,https://data.oireachtas.ie/akn/ie/debateRecord/committee_of_public_accounts/2023-03-09/debate/main,https://data.oireachtas.ie/akn/ie/debateRecord/committee_of_public_accounts/2023-03-09/debate/mul@/main.xml
2023-03-09,dail,debate,https://data.oireachtas.ie/akn/ie/debateRecord/select_committee_on_finance_public_expenditure_and_reform_and_taoiseach/2023-03-09/debate/main,https://data.oireachtas.ie/akn/ie/debateRecord/select_committee_on_finance_public_expenditure_and_reform_and_taoiseach/2023-03-09/debate/mul@/main.xml
2023-03-09,dail,debate,https://data.oireachtas.ie/akn/ie/debateRecord/joint_committee_on_disability_matters/2023-03-09/debate/main,https://data.oireachtas.ie/akn/ie/debateRecord/joint_committee_on_disability_matters/2023-03-09/debate/mul@/main.xml
2023-03-09,seanad,debate,https://data.oireachtas.ie/akn/ie/debateRecord/seanad/2023-03-09/debate/main,https://data.oireachtas.ie/akn/ie/debateRecord/seanad/2023-03-09/debate/mul@/main.xml
2023-03-09,dail,debate,https://data.oireachtas.ie/akn/ie/debateRecord/dail/2023-03-09/debate/main,https://data.oireachtas.ie/akn/ie/debateRecord/dail/2023-03-09/debate/mul@/main.xml
2023-03-08,dail,debate,https://data.oireachtas.ie/akn/ie/debateRecord/comhchoiste_na_gaeilge_na_gaeltachta_agus_phobal_labhartha_na_gaeilge/2023-03-08/debate/main,https://data.oireachtas.ie/akn/ie/debateRecord/comhchoiste_na_gaeilge_na_gaeltachta_agus_phobal_labhartha_na_gaeilge/2023-03-08/debate/mul@/main.xml
2023-03-08,dail,debate,https://data.oireachtas.ie/akn/ie/debateRecord/joint_committee_on_agriculture_food_and_the_marine/2023-03-08/debate/main,https://data.oireachtas.ie/akn/ie/debateRecord/joint_committee_on_agriculture_food_and_the_marine/2023-03-08/debate/mul@/main.xml
2023-03-08,dail,debate,https://data.oireachtas.ie/akn/ie/debateRecord/committee_on_budgetary_oversight/2023-03-08/debate/main,https://data.oireachtas.ie/akn/ie/debateRecord/committee_on_budgetary_oversight/2023-03-08/debate/mul@/main.xml
2023-03-08,dail,debate,https://data.oireachtas.ie/akn/ie/debateRecord/joint_committee_on_enterprise_trade_and_employment/2023-03-08/debate/main,https://data.oireachtas.ie/akn/ie/debateRecord/joint_committee_on_enterprise_trade_and_employment/2023-03-08/debate/mul@/main.xml
2023-03-08,dail,debate,https://data.oireachtas.ie/akn/ie/debateRecord/joint_committee_on_finance_public_expenditure_and_reform_and_taoiseach/2023-03-08/debate/main,https://data.oireachtas.ie/akn/ie/debateRecord/joint_committee_on_finance_public_expenditure_and_reform_and_taoiseach/2023-03-08/debate/mul@/main.xml
2023-03-08,dail,debate,https://data.oireachtas.ie/akn/ie/debateRecord/joint_committee_on_health/2023-03-08/debate/main,https://data.oireachtas.ie/akn/ie/debateRecord/joint_committee_on_health/2023-03-08/debate/mul@/main.xml
2023-03-08,seanad,debate,https://data.oireachtas.ie/akn/ie/debateRecord/seanad/2023-03-08/debate/main,https://data.oireachtas.ie/akn/ie/debateRecord/seanad/2023-03-08/debate/mul@/main.xml
2023-03-08,dail,debate,https://data.oireachtas.ie/akn/ie/debateRecord/dail/2023-03-08/debate/main,https://data.oireachtas.ie/akn/ie/debateRecord/dail/2023-03-08/debate/mul@/main.xml
2023-03-08,dail,debate,https://data.oireachtas.ie/akn/ie/debateRecord/joint_committee_on_transport_and_communications/2023-03-08/debate/main,https://data.oireachtas.ie/akn/ie/debateRecord/joint_committee_on_transport_and_communications/2023-03-08/debate/mul@/main.xml
2023-03-08,dail,debate,https://data.oireachtas.ie/akn/ie/debateRecord/joint_committee_on_european_union_affairs/2023-03-08/debate/main,https://data.oireachtas.ie/akn/ie/debateRecord/joint_committee_on_european_union_affairs/2023-03-08/debate/mul@/main.xml
2023-03-07,dail,debate,https://data.oireachtas.ie/akn/ie/debateRecord/joint_committee_on_environment_and_climate_action/2023-03-07/debate/main,https://data.oireachtas.ie/akn/ie/debateRecord/joint_committee_on_environment_and_climate_action/2023-03-07/debate/mul@/main.xml
2023-03-07,dail,debate,https://data.oireachtas.ie/akn/ie/debateRecord/joint_committee_on_autism/2023-03-07/debate/main,https://data.oireachtas.ie/akn/ie/debateRecord/joint_committee_on_autism/2023-03-07/debate/mul@/main.xml
2023-03-07,dail,debate,https://data.oireachtas.ie/akn/ie/debateRecord/joint_committee_on_education_further_and_higher_education_research_innovation_and_science/2023-03-07/debate/main,https://data.oireachtas.ie/akn/ie/debateRecord/joint_committee_on_education_further_and_higher_education_research_innovation_and_science/2023-03-07/debate/mul@/main.xml
2023-03-07,dail,debate,https://data.oireachtas.ie/akn/ie/debateRecord/joint_committee_on_foreign_affairs_and_defence/2023-03-07/debate/main,https://data.oireachtas.ie/akn/ie/debateRecord/joint_committee_on_foreign_affairs_and_defence/2023-03-07/debate/mul@/main.xml
2023-03-07,dail,debate,https://data.oireachtas.ie/akn/ie/debateRecord/joint_committee_on_housing_local_government_and_heritage/2023-03-07/debate/main,https://data.oireachtas.ie/akn/ie/debateRecord/joint_committee_on_housing_local_government_and_heritage/2023-03-07/debate/mul@/main.xml
2023-03-07,seanad,debate,https://data.oireachtas.ie/akn/ie/debateRecord/seanad/2023-03-07/debate/main,https://data.oireachtas.ie/akn/ie/debateRecord/seanad/2023-03-07/debate/mul@/main.xml
2023-03-07,dail,debate,https://data.oireachtas.ie/akn/ie/debateRecord/dail/2023-03-07/debate/main,https://data.oireachtas.ie/akn/ie/debateRecord/dail/2023-03-07/debate/mul@/main.xml
2023-03-02,dail,debate,https://data.oireachtas.ie/akn/ie/debateRecord/joint_committee_on_finance_public_expenditure_and_reform_and_taoiseach/2023-03-02/debate/main,https://data.oireachtas.ie/akn/ie/debateRecord/joint_committee_on_finance_public_expenditure_and_reform_and_taoiseach/2023-03-02/debate/mul@/main.xml
2023-03-02,dail,debate,https://data.oireachtas.ie/akn/ie/debateRecord/joint_committee_on_the_implementation_of_the_good_friday_agreement/2023-03-02/debate/main,https://data.oireachtas.ie/akn/ie/debateRecord/joint_committee_on_the_implementation_of_the_good_friday_agreement/2023-03-02/debate/mul@/main.xml
2023-03-02,dail,debate,https://data.oireachtas.ie/akn/ie/debateRecord/joint_committee_on_housing_local_government_and_heritage/2023-03-02/debate/main,https://data.oireachtas.ie/akn/ie/debateRecord/joint_committee_on_housing_local_government_and_heritage/2023-03-02/debate/mul@/main.xml
2023-03-02,dail,debate,https://data.oireachtas.ie/akn/ie/debateRecord/joint_committee_on_autism/2023-03-02/debate/main,https://data.oireachtas.ie/akn/ie/debateRecord/joint_committee_on_autism/2023-03-02/debate/mul@/main.xml
2023-03-02,dail,debate,https://data.oireachtas.ie/akn/ie/debateRecord/joint_committee_on_environment_and_climate_action/2023-03-02/debate/main,https://data.oireachtas.ie/akn/ie/debateRecord/joint_committee_on_environment_and_climate_action/2023-03-02/debate/mul@/main.xml
2023-03-02,dail,debate,https://data.oireachtas.ie/akn/ie/debateRecord/committee_on_public_petitions/2023-03-02/debate/main,https://data.oireachtas.ie/akn/ie/debateRecord/committee_on_public_petitions/2023-03-02/debate/mul@/main.xml
2023-03-02,dail,debate,https://data.oireachtas.ie/akn/ie/debateRecord/dail/2023-03-02/debate/main,https://data.oireachtas.ie/akn/ie/debateRecord/dail/2023-03-02/debate/mul@/main.xml
2023-03-02,dail,debate,https://data.oireachtas.ie/akn/ie/debateRecord/committee_of_public_accounts/2023-03-02/debate/main,https://data.oireachtas.ie/akn/ie/debateRecord/committee_of_public_accounts/2023-03-02/debate/mul@/main.xml
2023-03-02,dail,debate,https://data.oireachtas.ie/akn/ie/debateRecord/joint_committee_on_disability_matters/2023-03-02/debate/main,https://data.oireachtas.ie/akn/ie/debateRecord/joint_committee_on_disability_matters/2023-03-02/debate/mul@/main.xml
2023-03-01,dail,debate,https://data.oireachtas.ie/akn/ie/debateRecord/joint_committee_on_european_union_affairs/2023-03-01/debate/main,https://data.oireachtas.ie/akn/ie/debateRecord/joint_committee_on_european_union_affairs/2023-03-01/debate/mul@/main.xml
2023-03-01,dail,debate,https://data.oireachtas.ie/akn/ie/debateRecord/comhchoiste_na_gaeilge_na_gaeltachta_agus_phobal_labhartha_na_gaeilge/2023-03-01/debate/main,https://data.oireachtas.ie/akn/ie/debateRecord/comhchoiste_na_gaeilge_na_gaeltachta_agus_phobal_labhartha_na_gaeilge/2023-03-01/debate/mul@/main.xml
2023-03-01,dail,debate,https://data.oireachtas.ie/akn/ie/debateRecord/roghchoiste_na_gaeilge_na_gaeltachta_agus_phobal_labhartha_na_gaeilge/2023-03-01/debate/main,https://data.oireachtas.ie/akn/ie/debateRecord/roghchoiste_na_gaeilge_na_gaeltachta_agus_phobal_labhartha_na_gaeilge/2023-03-01/debate/mul@/main.xml
2023-03-01,dail,debate,https://data.oireachtas.ie/akn/ie/debateRecord/joint_committee_on_agriculture_food_and_the_marine/2023-03-01/debate/main,https://data.oireachtas.ie/akn/ie/debateRecord/joint_committee_on_agriculture_food_and_the_marine/2023-03-01/debate/mul@/main.xml
2023-03-01,dail,debate,https://data.oireachtas.ie/akn/ie/debateRecord/joint_committee_on_finance_public_expenditure_and_reform_and_taoiseach/2023-03-01/debate/main,https://data.oireachtas.ie/akn/ie/debateRecord/joint_committee_on_finance_public_expenditure_and_reform_and_taoiseach/2023-03-01/debate/mul@/main.xml
2023-03-01,dail,debate,https://data.oireachtas.ie/akn/ie/debateRecord/joint_committee_on_tourism_culture_arts_sport_and_media/2023-03-01/debate/main,https://data.oireachtas.ie/akn/ie/debateRecord/joint_committee_on_tourism_culture_arts_sport_and_media/2023-03-01/debate/mul@/main.xml
2023-03-01,dail,debate,https://data.oireachtas.ie/akn/ie/debateRecord/joint_committee_on_transport_and_communications/2023-03-01/debate/main,https://data.oireachtas.ie/akn/ie/debateRecord/joint_committee_on_transport_and_communications/2023-03-01/debate/mul@/main.xml
2023-03-01,dail,debate,https://data.oireachtas.ie/akn/ie/debateRecord/committee_on_budgetary_oversight/2023-03-01/debate/main,https://data.oireachtas.ie/akn/ie/debateRecord/committee_on_budgetary_oversight/2023-03-01/debate/mul@/main.xml
2023-03-01,dail,debate,https://data.oireachtas.ie/akn/ie/debateRecord/joint_committee_on_enterprise_trade_and_employment/2023-03-01/debate/main,https://data.oireachtas.ie/akn/ie/debateRecord/joint_committee_on_enterprise_trade_and_employment/2023-03-01/debate/mul@/main.xml
2023-03-01,dail,debate,https://data.oireachtas.ie/akn/ie/debateRecord/joint_committee_on_health/2023-03-01/debate/main,https://data.oireachtas.ie/akn/ie/debateRecord/joint_committee_on_health/2023-03-01/debate/mul@/main.xml
2023-03-01,dail,debate,https://data.oireachtas.ie/akn/ie/debateRecord/joint_committee_on_social_protection_community_and_rural_development_and_the_islands/2023-03-01/debate/main,https://data.oireachtas.ie/akn/ie/debateRecord/joint_committee_on_social_protection_community_and_rural_development_and_the_islands/2023-03-01/debate/mul@/main.xml
2023-03-01,seanad,debate,https://data.oireachtas.ie/akn/ie/debateRecord/seanad/2023-03-01/debate/main,https://data.oireachtas.ie/akn/ie/debateRecord/seanad/2023-03-01/debate/mul@/main.xml
2023-03-01,dail,debate,https://data.oireachtas.ie/akn/ie/debateRecord/dail/2023-03-01/debate/main,https://data.oireachtas.ie/akn/ie/debateRecord/dail/2023-03-01/debate/mul@/main.xml
2023-02-28,dail,debate,https://data.oireachtas.ie/akn/ie/debateRecord/joint_committee_on_children_equality_disability_integration_and_youth/2023-02-28/debate/main,https://data.oireachtas.ie/akn/ie/debateRecord/joint_committee_on_children_equality_disability_integration_and_youth/2023-02-28/debate/mul@/main.xml
2023-02-28,dail,debate,https://data.oireachtas.ie/akn/ie/debateRecord/joint_committee_on_education_further_and_higher_education_research_innovation_and_science/2023-02-28/debate/main,https://data.oireachtas.ie/akn/ie/debateRecord/joint_committee_on_education_further_and_higher_education_research_innovation_and_science/2023-02-28/debate/mul@/main.xml
2023-02-28,dail,debate,https://data.oireachtas.ie/akn/ie/debateRecord/joint_committee_on_housing_local_government_and_heritage/2023-02-28/debate/main,https://data.oireachtas.ie/akn/ie/debateRecord/joint_committee_on_housing_local_government_and_heritage/2023-02-28/debate/mul@/main.xml
2023-02-28,dail,debate,https://data.oireachtas.ie/akn/ie/debateRecord/joint_committee_on_foreign_affairs_and_defence/2023-02-28/debate/main,https://data.oireachtas.ie/akn/ie/debateRecord/joint_committee_on_foreign_affairs_and_defence/2023-02-28/debate/mul@/main.xml
2023-02-28,dail,debate,https://data.oireachtas.ie/akn/ie/debateRecord/select_committee_on_children_equality_disability_integration_and_youth/2023-02-28/debate/main,https://data.oireachtas.ie/akn/ie/debateRecord/select_committee_on_children_equality_disability_integration_and_youth/2023-02-28/debate/mul@/main.xml
2023-02-28,dail,debate,https://data.oireachtas.ie/akn/ie/debateRecord/joint_committee_on_autism/2023-02-28/debate/main,https://data.oireachtas.ie/akn/ie/debateRecord/joint_committee_on_autism/2023-02-28/debate/mul@/main.xml
2023-02-28,seanad,debate,https://data.oireachtas.ie/akn/ie/debateRecord/seanad/2023-02-28/debate/main,https://data.oireachtas.ie/akn/ie/debateRecord/seanad/2023-02-28/debate/mul@/main.xml
2023-02-28,dail,debate,https://data.oireachtas.ie/akn/ie/debateRecord/dail/2023-02-28/debate/main,https://data.oireachtas.ie/akn/ie/debateRecord/dail/2023-02-28/debate/mul@/main.xml
2023-02-23,seanad,debate,https://data.oireachtas.ie/akn/ie/debateRecord/seanad/2023-02-23/debate/main,https://data.oireachtas.ie/akn/ie/debateRecord/seanad/2023-02-23/debate/mul@/main.xml
2023-02-23,dail,debate,https://data.oireachtas.ie/akn/ie/debateRecord/dail/2023-02-23/debate/main,https://data.oireachtas.ie/akn/ie/debateRecord/dail/2023-02-23/debate/mul@/main.xml
2023-02-23,dail,debate,https://data.oireachtas.ie/akn/ie/debateRecord/committee_of_public_accounts/2023-02-23/debate/main,https://data.oireachtas.ie/akn/ie/debateRecord/committee_of_public_accounts/2023-02-23/debate/mul@/main.xml
2023-02-23,dail,debate,https://data.oireachtas.ie/akn/ie/debateRecord/joint_committee_on_the_implementation_of_the_good_friday_agreement/2023-02-23/debate/main,https://data.oireachtas.ie/akn/ie/debateRecord/joint_committee_on_the_implementation_of_the_good_friday_agreement/2023-02-23/debate/mul@/main.xml
2023-02-23,dail,debate,https://data.oireachtas.ie/akn/ie/debateRecord/joint_committee_on_housing_local_government_and_heritage/2023-02-23/debate/main,https://data.oireachtas.ie/akn/ie/debateRecord/joint_committee_on_housing_local_government_and_heritage/2023-02-23/debate/mul@/main.xml
2023-02-23,dail,debate,https://data.oireachtas.ie/akn/ie/debateRecord/select_committee_on_housing_local_government_and_heritage/2023-02-23/debate/main,https://data.oireachtas.ie/akn/ie/debateRecord/select_committee_on_housing_local_government_and_heritage/2023-02-23/debate/mul@/main.xml
2023-02-22,seanad,debate,https://data.oireachtas.ie/akn/ie/debateRecord/seanad/2023-02-22/debate/main,https://data.oireachtas.ie/akn/ie/debateRecord/seanad/2023-02-22/debate/mul@/main.xml
2023-02-22,dail,debate,https://data.oireachtas.ie/akn/ie/debateRecord/dail/2023-02-22/debate/main,https://data.oireachtas.ie/akn/ie/debateRecord/dail/2023-02-22/debate/mul@/main.xml
2023-02-22,dail,debate,https://data.oireachtas.ie/akn/ie/debateRecord/joint_committee_on_agriculture_food_and_the_marine/2023-02-22/debate/main,https://data.oireachtas.ie/akn/ie/debateRecord/joint_committee_on_agriculture_food_and_the_marine/2023-02-22/debate/mul@/main.xml
2023-02-22,dail,debate,https://data.oireachtas.ie/akn/ie/debateRecord/joint_committee_on_environment_and_climate_action/2023-02-22/debate/main,https://data.oireachtas.ie/akn/ie/debateRecord/joint_committee_on_environment_and_climate_action/2023-02-22/debate/mul@/main.xml
2023-02-22,dail,debate,https://data.oireachtas.ie/akn/ie/debateRecord/committee_on_budgetary_oversight/2023-02-22/debate/main,https://data.oireachtas.ie/akn/ie/debateRecord/committee_on_budgetary_oversight/2023-02-22/debate/mul@/main.xml
2023-02-22,dail,debate,https://data.oireachtas.ie/akn/ie/debateRecord/joint_committee_on_health/2023-02-22/debate/main,https://data.oireachtas.ie/akn/ie/debateRecord/joint_committee_on_health/2023-02-22/debate/mul@/main.xml
2023-02-22,dail,debate,https://data.oireachtas.ie/akn/ie/debateRecord/joint_committee_on_transport_and_communications/2023-02-22/debate/main,https://data.oireachtas.ie/akn/ie/debateRecord/joint_committee_on_transport_and_communications/2023-02-22/debate/mul@/main.xml
2023-02-22,dail,debate,https://data.oireachtas.ie/akn/ie/debateRecord/select_committee_on_finance_public_expenditure_and_reform_and_taoiseach/2023-02-22/debate/main,https://data.oireachtas.ie/akn/ie/debateRecord/select_committee_on_finance_public_expenditure_and_reform_and_taoiseach/2023-02-22/debate/mul@/main.xml
2023-02-22,dail,debate,https://data.oireachtas.ie/akn/ie/debateRecord/joint_committee_on_enterprise_trade_and_employment/2023-02-22/debate/main,https://data.oireachtas.ie/akn/ie/debateRecord/joint_committee_on_enterprise_trade_and_employment/2023-02-22/debate/mul@/main.xml
2023-02-21,dail,debate,https://data.oireachtas.ie/akn/ie/debateRecord/dail/2023-02-21/debate/main,https://data.oireachtas.ie/akn/ie/debateRecord/dail/2023-02-21/debate/mul@/main.xml
2023-02-21,seanad,debate,https://data.oireachtas.ie/akn/ie/debateRecord/seanad/2023-02-21/debate/main,https://data.oireachtas.ie/akn/ie/debateRecord/seanad/2023-02-21/debate/mul@/main.xml
2023-02-21,dail,debate,https://data.oireachtas.ie/akn/ie/debateRecord/select_committee_on_environment_and_climate_action/2023-02-21/debate/main,https://data.oireachtas.ie/akn/ie/debateRecord/select_committee_on_environment_and_climate_action/2023-02-21/debate/mul@/main.xml
2023-02-21,dail,debate,https://data.oireachtas.ie/akn/ie/debateRecord/joint_committee_on_children_equality_disability_integration_and_youth/2023-02-21/debate/main,https://data.oireachtas.ie/akn/ie/debateRecord/joint_committee_on_children_equality_disability_integration_and_youth/2023-02-21/debate/mul@/main.xml
2023-02-21,dail,debate,https://data.oireachtas.ie/akn/ie/debateRecord/joint_committee_on_foreign_affairs_and_defence/2023-02-21/debate/main,https://data.oireachtas.ie/akn/ie/debateRecord/joint_committee_on_foreign_affairs_and_defence/2023-02-21/debate/mul@/main.xml
2023-02-21,dail,debate,https://data.oireachtas.ie/akn/ie/debateRecord/joint_committee_on_autism/2023-02-21/debate/main,https://data.oireachtas.ie/akn/ie/debateRecord/joint_committee_on_autism/2023-02-21/debate/mul@/main.xml
2023-02-21,dail,debate,https://data.oireachtas.ie/akn/ie/debateRecord/joint_committee_on_education_further_and_higher_education_research_innovation_and_science/2023-02-21/debate/main,https://data.oireachtas.ie/akn/ie/debateRecord/joint_committee_on_education_further_and_higher_education_research_innovation_and_science/2023-02-21/debate/mul@/main.xml
2023-02-21,dail,debate,https://data.oireachtas.ie/akn/ie/debateRecord/select_committee_on_justice/2023-02-21/debate/main,https://data.oireachtas.ie/akn/ie/debateRecord/select_committee_on_justice/2023-02-21/debate/mul@/main.xml
2023-02-21,dail,debate,https://data.oireachtas.ie/akn/ie/debateRecord/joint_committee_on_housing_local_government_and_heritage/2023-02-21/debate/main,https://data.oireachtas.ie/akn/ie/debateRecord/joint_committee_on_housing_local_government_and_heritage/2023-02-21/debate/mul@/main.xml
2023-02-16,dail,debate,https://data.oireachtas.ie/akn/ie/debateRecord/committee_of_public_accounts/2023-02-16/debate/main,https://data.oireachtas.ie/akn/ie/debateRecord/committee_of_public_accounts/2023-02-16/debate/mul@/main.xml
2023-02-16,seanad,debate,https://data.oireachtas.ie/akn/ie/debateRecord/seanad/2023-02-16/debate/main,https://data.oireachtas.ie/akn/ie/debateRecord/seanad/2023-02-16/debate/mul@/main.xml
2023-02-16,dail,debate,https://data.oireachtas.ie/akn/ie/debateRecord/dail/2023-02-16/debate/main,https://data.oireachtas.ie/akn/ie/debateRecord/dail/2023-02-16/debate/mul@/main.xml
2023-02-16,dail,debate,https://data.oireachtas.ie/akn/ie/debateRecord/joint_committee_on_environment_and_climate_action/2023-02-16/debate/main,https://data.oireachtas.ie/akn/ie/debateRecord/joint_committee_on_environment_and_climate_action/2023-02-16/debate/mul@/main.xml
2023-02-16,dail,debate,https://data.oireachtas.ie/akn/ie/debateRecord/joint_committee_on_disability_matters/2023-02-16/debate/main,https://data.oireachtas.ie/akn/ie/debateRecord/joint_committee_on_disability_matters/2023-02-16/debate/mul@/main.xml
2023-02-16,dail,debate,https://data.oireachtas.ie/akn/ie/debateRecord/committee_on_public_petitions/2023-02-16/debate/main,https://data.oireachtas.ie/akn/ie/debateRecord/committee_on_public_petitions/2023-02-16/debate/mul@/main.xml
2023-02-16,dail,debate,https://data.oireachtas.ie/akn/ie/debateRecord/joint_committee_on_the_implementation_of_the_good_friday_agreement/2023-02-16/debate/main,https://data.oireachtas.ie/akn/ie/debateRecord/joint_committee_on_the_implementation_of_the_good_friday_agreement/2023-02-16/debate/mul@/main.xml
2023-02-15,seanad,debate,https://data.oireachtas.ie/akn/ie/debateRecord/seanad/2023-02-15/debate/main,https://data.oireachtas.ie/akn/ie/debateRecord/seanad/2023-02-15/debate/mul@/main.xml
2023-02-15,dail,debate,https://data.oireachtas.ie/akn/ie/debateRecord/joint_committee_on_enterprise_trade_and_employment/2023-02-15/debate/main,https://data.oireachtas.ie/akn/ie/debateRecord/joint_committee_on_enterprise_trade_and_employment/2023-02-15/debate/mul@/main.xml
2023-02-15,dail,debate,https://data.oireachtas.ie/akn/ie/debateRecord/joint_committee_on_tourism_culture_arts_sport_and_media/2023-02-15/debate/main,https://data.oireachtas.ie/akn/ie/debateRecord/joint_committee_on_tourism_culture_arts_sport_and_media/2023-02-15/debate/mul@/main.xml
2023-02-15,dail,debate,https://data.oireachtas.ie/akn/ie/debateRecord/joint_committee_on_social_protection_community_and_rural_development_and_the_islands/2023-02-15/debate/main,https://data.oireachtas.ie/akn/ie/debateRecord/joint_committee_on_social_protection_community_and_rural_development_and_the_islands/2023-02-15/debate/mul@/main.xml
2023-02-15,dail,debate,https://data.oireachtas.ie/akn/ie/debateRecord/dail/2023-02-15/debate/main,https://data.oireachtas.ie/akn/ie/debateRecord/dail/2023-02-15/debate/mul@/main.xml
2023-02-15,dail,debate,https://data.oireachtas.ie/akn/ie/debateRecord/select_committee_on_agriculture_food_and_the_marine/2023-02-15/debate/main,https://data.oireachtas.ie/akn/ie/debateRecord/select_committee_on_agriculture_food_and_the_marine/2023-02-15/debate/mul@/main.xml
2023-02-15,dail,debate,https://data.oireachtas.ie/akn/ie/debateRecord/committee_on_budgetary_oversight/2023-02-15/debate/main,https://data.oireachtas.ie/akn/ie/debateRecord/committee_on_budgetary_oversight/2023-02-15/debate/mul@/main.xml
2023-02-15,dail,debate,https://data.oireachtas.ie/akn/ie/debateRecord/select_committee_on_finance_public_expenditure_and_reform_and_taoiseach/2023-02-15/debate/main,https://data.oireachtas.ie/akn/ie/debateRecord/select_committee_on_finance_public_expenditure_and_reform_and_taoiseach/2023-02-15/debate/mul@/main.xml
2023-02-15,dail,debate,https://data.oireachtas.ie/akn/ie/debateRecord/joint_committee_on_justice/2023-02-15/debate/main,https://data.oireachtas.ie/akn/ie/debateRecord/joint_committee_on_justice/2023-02-15/debate/mul@/main.xml
2023-02-15,dail,debate,https://data.oireachtas.ie/akn/ie/debateRecord/comhchoiste_na_gaeilge_na_gaeltachta_agus_phobal_labhartha_na_gaeilge/2023-02-15/debate/main,https://data.oireachtas.ie/akn/ie/debateRecord/comhchoiste_na_gaeilge_na_gaeltachta_agus_phobal_labhartha_na_gaeilge/2023-02-15/debate/mul@/main.xml
2023-02-15,dail,debate,https://data.oireachtas.ie/akn/ie/debateRecord/joint_committee_on_transport_and_communications/2023-02-15/debate/main,https://data.oireachtas.ie/akn/ie/debateRecord/joint_committee_on_transport_and_communications/2023-02-15/debate/mul@/main.xml
2023-02-15,dail,debate,https://data.oireachtas.ie/akn/ie/debateRecord/joint_committee_on_health/2023-02-15/debate/main,https://data.oireachtas.ie/akn/ie/debateRecord/joint_committee_on_health/2023-02-15/debate/mul@/main.xml
2023-02-14,seanad,debate,https://data.oireachtas.ie/akn/ie/debateRecord/seanad/2023-02-14/debate/main,https://data.oireachtas.ie/akn/ie/debateRecord/seanad/2023-02-14/debate/mul@/main.xml
2023-02-14,dail,debate,https://data.oireachtas.ie/akn/ie/debateRecord/dail/2023-02-14/debate/main,https://data.oireachtas.ie/akn/ie/debateRecord/dail/2023-02-14/debate/mul@/main.xml
2023-02-14,dail,debate,https://data.oireachtas.ie/akn/ie/debateRecord/joint_committee_on_education_further_and_higher_education_research_innovation_and_science/2023-02-14/debate/main,https://data.oireachtas.ie/akn/ie/debateRecord/joint_committee_on_education_further_and_higher_education_research_innovation_and_science/2023-02-14/debate/mul@/main.xml
2023-02-14,dail,debate,https://data.oireachtas.ie/akn/ie/debateRecord/joint_sub_committee_on_mental_health/2023-02-14/debate/main,https://data.oireachtas.ie/akn/ie/debateRecord/joint_sub_committee_on_mental_health/2023-02-14/debate/mul@/main.xml
2023-02-14,dail,debate,https://data.oireachtas.ie/akn/ie/debateRecord/joint_committee_on_housing_local_government_and_heritage/2023-02-14/debate/main,https://data.oireachtas.ie/akn/ie/debateRecord/joint_committee_on_housing_local_government_and_heritage/2023-02-14/debate/mul@/main.xml
2023-02-14,dail,debate,https://data.oireachtas.ie/akn/ie/debateRecord/joint_committee_on_environment_and_climate_action/2023-02-14/debate/main,https://data.oireachtas.ie/akn/ie/debateRecord/joint_committee_on_environment_and_climate_action/2023-02-14/debate/mul@/main.xml
2023-02-14,dail,debate,https://data.oireachtas.ie/akn/ie/debateRecord/joint_committee_on_autism/2023-02-14/debate/main,https://data.oireachtas.ie/akn/ie/debateRecord/joint_committee_on_autism/2023-02-14/debate/mul@/main.xml
2023-02-14,dail,debate,https://data.oireachtas.ie/akn/ie/debateRecord/select_committee_on_foreign_affairs_and_defence/2023-02-14/debate/main,https://data.oireachtas.ie/akn/ie/debateRecord/select_committee_on_foreign_affairs_and_defence/2023-02-14/debate/mul@/main.xml
2023-02-14,dail,debate,https://data.oireachtas.ie/akn/ie/debateRecord/select_committee_on_justice/2023-02-14/debate/main,https://data.oireachtas.ie/akn/ie/debateRecord/select_committee_on_justice/2023-02-14/debate/mul@/main.xml
2023-02-09,seanad,debate,https://data.oireachtas.ie/akn/ie/debateRecord/seanad/2023-02-09/debate/main,https://data.oireachtas.ie/akn/ie/debateRecord/seanad/2023-02-09/debate/mul@/main.xml
2023-02-09,dail,debate,https://data.oireachtas.ie/akn/ie/debateRecord/joint_committee_on_disability_matters/2023-02-09/debate/main,https://data.oireachtas.ie/akn/ie/debateRecord/joint_committee_on_disability_matters/2023-02-09/debate/mul@/main.xml
2023-02-09,dail,debate,https://data.oireachtas.ie/akn/ie/debateRecord/dail/2023-02-09/debate/main,https://data.oireachtas.ie/akn/ie/debateRecord/dail/2023-02-09/debate/mul@/main.xml
2023-02-09,dail,debate,https://data.oireachtas.ie/akn/ie/debateRecord/joint_committee_on_housing_local_government_and_heritage/2023-02-09/debate/main,https://data.oireachtas.ie/akn/ie/debateRecord/joint_committee_on_housing_local_government_and_heritage/2023-02-09/debate/mul@/main.xml
2023-02-09,dail,debate,https://data.oireachtas.ie/akn/ie/debateRecord/joint_committee_on_the_implementation_of_the_good_friday_agreement/2023-02-09/debate/main,https://data.oireachtas.ie/akn/ie/debateRecord/joint_committee_on_the_implementation_of_the_good_friday_agreement/2023-02-09/debate/mul@/main.xml
2023-02-09,dail,debate,https://data.oireachtas.ie/akn/ie/debateRecord/committee_of_public_accounts/2023-02-09/debate/main,https://data.oireachtas.ie/akn/ie/debateRecord/committee_of_public_accounts/2023-02-09/debate/mul@/main.xml
2023-02-09,dail,debate,https://data.oireachtas.ie/akn/ie/debateRecord/select_committee_on_enterprise_trade_and_employment/2023-02-09/debate/main,https://data.oireachtas.ie/akn/ie/debateRecord/select_committee_on_enterprise_trade_and_employment/2023-02-09/debate/mul@/main.xml
2023-02-09,dail,debate,https://data.oireachtas.ie/akn/ie/debateRecord/committee_on_public_petitions/2023-02-09/debate/main,https://data.oireachtas.ie/akn/ie/debateRecord/committee_on_public_petitions/2023-02-09/debate/mul@/main.xml
2023-02-08,seanad,debate,https://data.oireachtas.ie/akn/ie/debateRecord/seanad/2023-02-08/debate/main,https://data.oireachtas.ie/akn/ie/debateRecord/seanad/2023-02-08/debate/mul@/main.xml
2023-02-08,dail,debate,https://data.oireachtas.ie/akn/ie/debateRecord/select_committee_on_agriculture_food_and_the_marine/2023-02-08/debate/main,https://data.oireachtas.ie/akn/ie/debateRecord/select_committee_on_agriculture_food_and_the_marine/2023-02-08/debate/mul@/main.xml
2023-02-08,dail,debate,https://data.oireachtas.ie/akn/ie/debateRecord/dail/2023-02-08/debate/main,https://data.oireachtas.ie/akn/ie/debateRecord/dail/2023-02-08/debate/mul@/main.xml
2023-02-08,dail,debate,https://data.oireachtas.ie/akn/ie/debateRecord/committee_on_budgetary_oversight/2023-02-08/debate/main,https://data.oireachtas.ie/akn/ie/debateRecord/committee_on_budgetary_oversight/2023-02-08/debate/mul@/main.xml
2023-02-08,dail,debate,https://data.oireachtas.ie/akn/ie/debateRecord/joint_committee_on_enterprise_trade_and_employment/2023-02-08/debate/main,https://data.oireachtas.ie/akn/ie/debateRecord/joint_committee_on_enterprise_trade_and_employment/2023-02-08/debate/mul@/main.xml
2023-02-08,dail,debate,https://data.oireachtas.ie/akn/ie/debateRecord/joint_committee_on_health/2023-02-08/debate/main,https://data.oireachtas.ie/akn/ie/debateRecord/joint_committee_on_health/2023-02-08/debate/mul@/main.xml
2023-02-08,dail,debate,https://data.oireachtas.ie/akn/ie/debateRecord/joint_committee_on_social_protection_community_and_rural_development_and_the_islands/2023-02-08/debate/main,https://data.oireachtas.ie/akn/ie/debateRecord/joint_committee_on_social_protection_community_and_rural_development_and_the_islands/2023-02-08/debate/mul@/main.xml
2023-02-08,dail,debate,https://data.oireachtas.ie/akn/ie/debateRecord/select_committee_on_children_equality_disability_integration_and_youth/2023-02-08/debate/main,https://data.oireachtas.ie/akn/ie/debateRecord/select_committee_on_children_equality_disability_integration_and_youth/2023-02-08/debate/mul@/main.xml
2023-02-08,dail,debate,https://data.oireachtas.ie/akn/ie/debateRecord/select_committee_on_education_further_and_higher_education_research_innovation_and_science/2023-02-08/debate/main,https://data.oireachtas.ie/akn/ie/debateRecord/select_committee_on_education_further_and_higher_education_research_innovation_and_science/2023-02-08/debate/mul@/main.xml
2023-02-08,dail,debate,https://data.oireachtas.ie/akn/ie/debateRecord/select_committee_on_finance_public_expenditure_and_reform_and_taoiseach/2023-02-08/debate/main,https://data.oireachtas.ie/akn/ie/debateRecord/select_committee_on_finance_public_expenditure_and_reform_and_taoiseach/2023-02-08/debate/mul@/main.xml
2023-02-08,dail,debate,https://data.oireachtas.ie/akn/ie/debateRecord/select_committee_on_transport_and_communications/2023-02-08/debate/main,https://data.oireachtas.ie/akn/ie/debateRecord/select_committee_on_transport_and_communications/2023-02-08/debate/mul@/main.xml
2023-02-08,dail,debate,https://data.oireachtas.ie/akn/ie/debateRecord/select_committee_on_tourism_culture_arts_sport_and_media/2023-02-08/debate/main,https://data.oireachtas.ie/akn/ie/debateRecord/select_committee_on_tourism_culture_arts_sport_and_media/2023-02-08/debate/mul@/main.xml
2023-02-08,dail,debate,https://data.oireachtas.ie/akn/ie/debateRecord/joint_committee_on_european_union_affairs/2023-02-08/debate/main,https://data.oireachtas.ie/akn/ie/debateRecord/joint_committee_on_european_union_affairs/2023-02-08/debate/mul@/main.xml
2023-02-07,dail,debate,https://data.oireachtas.ie/akn/ie/debateRecord/joint_committee_on_housing_local_government_and_heritage/2023-02-07/debate/main,https://data.oireachtas.ie/akn/ie/debateRecord/joint_committee_on_housing_local_government_and_heritage/2023-02-07/debate/mul@/main.xml
2023-02-02,dail,debate,https://data.oireachtas.ie/akn/ie/debateRecord/dail/2023-02-02/debate/main,https://data.oireachtas.ie/akn/ie/debateRecord/dail/2023-02-02/debate/mul@/main.xml
2023-02-02,seanad,debate,https://data.oireachtas.ie/akn/ie/debateRecord/seanad/2023-02-02/debate/main,https://data.oireachtas.ie/akn/ie/debateRecord/seanad/2023-02-02/debate/mul@/main.xml
2023-02-02,dail,debate,https://data.oireachtas.ie/akn/ie/debateRecord/committee_of_public_accounts/2023-02-02/debate/main,https://data.oireachtas.ie/akn/ie/debateRecord/committee_of_public_accounts/2023-02-02/debate/mul@/main.xml
2023-02-02,dail,debate,https://data.oireachtas.ie/akn/ie/debateRecord/joint_committee_on_disability_matters/2023-02-02/debate/main,https://data.oireachtas.ie/akn/ie/debateRecord/joint_committee_on_disability_matters/2023-02-02/debate/mul@/main.xml
2023-02-02,dail,debate,https://data.oireachtas.ie/akn/ie/debateRecord/joint_committee_on_housing_local_government_and_heritage/2023-02-02/debate/main,https://data.oireachtas.ie/akn/ie/debateRecord/joint_committee_on_housing_local_government_and_heritage/2023-02-02/debate/mul@/main.xml
2023-02-01,dail,debate,https://data.oireachtas.ie/akn/ie/debateRecord/comhchoiste_na_gaeilge_na_gaeltachta_agus_phobal_labhartha_na_gaeilge/2023-02-01/debate/main,https://data.oireachtas.ie/akn/ie/debateRecord/comhchoiste_na_gaeilge_na_gaeltachta_agus_phobal_labhartha_na_gaeilge/2023-02-01/debate/mul@/main.xml
2023-02-01,dail,debate,https://data.oireachtas.ie/akn/ie/debateRecord/dail/2023-02-01/debate/main,https://data.oireachtas.ie/akn/ie/debateRecord/dail/2023-02-01/debate/mul@/main.xml
2023-02-01,seanad,debate,https://data.oireachtas.ie/akn/ie/debateRecord/seanad/2023-02-01/debate/main,https://data.oireachtas.ie/akn/ie/debateRecord/seanad/2023-02-01/debate/mul@/main.xml
2023-02-01,dail,debate,https://data.oireachtas.ie/akn/ie/debateRecord/select_committee_on_education_further_and_higher_education_research_innovation_and_science/2023-02-01/debate/main,https://data.oireachtas.ie/akn/ie/debateRecord/select_committee_on_education_further_and_higher_education_research_innovation_and_science/2023-02-01/debate/mul@/main.xml
2023-02-01,dail,debate,https://data.oireachtas.ie/akn/ie/debateRecord/joint_committee_on_finance_public_expenditure_and_reform_and_taoiseach/2023-02-01/debate/main,https://data.oireachtas.ie/akn/ie/debateRecord/joint_committee_on_finance_public_expenditure_and_reform_and_taoiseach/2023-02-01/debate/mul@/main.xml
2023-02-01,dail,debate,https://data.oireachtas.ie/akn/ie/debateRecord/joint_committee_on_tourism_culture_arts_sport_and_media/2023-02-01/debate/main,https://data.oireachtas.ie/akn/ie/debateRecord/joint_committee_on_tourism_culture_arts_sport_and_media/2023-02-01/debate/mul@/main.xml
2023-02-01,dail,debate,https://data.oireachtas.ie/akn/ie/debateRecord/joint_committee_on_transport_and_communications/2023-02-01/debate/main,https://data.oireachtas.ie/akn/ie/debateRecord/joint_committee_on_transport_and_communications/2023-02-01/debate/mul@/main.xml
2023-02-01,dail,debate,https://data.oireachtas.ie/akn/ie/debateRecord/joint_committee_on_agriculture_food_and_the_marine/2023-02-01/debate/main,https://data.oireachtas.ie/akn/ie/debateRecord/joint_committee_on_agriculture_food_and_the_marine/2023-02-01/debate/mul@/main.xml
2023-02-01,dail,debate,https://data.oireachtas.ie/akn/ie/debateRecord/joint_committee_on_enterprise_trade_and_employment/2023-02-01/debate/main,https://data.oireachtas.ie/akn/ie/debateRecord/joint_committee_on_enterprise_trade_and_employment/2023-02-01/debate/mul@/main.xml
2023-02-01,dail,debate,https://data.oireachtas.ie/akn/ie/debateRecord/committee_on_budgetary_oversight/2023-02-01/debate/main,https://data.oireachtas.ie/akn/ie/debateRecord/committee_on_budgetary_oversight/2023-02-01/debate/mul@/main.xml
2023-02-01,dail,debate,https://data.oireachtas.ie/akn/ie/debateRecord/joint_committee_on_health/2023-02-01/debate/main,https://data.oireachtas.ie/akn/ie/debateRecord/joint_committee_on_health/2023-02-01/debate/mul@/main.xml
2023-02-01,dail,debate,https://data.oireachtas.ie/akn/ie/debateRecord/select_committee_on_social_protection_community_and_rural_development_and_the_islands/2023-02-01/debate/main,https://data.oireachtas.ie/akn/ie/debateRecord/select_committee_on_social_protection_community_and_rural_development_and_the_islands/2023-02-01/debate/mul@/main.xml
2023-01-31,seanad,debate,https://data.oireachtas.ie/akn/ie/debateRecord/seanad/2023-01-31/debate/main,https://data.oireachtas.ie/akn/ie/debateRecord/seanad/2023-01-31/debate/mul@/main.xml
2023-01-31,dail,debate,https://data.oireachtas.ie/akn/ie/debateRecord/joint_committee_on_autism/2023-01-31/debate/main,https://data.oireachtas.ie/akn/ie/debateRecord/joint_committee_on_autism/2023-01-31/debate/mul@/main.xml
2023-01-31,dail,debate,https://data.oireachtas.ie/akn/ie/debateRecord/joint_committee_on_environment_and_climate_action/2023-01-31/debate/main,https://data.oireachtas.ie/akn/ie/debateRecord/joint_committee_on_environment_and_climate_action/2023-01-31/debate/mul@/main.xml
2023-01-31,dail,debate,https://data.oireachtas.ie/akn/ie/debateRecord/joint_committee_on_children_equality_disability_integration_and_youth/2023-01-31/debate/main,https://data.oireachtas.ie/akn/ie/debateRecord/joint_committee_on_children_equality_disability_integration_and_youth/2023-01-31/debate/mul@/main.xml
2023-01-31,dail,debate,https://data.oireachtas.ie/akn/ie/debateRecord/joint_committee_on_education_further_and_higher_education_research_innovation_and_science/2023-01-31/debate/main,https://data.oireachtas.ie/akn/ie/debateRecord/joint_committee_on_education_further_and_higher_education_research_innovation_and_science/2023-01-31/debate/mul@/main.xml
2023-01-31,dail,debate,https://data.oireachtas.ie/akn/ie/debateRecord/joint_committee_on_justice/2023-01-31/debate/main,https://data.oireachtas.ie/akn/ie/debateRecord/joint_committee_on_justice/2023-01-31/debate/mul@/main.xml
2023-01-31,dail,debate,https://data.oireachtas.ie/akn/ie/debateRecord/dail/2023-01-31/debate/main,https://data.oireachtas.ie/akn/ie/debateRecord/dail/2023-01-31/debate/mul@/main.xml
2023-01-31,dail,debate,https://data.oireachtas.ie/akn/ie/debateRecord/joint_committee_on_housing_local_government_and_heritage/2023-01-31/debate/main,https://data.oireachtas.ie/akn/ie/debateRecord/joint_committee_on_housing_local_government_and_heritage/2023-01-31/debate/mul@/main.xml
2023-01-26,seanad,debate,https://data.oireachtas.ie/akn/ie/debateRecord/seanad/2023-01-26/debate/main,https://data.oireachtas.ie/akn/ie/debateRecord/seanad/2023-01-26/debate/mul@/main.xml
2023-01-26,dail,debate,https://data.oireachtas.ie/akn/ie/debateRecord/joint_committee_on_disability_matters/2023-01-26/debate/main,https://data.oireachtas.ie/akn/ie/debateRecord/joint_committee_on_disability_matters/2023-01-26/debate/mul@/main.xml
2023-01-26,dail,debate,https://data.oireachtas.ie/akn/ie/debateRecord/joint_committee_on_the_implementation_of_the_good_friday_agreement/2023-01-26/debate/main,https://data.oireachtas.ie/akn/ie/debateRecord/joint_committee_on_the_implementation_of_the_good_friday_agreement/2023-01-26/debate/mul@/main.xml
2023-01-26,dail,debate,https://data.oireachtas.ie/akn/ie/debateRecord/joint_committee_on_housing_local_government_and_heritage/2023-01-26/debate/main,https://data.oireachtas.ie/akn/ie/debateRecord/joint_committee_on_housing_local_government_and_heritage/2023-01-26/debate/mul@/main.xml
2023-01-26,dail,debate,https://data.oireachtas.ie/akn/ie/debateRecord/committee_of_public_accounts/2023-01-26/debate/main,https://data.oireachtas.ie/akn/ie/debateRecord/committee_of_public_accounts/2023-01-26/debate/mul@/main.xml
2023-01-26,dail,debate,https://data.oireachtas.ie/akn/ie/debateRecord/dail/2023-01-26/debate/main,https://data.oireachtas.ie/akn/ie/debateRecord/dail/2023-01-26/debate/mul@/main.xml
2023-01-25,seanad,debate,https://data.oireachtas.ie/akn/ie/debateRecord/seanad/2023-01-25/debate/main,https://data.oireachtas.ie/akn/ie/debateRecord/seanad/2023-01-25/debate/mul@/main.xml
2023-01-25,dail,debate,https://data.oireachtas.ie/akn/ie/debateRecord/joint_committee_on_agriculture_food_and_the_marine/2023-01-25/debate/main,https://data.oireachtas.ie/akn/ie/debateRecord/joint_committee_on_agriculture_food_and_the_marine/2023-01-25/debate/mul@/main.xml
2023-01-25,dail,debate,https://data.oireachtas.ie/akn/ie/debateRecord/committee_on_budgetary_oversight/2023-01-25/debate/main,https://data.oireachtas.ie/akn/ie/debateRecord/committee_on_budgetary_oversight/2023-01-25/debate/mul@/main.xml
2023-01-25,dail,debate,https://data.oireachtas.ie/akn/ie/debateRecord/joint_committee_on_european_union_affairs/2023-01-25/debate/main,https://data.oireachtas.ie/akn/ie/debateRecord/joint_committee_on_european_union_affairs/2023-01-25/debate/mul@/main.xml
2023-01-25,dail,debate,https://data.oireachtas.ie/akn/ie/debateRecord/joint_committee_on_finance_public_expenditure_and_reform_and_taoiseach/2023-01-25/debate/main,https://data.oireachtas.ie/akn/ie/debateRecord/joint_committee_on_finance_public_expenditure_and_reform_and_taoiseach/2023-01-25/debate/mul@/main.xml
2023-01-25,dail,debate,https://data.oireachtas.ie/akn/ie/debateRecord/joint_committee_on_health/2023-01-25/debate/main,https://data.oireachtas.ie/akn/ie/debateRecord/joint_committee_on_health/2023-01-25/debate/mul@/main.xml
2023-01-25,dail,debate,https://data.oireachtas.ie/akn/ie/debateRecord/joint_committee_on_social_protection_community_and_rural_development_and_the_islands/2023-01-25/debate/main,https://data.oireachtas.ie/akn/ie/debateRecord/joint_committee_on_social_protection_community_and_rural_development_and_the_islands/2023-01-25/debate/mul@/main.xml
2023-01-25,dail,debate,https://data.oireachtas.ie/akn/ie/debateRecord/joint_committee_on_tourism_culture_arts_sport_and_media/2023-01-25/debate/main,https://data.oireachtas.ie/akn/ie/debateRecord/joint_committee_on_tourism_culture_arts_sport_and_media/2023-01-25/debate/mul@/main.xml
2023-01-25,dail,debate,https://data.oireachtas.ie/akn/ie/debateRecord/dail/2023-01-25/debate/main,https://data.oireachtas.ie/akn/ie/debateRecord/dail/2023-01-25/debate/mul@/main.xml
2023-01-25,dail,debate,https://data.oireachtas.ie/akn/ie/debateRecord/select_committee_on_enterprise_trade_and_employment/2023-01-25/debate/main,https://data.oireachtas.ie/akn/ie/debateRecord/select_committee_on_enterprise_trade_and_employment/2023-01-25/debate/mul@/main.xml
2023-01-25,dail,debate,https://data.oireachtas.ie/akn/ie/debateRecord/joint_committee_on_enterprise_trade_and_employment/2023-01-25/debate/main,https://data.oireachtas.ie/akn/ie/debateRecord/joint_committee_on_enterprise_trade_and_employment/2023-01-25/debate/mul@/main.xml
2023-01-24,seanad,debate,https://data.oireachtas.ie/akn/ie/debateRecord/seanad/2023-01-24/debate/main,https://data.oireachtas.ie/akn/ie/debateRecord/seanad/2023-01-24/debate/mul@/main.xml
2023-01-24,dail,debate,https://data.oireachtas.ie/akn/ie/debateRecord/joint_committee_on_housing_local_government_and_heritage/2023-01-24/debate/main,https://data.oireachtas.ie/akn/ie/debateRecord/joint_committee_on_housing_local_government_and_heritage/2023-01-24/debate/mul@/main.xml
2023-01-24,dail,debate,https://data.oireachtas.ie/akn/ie/debateRecord/joint_committee_on_autism/2023-01-24/debate/main,https://data.oireachtas.ie/akn/ie/debateRecord/joint_committee_on_autism/2023-01-24/debate/mul@/main.xml
2023-01-24,dail,debate,https://data.oireachtas.ie/akn/ie/debateRecord/joint_committee_on_justice/2023-01-24/debate/main,https://data.oireachtas.ie/akn/ie/debateRecord/joint_committee_on_justice/2023-01-24/debate/mul@/main.xml
2023-01-24,dail,debate,https://data.oireachtas.ie/akn/ie/debateRecord/dail/2023-01-24/debate/main,https://data.oireachtas.ie/akn/ie/debateRecord/dail/2023-01-24/debate/mul@/main.xml
2023-01-24,dail,debate,https://data.oireachtas.ie/akn/ie/debateRecord/select_committee_on_environment_and_climate_action/2023-01-24/debate/main,https://data.oireachtas.ie/akn/ie/debateRecord/select_committee_on_environment_and_climate_action/2023-01-24/debate/mul@/main.xml
2023-01-19,dail,debate,https://data.oireachtas.ie/akn/ie/debateRecord/committee_on_public_petitions/2023-01-19/debate/main,https://data.oireachtas.ie/akn/ie/debateRecord/committee_on_public_petitions/2023-01-19/debate/mul@/main.xml
2023-01-19,dail,debate,https://data.oireachtas.ie/akn/ie/debateRecord/joint_committee_on_the_implementation_of_the_good_friday_agreement/2023-01-19/debate/main,https://data.oireachtas.ie/akn/ie/debateRecord/joint_committee_on_the_implementation_of_the_good_friday_agreement/2023-01-19/debate/mul@/main.xml
2023-01-19,dail,debate,https://data.oireachtas.ie/akn/ie/debateRecord/select_committee_on_housing_local_government_and_heritage/2023-01-19/debate/main,https://data.oireachtas.ie/akn/ie/debateRecord/select_committee_on_housing_local_government_and_heritage/2023-01-19/debate/mul@/main.xml
2023-01-19,dail,debate,https://data.oireachtas.ie/akn/ie/debateRecord/committee_of_public_accounts/2023-01-19/debate/main,https://data.oireachtas.ie/akn/ie/debateRecord/committee_of_public_accounts/2023-01-19/debate/mul@/main.xml
2023-01-19,dail,debate,https://data.oireachtas.ie/akn/ie/debateRecord/joint_committee_on_disability_matters/2023-01-19/debate/main,https://data.oireachtas.ie/akn/ie/debateRecord/joint_committee_on_disability_matters/2023-01-19/debate/mul@/main.xml
2023-01-19,dail,debate,https://data.oireachtas.ie/akn/ie/debateRecord/dail/2023-01-19/debate/main,https://data.oireachtas.ie/akn/ie/debateRecord/dail/2023-01-19/debate/mul@/main.xml
2023-01-18,dail,debate,https://data.oireachtas.ie/akn/ie/debateRecord/joint_committee_on_agriculture_food_and_the_marine/2023-01-18/debate/main,https://data.oireachtas.ie/akn/ie/debateRecord/joint_committee_on_agriculture_food_and_the_marine/2023-01-18/debate/mul@/main.xml
2023-01-18,dail,debate,https://data.oireachtas.ie/akn/ie/debateRecord/committee_on_budgetary_oversight/2023-01-18/debate/main,https://data.oireachtas.ie/akn/ie/debateRecord/committee_on_budgetary_oversight/2023-01-18/debate/mul@/main.xml
2023-01-18,dail,debate,https://data.oireachtas.ie/akn/ie/debateRecord/joint_committee_on_social_protection_community_and_rural_development_and_the_islands/2023-01-18/debate/main,https://data.oireachtas.ie/akn/ie/debateRecord/joint_committee_on_social_protection_community_and_rural_development_and_the_islands/2023-01-18/debate/mul@/main.xml
2023-01-18,dail,debate,https://data.oireachtas.ie/akn/ie/debateRecord/joint_committee_on_transport_and_communications/2023-01-18/debate/main,https://data.oireachtas.ie/akn/ie/debateRecord/joint_committee_on_transport_and_communications/2023-01-18/debate/mul@/main.xml
2023-01-18,dail,debate,https://data.oireachtas.ie/akn/ie/debateRecord/joint_committee_on_health/2023-01-18/debate/main,https://data.oireachtas.ie/akn/ie/debateRecord/joint_committee_on_health/2023-01-18/debate/mul@/main.xml
2023-01-18,dail,debate,https://data.oireachtas.ie/akn/ie/debateRecord/joint_committee_on_tourism_culture_arts_sport_and_media/2023-01-18/debate/main,https://data.oireachtas.ie/akn/ie/debateRecord/joint_committee_on_tourism_culture_arts_sport_and_media/2023-01-18/debate/mul@/main.xml
2023-01-18,dail,debate,https://data.oireachtas.ie/akn/ie/debateRecord/dail/2023-01-18/debate/main,https://data.oireachtas.ie/akn/ie/debateRecord/dail/2023-01-18/debate/mul@/main.xml
2023-01-17,dail,debate,https://data.oireachtas.ie/akn/ie/debateRecord/joint_committee_on_health/2023-01-17/debate/main,https://data.oireachtas.ie/akn/ie/debateRecord/joint_committee_on_health/2023-01-17/debate/mul@/main.xml
2023-01-17,dail,debate,https://data.oireachtas.ie/akn/ie/debateRecord/joint_committee_on_housing_local_government_and_heritage/2023-01-17/debate/main,https://data.oireachtas.ie/akn/ie/debateRecord/joint_committee_on_housing_local_government_and_heritage/2023-01-17/debate/mul@/main.xml
