date,house,debate_uri,speech_number,speaker,member_name,text
2025-11-05,dail,https://data.oireachtas.ie/akn/ie/debateRecord/dail/2025-11-05/debate/main,37,Deputy Mark Ward,Deputy Mark Ward,"deputy mark ward
          i thank the labour party for bringing forward this really important motion. i apologise to deputy sherlock for interrupting her photo opportunity earlier as that was not my intention.
           what underlies addiction is poverty, and a symptom of poverty is trauma and a symptom of trauma is addiction. it is a circle that keeps going around. i am from north clondalkin. i grew up there in the eighties. it was a time of economic hardship across the country but areas like mine suffered the most. we grew up in poverty. this is not me standing up and saying ""poor me"", because when i say i grew up in poverty i did not know it because everybody around me was experiencing the same thing. we simply did not know any better. what we did know was not to ask our parents for too much because it simply was not there. north clondalkin is an area of high disadvantage. i have seen the devastation drugs have inflicted in my area since i was a child. i live in the community still and i have seen the intergenerational addiction and trauma within families. this trauma, as i said, comes from poverty but also from parents of my friends being products of the industrial schools, the magdalen laundries and the mother and baby homes. i can speak to this from personal experience because my father was sent to work in the magdalen laundries at the age of 12. he is 72 now and is only starting to speak about it. this is the trauma people experienced and he knows i am speaking about this today. this trauma was unwittingly passed down by parents to the next generation.
           when i say ""area of high disadvantage"" i am speaking about the government policies of the time, like putting people from the same socioeconomic background into the same area at the same time without having the necessary infrastructure there. when i say we were disadvantaged and in poverty we were not in poverty because of a lack of character or of strength, because the people from my area – my parents, neighbours and friends – had to get out and fight for every single thing our area had, whether that is schools, something simple like buses, health centres and everything else. my very first interaction with activism was fighting for a school in my area. we were sent to a school that was deemed inappropriate for other pupils in a more affluent part of the constituency but it was okay for the students of greenfort, shancastle and harelawn to attend that school. that is what you are being put against. you had to fight that all the time. a lot of my family, friends and neighbours succumbed to addiction over the years. that is just a simple fact of things. while you cannot physically change the environment you are living in people look for alternatives and one of the alternatives they had to was to look at drugs, because they give people the ability to self-soothe and give calm to an anxious inner world. it is called getting out of your head for a reason. if you cannot get out of your estate you can get out of your head in a different way without having to move. it stops a problem for that very short time and then that problem turns into addiction.
           i have only got half a minute left, which i will use to speak about local services. i have worked for years in front-line addiction services in my area. i do not know how long we have been calling for multiannual funding for. it is so important because it would allow agencies that are dealing with the front line to forward plan to deal with things when they arrive at the door. we knew the crack cocaine problem was an issue long before it was being discussed in this house because the front-line services were seeing it, but they had not got the resources to go out and tackle it. we need multiannual funding. if i could get one thing out of today, it would be that."
2025-10-22,dail,https://data.oireachtas.ie/akn/ie/debateRecord/dail/2025-10-22/debate/main,48,Deputy Paul Murphy,Deputy Paul Murphy,"deputy paul murphy
          okay. the people who are driving this spoiled the vote process are part of the elite. they are not anti-establishment at all. they are a different, more socially conservative part of the elite than fianna fáil and fine gael. they are the opus dei wing of the establishment - wealthy fundamentalist catholics who want to drag us back to the ireland of the magdalen laundries, the mother and baby homes and the industrial schools. they want to make divorce and contraception illegal again. they want to abolish choice and bodily autonomy and force women back into the home.
           people have the right to spoil their vote; there is no question about that. however, if they do so, they will be being taken for fools, like the millions of working-class americans who voted for billionaire businessman donald trump because they thought he was anti-establishment. that is the reality. people who spoil their vote are offering to be the dupes of the irish millionaires. they should not be under any illusion that micheál martin, simon harris or heather humphreys will be upset. they will not be upset. all the spoiled votes will go into one big pile in the count centre. people in fianna fáil and fine gael will not care what people write on their ballot papers. the only thing they care about is that the more spoiled votes there are from people who are rightly angry with and alienated from the political establishment, the fewer votes there will be for the candidate who is not their candidate and the less embarrassing a defeat it will be for them and the establishment.
           if people want to strike a blow against the political establishment, against fianna fáil and fine gael, on friday, they should not spoil their votes. there are two candidates, one of whom will win. one is the government candidate and the other is an independent candidate backed by the opposition. one of them, like most ordinary irish people, voted ""no"" in the first nice and lisbon treaty referendums."
2025-10-21,dail,https://data.oireachtas.ie/akn/ie/debateRecord/dail/2025-10-21/debate/main,449,Deputy Simon Harris,Deputy Simon Harris,"deputy simon harris
            i fully agree with deputy moynihan. there are officially 12 areas of co-operation that cover a broad swathe of issues under the framework, including education, transport, healthcare and environment. however, i heard the former taoiseach bertie ahern make the point before, and he is entirely correct on this, that it is important that the meetings are dynamic. it is important that people move beyond their speaking points to actually having discussions about the issues that affect the people on the island of ireland. i must say that i feel that is happening more and more. i would use gender-based violence as an example of where we have been having really good conversations around how we can do more joint research in regard to this. another example is mother and baby homes, where the northern ireland executive and stormont are considering issues around that. they are looking for, wanting and receiving co-operation and an exchange of information from this jurisdiction too. storm éowyn is another example. this is where it simply makes sense to practically co-operate, alongside all the formal, structured engagement, which is very important too. it is moving into a much better place."
2025-10-01,dail,https://data.oireachtas.ie/akn/ie/debateRecord/dail/2025-10-01/debate/main,89,Deputy Catherine Connolly,Deputy Catherine Connolly,"deputy catherine connolly
          le 11 lá anois, tá ceathrar - triúr ban agus fear amháin - i mbun stailc taobh amuigh den dáil agus éilimh thar a bheith bunúsach acu. tá siad ag iarraidh rochtain a bheith acu ar phinsean ranníocach agus ar chárta leighis speisialta, an cárta haa. ceapann siad nach bhfuil an dara rogha acu ach leanúint ar aghaidh lena stailc ocrais. is mór an náire é go bhfuil orthu é sin a dhéanamh agus muidne inár suí anseo gan tada a dhéanamh.
           for 11 days now, four people have felt they have no choice but to go on hunger strike. they are drinking but they are not eating. i am extremely worried about those three women and one man who feel they have no choice but to go on hunger strike to have the most basic requests met. they are asking for a haa medical card and access to a contributory pension. nobody from the minister's government met them until monday. they are standing there and i am ashamed, as i would say most of my colleagues are, that those four people feel they have no choice but do to this to achieve something as basic as that.
           there has been a mean-spirited approach from this government and previous governments in relation to redress for people who have been in institutions. we saw this in the mother and baby home redress scheme, where babies under six months, those who were boarded out and those who suffered because of their mixed-race background were excluded. these four people have been in institutions and suffered intergenerational trauma. they have also worked in those institutions. what they are asking for is very reasonable.
           on every occasion, each government has been held to account but there have been no consequences. to go back, the special advocate for survivors, patricia carey, has said that the supports for survivors of residential institutional abuse act is not fit for purpose. the justice for magdalenes group has said ""the denial to institutional abuse survivors of the haa medical card is an intolerable injustice"". to go back further, mr. justice john quirke's primary recommendation for the magdalen survivors back in 2013 was exactly that, but this was ignored. coming forward to the mother and baby home report and the various processes that were set up following that, the oak consultation said clearly that a haa card should be provided. the department of education and youth's consultation with residential survivors under barbara walshe and catherine o'connell said that this is the most basic request and should be satisfied.
           i ask the minister to take action, to meet those four brave and courageous people who feel they have no choice, to look at this and to resolve the issue as soon as possible."
2025-10-01,dail,https://data.oireachtas.ie/akn/ie/debateRecord/dail/2025-10-01/debate/main,90,Deputy Jim O'Callaghan,Deputy Jim O'Callaghan,"deputy jim o'callaghan
          gabhaim buíochas leis an teachta as an gceist a chuir sí orm. is ceist an-tábhachtach í. bhí imní orm nuair a chonaic mé na daoine taobh amuigh den dáil cúpla lá ó shin agus iad ar stailc ocrais. beidh mé ag caint leis an aire oideachais faoin gceist sin.
           i am also very concerned about what i have seen recently. this issue was raised with me last week by deputy michael cahill. it is a matter of extreme concern that there are individuals who are making such dangerous efforts to make their point. it is a point they are making admirably but i urge them not to make it through hunger strike. like the rest of us, the deputy will be aware of the dangers such a strike poses to health. i ask those involved to try to engage.
           the deputy made the point that there has not been engagement. however, i understand that officials from the department of education and youth recently met directly with the group to listen to their concerns. the minister, deputy mcentee, also spoke to members of the group who were present during the passage of the supports for survivors of residential institutional abuse act 2025 in july. 
           one of the points the deputy made is that she wants the survivors to be provided with the haa card they are demanding. i will point out that the supports for survivors act enables the hse to provide a package of ongoing health supports and services to survivors. this entitlement will be for life and will not be subject to means tests or periodic reviews. however, i acknowledge that some survivors have sought the provision of what they refer to as a ""haa card"". it is important to note that the haa card provided under the health (amendment) act 1996 was introduced specifically to meet the very significant health needs of a particular group of individuals who contracted a serious and life-threatening condition. i believe it was individuals who had contracted hepatitis c as a result of the negligence of the state. the package of health supports to be provided under the supports for survivors act is the same as that previously provided to survivors and former residents of the magdalen laundry and mother and baby home institutions. the act therefore provides that survivors of industrial schools and reformatories will be treated consistently in this regard.
           i am also aware that another of the concerns of the survivors is that they want a pension top-up payment. again, it is acknowledged that there have been calls for the state to provide this pension payment to survivors and that payments of this type are made to survivors of the magdalen laundries. however, it should be noted that those payments reflect the very particular circumstances involved, where the women in the magdalen laundries were engaged in commercial work as adults, in some cases for many years, without appropriate contributions."
2025-07-17,seanad,https://data.oireachtas.ie/akn/ie/debateRecord/seanad/2025-07-17/debate/main,43,Senator Rónán Mullen,Senator Rónán Mullen,"senator rónán mullen
          i spoke yesterday about my concern about the religious orders' interactions with the state and the need for them to be very careful about being bullied by the state in the context of future redress arrangements concerning not abuse in schools, which is a very separate thing, but what happened in mother and baby homes. i do not suggest that there is not a case in some cases for redress but i am very troubled. i read this morning an excellent article by john mcguirk on gript about the tuam babies and the whole cultural narrative being presented around that. i have heard of no credible suggestion or evidence of foul play and heard of no finding by any commission about deliberate neglect. i have heard a whole lot of doubt about how and when a structure that may have had a connection with a sewerage system at some point in the past came to be used as a repository for some children's bones. i suspect i am one of many silent dissenters from the idea that the state should be digging up and examining the bones of long-deceased infants who were unfortunate enough in life to begin with and concerning whom no credible claims of foul play or deliberate neglect have been made, to my knowledge. i have secular friends who dismiss the exercise as a waste of money. it would not be a waste of money if there were a real and honest purpose, but how realistic is it to expect that this long forensic exercise will unearth any significant fact that will lead to justice for any person, living or dead? some see it as the state giving into performative politics or maybe catering to the asks of people who have been hurt in life in some way connected with the homes, and i understand that. i also wonder about the role of public commentators who are anti-catholic and who want to ferment public rejection of irish catholic heritage and culture. is that in play here?
           i am interested in the truth, but the truth is complex and textured. every time i hear rté talk about a disused sewage tank, i know what that is contributing to in people's minds, and it has very little to do with a broad understanding of historical reality. it is for that reason that i ask that we have a respectful debate in the autumn. i know it is irrevocable at this stage that this forensic exercise is going on, and i hope it leads to facts that will bring justice to some person living or dead, but i really doubt it. we should have a discussion about the tuam babies, the narrative around it, the role of the state, the way the state is acting on this, the type of motivations it appears to have and the way it publicly expresses its policy around this because i am not sure that justice is being done in the present in connection with the realities of the past."
2025-07-16,seanad,https://data.oireachtas.ie/akn/ie/debateRecord/seanad/2025-07-16/debate/main,84,Senator Patricia Stephenson,Senator Patricia Stephenson,"senator patricia stephenson
          last week's announcement of a commission of investigation into historical abuse is welcome, but it is not enough. the scope of the inquiry is too narrow and by design it risks repeating the mistakes of the past. sexual abuse is one part, a truly devastating part, of a much wider, darker history in our state. it is a history that includes physical violence, emotional cruelty, forced family separation and the selling of irish children into adoption overseas. this all happened with the knowledge of the state, and often with the complicity of the institutions of both church and state. nowhere is this more visible than in tuam, where work begins this week on the painful process of the exhumation of the remains of the 796 babies and children buried there. our thoughts this week and in the coming weeks should be with the mothers, children and families affected by this awful scenario. we also have other sites like it, such as bessborough house.
           catherine corless, working without funding or any fanfare, uncovered the truth of what happened to the tuam babies, the unmarked graves, the hidden past and the institutional silence. what she revealed was not just a local scandal; it was a national reckoning. however, to this day, we have not fully responded to that reckoning. we have not given those children or their mothers the justice they deserve.
           now, once again, with this limited commission we are drawing artificial boundaries around suffering. we are saying to survivors of forced adoption, to mothers who still do not know where their babies are buried and to families excluded from redress schemes because of arbitrary timelines that their pain is not enough. let us remember that just last week the supports for survivors of residential institutional abuse bill passed by the government excluded many women and children who suffered in the so-called mother and baby homes. this exclusion was not just a technicality. it was the arbitrary shutting out of anyone who had not lived in one of these homes for more than six months. that has caused real harm and pain to the people who were excluded.
           if we are serious about truth, justice and reconciliation, we cannot keep siloing suffering. we cannot keep revisiting our past piecemeal and asking survivors to relive their trauma just to be heard. the commission must be all-encompassing once and for all. it must include sexual, physical and emotional abuse, forced family separation and the system of institutional control that allowed it all to happen, because the truth does not come in parts and neither should justice."
2025-07-16,seanad,https://data.oireachtas.ie/akn/ie/debateRecord/seanad/2025-07-16/debate/main,85,Senator Rónán Mullen,Senator Rónán Mullen,"senator rónán mullen
          i welcome the minister.
           i welcome the inquiry and wish the judge well. i hope the process will contribute to the processing of pain from past injustices by survivors and to their getting the justice they deserve.
           i am glad this commission has a broad remit to include all schools. i understand the scoping inquiry grew out of the brave testimony by the ryan brothers and so on, but it was harmful that the state and original scoping inquiry confined itself to religious-run schools. we have to move beyond the black-and-white narrative sometimes preferred by politicians. there could be a public discussion of this. out in society there is a more textured and complex narrative, where for example there are many people of faith who want to see a full measure of justice, compensation and redress, where appropriate, where there was abuse or a failure to deal with it and so on, but at the same time reject any demonisation of religious-run education as a category in itself. that problem was contributed to by the state's inappropriate choice of focusing exclusively on religious schools. it contributed to an already unhealthy demonisation of religious-run education, coming sometimes from anti-catholic and other motives.
           saying all that, our first priority must be those who were abused and their entitlement to tell their stories, be heard, be believed and get justice. much is to be expected from religious-run schools, and they should certainly be leading the way in compensation. i understand many have preceded the state in their efforts to do the work of redress. it is something that government figures do not often acknowledge or acknowledge at all.
           there may well be parts of this story that show there were unhealthy aspects of a religious culture of authority or decision-making in boarding schools. time will tell if that were the case. however, even if it were part of the story, it is never the whole story. we have heard eloquent commentary from others here that this is a problem that has to do with all of society. it is a problem to do with wherever authority is exercised by some people over others. therefore, i hope we can find a way to do justice without demonisation. it should be possible, while condemning everything that was wrong and demanding justice, never to forget to mention the good, untiring, selfless contributions made by many religious congregations and individuals who were exemplary. that should never be forgotten or left out.
           the state could too easily in this set itself up as the adversary of religious orders and trusts in education. i should declare an interest here. i sat on the board of one of those trusts for almost a decade in the past and i know the good work they have done. people often describe this situation as one where religious orders pushed their resources into trusts so they could somehow escape accountability for wrongs. they put resources into these trusts because of the decline in vocations. they want to continue to provide education, which they have done for so long to the benefit of the state and from which countless people have benefited and which many people still want. this is part of the complexity everyone must face up to.
           it is easy for politicians to spend taxpayers' money, set themselves up in judgment and say they are going to go after religious orders, but the law must be followed. people are entitled to access the courts and to their constitutional rights. there should be an acknowledgement, as i said, of where the religious who have an obligation to redress wrong are already doing it. they will be looking carefully to see whether there is a trustworthy dialogue partner in the state or is it just opportunistic politicians who want to get a cheap grace by being seen to be the loudest in their condemnation of others, which is always an easy task.
           all that complexity is in there as we seek to put the rights of victims of past abuses at the very top and to tell the truth in a wholesome, holistic and comprehensive way in our society. we must draw a distinction between situations where past injustices occurred and have not been accounted for and situations which for example may have occurred in mother and baby homes where a number of reports have not found evidence or much evidence of abuse and wrongdoing.
          agents of the state have said they want to extract millions of euro from the legion of mary, which was exemplary in trying to keep mothers and babies in the past. that is the kind of thing that causes many people, including many people of faith, to distrust politicians and the state and to say they are not being fully honest brokers in the way they are dealing with this problem. while we all must unite in getting justice, including justice from religious orders where they failed in their responsibilities, let there not be opportunism here. let there not be a seizing on the latest popular political agenda at the expense of the truth and at the expense of a full measure of justice to all."
2025-07-15,dail,https://data.oireachtas.ie/akn/ie/debateRecord/dail/2025-07-15/debate/main,422,Deputy Thomas Gould,Deputy Thomas Gould,"deputy thomas gould
          a couple of days ago, i got a phone call from a guy i knew. he saw the minister talk about the commission of investigation. his voice was very low when i was talking to him. a member of his family was in the house and he did not want them to hear what he was talking to me about because of the shame and stigma that are still there. he did nothing wrong; he is a victim and a survivor. people want justice and for their voices to be heard. why has this taken so long? this man said he is not looking for anything; he wants his voice and his story to be heard. he is looking for justice. he is an exceptionally brave person, like everyone else who has been a victim of this abuse.
           the new commission of investigation will be a relief to many but it will also bring back the trauma of what they went through. i spoke to a mother and baby home survivor who said that every time she walks into a shop and sees the newspaper headlines or turns on the news, she is retraumatised and it brings it all back. there can be no more delays. this has to be moved on. i think everyone is of one mind that this work is really important and needs to be done. it should be borne in mind how difficult it will be for the survivors. they cannot be left waiting for answers. a lady contacted me last year who also falls under this commission of investigation. she said she was a damaged person. she has worked hard and done very well but she still suffers greatly. she deserves justice. justice delayed is justice denied. unfortunately, we have seen the cruelty of fianna fáil and fine gael in the mother and baby home redress schemes. i hope this government has learned from that and the mistakes of the past will not be made again. i was at an event last year where i met a fella i went to school with. there was a christian brother convicted of abuse and he pleaded guilty - brother brian in the north monastery. i was in the same year as this lad who was abused by this christian brother who went to jail. he is lucky he has a great wife and a great family. he and all these victims need support. some of them have had to do it alone and that is not right."
2025-07-15,dail,https://data.oireachtas.ie/akn/ie/debateRecord/dail/2025-07-15/debate/main,426,Deputy Robert O'Donoghue,Deputy Robert O'Donoghue,"deputy robert o'donoghue
          ireland has been scarred by decades of institutional abuse. due to the clergy, industrial schools, mother and baby homes and magdalen laundries, nearly every family in ireland has felt some trace of pain. it is not lost on me that we are discussing this topic when excavation work is starting on the mother and baby home in tuam. survivors have been denied justice for far too long. i welcome the announcement by the minister, deputy mcentee, that the government is to establish a statutory commission of investigation into historical sexual abuse in schools. however, i do not believe that survivors should need to wait five years for the outcomes of the process. this move is long overdue. it only came about thanks to the bravery of survivors, advocates, the findings of the scoping inquiry and the tireless work of campaigners who fought for truth and justice for so many years. this commission is a vital step forward, a chance to uncover truth, accountability and justice and to shine light on the dark and painful reality of the abuse that occurred in our schools. we need to look at why allegations and concerns were ignored and concealed over so many decades in hundreds of schools, most of them run by religious orders.
           we owe an enormous debt of gratitude to the survivors and to every person who has come forward to share their trauma. i would like to acknowledge the enormous work done by one in four, which worked persistently to help survivors to break the silence surrounding childhood sexual abuse. its courage helped to expose one of the most shameful chapters in our education system. this process must be about making sure these voices are heard. for survivors who have never spoken about the horrors they experienced, i urge them to come forward to take part in this investigation. they will be supported every step of the way.
           while this commission is hugely welcome, it must not stand alone. survivors have been clear. this cannot just be symbolic. we must include real accountability from religious orders' school bodies responsible. that needs financial contributions too because burdens of redress should not fall on the taxpayer alone. the labour party is again calling on the government to establish a redress scheme in parallel with the commission. survivors should not be forced to wait years for justice. that redress scheme must be fully resourced, transparent and led by survivors. it is also essential that religious orders, many of which are directly responsible for the schools involved, pay their fair share. they must not be allowed to hide behind legal loopholes, trusts or technicalities to avoid their obligations. the labour party brought forward its bill in order to remove the very obstacles that have for so long stood in the way of redress.
           i take this opportunity to highlight the critical and central legislation brought forward by my colleague deputy ivana bacik on behalf of the labour party. deputy bacik worked tirelessly on the civil liability (child sexual abuse proceedings against unincorporated bodies of persons) bill, which is designed to remove the legal barriers that have prevented many survivors of institutional abuse from taking civil actions against religious orders responsible. for too long, these institutions, many of them unincorporated bodies, have evaded accountability by hiding behind complex legal structures and transferring assets into lay-run trusts. survivors have faced enormous obstacles when seeking justice. this legislation, brought forward by the labour party, would change that. it would also allow survivors to bring civil claims directly against unincorporated bodies such as religious orders. crucially, it gives courts powers to access the assets held in associated trusts, even where these trusts were set up to shield an institution from liability. it is a simple principle: if you are responsible, you must be accountable.
           survivors must not be met with silence or legal gymnastics. they deserve a fair pathway to justice. this bill is about making sure no institution can hide from responsibility any longer. we call on the government to support the bill and act now to deliver real justice for survivors. the labour party's bill would create a clear and immediate pathway to justice and we call on the government to support it without delay.
           this moment calls for more than words; it calls for firm action. now is the time to stand with those survivors to ensure they are heard and make sure that those responsible are finally held to account. survivors have waited long enough."
2025-07-15,dail,https://data.oireachtas.ie/akn/ie/debateRecord/dail/2025-07-15/debate/main,429,Deputy Ruairí Ó Murchú,Deputy Ruairí Ó Murchú,"deputy ruairí ó murchú
          i do not think anyone is going to stand up and say they are not happy or relieved, if those are the right terms, at the establishment of the commission of investigation into the handling of historical child sexual abuse in day and boarding schools. sometimes when you say it quickly, you do not get the full ramifications of what we are talking about.
           we know there have been huge failures in relation to children, women and a whole cohort of people. we know the issues people have had in fighting the state and how the state has fought back when it should not have. we should have had accountability and transparency, and those needs should have been addressed. we acknowledge that even late, it is better that this finally happens.
           we know we still must deal with issues such as those who suffered the brutal abuse of michael shine. we know how long it took those women who suffered symphysiotomy to get an element of justice. i agree with many other deputies that when we talk about mother and baby homes and all the rest of it, and when we talk about the number of religious orders and their history of abuse, there has been abject failure to hold them properly to account. i agree with what many others have said. it is not good enough. we must ensure that legal technicalities are not good enough. we can see what the christian brothers and others have done to try to protect themselves when they failed miserably to protect children. there is no greater sin.
           we welcome that this is happening. as i say, it is not before time. we must ensure the commission deals with all the cases it should. we need to look at issues in respect of those who suffered physical abuse. i previously brought up an issue with the minister, deputy foley, and, in fairness to her, there has been some decent engagement.
          it related to a man who, when he was eight, in 1970, in dublin, suffered brutal physical and sexual abuse. it is only when you deal with this that you realise just how real and how terrible it all is. we need to deal with what has been an absolutely brutal legacy in this state. there are other issues - unfortunately, there always will be - but we need to deliver justice for people a lot quicker."
2025-07-15,dail,https://data.oireachtas.ie/akn/ie/debateRecord/dail/2025-07-15/debate/main,431,Deputy Jennifer Whitmore,Deputy Jennifer Whitmore,"deputy jennifer whitmore
          i welcome this bill and acknowledge the fact that the minister has progressed this very quickly in her position. my colleagues will go into more detail about the specifics of the bill, but i will just use these few minutes to ask that when the government is looking at this redress scheme it learns from previous redress schemes and the mistakes we have made in the past. oftentimes our previous redress schemes retraumatised and really failed people over and over again in the most public and inhumane way.
           i want to talk specifically about westbank orphanage in greystones, wicklow. there were 30 to 50 children in westbank orphanage at any one time. it moved to wicklow in the 1940s and closed its doors only in 2002. the children within that orphanage were beaten with electric flexes and coat hangers. they were starved. they were used as forced labour. they were trafficked up to the north to unregistered foster homes. they were used for fundraising purposes by the woman who ran that home. she treated them absolutely awfully. the children even lost their names in that process. they all had to have her name, mathers, so they did not know who they were and it was years before many of them even realised that their own brothers and sisters were living with them in that home. it is really awful that the trauma of the children - they are adults now - who suffered at the hands of that woman was not acknowledged by the state and was left out of the mother and baby home scheme. they asked in 2014 and james reilly at that stage refused to incorporate them into it. they have spent all that time fighting and pushing for their trauma to be acknowledged and for them to be recognised.
           i welcome the fact that the minister of state, deputy neale richmond, in the seanad in recent weeks has acknowledged the difficult time those victims experienced. he called it out for the historical injustice that it is and gave a personal commitment to get the institution included in the redress scheme. he also said the tánaiste, deputy simon harris, would also support that, not in this scheme but in the previous scheme. i welcome that move and i absolutely will work with him as much as possible to get this done. these people have been calling for this for many years, so i hope that in this term of government, finally, they will be heard and acknowledged."
2025-07-15,dail,https://data.oireachtas.ie/akn/ie/debateRecord/dail/2025-07-15/debate/main,437,Deputy Ruth Coppinger,Deputy Ruth Coppinger,"deputy ruth coppinger
          i declare my solidarity with all those affected and their families, who still bear the scars and carry the legacy of this abuse. so many abused children went on to develop addictions and health issues as a result of the heinous trauma inflicted upon them. the scale of abuse that was revealed in the scoping inquiry that led to this commission is simply astounding. a total of 2,395 allegations of abuse have been made against 888 alleged abusers but, again, this was in a very small range of schools. shockingly and sickeningly, almost one quarter were in schools for children with additional needs. we must bear in mind that the inquiry was limited.
           the revelations of child sexual abuse in schools run by the spiritan religious order, particularly blackrock college, where adult men bravely spoke out - i salute them - about their ruined childhoods at the hands of abusers, indicate massive under-reporting of male abuse generally. we need a secular, objective sex education programme to educate children about abuse - something the religious orders that run these schools have resisted at every hand's turn, along with the far right, on the grounds of protecting children. 
           physical abuse has not been included and no redress has been indicated. for far too long, whenever it is put under pressure from a particular scandal or revelation, the irish establishment has commissioned piecemeal reports or commissions, as seen by the official commission into the mother and baby homes. they have been designed to reveal as little as possible, not just to protect the church, but also to shield the political establishment and indemnify the state financially. we have a redress scheme operating for the mother and baby homes that excludes many. we need a real reckoning with the gross abuse that took place arising from the inordinate power given to the catholic church by the irish state in the century since independence. rather than establishing public systems of education, health and care, the state handed over control of these to the church, which resisted any feeble efforts made to establish public education and health.
          this is not an historical issue as 90% of primary schools are still religious-run and just 5% are multidenominational.
           on redress, it is time to seize the church's assets. we all know the money is there. the widespread abuse was inevitable when secretive organisations like this existed. the christian brothers have paid €54 million officially, which is a drop in the ocean. we all know they are hiding money. the figure for the spiritans is €157 million, for the brothers of charity, it is €33.9 million, for the jesuits, it is €43 million and for st. john of god, it is €54 million. it is time for the criminal assets bureau to get that, to take their land and money so they can atone for what they did."
2025-07-15,dail,https://data.oireachtas.ie/akn/ie/debateRecord/dail/2025-07-15/debate/main,439,Deputy Catherine Connolly,Deputy Catherine Connolly,"deputy catherine connolly
          in my four minutes, i will make some general comments rather than going into the terms of reference, although i share the difficulties. i would have preferred if the terms had come before the dáil so we could have looked at them and discussed them. we should have learned from previous debacles, but that has not happened. i welcome the minister’s work but we are now left with a fait accompli in relation to the terms of reference.
           we are looking at the period from 1927 to 2013. incidentally, 2013 was the year the magdalen report came out and, finally, the state could not get away from the one strong finding that it was fully involved in the oversight of the magdalen laundries and in using them and providing money. we have had over 100 years of institutionalisation and utterly failing to learn. we have terms of reference here setting out how we have failed to protect children and prevent sexual abuse, the concealment of sexual abuse and so on. this is not new. in my time, we had an apology from the taoiseach in 1999. ten years later, the ryan report showed systematic and systemic abuse at every level in the boys’ industrial schools and serious emotional and physical abuse in the girls’ schools. that was in 2009. we then had the murphy report on the archdiocese of dublin and the ferns report on wexford, which makes for the most difficult reading. i cannot imagine what it was like for the victims. we had this over and over. in the case of the mother and baby homes report, even though the body of the work is very good, the executive summary is absolutely appalling. it distinguished between contaminated evidence, which was that of the survivors, and those whose evidence had great value placed on it, namely, the social workers, the religious orders and so on. have we learned from that? have we learned from the redress scheme i attended – i am giving it the wrong name – in dublin, where, even now, i would still be committing an offence if i dared to tell what award was given to the person i represented? even more important, that person would still be committing an offence if they disclosed.
           then, there is the mother and baby homes redress scheme. i feel the minister’s former cabinet colleague, deputy o’gorman, was captured by the department. babies under six months were left out of that scheme. imagine leaving out babies under six months. the minister has been there as a mother. we were told the logic, which was that six months did not matter, the babies' brains were just a tabula rasa, let them cry, it did not matter. it was only after six months they suffered and so we then included them in the redress scheme.
           what i am saying with all this – and i have very little time left to say it – is that the institutions have been forced every step of the way. the religious orders have not come on board at all. each government has been forced every step of the way to do something on the backs of courageous victims, in this case, the two ryan brothers, one of whom is now dead. we saw their courage in coming forward in an rté programme. that has been the same throughout, so one has to ask the question how come there has been report after report and still no proactive action from a government, except to set up another commission because the evidence of the thousands of allegations is so overwhelming. what type of society allowed sexual abuse to go on while we decried talk about sexuality as abnormal? that is the environment we were raised in. one did not talk about sexuality, the normal part, while the perverse and perversity continued. while i welcome this commission, i am not full of hope given my experience of commissions of inquiry and given the grace case and so many reports.
          i hope i am wrong."
2025-07-15,dail,https://data.oireachtas.ie/akn/ie/debateRecord/dail/2025-07-15/debate/main,442,Deputy Pa Daly,Deputy Pa Daly,"deputy pa daly
          we welcome the establishment of this commission of investigation into historical sexual abuse in schools. it is long overdue, of course. the commission must seek to acknowledge the harm done to the thousands of children in this state. we urge that the commission is carried out in a proper manner, avoids the failings of previous commissions and that it puts survivors at the very heart of everything.
           i previously mentioned to the minister some of the other survivors of mother and baby homes, for example, and the good work being carried out by the coventry irish society. i am hoping the minister can look at that again. it does specialist support work with survivors in the west midlands. its accommodation is inappropriate at the moment in that it is an open-plan office on the fourth or fifth floor of eden house near the railway station in coventry. i ask the minister to try to find some resources in the upcoming budget so that a proper place can be put in to deal with all the services it provides, such as counselling, for the survivors all over the west midlands.
           i also wish to mention the report this morning about the camhs cases in kerry. although it is slightly tangential, it is important. there are children who have been let down negligently by the state. there are two problems. i do not believe for a second that the evidence and information are not available to publish the north kerry report. this has been going on for three years. i do not know what is going on inside the hse, but the information is there. we have been saying for years now that it is going to have to be opened up and that all of the north kerry cases should be established. while the scheme is working quite well, people whose care commenced prior to 2016 are excluded from the scheme, even those people who have been given the exact same apology as the people whose treatment occurred between 2016 and 2022. people outside of the south kerry area are also excluded from the scheme. as a result of that, there is another further injustice being done to the families and those children. what is the injustice? it is that the people who are in the scheme get €5,000 to help their case, while those outside the scheme are further punished because they have to dig into their own pockets or find €5,000 so that they can achieve justice. it is going on and on. i cannot understand it. people in the hse cannot understand it. why is the scheme not being opened out? i ask the government to address this gaping injustice in the way the scheme is being operated.
           to go back to the point in hand, i welcome that this is finally taking place. i know the minister’s heart is in the right place. i am sure the commission will be established, be survivor-centred and that the justice survivors deserve will be achieved."
2025-07-09,dail,https://data.oireachtas.ie/akn/ie/debateRecord/dail/2025-07-09/debate/main,91,Deputy Ivana Bacik,Deputy Ivana Bacik,"deputy ivana bacik
          i begin by welcoming an important young visitor minnie mcdermott to the visitors gallery.
           i again welcome yesterday's announcement about the establishment of a commission of investigation into sexual abuse in schools. i pay tribute, as i know we all do, to the ryan brothers, david and the late mark, for their bravery in stepping forward and speaking out about their experiences of abuse. we owe an immense debt to them and to all those survivors who have spoken out and shone a light into the dark and shameful past of abuse in schools. their courage provided the impetus for mary o'toole's scoping inquiry which has now led to this commission.
           however, we must learn lessons from past investigations and inquiries, some of which we know failed to deliver truth, justice, accountability and indeed healing for victims and survivors. as a barrister, i represented survivors of abuse in court and before the residential institutions redress board in the past. there i witnessed the deeply traumatic impact that flawed procedures can have for survivors in bringing complaints of childhood abuse. many survivors described to me their experience of being retraumatised by flawed and unduly complex and cumbersome processes, for example, before the redress board in the 1990s.
           more recently we know the terms of reference of the commission of investigation into mother and baby homes excluded a great many people who had suffered immensely. in addition, when the work of the commission was completed, its findings found their way to survivors through a leak to the press, which was unacceptable. even now it is really unfortunate that victims have been left waiting years for appropriate redress. we must ensure this new and welcome commission avoids the mistakes of the past.
           i welcome that the taoiseach has spoken of an inclusive and survivor-led approach, which is vital. however, we also need to ensure that religious orders that were complicit in the sexual abuse of children should be required to provide appropriate redress to survivors. one survivor louise o'keeffe told ""morning ireland"" today that the framework is there. we must also ensure access to redress for survivors on a timely basis. i raised this with the taoiseach during the taoiseach's questions session yesterday. i raised the question of a parallel redress process. i think he might have misunderstood me because in his reply he said it would not be possible to set up a redress scheme in advance of an inquiry; i accept that. however, we asked that a redress scheme might run in parallel with the commission. we are conscious the commission will run for at least five years and we do not believe survivors should be forced to wait a further five years for the outcome of the process.
           returning to the question of redress, survivors need assurance that organisations, religious bodies, religious orders and the church that were accountable and responsible for abuse should be made to pay. church and state and also religious orders played a shameful role as we know. in particular within religious orders, clerics were allowed in some cases to perpetrate appalling crimes against children with impunity. we need to go further than condemnation; we need to remove legal obstacles to pursuing religious orders. labour produced a bill to do that. will the government accept that bill and move forward? will the taoiseach ensure redress is available to survivors within five years?"
2025-07-01,seanad,https://data.oireachtas.ie/akn/ie/debateRecord/seanad/2025-07-01/debate/main,35,Senator Laura Harmon,Senator Laura Harmon,"senator laura harmon
          i speak about two issues. the first relates to student fees. as we heard over the weekend, the minister, deputy lawless, announced the intention to again increase student fees by €1,000 in the upcoming budget. i have been contacted by many students and families over the past 48 hours who are extremely stressed and worried about this and the lack of clarity in relation to it. we know from a study last year by ucc students' union that more than a quarter of students have gone to class hungry. we know that rents are rising. in cork alone, the average rent is €2,200 per month. there is still a cost-of-living issue in this country, and we know it often takes families to put a student through college. i note at the end of 2024 there was an accumulated surplus of €1.8 billion in the national training fund.
          perhaps this is something that could be looked at as it needs to be spent on educational purposes, and the cost of the €1,000 fee increase is estimated at €99 million. there has been a lot of flip-flopping on this issue. the programme for government from six months ago states that the student contribution will be decreased over the lifetime of the government. starting with an increase of €1,000 is a very poor beginning. i will be the first person to commend the minister, deputy lawless, if he can fight for this budget as minister. not everybody within the government is in agreement. the opposition will hold a protest at 6 p.m next tuesday outside the gates of leinster house. i spoke to all opposition spokespersons on further and higher education yesterday, and we will be joined by the union of students in ireland, as well as students and their families. that will happen at 6 p.m. next wednesday and i would like to extend the invitation to fine gael. if its members would like to join us, they will be more than welcome. something needs to be done on this. students have been let down in recent weeks. there was also flip-flopping in the context of the comments of the minister, deputy browne, who stated there would be protections for student renters, but those protections were not introduced as part of recent legislation .
           the second thing i wish to address is bessborough. i was at the bessborough mother and baby home commemoration on saturday and i was deeply moved by the stories from survivors and campaigners. it was great to see the taoiseach there lending his support as well. i note that 923 children whom we know of died at bessborough, as well as 31 women. many of them are missing in the sense that we do not know where they are buried. it is very important that not a single shovel is laid down on that site and nothing is built upon it. it needs to be preserved as sacred ground. i absolutely support the calls from campaigners and survivors in respect of that. bessborough mother and baby home only closed in 1998 so this is a huge part of our recent history that we need to reckon with."
2025-07-01,seanad,https://data.oireachtas.ie/akn/ie/debateRecord/seanad/2025-07-01/debate/main,55,Senator Seán Kyne,Senator Seán Kyne,"senator seán kyne
          i thank all senators for their contributions. a number of issues were raised but i will start with the one that was raised the most, which was student fees. it was raised by senators nelson murray, harmon, scahill, maria byrne, clifford-lee, duffy, cathal byrne, boyle, ahearn and comyn. i draw people's attention to the programme for government and to the private members' business that was debated in this house on 7 may. it was in the name of fine gael senators and was supported by all parties. the minister himself attended for that debate, which agreed the presentation to continue to reduce the student contribution fee during the government's lifetime. the programme for government also commits to having no surprises. comments made last april which encouraged fine gael to table private members' business at the time and again last week certainly were a surprise. they were not agreed, and that is the important point. normally, when ministers fly kites it is on something they know will happen in a positive fashion. this was a strange kite to fly and it has taken off into outer space. i hope it can be recovered because it is the right thing to do to continue to reduce the burden on students. we must remember as well that it is not just €1,000. that €1,000 has to be earned, so that is €2,000 gross. if you have two kids, that is €4,000, and if you have three it is €6,000 that has to be earned to pay for that. the government has to decide on this. it is right that no decisions have been made and that this will be part of budget negotiations. there is a commitment from the tánaiste, as the first minister for further and higher education, that the fees would be reduced over the lifetime of the government. as others here have said, it would be a bad start if fees were to be increased on this occasion. i will certainly raise that on the senators' behalf with the minister, deputy lawless, and the minister, deputy chambers.
           senator fitzpatrick raised the welcome news of pre-legislative scrutiny of the occupied territories bill commencing and commended senator black. she also called for a debate on the post office network. i will request that the minister of state, deputy mcconalogue, come to the house to talk about this issue. senator fitzpatrick also wished dessie farrell well in his retirement.
           senator nelson murray mentioned the proposed 17% rise in personal injury awards. she is passionate about this topic and spoke about it in the house in the context of the motion on insurance. as i understand, this is to go before the cabinet subcommittee on insurance before going to cabinet. there are now rules in relation to sme tests. it is an important issue. we will see what comes out of that. it has to be voted on subsequently by both houses.
           senator clonan raised the protest in washington d.c. and what happened there. i had not seen it but it is not hard to believe at the moment. he also raised issues regarding last week's debate on his disability bill. he asked for an discussion on that early in the new year when we come back following the review of the pilot scheme. i will keep that in mind and try to arrange that.
           senator collins raised issues regarding foster children and the means test. perhaps she could submit a commencement matter. it will have to be looked at the context of budget proposals.
           senator harmon also raised bessborough mother and baby home and argued that the site needs to be protected. i concur. perhaps she could submit a commencement matter on that and she might get a more direct response on what is happening. 
           senator maria byrne raised vaping. the issue is a particular passion of hers. i know she is a member of the health committee. i will get an update from the minister, deputy carroll macneill, on that.
           senators keogan, o'reilly, clifford-lee and mccarthy all raised issues in relation to women's aid, women's rights, women's prisons, the case of sarah montgomery and domestic violence. senator o'reilly raised the issue of a refuge in cavan. i do not have an update on the specific case in cavan. i am sure she could raise it in the house as a commencement matter. it is the right thing to have a refuge in every county and, indeed, there may be a requirement for more than one. that would certainly be the case in cities or larger counties. it is the least that can be provided to ensure there is safe place for women and their children. i will call for a debate on prison spaces and women's prisons, as the senator raised. on what senator keogan raised, i am not familiar with what bill will come before the house. it is not on my radar at the moment but there will be an opportunity to debate those issues at that stage.
           senator boyle raised issues regarding irish water and malin head. as he knows, there are oireachtas phone lines to irish water. he can also engage locally with the people involved in the different projects and issues in donegal. we have those contacts in galway and i assume it is the same in donegal, whereby we have to speak directly to people about issues like that. nevertheless, he is right; information is key to keep people informed of what is happening. if the water will not be back until tomorrow or the day after that, at least people would know and have access to another supply.
           senator craughwell raised the debate last week and today at the defence and national security committee and talked about the bounty scheme to encourage air traffic controllers to come back. he stated that the measures put in place will not assist in getting people back. i encourage him to raise that perhaps at the next private meeting of the defence committee or to submit it is as a commencement matter to get a more detailed response."
2025-07-01,seanad,https://data.oireachtas.ie/akn/ie/debateRecord/seanad/2025-07-01/debate/main,69,Senator Victor Boyhan,Senator Victor Boyhan,"senator victor boyhan
          i thank the minister and her officials for being here today. i thank all of the guests here. it is great to see so many people here. it is interesting to see that with the exception of two or possibly three men, they are all women. while this is a family matter, it is a particularly important piece of legislation. it is great to see so many people here and no doubt they will have an opportunity to read up on this again at some other point.
           i will be moving amendments nos. 9 and 13. for those in the visitors gallery, the bill is the supports for survivors of residential institutional abuse bill 2024. there are a number of reliefs and proposals by the minister for education, who is taking the bill at this stage. amendment no. 9 relates to the transfer of data from residential institutions and from the redress board to the minister and the disclosure of such information. it also seeks to allow the minister to disclose personal data to a former resident of a residential institution on request. amendment no. 13 seeks to amend the residential institutions redress act 2002 to remove restrictions on applicants to publish information relating to their own personal application or a reward they may have received under the act. currently, survivors are not allowed to publish any information concerning their own applications or relating to an award received that could lead to the identification of an institution or a person, including the applicant himself or herself.
           this is about the ownership of the story and, of course, about the victim of abuse, the survivor or the affected person whom we talk about. we talk about people who were in institutional schools, mother and baby homes and other people. for the many people who do not quite understand it, a journalist stopped me today and asked how it is that only certain institutions that were, supposedly, responsible for the care of children were on the schedule and others were not. i was talking in the context of an horrific story that was covered in our national press last sunday, where a brother in a religious institution and school in blackrock has received just short of a five-year sentence after many years. that school was st. augustine's in blackrock. it is an horrific story. i journeyed with one of the victims and assisted him in navigating the possible remedies open to him.
           i remind the minister of something because i think it is important for all of us in this house to remember. that particular institution, st. augustine's, which was run by the st. john of god order in blackrock, was not on the original schedule for redress but, despite many objections, we managed to get it included. that is a case in point, when we look back on the history of this. this was recorded in great detail in the irish mail on sunday and a number of other newspapers last sunday. here was an institution with hundreds of boys and, later, girls who went through an institution that was a school - it was carrying out the curriculum of the department of education - for children who were classified as slow learners or having special needs. a very high percentage of those children who resided or did not reside there came from nearby residential institutions, some of which qualify for redress.
           i do not really want to open this up today as it would not be appropriate, but this makes the point that there may still be people, adults now, whose institution was not included in the schedule and, hence, they would not benefit. only the people whose institutions are on the schedule are going to benefit from this redress. one of the terrible tragedies and anomalies of this scheme is that people, who were children and are now adults, whose institution, for whatever reason, was not included in the schedule are not getting the same redress. that is unfortunate. later, i will touch on some ideas i have about how we can be inclusive of everybody. we should not be excluding people. i know there is a bureaucratic system in play, and parameters and guidelines had to be drawn up, but people are excluded.
           to return to the amendments, they are about ownership, as the minister will appreciate. of course, the amendments were put together by senators higgins and ruane, who are strong supporters of equality, redress and a fair deal for the victims and survivors of institutional care and institutional organisations in the state. unfortunately, they are tied up with other parliamentary business and cannot be here. however, they have impressed upon me the issue of the ownership of these documents. people took risks. people went out and told their stories. it is never easy to tell your story about abuse.
          you bring a certain amount of guilt. you also bring a focus on your family, particularly if it is rural and isolated. people do not necessarily want to confront or talk about the horrific abuses. what this deals with are critical issues around the rights of access to information, particularly information of vulnerable people, who have now, after many a years-long journey, been able or felt empowered through supports of others to be able to share their story. it has been a discovery for them too, for much of this information was not known to them in earlier years. the minister has got the gist of what we are talking about and i look forward to her response."
2025-07-01,seanad,https://data.oireachtas.ie/akn/ie/debateRecord/seanad/2025-07-01/debate/main,78,Minister for Education and Youth (Deputy Helen McEntee),Minister for Education and Youth (Deputy Helen McEntee),"minister for education and youth (deputy helen mcentee)
          i thank colleagues who have contributed. referencing another point that they made, separate to amendments nos. 9 and 13, i fully accept that there are institutions or individuals who are not included in this redress scheme. it is important to note whether it was this particular scheme, the residential institutions redress scheme back in 2002, or even more recently, the mother and baby homes scheme at different stages before it came into law and before any of the supports were provided, different institutions were included along the way and there were increases in the numbers of those who could avail of the supports. i acknowledge that does not include everybody. we obviously have further work to do. it is something that i will be working on through the department of education and youth, particularly looking at our schools. that will be at cabinet shortly, as well as looking at a wider commission. there is still work to do, which i acknowledge, but it is important to say that some institutions were brought in under these schemes and others that we are not speaking of here today.
           specifically on the amendments, i fully agree with the intention behind the first amendment. the reason i am not accepting it is that it is already provided for in law. section 18, in particular, provides for the transfer of a certain set of data from the residential institutions redress board to the department, specifically the name, address and the date of birth of each person who received redress from the board back when it was open. the amendment proposes that any individual whose information has been provided would be able to access that.
          the very clear advice i have been given is that this is already provided for under existing data protection and freedom of information rules. these provisions would, in effect, double up on the existing legislation, which applies to the individuals we are discussing. the only reason i am not accepting the amendment is that provision is already there for what it proposes. individuals' ability to seek information already exists under freedom of information and data protection laws. it is really important that people can access that data.
           i am not able to accept amendment no. 13 for a different reason, which is that it would undermine the basis under which the redress scheme was brought into play. we discussed this the previous day, particularly in the context of people choosing to access the redress scheme or go the judicial route. the redress scheme was not a judicial process. it did not involve finding anybody guilty or at fault. the scheme was put together on that basis and we must protect the privacy of everybody involved, not just those who received redress. while i appreciate and acknowledge that the amendment provides only that the applicants to the scheme have access to information, that process could, in turn, identify another individual who has not gone through a legal or judicial process. for that reason, i cannot accept the amendment. i understand the reasoning behind it, which is to make sure individuals can access their information, but what is proposed goes beyond what is allowed for within the redress scheme. where possible, at every step of the way, we must ensure individuals who received redress under the scheme have access to their own information as readily and easily as possible."
2025-07-01,seanad,https://data.oireachtas.ie/akn/ie/debateRecord/seanad/2025-07-01/debate/main,89,Senator Laura Harmon,Senator Laura Harmon,"senator laura harmon
          i wish to briefly speak to support and second the amendment. i welcome the women in the gallery. i thank them so much for being here. it is wonderful to have them here for this debate. i thank them for their continued campaigning and advocacy. i commend my colleague, senator boyhan, on his powerful contributions and advocacy on this.
           this amendment is extremely important because it is about follow-through and ensuring that we monitor and evaluate the scheme and the uptake of it, the range of supports that have been provided and given out and any appeals and complaints that may be received as part of this. it is extremely important that we evaluate the survivors' experiences of the scheme because we do not want to retraumatise survivors as part of this scheme. subsection (3) is really critical whereby ""the minister shall consult a panel of survivor representatives appointed in accordance with principles of transparency and independence"". survivors need to be part of this scheme throughout the process and into the future.
           i will take this opportunity to say that this is a moment in our history and a reckoning for us as a country. we must acknowledge the architecture of containment we had in 20th century in our society, how we treated people and how we subjected children, women and men - those in society whom we shunned; the most vulnerable - to subhuman treatment and slave labour. we must acknowledge the trauma that was experienced by these people and the intergenerational trauma and lifelong effects, which no scheme will ever be able to fully put right. we can only do the best we can, however. we need to ensure that this amendment is accepted as part of the bill. i wish to put on the record my support for the survivors. connected to this, i attended the commemoration at the bessborough mother and baby home location at the weekend. we heard from other survivors who have been mistreated and traumatised by the state and religious institutions and orders in this country. it is an absolute stain of shame on this nation what we have done to thousands of people. it is a stain of shame on our history. we need to absolutely ensure that people have access to the justice they need and deserve."
2025-07-01,seanad,https://data.oireachtas.ie/akn/ie/debateRecord/seanad/2025-07-01/debate/main,96,An Cathaoirleach,An Cathaoirleach,"an cathaoirleach
          i welcome to the distinguished visitors gallery survivors of the mother and baby homes: sheila o'byrne, who was in st. patrick's mother and baby home, navan road, dublin, miriam moriarty owens, who was in pembroke alms industrial school, later nazareth house, tralee, mary smith, who was in sunday's well magdalene laundry, clonakilty, and mary dunleavy greene, who was in mount saint vincent's, o'connell avenue, limerick.
           senators may make remarks on the bill."
2025-07-01,seanad,https://data.oireachtas.ie/akn/ie/debateRecord/seanad/2025-07-01/debate/main,98,An Cathaoirleach,An Cathaoirleach,"an cathaoirleach
          i thank the senator for being a voice for the people who found themselves in the industrial schools, magdalen laundries and institutions where so much pain occurred.
           before we took the vote, i was reading the names into the record but the recording did not occur. before i ask senator boyhan to take the chair for the remaining part of this bill, which i think is fitting and appropriate, i welcome to the distinguished visitors gallery: sheila o'byrne, who was in st. patrick's mother and baby home, navan road, dublin; miriam moriarty owens, who was in nazareth house, formerly pembroke alms industrial school for girls, tralee; mary smith, who was in clonakilty and also in the sunday's well magdalen laundry; and mary dunleavy greene, who was in mount saint vincent's, o'connell avenue, limerick.
           i ask senator boyhan to chair the remainder of the bill."
2025-06-25,seanad,https://data.oireachtas.ie/akn/ie/debateRecord/seanad/2025-06-25/debate/main,74,Senator Victor Boyhan,Senator Victor Boyhan,"senator victor boyhan
          i move amendment no. 1:
          in page 9, between lines 25 and 26, to insert the following:
          ""(iii) the payments for educational services and supports shall be subject to a review on an annual basis."".
           i, too, welcome every visitor to the gallery here today. it is great to see them all here. also, i am conscious there are a lot of people tuning in to this important debate. i also welcome the minister. i particularly welcome her officials, whom i have engaged with, as i have with the minister, since we last met in the seanad.
           to provide the context here, we are dealing with the supports for survivors of residential institutional abuse bill 2024. i thank the library and research service for its detailed analysis of this bill. it clearly has made it easy for us to navigate and it is important we acknowledge it. one great aspect of the library and research service is that it gives us a sort of independence of government, independence of the minister's office and a critical and honest assessment of the bill, and it raises a number of challenges and issues. i have referenced those challenges and issues and i do not intend referencing them today.
           i am also conscious today that we need to get the business done. most of us who contributed last week to many of the key issues and the recurring themes, and i do not intend to go into great length on those. we all know where we stand within it. suffice it to say, in the context of this amendment, i acknowledge and welcome a statement issued today from the minister, deputy foley, on her commitment in relation to her department, which, of course, is clearly separate from the minister, deputy mcentee's. it raises a number of issues about the commitment to survivors of institutional abuse, mother and baby homes, and the bits that dovetail with her department as opposed to deputy mcentee's department, the department of education and youth.
          i acknowledge that. it is a measure of the momentum of the government. clearly, there has been a lot of media interest in the past few days. the media have engaged strongly with me. there will be a number of media interviews on this issue in the next few days. there is a key focus on the issue, which is not a bad thing.
           i, the cathaoirleach and many other members of the seanad received an invitation from the minister of state, deputy richmond, relating to the irish diaspora. we had an opportunity to contribute to the new strategy. the current strategy expires at the end of the year. i was invited to speak and i know others share the concern about the irish diaspora, particularly in the uk. i opened my comments by saying that while some people left by choice, many left because they had no choice. many people felt excluded and felt they had to run away. the rich irish diaspora covers arts, culture, heritage and a load of other issues. any strategy must also recognise the forgotten irish, including the undocumented irish in america and other parts of the world, and why they left. we know that many of them left in very sad circumstances. their own families many times washed their hands of them. we also know that too many of those who are overseas want to come back. some may never want to come back. many were, through no fault of their own, excluded from redress measures.
           recurring themes will, we hope, start today. although not everything will be addressed in this legislation, we must continue to focus on and retain our commitment to the diaspora and the measures to which the minister of state, deputy richmond, has committed. we must remember that we have irish people - our people - all over the continent and the world. many of them, though not all, have been excluded. we must work out a mechanism for the terms of support. i just wanted to say that.
           i will go straight to the amendments. amendments nos. 1 and 2 are being taken together in this grouping. i and my colleague, senator craughwell, have proposed and seconded one of those two amendments, and i will speak to them together. amendment no. 1 is to section 6 of the bill and applies to educational services and supports for residents. this amendment will add a sentence to the bill. i suggested it the last time the minister was before the house and i submitted the amendment again to keep a focus on the debate. the amendment proposes on page 9, between lines 25 and 26, to insert the following: ""the payments for educational services and supports shall be subject to review on an annual basis."" the minister made a strong case and committed to engaging with me. i acknowledge that she did that. i appreciate her and her staff. subsequently, the minister has proposed amendment no. 2, which i will go into now.
           when i spoke to the minister, she clearly set out the rationale for concerns about an annual review. a year is not a long time. i am by nature a pragmatist. i am a reasonable person and want to achieve results. quite frankly, i do not care who is the proposer or proponent of successful outcomes. i recognise that the minister gave thought to the issue. her suggestion was to submit an amendment to section 6 on educational support and services for residents. the amendment will create a new subsection within section 6 in part 2 of the bill, under ""supports"". she suggests that the minister, who is deputy mcentee for her time in office but it will also apply to subsequent ministers in the future, ""shall review the criteria determined under subsection (3) on a regular basis and may amend the criteria following any such review"". the review under paragraph (a) of the amendment ""shall be carried out not later than 3 years from the date on which the criteria under subsection (3) are first published"". the minister has also clearly indicated that she, as minister, can review it at any time. she has set in statute a case that i tried to make. we have come to an agreement with the house and with the support of the minister. she will have an opportunity to respond. there will be a statutory review in three years. that is progress. we did not have that last week. we will have a review but it is still open to the minister in office at any time to conduct a review in respect of education. i am not a hurler on a ditch and believe in being honest and proactive, and seeing what best we can achieve. this is a reasonable compromise and i am happy, with the consent of the house, to withdraw my amendment in favour of amendment no. 2, proposed by the minister. she will want to share her view on that amendment. she might confirm my clear understanding that the minister will now have the power to review the situation within three years. that will be on a statutory basis. there will be no doubt about it. no one is saying that he or she might review the situation at some time in the future. the legislation was vague last week and contained ambiguity. we now have an absolute commitment that there will be a three-year review in respect of the educational supports. if that is the case, it is a positive. it is affirmative and definite, which is important."
2025-06-25,seanad,https://data.oireachtas.ie/akn/ie/debateRecord/seanad/2025-06-25/debate/main,96,Senator Victor Boyhan,Senator Victor Boyhan,"senator victor boyhan
          amendment no. 3 seeks to create a new section after section 6, which is entitled ""educational service support for former residents"" in part 2, which is entitled ""supports"". this is a repeat of what we just had. i engaged with the minister on this issue. i will also speak about amendment no. 4 before i read into the record some correspondence from the minister. amendment no. 4 reads: ""in page 9, between lines 28 and 29, to insert the following: “supports for the excluded"" "". perhaps before i move on to that, i will speak about amendment no. 3. i made the case strongly about advocacy. it is open to the minister to correct my interpretation of our engagement, but my understanding is that she had an issue with naming a specific agency because agencies come and go. there are many setbacks. there are agencies i strongly commended and recommended a few years ago in the provision of housing services. i would not be doing so now in light of new arrangements, new discoveries and issues that were exposed about them. we therefore have to be careful about tying down in primary legislation a particular organisation that may very well not be in place in the future. i raised this issue with the minister, and i will read into the record a letter i received from her about both sage advocacy and supports because it sets the context. i hope the minister does not have any difficulty with that.
          dear [senator],
          arising from our engagement on the passage of the supports for survivors of residential institutional abuse bill 2024, i am writing to you to outline the nature of my department's arrangement with sage advocacy to provide crucial advocacy supports to survivors of abuse in residential institutions.
          as you are aware, in june 2023 government approved the provision of a package of supports to survivors of abuse in institutions which had come within the scope of the residential institutions redress scheme, and who had received an award of redress or a similar court award or settlement.
          this package of supports includes the health and education supports which are provided for by the bill, but also includes the provision of advocacy supports.
          unlike the health and education supports, the provision of advocacy supports to survivors does not require a legislative basis as it is not necessary to confirm survivors’ eligibility for that support. for that reason, my department was able to engage with sage advocacy, an independent advocacy organisation with a strong track record in supporting vulnerable adults, healthcare patients and persons with disabilities, in relation to the provision of such a service, even in advance of the passage of legislation.
          arising from this, the department entered into a grant funding arrangement with sage advocacy in november 2023, which is underpinned by a detailed grant agreement. sage has, since that time, developed and rolled out this service across the country and is supporting survivors in their engagement with existing mainstream services which are of relevance to them, including in areas such as health, housing and social protection.
          sage currently employs 13 staff [that was all news to me] to provide this specific service for survivors, including regional advocates who are based around the country. my department has, to date, provided approximately €1.7 million to sage to support this work.
          all such grant funding arrangements are required to comply with the relevant rules and requirements, which are set out in dper circular 13/2014, including requirements relating to financial performance and reporting. it is also necessary to provide that such arrangements are reviewed from time to time to ensure that the funding provided is being utilised effectively and is achieving the purpose for which it has been allocated.
          the current grant agreement with sage is effective until end 2026 and the arrangement will therefore be subject to review in the coming period. because of this, and because the arrangement between the department and sage is non-statutory in nature, it is not possible to refer specifically to the arrangements in legislation or to include in the bill a legally binding commitment to fund sage advocacy on an ongoing basis.
          however, it is clear from sage's work to date that it has made a significant and positive impact on the wellbeing of survivors with whom it has engaged, and i can assure you that the service provided by sage advocacy is a critical element of the overall package of supports being delivered to survivors.
          i would be happy to work with you and colleagues in the house to ensure that the survivors are aware of the assistance which sage can provide to survivors.
          i look forward to engaging further with you in relation to this important matter.
          [signed helen mcentee, minister]
          i am glad to be able to read that into the record because clarity is absolutely crucial to all of these issues.
           in summary, and the minster can contradict, challenge or put me right if i am wrong, sage cannot be included in the primary legislation given the nature of how things move and move on, but the minister is committed, there will be a review and that, as of now, it is working well and why would we change it. ultimately, it is the prerogative of the minster and the funding. it set a different context for me. i was not aware of how many people were working in sage. i was not aware of the level of funding that has been committed to sage. i have said it time and again that money is not the issue and can never be the issue. it is about justice, it is about fairness, it is about redress, and it is about acknowledging the wrong and giving the necessary care and supports that the survivors, the affected people, need to progress and move on in their lives.
           one of the reasons behind my proposing these amendments was that we talked about caranua. it is funny that this fell out of a file today, relating to applications and deadlines for caranua. this was their wonderful thing, our new friend, this organisation that we are now winding down. what victims, people who lived in institutions and survivors of this institutional abuse say is ""when can we believe anyone? when can we trust anyone?"" caranua was held out to be a helping hand. it was set out to be an organisation that would support them in navigating through the mire of bureaucracy that is always associated with these systems. suddenly, it is being pulled from under them. will sage disappear in a few months or a year or two because the spotlight will be off it? that is the concern. that is what the people are telling me. they are deeply concerned about the uncertainty of another support organisation. all their life they have been set up and trapped into a false sense of security, promises and hopes only for people to pull the rug and not deliver. naturally, they are concerned about a new regime and a new change. one of the reasons cited for the caranua wind-down in this ad, this infographic, which is date wednesday, 1 august 2018, is more or less that it had run out of money. it had insufficient moneys and was closing up. the problem is, does another minister roll in here in a year's time or two years' time and say we have no more money for sage? that is the genuine concern. to allay those fears in relation to that is what was spurring me on in this amendment.
           i will move on to the next amendment, no. 4, which is to support the excluded. one of the great difficulties when it comes to supporting legislation is that, at the end of the day, we will have to vote on this legislation. my proposal in this amendment is to support the excluded and i am going to speak about it, but i do not know what the outcome of this will be or what the minister's response is going to be until i hear what she had to say. i propose that ""advocacy groups approved by the minister shall be able to make recommendations to the minister so that health services and education supports can be allocated to former residents who’ve been excluded"". today i talked about westbank. i had a letter today from a senior cleric in the church of ireland in relation to westbank. i thought it was really interesting. i will share it with the minister and the senators later. there is a lot of support for westbank. a lot of politicians in dáil éireann committed to supporting them. yet, today they are looking in and they are not supported. people who were in bethany home are not supported. how many other institutions are there that are not getting support? if we are talking about including people, i am not comfortable going away here today supporting any situation where people are excluded. i spoke about the farmed-out children. i spoke about the young women who were due to give birth within a matter of weeks who were slave labourers in our laundries in our city and all over this country, sons who were farmed out to farms to pick potatoes and pick stones, to live on swill and live in barns. that is shocking and that is what happened. what do you say to those people? in every situation it is always a difficulty, but are we excluding too many people? there is no one saying today there is another piece of legislation coming down the track. yes, we realise the narrow scope of this legislation and, yes, we have to contain this to do with the redress scheme. it is interesting that i saw the other day that there was a statutory instrument signed last year by roderic o'gorman through the redress scheme. it had not come to my attention but it did yesterday. i saw that four institutions in clare, mayo, south tipperary and wexford have been included in the schedule. i do not know how they get a door opened up for them. this was dated 11 september 2024. that will come up later when we talk about section 49 and that is the piece i am reading into.
           regarding advocacy groups approved by the minister, what i am seeking in this amendment is that the minister should have the ability to make recommendations. i am proposing in amendment no. 4 that, ""advocacy groups approved by the minister shall be allowed to make recommendations to the minister to expand the criteria for eligibility to redress using the power provided under section 49 of the mother and baby institutions payment scheme act 2023.” i have given an example of this that was only in september 2024. we know the then minister, deputy o'gorman, put his little monocle, so to speak, at the end of this and four institutions were added. we were in here talking about institutions around the same time. that certainly was not brought to my attention or anyone else's in here. we could achieve a lot here today if the minister could commit to amendment no. 4, which is doing nothing other than empowering her with powers she has but embedding them in this legislation in order that she will be able to exercise her prerogative under section 49 of the mother and baby institutions payment scheme act to address those excluded whom we know of now and those excluded whom we simply do not know about now but may know about in six weeks' or six months' time. it is a reasonable move. i will be interested to hear the minister's response to that."
2025-06-25,seanad,https://data.oireachtas.ie/akn/ie/debateRecord/seanad/2025-06-25/debate/main,100,Deputy Helen McEntee,Deputy Helen McEntee,"deputy helen mcentee
          i thank colleagues for their engagement. senator boyhan has outlined the reasons i cannot accept amendment no. 3. it is specifically due to the naming but also the reference to the provision of resources, which is not something i can agree to. it is something that must be worked through on a yearly basis. i have outlined to him in writing our commitment to sage - to the work it has done and the work it is currently doing. i also referred to the existing supports: the 13 staff and the €1.7 million. there is a commitment to ensure that, when the review takes place before the end of the current round of funding at the end of 2026, the support continues. i believe that it will also be possible to make changes to expand or adapt it.
           speaking to the senator's previous point, we all have a role in making sure that people understand that sage is there for them and that there are advocates and individuals across the country to support survivors in whatever way they need and by whatever means. i hope my commitment is very clear: sage is a very important organisation, especially in the context we are discussing here today. it is doing very positive work. i hope more people will be able to avail of that support. i am committed to continuing to provide funding for such support and resources.
           in parallel with that and as senator boyhan mentioned, there was a commitment made today by the minister for children, disability and equality, deputy foley, to the role of the advocate. the first report was published today. it is important that the role continue. it complements and works with sage advocacy in providing support. while i cannot accept the amendment, i accept the spirit of what senator boyhan is trying to achieve. i make a clear commitment to him today about the importance of sage and its role in the resources once the legislation has been enacted.
           unfortunately, i cannot accept the second amendment, no. 4. i understand the points that are being made about those who are not included in the bill, which is very specific and directly linked to those who had previously received redress. the same criteria were applied to caranua, so they must apply to anybody availing of the health or educational supports. they do not apply to sage, which is there for all people to engage with, but specifically to the elements that are mentioned in this legislation.
           section 49 relates to the mother and baby institutions, which come under the department of children, disability and equality, so any changes in that regard would have to take place under its remit. the senator mentioned the criteria relating to the mother and baby homes scheme, but they are not the criteria that apply here. while i appreciate it was some years ago, we have to apply the same criteria in this legislation as applied to somebody who applied under the original redress scheme. they are the criteria that will apply once this legislation is passed and the supports are in place. unfortunately, for those reasons, i will not be able to accept the amendment."
2025-06-25,seanad,https://data.oireachtas.ie/akn/ie/debateRecord/seanad/2025-06-25/debate/main,102,Deputy Helen McEntee,Deputy Helen McEntee,"deputy helen mcentee
          as i have outlined before, this legislation and the supports being provided are directly linked to those who availed of funding through caranua. caranua was previously directly linked to those who had availed of the initial redress scheme. there was a very clear and direct link to those who availed of those supports. the intention behind this bill is not just to wind down caranua. caranua was set up with a very specific focus and with a set amount. this bill puts the supports that were provided through caranua on a more permanent footing, enabling people to access the medical card and making sure those educational supports are in place. while we have obviously had debate and discussion on the limit and the level of payment, this bill will put these supports in place permanently once it is enacted. the criteria are very specific. section 49, which the senator has mentioned, is very much connected to the mother and baby homes. that is not something i can amend here and not something we are discussing in this legislation. that is not something i can do because it is connected to the mother and baby homes, which is a different scheme falling under the remit of a different minister. i appreciate that, in our discussions today, last week and elsewhere, we have discussed many different survivors and instances. however, i must stay focused on the bill itself, which is directly linked to caranua, a body that was directly linked to those in receipt of the payments. it is for those reasons that i cannot accept the amendment. it is not that i do not accept the rationale behind the senator's arguments but this is directly and legally linked to the caranua payments and the redress scheme. to open that up again would not be in line with the legislation."
2025-06-25,seanad,https://data.oireachtas.ie/akn/ie/debateRecord/seanad/2025-06-25/debate/main,139,Deputy Helen McEntee,Deputy Helen McEntee,"deputy helen mcentee
          i thank the senators. while i appreciate the intention behind the amendment, it is the case and it is for the reasons outlined and for those specific health reasons that the haa card was provided to those who contracted hepatitis c, to ensure that those who had essentially life-threatening conditions would be supported through that card. i appreciate the card that is being proposed now does not include some of what was in the other. it does not include some of the complementary therapies nor does it include the access to the appointments at perhaps the same rate, but they were specific to the types of consultants and types of expertise that were needed within a particular timeframe and period. it was specific to that group of people. any of the other schemes we have administered, be it the mother and baby homes, the magdalen laundries or the medical card we are proposing here, have been in line with what is being proposed here and i do not propose to move away from that. i acknowledge the senator's reasons behind this - i really do - but it is important we acknowledge the reasons that specific enhanced card was put in place. that is why i cannot accept this amendment."
2025-06-25,seanad,https://data.oireachtas.ie/akn/ie/debateRecord/seanad/2025-06-25/debate/main,140,Senator Alice-Mary Higgins,Senator Alice-Mary Higgins,"senator alice-mary higgins
          this is a rare instance where we have an example of something that could be best practice, that maybe could be an example for other countries and other places which are dealing with the litany of residential and non-residential institutional abuse. we have something which ireland wrote: here is an enhanced card. we have gone to the trouble of looking into the details and figuring out how we can really support you, and not just in terms of a standard medical card because we recognise that yours is not a standard situation, that you have had particular experiences. what i am hearing from the minister is, we are going with what we did before in terms of the mother and baby homes and the magdalen laundries. in each of those there have been calls for something like the enhanced medical card. it is something that people said is good. it shows the state is listening, that it is looking at the lives of the people affected and asking what will really help them, not just what is an already existing bar in our charts so that we can add them in to the standardised medical card, and that we have created something that will actually acknowledge that people have had usual and bad experiences at the hands of the state. it is a pity.
          the minister is leaning back to us doing the standard practice rather than the good practice. that is an opportunity missed, not just in terms of this scheme but also in terms of trying to set the bar for better practice moving forward in all of the other ways we have talked about. i think it is really regrettable, so i will press the amendment."
2025-06-25,dail,https://data.oireachtas.ie/akn/ie/debateRecord/dail/2025-06-25/debate/main,89,Deputy Aidan Farrelly,Deputy Aidan Farrelly,"deputy aidan farrelly
          the government's redress scheme for survivors of mother and baby homes is discriminatory and unjust. that is not my assessment; it is the view of the special advocate for survivors, who has examined the scheme.
          in her report, patricia carey says the scheme has caused anger and distress, retraumatised some survivors and created a hierarchy of suffering. this is all down to a deliberate decision of the previous government, of which the minister was a part, to exclude tens of thousands of survivors from redress. among those excluded are children who spent less than 180 days in an institution, those who were boarded out or fostered and people in institutions not included in the legislation, among others. the state and religious orders perpetrated horrific human rights abuses against vulnerable women and children for decades. they were detained and abused and used as indentured servants and for medical experiments. children were stolen from their mothers and sold. there is no justification for refusing redress to so many children who suffered because of the actions of the state."
2025-06-19,seanad,https://data.oireachtas.ie/akn/ie/debateRecord/seanad/2025-06-19/debate/main,8,Senator Victor Boyhan,Senator Victor Boyhan,"senator victor boyhan
            i thank the minister of state for coming here to take this commencement matter. it relates to westbank orphanage in greystones, county wicklow. i have raised the need for the minister to explore all options to provide supports and redress for the survivors affected and by persons who availed of its services. this organisation is very well known. this matter has been well documented on current affairs programmes on rté radio and television. everyone shakes their head and says it is all shocking. you meet people in here day in, day out with so many of these stories. they are all saying it is all terrible yet they are in the heart of power in the corridors of power here and suddenly they are helpless to do anything. it is an extraordinary situation that i find myself in here as an advocate very regularly advocating around these organisations.
             i think everyone here will appreciate there is a need to understand and make sense of what happened in anyone’s past, but particularly in relation to westbank orphanage. many children came from northern ireland into this establishment. there is also a need to learn from the past. we all must learn from the past so that similar things would never happen again as they did in westbank. there is also the call for collective solidarity which is really important. the former residents of westbank talk of a desire for justice, compensation and redress. later we will discuss all those issues in the context of the legislation to wrap up caranua and put in place some educational and health supports. that is for later. however, unfortunately westbank is excluded from that.
             for context i will read very briefly from a letter that was addressed to the then taoiseach, simon harris on monday, 8 april 2024 which i subsequently forwarded to deputy roderic o'gorman who wrote back saying it was not a matter for him but rather deputy norma foley as the then minister for education. the letter reads:
            congratulations on your election as taoiseach, scheduled for tomorrow.
            i rang your office on tuesday last (2 april). i was asked to write to you to explain the injustice of denial of redress to residents of westbank orphanage. […]
            in 2018, minister katherine zappone invited nr to join collaborative forum, to advise on compensations arrangements for former mother and baby home residents. i continued in that capacity to advise current minister roderic o'gorman.
            the minister's compensation scheme made me ineligible for compensation. i will not even get an 'enhanced' medical card, though that is of little benefit where i live in armagh. […]
            the mother and baby home commission of inquiry (mbhci) recognised the injustice of denial of redress to westbank residents. the mbhci twice called on the government to grant redress to westbank residents.
            - the commission's 2nd interim report (2016) stated (section 5.14) that westbank ""should have been included in the residential institutions redress scheme.""
            - the mbhci's ... final report [in 2020, not that long ago] emphatically restated this position. it said that westbank was ""unfairly excluded from"" the residential institutions redress scheme.
             on behalf of the westbank residents, as a conduit and a voice for them, i am calling on the government to reopen the situation. i believe they have a strong case. i have reviewed all the files in relation to this matter. i have sought external advice. there may be other options that will have to be triggered in the coming days if there is not a favourable response from the government on the final requests that have been made in the past few days. the minister of state might be able to enlighten us today on what reliefs or alternatives could be available for the past residents of westbank."
2025-06-19,seanad,https://data.oireachtas.ie/akn/ie/debateRecord/seanad/2025-06-19/debate/main,9,Deputy Neale Richmond,Deputy Neale Richmond,"deputy neale richmond
            i am grateful to senator boyhan for raising this important issue. to clarify for the chamber, before i get to the specifics, as senator boyhan will appreciate, the mother and baby institutions payment scheme opened for applications in march 2024. it provides payments and health benefits to people who spent time in any of the mother and baby or county home institutions that were identified by the mother and baby homes commission of investigation. as senator boyhan knows, a large part of my work as minister of state with responsibility for the diaspora has been working with those survivors of institutional abuse, particularly in great britain and a not insignificant number in north america as well, who we have been desperately trying to get into the scheme. they are absolutely people who deserve the attention that for so long they did not get. 
             the institutions covered by the payment scheme are set out in schedule 1 to the mother and baby institutions payment scheme act 2023. as the senator has laid out, westbank orphanage, which was previously known as the protestant home for orphan and destitute girls, or the harold's cross orphanage, was not investigated by the commission of investigation because it operated primarily as a residential children's home rather than as an institution providing ante- and post-natal facilities. in its second interim report, the commission outlined that westbank orphanage may have been unfairly excluded from the residential institutions redress scheme, administered by the department of education and youth. it did not consider that it would be appropriate to include westbank in its terms of reference. the report states, “westbank was not generally regarded as a mother and baby home but rather as an orphanage.” chapter 2 of the social history section of the commission of investigation report details the different types of institutions that existed and whether they could be considered mother and baby institutions. westbank orphanage is listed as a residential children's home. for this reason, it is not included in the mother and baby institutions payment scheme. 
             the proposals for the payment scheme were developed following extensive deliberations on the very complex issues in question. they were informed by consultation with survivors, as well as the recommendations of the commission of investigation and an interdepartmental working group. the government ultimately decided on a scheme which is, in overall terms, significantly broader than those recommended by the commission. 
             the government recognises there are people who suffered stigma, trauma and abuse in other institutions. if it were to come to light that an institution in respect of which the state had a regulatory or inspection function fulfilled a similar function with regard to single women and their children as those included in the payment scheme, section 49 of the act provides that the minister, with the consent of the minister for public expenditure, infrastructure, public service reform and digitalisation, may insert an additional institution into the schedule. 
             i believe the opportunity that lies before us this morning is to continue the process the senator started to right what is an historical injustice, particularly in relation to the westbank home. i give my personal commitment to senator boyhan, on the floor of this chamber, that we will take this forward together, engage with the line minister and get this included. that is only right and just. i will play my full part in everything that is required to make that happen. i will ensure the tánaiste will also do so, and he has asked me to convey that to the senator here on the floor of the house."
2025-06-19,seanad,https://data.oireachtas.ie/akn/ie/debateRecord/seanad/2025-06-19/debate/main,10,Senator Victor Boyhan,Senator Victor Boyhan,"senator victor boyhan
            i thank the minister of state. the one line that jumps off the page in his official written response is that the westbank was not generally regarded as a mother and baby home but, rather, as an orphanage. what is the difference? abuse is abuse. emotional abuse, physical abuse or sexual abuse in any setting, whether in a state school, this building or anywhere else, is not acceptable and justice has to be done at the end of the day. i welcome and will take up the minister of state's invitation to collaborate and work together to see what we can do. 
             i was speaking to a person yesterday about this matter who made the poignant observation that rising above the weight of the past is not easy; the past continually elbows its way back into the present. escaping the memories of horrific abuse is a journey with many turns and indeed many setbacks. the people of westbank want justice and they want an acknowledgement that what they said and are continuing to say is true. they want to be believed. it is incumbent on us, particularly later today, not to pass the buck but, rather, to take our responsibility seriously and engage with the minister of state and other ministers. for us to come in here and keep saying we can do nothing is simply not on. i thank the minister of state for his time."
2025-06-19,seanad,https://data.oireachtas.ie/akn/ie/debateRecord/seanad/2025-06-19/debate/main,111,Senator Victor Boyhan,Senator Victor Boyhan,"senator victor boyhan
          one thing about this bill is in respect of those who are excluded. there are too many people excluded from this legislation. the minister talks about sage and i welcome all of that, and also the advocate. this morning i had a commencement matter in respect of westbank in greystones, at the heart of the tánaiste's constituency. i have a substantial file on communication and promises by people in respect of westbank. they have been excluded. we know that the mother and baby homes commission recommended they be included. we get these grand responses saying that they can be added in the schedule of the redress. we are winding down. caranua is being wound down today under this legislation. why is that happening? to link the matter to this particular amendment, it is about the resources for this counselling and support service. it is because the state did not pursue the religious orders who signed up to the indemnity scheme, of which i have a copy in front of me, for the money that was due. if the minister or anyone else was owed money they would be chasing it up. there is a softly, softly approach in terms of responding.
           if someone tells me one more time that we have spent €1 billion - i do not care what anyone has spent. it is about justice, healing, redress and acknowledgement. so many people tell me the same story and i tell it to myself, that one day i will be free to tell my story and one day i will be believed. every victim, survivor or affected person through abuse in institutions or schools, be they state, religious or neither, will want to be believed. the liberation of knowing you can come with your head high and say, ""what happened to me was not because of me. i did not contribute to it."" you cannot put a price on that. the state has to put in place some resource that will help people to navigate. i said this morning that it is a long road with many turns and setbacks. people need to be assisted to navigate that road. far too many people have been broken down and destroyed. far too many of our people have had to get out of this country, to run away to nothing, just to run away and forget their past. we owe it to them. i am committed. my political life for however long i am here will be committed to advocating for quality of justice. we have to have justice for people. we have to believe in people and support them.
           i get from the minister and others this premise about the cost, that we spent so much money. yes, we spent a lot of money but we are talking about a generation in their 50s, 60s and 70s, many of them with health issues and challenges. let us not compromise on this issue of support. the minister talks about collaboration and i welcome that. i want her to ask the minister, deputy foley, this week whether she will agree to publish the special advocate report that is on her desk. in that report, if we had it today, we could make stronger cases. there is a report on the minister, deputy foley's desk. she is considering it. i am not suggesting she is doing anything more sinister than that. if i had it in my hand today i could stand up here and put it into the public domain. i have a fair idea what is in it. it is shocking and challenging. timing is everything in the parliamentary political process when we are bringing in legislation. 
           going back to what senator stephenson says in this amendment, we must unequivocally send out a message that we are committed to sage, to the principle of a special advocate, and to the principle of expanding the role and remit of that special advocate to help people journey on their way to get the supports they absolutely need."
2025-06-19,seanad,https://data.oireachtas.ie/akn/ie/debateRecord/seanad/2025-06-19/debate/main,129,Deputy Helen McEntee,Deputy Helen McEntee,"deputy helen mcentee
          i thank the senators for their contributions. what we are dealing with here is very specific to individuals who have been identified as residents and who have been part of the previous schemes culminating from the ryan report. i appreciate there are various different abuses that have happened in different institutions in different elements of the state. what i have to deal with specifically today are those who have, as far back as the early 2000s, been part of that redress scheme. caranua was then established to provide further support. to speak to the point made by senator boyhan and others, what we are doing here is winding down that institution so these supports can be provided. those are the parameters i have to work with in this bill.
           that is not to say what will happen in the future. we know very well that a further investigation will be taking place soon, specifically looking at schools, and we know from the o’toole report last year exactly what that entails. this is not to try to exclude anybody but it is very specific to those who have already been identified. of course, insofar as is possible, i want to make sure that people can access these supports as quickly as possible while not rushing something for the sake of it. i am not here to say that we have to get it done so people can have access to it. we want to make sure that it is right.
           with regard to the haa card, people will receive a medical card and, beyond that, there are further supports, many of which are included in the haa card, such as chiropody and podiatry, physiotherapy, counselling services, home support, home nursing services and complementary therapies. all of these will be included in this package, as they are included in the haa. the biggest difference in the haa was specifically related to getting priority appointments where people had references from a consultant hepatologist, given the specific requirements and needs of the individuals who received that card and other payments. there is a significant amount in what is being provided here. that was part of the haa card and it is very much in line with what would have been received by other survivors, be it those in the magdalen laundries, the mother and baby homes or other redress schemes. the haa card was very specific because of the known medical needs. that is why this particular provision has been put in place.
           in terms of the educational supports, i reassure members that there was no bar or level. it is everything from level 1 to level 10 and is whatever somebody wants to engage in. i want to be very clear that it does not have to be a master’s or postgraduate qualification, or anything like that. it is any level of education that people want to engage in. it is not just the grant from €500 to €2,000 that they can apply for, but also the removal of the fees and all of the other applications. i want to be clear on this point so people know that.
           regarding the work, i appreciate we are talking about amendments that were rolled out by the secretariat. i am not disputing what has been said regarding the individuals who were referred to. what we had prior to coming to the house and in recent years was a process to engage and understand what could be excluded and what could not be, and what should be included and what should not be. the recommendations i have here are based on that engagement. i take the senator’s point that there may be another way to provide pension supports for individuals and i am very happy to explore that option with the minister, deputy chambers, to see if there is an opportunity to do that. a lot of work has been done to tease through exactly what we are discussing here today. that is the reason i am giving the outline that i am."
2025-06-19,seanad,https://data.oireachtas.ie/akn/ie/debateRecord/seanad/2025-06-19/debate/main,131,Senator Gerard P. Craughwell,Senator Gerard P. Craughwell,"senator gerard p. craughwell
          we spoke about statutory obligations. i have just received a message from one person on the mother and baby homes medical card who sought physiotherapy and was told to go private because of the long waiting list. where is the statutory obligation there? how does that person overcome that? i fully appreciate the minister's officials will have informed her of the answers that she is delivering to us today but how does this person get into physiotherapy if the waiting lists are so long? the person is being advised by the organisation that is charged with looking after them to go private. who is going to pay for that?"
2025-06-19,seanad,https://data.oireachtas.ie/akn/ie/debateRecord/seanad/2025-06-19/debate/main,156,Senator Alice-Mary Higgins,Senator Alice-Mary Higgins,"senator alice-mary higgins
          i support senator boyhan in terms of a review. the minister said that she has to put a figure in the bill but there is absolutely nothing to stop her including a review mechanism in the bill. i believe it would be appropriate that there would be a clear mechanism to review the sum of €3,000, which is clearly and, potentially, going to be very inadequate. my amendment no. 26 touches on this and a number of other issues.
           as we start another chapter with the dissolution of one body and creation of another, one thing that has frustrated some of us - this legislation focuses on residential institutional abuse - is that there have been many iterations of institutional abuse in different forms, including institutional abuse in respect of schools, hospitals in terms of symphysiotomy, mother and baby homes, and magdalen laundries. we had all these schemes, projects and initiatives and there seems to be a lack of learning. the state has repeatedly failed or been complicit, or even intentional, in terms of the abuse that people have experienced in institutions and similar mistakes are made again and again with the redress schemes. it is my opinion that they are mistakes and i call for an examination and genuine interrogation of what best practice actually looks like and what we should have done differently. the minister has heard from people about the fact that engagement with redress bodies in itself has often been a gruelling, abusive and upsetting experience for survivors of institutional abuse. too much of the time we have heard stories whereby it has been, in some cases, re-tramautising to access redress from the state rather than the healing process that it should be. we have identified a few areas where learning and reflection are needed.
          i ask the minister to commit to producing a report that says the state will start learning from these things, so that we are not just dissolving, moving to the next bit and listening to the small issues of each particular project.
           we say again that a report on the adequacy and best practice around survivors of residential institutional abuse is needed and, first, the adequacy of the healthcare, educational and financial supports. when the bill was introduced to the house last year, survivor tom cronin stated that ""the government is using this bill to masquerade the fact that it has ignored the views of survivors ... the government has repeatedly consulted survivors and then ignored them."" their lived experience needs to be crucial to the supports and the question of the adequacy or appropriateness of the supports. campaigners have described the €3,000 one-off payment for former residents living abroad as deeply insufficient. i will not go into this again because senator boyhan has been very articulate in expressing the needs of survivors who are living abroad or have been forced to travel abroad.
           campaigners have highlighted the issue around financial supports and the need to link them to the cost of living; the need for additional payments and supports for survivors who have complex health needs; and the need for specific pension entitlements for survivors aged over 65 years because of the years of unpaid labour, the lack of education and the subsequent lack of opportunity which is reflected in poverty in their pension years. they have highlighted the physical and psychological impact of the abuse and the impact that has on a lifetime's earnings. this is also absent from the bill.
           in terms of medical supports, there have been calls for access to the haa medical card. the minister indicated this card was provided to only one group under the hepatitis c scheme and she did not want to create a hierarchy of supports between survivors of abuse in the magdalen laundries and the mother and baby homes and residential institutions. i agree. the clear benefits of the haa card should be made available to all survivors.
           the education committee has made clear that access to education is critical to address the long-term intergenerational effects of residential institutional abuse. it suggests the legislation should make express provision for educational supports for survivors and their families, including a non-means tested bursary with individual cash grants.
           the bill restricts supports only to survivors and does not address the issues of intergenerational loss of opportunity and the intergenerational trauma and damage that has been done when a parent has suffered from residential institutional abuse, for example. the bill provides that the minister may make an individual assessment of each application in terms of education.
           there is a litany of concerns. the bill is also restricted to those who have already received awards under the residential institutions redress act, which includes survivors, many of whom are in their 70s and 80s. we know those are the people the state should never turn its back on, namely, those who have not had opportunities or the capacity, for different reasons, to engage with redress schemes up to this point.
           our amendment would have a report done that looks to an assessment of the adequacy of those healthcare, educational and financial supports, not how much is left in the pot but what is adequate for the needs of those affected. it would also examine the issue of the restriction to survivors' qualification for redress. we spoke of this in relation to the appalling and arbitrary restriction of access to redress for survivors of mother and baby homes who had spent the vital first six months of their lives in institutions and women who had been in them for their birth. in many cases, we know these births were deeply traumatic. these survivors were explicitly excluded because somehow we drew an arbitrary line to say someone's experience of giving birth in a situation that was abusive or a person's experience of spending the first six months of their life in a residential institution, in this case, a mother and baby home, is somehow not relevant. it was not necessary to draw a line or to exclude those persons who had experienced that residential abuse.
           the adequacy of healthcare, educational and financial supports is a concern. the application of restrictions on survivors' qualification for redress is also a concern. to make a comparison of the adequacy of redress supports, some people who have applied seem to have been treated well while others who applied have been treated very poorly. different schemes have changed. on the use of waivers, it is an incredible indignity and wrong to require those who are receiving redress because they have been the victims of abuse to waive their rights in order to access that redress. this appalling practice, which has been used again and again, goes against everything we know about restorative justice. i am looking for some learning on all of these issues.
           the last element in our report relates to recommendations for best practice going forward, including the establishment of a special advocate, for which a case has been strongly made. we can talk about sums of €3,000 and €50,000 and where they will go. where is the evidence that the state is not just sorry for this individual situation, for bad practice and for yet another area of failed oversight where we outsourced our responsibilities to persons who behaved in an abusive way but is also learning and driving its way towards actual best practice and doing better than the redress schemes we have to date? in this report, we are asking the minister to point an arrow to the future and say we will learn and review, as senator boyhan said, and address these issues further."
2025-06-19,seanad,https://data.oireachtas.ie/akn/ie/debateRecord/seanad/2025-06-19/debate/main,194,Senator Gerard P. Craughwell,Senator Gerard P. Craughwell,"senator gerard p. craughwell
          the issue of the contributory pension for those who were in institutions has to be investigated. if they were employed and somebody got money for the labour they gave, that labour should have been covered under social insurance stamps back in the day, or prsi. if companies in this country had the use of slave labour from these institutions and the institutions received money for it, then we have to find a way to enhance their social insurance contributions and provide the contributory pension they would be legally entitled to had they been working in decent, fair employment. maybe it does not come under the scope of the bill, but it has to be investigated and i will share with the minister's office the name of the company i have today. we need to see what other companies in the state profited from the slave labour of people in these institutions. this probably goes beyond mother and baby homes to industrial schools and other places people were incarcerated. i am horrified by it and i think the minister would be equally horrified. we have to see if there is a way to make the companies that had that labour pay social insurance contributions for pensions."
2025-06-19,dail,https://data.oireachtas.ie/akn/ie/debateRecord/joint_committee_on_children_and_equality/2025-06-19/debate/main,89,Dr. Maria Corbett,Dr. Maria Corbett,"dr. maria corbett
          there is a national policy that residential care should be for children over the age of 12. historically, residential care has been for children who come into care in their teenage years. they may want to stay with a sibling or there may be some other reason. in my previous role, i was with the child law project. we were doing the court reporting of cases and published a number of cases of very young children being placed in residential care. the issue there is that those children have behavioural issues, most likely linked to disability. they are in some way distressed and the foster carers are unable to manage them. there is a real need for us to look again at the types of care placements we have and the level of support. we could potentially explore introducing specialist foster carers to manage the behaviour of those types of children or consider what the disability services are doing. did they address this child's needs at an earlier stage? do they know of this child's case? residential care has an important role within the alternative care suite of services but we need to be careful about children, in particular those very young children, being placed inappropriately in residential care. that is one thing.
           on aftercare, there is considerable concern around homelessness for care leavers. empowering people in care, epic, which is one of the member organisations of the children's rights alliance, has been advocating around that issue.
           the senator also asked about mother and baby units. i did a piece of work with one of the maternity hospitals. there is very little opportunity for a mother to stay with her child in a residential setting and provide family support. there is the bessborough centre in cork but we do not have a range of services like that. there is a piece of published work from the maternity hospitals that may be of interest. i can share it with the senator."
2025-06-18,seanad,https://data.oireachtas.ie/akn/ie/debateRecord/seanad/2025-06-18/debate/main,114,Senator Maria McCormack,Senator Maria McCormack,"senator maria mccormack
          i will start with grace in mind. one of the things that defines us as human beings and sets us apart from all other creatures is our ability to communicate and give voice to our experiences, fears, suffering and hopes. the very act of being heard is central to our humanity. for those who cannot speak or whose voices are not heard, they are utterly dependent on all of us, including the state and its institutions, to protect and advocate for them and act in their best interests. grace could not speak for herself and in her silence the state failed her, not once but over and over again.
           the farrelly report was supposed to finally give voice to her story, but with 2,000 pages and at a cost of nearly €14 million, the report has delivered silence once more. it has failed to answer the central harrowing questions that must be asked. why grace was placed in a home that was never formally assessed or approved for a foster placement? how can that happen? why did no social worker visit her for six full years? how was it possible that credible allegations of abuse, including sexual abuse, were discounted and dismissed from the report? why, after she was removed from the placement, was she sent back?
           this is not just about historic wrongs; it is about the ongoing failure of transparency and accountability because, disturbingly, submissions on behalf of grace by the general solicitor for minors and wards of court, who was appointed to protect her interests, were simply omitted from the final report. how can that be justified? how, after everything that grace has suffered, can her voice once again be silenced?
           the report exposed the fact that what happened should never have happened, but the process of repeatedly covering up what was happening shows a culture of secrecy that has been at the heart of many of our darkest institutional failures, from mother and baby homes to the magdalen laundries and industrial schools. let us not even refer to nursing homes.
           this case is beyond horrific. there were failures that were ignored and covered up which snowballed into enormous tragedies. the farrelly commission report is a deeply troubling part of the wider pattern, a report that after years of work delivers nothing close to the justice that was promised and which grace deserves. the very least we owe grace and every child in state care is full accountability. that begins with full transparency.
           ms marjorie farrelly must now come before the oireachtas to explain omissions and decisions. why were the submissions made on behalf of grace not incorporated into the report? we have to try to hear grace's voice in some form. why were the experiences of other children who passed through the foster home not investigated? this is really serious. why after all this time is there so much silence? we are judged as a society by how we protect those who cannot protect themselves. in this case, we have fallen far short. there is still time to do the right thing. grace deserves nothing less."
2025-06-18,seanad,https://data.oireachtas.ie/akn/ie/debateRecord/seanad/2025-06-18/debate/main,119,Senator Sarah O'Reilly,Senator Sarah O'Reilly,"senator sarah o'reilly
          i thank the minister for coming in. i commend her colleague, deputy john mcguinness, on all the brilliant detective work he has done over the years on this issue and on his determination to seek justice for grace. i am gutted that justice has not been served. in this country we are very good at looking back at historical abuse but one area the state has failed to examine is abuse in the foster care system, and indeed abuse in the state care system at present.
           last week i raised the issue of the death rate among children in state care. over the past ten years, 235 children in or known to state care have died. they died under the watch of tusla. ten of them were murdered and 51 died by suicide or drug overdose. why is no political party other than aontú raising this issue? i acknowledge other independent senators and tds are raising it.
           tomorrow we will debate mother and baby homes and survivors of institutional abuse. the mother and baby homes redress scheme has abandoned anyone who spent less than six months in a mother and baby home and they will not get any redress. this is relevant to this debate because grace was born in a mother and baby home and is one such person. the commission was given a budget of over €13 million and has taken nearly a decade to report. the final report was launched in the middle of the dáil holidays. i think this was done on purpose to avoid scrutiny. 
           there is still no clarity on the experience of the 47 other children fostered by the family which fostered grace. were they abused? did the commission interview them? the fact the testimony submitted by grace's lawyers to the commission was not referenced in the report is a scandal. grace is non-verbal and could not speak up for herself, and then testimony given by her legal representatives was disregarded by the commission. this is cruel and inhumane. it should not have been allowed to happen.
           i take issue with the way the commission treated whistleblowers in this case. it was shocking. there is no justice and no answers. thirteen million euro for what? i ask the minister and government to call the commission before the oireachtas to answer questions on its deeply flawed report."
2025-06-12,dail,https://data.oireachtas.ie/akn/ie/debateRecord/joint_committee_on_children_and_equality/2025-06-12/debate/main,2,"Minister for Children, Disability and Equality (Deputy Norma Foley)","Minister for Children, Disability and Equality (Deputy Norma Foley)","minister for children, disability and equality (deputy norma foley)
          i am pleased to be here. as this is, as the cathaoirleach said, our first engagement, i look forward to working with members of the committee, the cathaoirleach and the committee staff. i appreciate the manner in which many members have engaged with me on a personal basis and through the briefings we have provided in the department. i look forward to the years ahead. i will begin by giving an overview of some of the key topics and will be happy to answer questions afterwards.
           foster care is one of the key areas of focus for me and the department. i express gratitude to foster carers for the hugely important work they do in caring for children and young people, in particular those who can no longer live at home. we want them to be safe, to be cared for and to thrive. foster care is key to all of this. currently, 87.2% of children in care are cared for by foster carers. although this is a significant percentage, i would like to see it increase and i will work to achieve that. i am conscious that great work is being done by tusla to encourage more people to take up fostering, with support from the department. in the years ahead, i am committed to ensuring foster care spaces are made more and more available for vulnerable children who need them. a number of important commitments to further support foster care are outlined in the programme for government and i am committed to following through on those. we have seen an increase in the range of supports available to foster carers in recent years, including increases to the foster care allowance, which now stands at €400 for children under 12 and €425 for children over 12. it is my absolute intention to build on the range of supports available to foster carers to support them in the valuable service they provide.
           other aspects of work include special emergency arrangements. i assure all my colleagues here that tusla is making every effort to reduce the use of these arrangements and to ensure that where they are used, they are safe and of good quality. special care and children missing from care also form a key part of my engagement with tusla. i recognise that there have been particular challenges in attracting staff into the area of special care. in this respect, i am pleased to confirm to the committee that following engagement with the department of public expenditure, a new special care grade has been agreed. this development, coupled with the recruitment drive abroad, which looks promising, should significantly improve the availability of staff working in the area of special care and that is positive.
           i make particular reference to the work of early learning and care and school-age childcare and to the efforts we are making to improve the affordability of, and accessibility to, childcare. state investment in early learning and childcare is, as the committee will be aware, at unprecedented levels. this has served to improve affordability for parents and inclusion of children with disabilities and children who experience disadvantage and to pay for staff. i recognise, however, that we need to go further and build on the recent reforms that provide us with a solid foundation for the next phase. in that respect, i acknowledge that core funding, which was introduced in 2022, will see investment rise to €390 million for the fourth year of the scheme to deliver improved pay and support quality, manage parental fees and support providers. the core funding scheme has been key to starting to unlock some of the long-standing challenges in the sector and it facilitates the introduction of the maximum fee cap from 1 september, which i announced in recent days. the cathaoirleach referenced the briefing that was provided to the committee.
           the joint labour committee process has seen the agreement of two rounds of employment regulation orders, establishing new minimum rates of pay for staff at different grades, supported by core funding.
          this has resulted in pay increases for a large cohort of staff in the sector but, and i say this sincerely, i recognise the need to build on this to ensure that qualified staff are attracted and retained in the sector. in this context, i provided details on the additional €45 million being made available for the coming programme this year.
           the national childcare scheme has increased subsidy rates paid to families which, along with fee controls and other reforms to the scheme, are delivering much greater affordability for parents. helped by the incoming maximum fee cap, hard-pressed families facing the highest fees nationally will see further improvements in affordability as will families who use childminders, owing to recent regulatory changes. the access and inclusion model, aim, has been extended to children in the early childhood care and education, ecce, programme outside of ecce hours and further extensions for younger children are being considered. equal start has been introduced this programme year to support inclusion of children from marginalised backgrounds in early learning and childcare.
           for the first time, government is committing to introducing an element of public provision with state-led facilities to add capacity. taking a more strategic approach to forward planning and the option of public delivery offers much greater scope to influence the type and number of places available and better align with families’ needs. very importantly, we are committing to progressively reduce the cost of early learning and childcare to €200 per child over the lifetime of the government.
           government is committed to recognising the failings of the past and responding to the priority needs and concerns of survivors of mother and baby and county home institutions. this is reflected in the programme for government commitment to continue to deliver the action plan for survivors and former residents of mother and baby and county home institutions, which was published in november 2021. within the many measures set out in that plan, there were seven major commitments as follows: a state apology; immediate counselling support; an enhanced model of engagement through a new special advocate for survivors; access to identity information through the birth information and tracing legislation; a basis for excavation and dignified burial through the institutional burials act and the establishment of the tuam office; financial payments and health supports through the mother and baby institutions payment scheme; and memorialisation and a commitment to non-recurrence through the national centre for research and remembrance. six of these seven commitments are now delivered and in place, while the seventh - the national centre for research and remembrance - is progressing apace. i will conclude by again thanking the committee for this opportunity to discuss these important issues, and i look forward to a positive and constructive exchange of views."
2025-06-12,dail,https://data.oireachtas.ie/akn/ie/debateRecord/joint_committee_on_children_and_equality/2025-06-12/debate/main,38,Deputy Claire Kerrane,Deputy Claire Kerrane,"deputy claire kerrane
          i welcome the minister and her officials. i will run through my questions in one go. the first is on foster carers and ensuring a state pension for them, which is really important. i raised this with the minister's predecessor a number of times and suggested that he would use the mechanism that is there for family carers and i hope the current minister will do so. the state pension was extended to family carers and that would be the quickest way in which we can ensure a state pension for foster carers. i ask the minister to look at that as a mechanism. it is really important, in speaking about valuing our foster carers, that they have a state pension and a level of income security at the end of their time providing that care. 
           the findings of the recent special care report that was carried out on behalf of tusla make for very stark reading.. the report read to me like a cry for help in terms of other state agencies not coming to the table and not supporting tusla in its really complex work supporting some of our most vulnerable children. what i also noted from the report was that there appears to be an attitude that children with issues around addiction or mental health need special care, we will put them in there and they will be sorted and yet there are no supports there for addiction or mental health difficulties.
          we really need to look at that area of special care. that report certainly raised an alarm bell in terms of special care. given beds are limited, we must ensure we are using them in the best way and that the children being put into special care facilities have the supports they need, rather than putting in children who need supports for addiction and mental health that are not there.
           on early years education, i understand a review of year one of core funding is under way. i would like clarity as to whether that meets the commitment in the programme for government. my understanding is that it is an overall, almost independent review of core funding. that is essential to be done very quickly.
           pay for early years educators is an issue i have raised regularly with the minister. we can forget about building capacity if we do not provide our early educators with the pay to which they are entitled. as i have said previously, i have little or no faith in the joint labour committee, jlc. the most recent pay increase was 65 cent. really good educators are leaving the sector. again, alarm bells should be ringing because we will have no capacity if we do not have the educators. i am really concerned that agreement is not being reached regarding the €45 million that has been ring-fenced. i am very concerned that agreement will not be reached by september.
           i refer to the regulations that have been introduced for childminders. i met a childminder the other day who has been childminding for 30-plus years and currently looks after six children. she told me she does not want to be sitting at her table with paperwork. she wants to be out in the garden and the farm with the children, sowing potatoes and so on. she does a wonderful job, which is replicated across many childminders, especially in rural areas. childminders are key to capacity and we must give parents options. particularly for parents who are engaged in shift work and parents in rural areas, we can build capacity by way of childminders. i am concerned about the regulations. childminders do not want to be at the table doing paperwork. they want to be out with the children, which is something they love. we need to be conscious of that.
           i would like an update on the broad consultation and the detailed action plan on early years education. there is an issue with the building blocks scheme, especially for rural areas. i gave the example of the childcare facility in ballinasloe where the developer built the childcare facility and sold it to the provider. the developer owns another part of the site and the provider wants to build an extension on this land, which it does not own. that will be an issue in many rural areas. is there any way around that wherein we can show a demand and the benefit for taxpayers' money?
           regarding the mother and baby home institutions, there was a huge overspend last year in excess of €158 million and serious exclusions in terms of the institutions payment. i think always of michael grant, a survivor i met last year, who was in blackrock from when he was four weeks old to almost one year old. his mother paid a so-called rent for him during that time. that facility is deemed a hospital by the department, yet he lived there for almost a year. we really need to look at the situation of those excluded from the scheme.
           i presume the department was overloaded by expressions of interest regarding the national forum on family resources centres. will the minister provide an update in that regard?"
2025-06-12,dail,https://data.oireachtas.ie/akn/ie/debateRecord/joint_committee_on_children_and_equality/2025-06-12/debate/main,61,An Cathaoirleach,An Cathaoirleach,"an cathaoirleach
          in relation to the mother and baby redress scheme, deputy kerrane spoke about the lack of uptake so far. i know it is still early in the scheme. i really welcomed that there was a debate on philomena's law this week in westminster which was really significant for the number of survivors living in the uk who were afraid their benefits would be impacted. that is very welcome. i also wish the best of luck to the office of the director of authorised intervention in tuam as it starts its excavation next week and its work on dignified burial. from the minister's department, now we have reached the later stages of the scheme, what plans are afoot to get greater uptake of that redress scheme?"
2025-06-12,dail,https://data.oireachtas.ie/akn/ie/debateRecord/joint_committee_on_children_and_equality/2025-06-12/debate/main,62,Deputy Norma Foley,Deputy Norma Foley,"deputy norma foley
          as the cathaoirleach referenced the uk, i acknowledge the great work of liam conlan, mp. i have met him in london and here as well. he is really driving this forward and i want to acknowledge that body of work.
           in terms of tuam, i want to acknowledge the great sensitivity that has been shown here and i compliment the work of daniel macsweeney, the director of authorised intervention in tuam. i do not underestimate how difficult and challenging this is for families. the way families are being accommodated, the respect that will be shown and the whole process will culminate with a very sensitive reburial. i want to acknowledge all of that.
           in terms of the mother and baby homes and the take-up of the scheme, to date there have been 6,500 applications and more than 4,000 have received awards. there is a significant amount of time left, until 2029, and it has been the experience in previous schemes that the greatest uptake happens to be in the last year or so."
2025-06-12,dail,https://data.oireachtas.ie/akn/ie/debateRecord/joint_committee_on_children_and_equality/2025-06-12/debate/main,76,Deputy Claire Kerrane,Deputy Claire Kerrane,"deputy claire kerrane
          can the minister come back regarding the mother and baby homes institutions payment scheme and the exclusions? i cited the example of michael grant. can she address the family resource centres and the level of interest in respect of inclusion in the national forum, which i presume is enormous? can she provide an update on the broad consultation and the detailed action plan on early years?"
2025-06-12,dail,https://data.oireachtas.ie/akn/ie/debateRecord/joint_committee_on_children_and_equality/2025-06-12/debate/main,77,Deputy Norma Foley,Deputy Norma Foley,"deputy norma foley
          in respect of the mother and baby homes, the criteria have been set. i acknowledge that the criteria are in place. reference has been made to the uptake. we would expect that there will be greater uptake towards the end of the scheme. regarding those who have been excluded, there will be a review in september 2026. that is also set down so i have to look at that in september 2026. there are so many other aspects to what has been provided for here that we should not forget the importance of birth information and tracing. this has been hugely important. it is the issue that has been raised the most with me. there have been 16,000 applications. it involves counselling supports and special advocacy has been put in place. it is multifunctional. we should not forget the significant impact of birth information and tracing."
2025-06-12,dail,https://data.oireachtas.ie/akn/ie/debateRecord/joint_committee_on_children_and_equality/2025-06-12/debate/main,97,Deputy Ruairí Ó Murchú,Deputy Ruairí Ó Murchú,"deputy ruairí ó murchú
          my main question relates to the minister's plans for early and long-term family supports, which can benefit children and families, to ensure children make their way eventually into a better life, including education and employment, despite considerable levels of disadvantage. there seems to be a fair amount of funnelling into family resource centres, frcs, at the moment. i worry about the long-term sustainability of organisations that do not receive the funding. i know of a number of good projects in dundalk that are at that at the minute.
           in writing, i have questions about a birth and tracing anomaly and about someone who was in a mother and baby home and may be excluded from a scheme on the basis of bad records. i will put those questions in writing to the minister."
2025-06-12,dail,https://data.oireachtas.ie/akn/ie/debateRecord/dail/2025-06-12/debate/main,351,Deputy Ruth Coppinger,Deputy Ruth Coppinger,"deputy ruth coppinger
          no, that is a fact. the idea that judges are always right and should have arbitration on this is not right. i do not agree with giving all power to a judge.
           i thank the sinn féin deputies who have stayed and contributed to the debate on a thursday evening. it is a pity there were not more parties. how many more women and people, because we had male victims in the gallery when first stage of the bill was taken, will have to suffer this during the year we are waiting for the minister? a year is a disgrace. why would the government put a stop on my bill for a year? it shows it is not serious about moving on this quickly, as has already been said.
           i do not accept that our constitution is such a problem to everything because i do not think therapy notes were in any way ever considered. as i have said, up until this week, a ban on evictions was unconstitutional. it was done during the pandemic and now it can be extended in rent pressure zones. i want to give an example. jacqueline, the sister of clodagh hawe, has written a book. in this book she writes about her sister and her nephews, who were the victims of the most heinous crime. according to her, a priest had a lot of information about the crime because he had had private conversations with the perpetrator. that priest was never compelled by anyone, any court, any garda or whoever, to disclose that information. never; which was very upsetting for the family. that is not unconstitutional but somebody's private therapy notes are. by the way, they are third-party so how are they relevant? there are so many ways that, if the minister and the government had any political will, they could make this be ruled out of order. the priest is grand and he will be left at it but the victim of a crime has to give full disclosure.
           this is extremely disappointing. there is a shameful record in this country of dealing with gender-based violence. i know the minister of state spent a lot of the speech outlining all of the great things he says the government has done but when we boil it down people still have to wait years for a trial.
          they then have to run the gauntlet of victim-blaming. they do not have their own independent representation. character references and all sorts can be wheeled up, all of which are completely traumatising. we have just seen this week how this state has not taken violence against women seriously, even in how it looks for missing women. that has to never happen again, that women are missing for 30 years and that a disappearance is then upgraded to a murder trial. the record in this country of dealing with women, from mother and baby homes to institutions and through victim-blaming in courts has been horrendous.
           the chair of the justice committee has appealed to the government to allow this to go forward in order that we can bring the therapists in and hear what they have to say, as opposed to having them caged behind the glass of the public gallery. we should question them and listen to their experience of having to operate under this law. we should bring in survivors and organisations who have views. we should bring in the judiciary as well. i would be very interested in hearing why it thinks this is so necessary to maintain.
           let this bill go forward. let it go to committee stage. the justice committee is only waiting to act on this. if the government does not let the bill proceed, is it planning any legislation at all regarding gender-based violence? it does not seem to be a priority whatsoever. the government's attitude is pedestrian. it is extremely disappointing that people have had to campaign and campaign. any survivor with whom i have spoken and has heard this bill is blocked is shocked. they are absolutely and utterly shocked and very disappointed. even if they accepted that there were issues with it, they would have thought it would have gone forward and moved to the next stage, where those things can be addressed.
           i thank all the people who have come here from around the country. keep lobbying your tds all week to not accept this. let people vote and have a free vote on a matter of conscience. fianna fáil and fine gael tds stood in this chamber a year ago after survivors testified and said that this should be outlawed - we know they agree with what i am saying. please keep the pressure on tds until we get change. we will fight to ensure that no person has to go through this misogyny in our courts system ever again."
2025-06-11,seanad,https://data.oireachtas.ie/akn/ie/debateRecord/seanad/2025-06-11/debate/main,39,Minister for Education and Youth (Deputy Helen McEntee),Minister for Education and Youth (Deputy Helen McEntee),"minister for education and youth (deputy helen mcentee)
          i will start by also acknowledging sheila and thanking her for being here. in introducing the supports for survivors of residential institutional abuse bill 2024 before this house, i am very conscious of the enormous trauma that has been endured by survivors of all abuse. nothing we can do now and nothing i can say here will ever undo the hurt that has been caused.
           it has been nearly 25 years since the then taoiseach, bertie ahern, on 11 may 1999 apologised on behalf of the state to the victims of childhood abuse. that apology arose from the important recognition of the extent and effect of the childhood abuse that had taken place in institutions that were supervised and regulated by the state. how a society treats children tells us much about that society. we all agree that every child deserves the utmost in care, attention and love. for too many children, this obligation was not honoured. the commission to inquire into child abuse shone a very strong light into dark places of irish history. as i said, nothing can ever be said or done to unravel the pain and suffering from those who were abused. i acknowledge that again today.
           the final report of the commission, known as the ryan report, was published in 2009. it revealed that shocking levels of physical and emotional abuse were endemic in the institutions concerned, while sexual abuse also occurred in many institutions, particularly those for boys. in parallel with the work of the commission, the residential institutions redress board was established in 2002 to make fair and reasonable awards of redress to those who as children were abused while resident in industrial schools, reformatories and other institutions subject to state regulation or inspection. the redress board accepted applications for almost nine years. ultimately, about 15,600 survivors received awards of redress. in 2006, the education finance board was established on a statutory basis to provide grants to survivors and their relatives to assist them in engaging in education. this was enabled by a specific fund provided by the relevant religious congregations under the 2002 indemnity agreement. the board was formally dissolved in 2013. similarly, funding of more than €110 million was provided by the congregations following the publication of the ryan report in 2009. this was assigned to the residential institutions statutory fund board, or caranua, which was established in 2013 to provide funding and supports to survivors in respect of approved services such as health, education or housing.
           overall, caranua provided funding supports to more than 6,000 eligible survivors, with each applicant receiving variations of different supports. to date, these initiatives have involved a significant amount of funding - albeit we are not here to talk about funding – in the amount of €1.5 billion, including direct redress payments to other supports or survivors, as well as other payments that have happened over the years through the different structures put in place.
           the national counselling service was established in 2000 as a free nationwide service providing counselling and psychotherapy service to survivors of abuse in residential institutions. in addition, my department has since funded the origins tracing service for individuals who spent all or part of their childhoods in irish industrial schools and who are interested in tracing information about their parents, siblings or other relatives. the service, which is operated by barnardos, is available free of charge to survivors living in ireland but also supports those living abroad.
           the legislation before the house has two main purposes. it is intended to enable the delivery of ongoing health and education supports to survivors of abuse in residential institutions such as industrial schools and reformatories and to provide for the dissolution of caranua. the bill was published in april 2024 and completed its passage through the dáil on 28 may 2025. this marks a new phase of the state providing ongoing supports to survivors and builds on the response to this issue to date. the development of the new package of supports was informed by consideration of the reports of a survivor-led consultative forum, along with other relevant reports and submissions. my predecessor as minister, deputy norma foley, met with the forum on several occasions. i acknowledge the commitment and engagement of its members.
           subject to the enactment of the bill, it is my intention that the health supports payment for former residents of institutions living outside the state, as well as the education supports, will be available by 1 august. the roll-out of the health supports for those who are resident in ireland will be from the third quarter of this year following consultation with the minister for health and the hse. it is imperative that these measures are implemented and supported as soon as possible.
           i will now outline the key parts of the bill, as passed by the dáil. part 1 provides for a number of preliminary matters, including commencement, the payment of expenses arising from the administration of the bill and definitions. a key definition is that of ""former resident"" as it relates to those who will be eligible for the supports provided under the legislation. this is defined by reference to the residential institutions statutory fund act 2012 that established caranua and essentially provided that a former resident is a person who received an award of redress from the residential institutions redress board or a similar board or a settlement.
           part 2 provides for the delivery of health and education supports to survivors. section 4 provides for the delivery of a package of health supports and services to former residents that will allow survivors access to gp services, drugs and medicines, home nursing and home helps, dental, ophthalmic and aural services, counselling, chiropody and physiotherapy. this is the same package of supports as that being provided to survivors of the magdalen laundries under the magdalen laundry scheme and to former residents of mother and baby homes and county home institutions under the mother and baby homes institutions payment scheme. this entitlement will be for life and will not be subject to means testing or review.
           section 4 also provides a legal basis for the transfer and processing of any relevant data by the department and the hse to enable the delivery of these supports. it requires that such processing be subject to suitable and specific measures to safeguard the rights of data subjects.
          in recognition of the fact that approximately a third of survivors of abuse in residential institutions live outside of the state, section 5 provides for the making of a once-off health support payment of €3,000 to survivors who are resident abroad. this is in lieu of the enhanced medical card to support their health needs. this is the same approach as was taken in the mother and baby institutions payment scheme act 2023.
           section 6 provides for the payment, on application by a survivor and subject to criteria determined under the bill, of a grant to assist them to engage in education. subject to the passage of the bill, my department will establish a new scheme involving the payment of cash grants ranging from €500 to €2,000 to survivors who are engaging, or who wish to continue to engage, in further and higher education. the scheme will also ensure survivors are not required to pay the student contribution charge where this would otherwise apply. these grants will be additional to the wide range of enhanced supports in place for those seeking to engage in further and higher education, including the free fees initiative, the susi student grant scheme, the back to education allowance, and initiatives such as springboard.
           part 3 contains a number of standard provisions relating to the dissolution of caranua. as i have already outlined, caranua’s specific purpose was to disburse funding supports to survivors in areas such as health, housing and education from a ring-fenced fund of €110 million plus interest of €1.38 million, which was provided by the relevant congregations following the publication of the ryan report. as the funding available to it was finite in nature and could not, under the residential institutions statutory fund act, 2012, be supplemented by exchequer funding, caranua began winding down its operations in 2018 and effectively closed in march 2021. part 3 provides for the appointment by the minister of a dissolution day upon which caranua will be dissolved, for the transfer of relevant functions to the minister, for the transfer of liability for loss, property rights and liabilities, for the preparation by the minister of caranua’s final accounts and final annual report, and the closure of the investment account which holds what remains of the statutory fund.
           i note in particular that section 14 provides for the transfer of caranua’s records to the minister and for the processing of that data for certain specific purposes. it is important to note that the records held by caranua do not include detailed testimony or accounts of survivors' experience of abuse in residential institutions - the type held by the commission to inquire into child abuse or the residential institutions redress board. the records relate solely to caranua’s role of disbursing funding to survivors, including day-to-day administrative records and records relating to applications made by survivors. these data and records will continue to be subject to both gdpr and freedom of information legislation, and survivors will continue to be entitled to exercise their gdpr and foi rights, including seeking a copy of their own data. my department has engaged closely with both the office of the attorney general and the data protection commissioner on revisions relating to the transfer and processing of data under the act. appropriate and suitable safeguards will be put in place, in consultation with the data protection commission where necessary, to ensure all such data is held confidentially and in compliance with all data protection requirements.
           section 17 provides for the utilisation of any funds transferred to the minister upon caranua’s dissolution and provides that these funds will be used only for the purpose of benefiting former residents. however, it should be noted that very limited funding remains available to caranua at this time.
           part 4 contains a number of miscellaneous provisions. section 18 provides for the transfer of certain data to the minister by the residential institutions redress board, the data concerned being the name, address and date of birth of each individual who received an award of redress from the board, and for processing of that data where necessary and proportionate to confirm the eligibility of a person for the ongoing supports provided under the bill.
           section 19 provides for the making of relevant regulations by the minister, while section 20 provides for the amendment of the nursing homes support scheme act 2009 to ensure redress payments made by the residential institutions redress board are no longer taken into account when making financial assessments under the fair deal scheme.
           section 21 provides for the amendment of the mother and baby institutions payment scheme act 2023 to take account of the supports to be provided under this bill. the 2023 act provides that a person who has benefited from the magdalen laundry scheme will not be eligible for a health support payment under the act. the proposed amendment will ensure this will apply to a former resident who receives a health support payment under section 5.
           as well as the health and educational supports provided for under the bill, government also approved the provision of advocacy supports specifically for survivors. although these do not require a legislative basis and are not reflected in the bill, they represents a critical element in the overall package of supports. survivors highlighted the difficulties many experience in engaging with and accessing existing mainstream public services and identified a requirement for signposting and advocacy for access to such survivors. that is why this has been put in place. my department has therefore entered into a grant funding arrangement with sage advocacy, an independent advocacy organisation, which we are all aware of, with a strong track record in providing advocacy supports to older people, vulnerable adults and healthcare patients, to develop information support advocacy services to assist individual survivors to engage with and access relevant services and support. sage advocacy has already rolled this service out, which has involved recruiting regional advocates who are based around the country. they engage with survivors to support them in their dealings with service providers in areas of health, social protection and housing. sage continues to implement a communications and outreach plan to try to promote survivors' awareness of the availability of this service.
           given the importance of delivering this suite of measures to survivors, especially the health and education supports outlined in the bill, i hope to enact the bill as quickly as possible. i commend the bill to the house. i acknowledge every single survivor, those who we were referencing specifically here today and all survivors of childhood abuse. we can never change what happened but we have to acknowledge it to move forward and do everything we possibly can to support in every way possible those who are impacted. that is what we are trying to do here. it will never go far enough - i appreciate that - but this is a step in the right direction. we need to make some small acknowledgement of the trauma inflicted on so many people."
2025-06-11,seanad,https://data.oireachtas.ie/akn/ie/debateRecord/seanad/2025-06-11/debate/main,42,Senator Victor Boyhan,Senator Victor Boyhan,"senator victor boyhan
          first, i welcome our guests, particularly our two colleagues in the front who have been here many times in many other debates. i thank the minister and her predecessor for their engagement on this.
           in preparing for today, i was conscious i wanted to open with a positive line of thanks to several people. to fill in for those new people who may not have met me or know about me, i speak with some knowledge and lived experience of this issue. i lived in three state institutions in my life as a child. therefore, there were different experiences with which i bring some lived experience and there is no substitute for that. it was only when i was coming up the stairs that i remembered it was 27 years ago that mary raftery, the author of ""states of fear"" and now deceased, came to my home to discuss a whole range of issues around institutional care and the emotional, physical and sexual abuse of children within the state, both in the care of the state and the church. we need to be very careful. it is too easy to demonise the church and the religious. i wish to pay particular tribute to them. i am a member of a faith community - the church of ireland - by birth, heritage and choice and a supporter of the faith communities. i am not prepared to contribute to a negative conversation about all of them, because this was clearly not the case.
           i give thanks to the many unsung heroes and decent men and women of religious vocation in every denomination who gave their best, were always good and who put children and people in their care to the fore. they have been forgotten in the narrative of abuse of children within our state. i thank mary raftery, from the ""states of fear"" for her remarkable programme. i thank christine buckley from goldenbridge and ""dear daughter""; the former councillor and mayor of clonmel, michael o'brien, who gave a compelling and personal testimony of his life; and john bowman from rté ""question and answers"" who said mr. o'brien's words had ""a greater impact than any other contribution from the audience in the history of the programme."" what an endorsement from john bowman. 
           i think of philomena lee and philomena's law which is currently going through westminster as we speak. it is being discussed how she championed the rights of mothers and children who were born or found themselves in mother and baby homes. i give thanks to catherine corless for her great work and advocacy in tuam. in a matter of days, we will see the first exhumations coming from there which is a story in itself. i think of our former councillor damien o'farrell whose experience in the christian brothers is well documented and went through the processes. he is a key advocate in sage advocacy, which the minister has talked about. i also think of conrad bryan from the association of mixed race irish, amri, who has spoken in these houses many times about the prejudice and challenges of children who were mixed race in the fifties, sixties and seventies, where they found no place. i think of senator colm o'gorman and his experience of abuse at the hands of father seán fortune in the wexford diocese - again, all documented and in the public realm - and how he set up one in four to champion and advocate for people and how courageous that was of him and the price. 
           there are many others but i cannot let today go without thinking of our own samantha long, senator mcdowell's pa - who was only on the joe duffy show and the late late show in the past two weeks - and how she has championed the rights of survivors. she works with us on these corridors of power as a constant reminder and advocate for what happened to women, children and families at the hands of the church and state. all overcame many obstacles to reveal the serious levels of historic abuse in ireland's institutions. they battled courageously against successive governments who wished to suppress the secrets they were committed to revealing. how remarkable that was. 
           their stories shook the country to its core, shedding light on the harrowing physical and sexual abuse suffered by children under the care - or the supposed care - of the religious orders, the non-religious and industrial schools and places of detention. thankfully the floodgates were irrevocably opened and they can never be shut. we are making progress but there is more to be done. a public apology was issued, as the minister said, by bertie ahern on behalf of the state. we had the ryan commission report and a subsequent public apology from the then uachtarán na héireann, mary mcaleese. we then had another apology from the then taoiseach, enda kenny. the apologies were made and there was an acceptance that the state had an absolute responsibility. 
           going back to mary raftery and the conversation we had 27 years ago in my home, she went on to make the programme to open up, empower and allow people to share their stories. it is not easy to talk about your personal experience. people come up to you and they say ""did your family not want you? what were the circumstances?"" there were many circumstances for all of us while we were in care. we had to live with that and go around with the shame and the guilt. we could have if we chose to but we abandoned that and decided we could do other things with our lives. my past has motivated and politicised me. the greatest day of my life was coming into this parliament to be an advocate. did i think, as a young child in 1961 right up to the seventies, that i would be elected to my council? as a matter of fact, my happiest day was being elected to my council in dun laoghaire-rathdown. going in that door, a door i had gone through for years to receive hospitality and was now back as a member and then i came to this parliament. where you have conviction, you move on. my experience politicised me and i hope i keep it under a certain amount of fine tuning because it is so closely connected to the person that it is an emotional tie. i will never give up advocating for justice and helping people along the way. 
           mary raftery went on to produce ""cardinal secrets"", the investigation into the clerical child sex abuse in our dublin diocese. in 2008, she reported on the medical malpractice and interference of bodily integrity of people at our lady of lourdes hospital in drogheda and rté ""prime time"" covered that programme. back again in 2011, ""behind the walls"" was raftery's last production which highlighted the appalling conditions of abuse in our irish psychiatric hospitals. a tireless, brave and selfless woman, mary raftery died exhausted in st. vincent's hospital in dublin on 10 january 2012 at the age of 54. it is said she filled the elusive ambition of most journalists; she made a difference. 
           i thank rté, especially ""prime time"", ""questions and answers"" and ""prime time investigates"". that is public broadcasting at its very best. last week, we saw it again when it highlighted the issues in nursing homes. what a great credit it is to our national broadcaster, our public broadcasting, that beams the truth into the homes of us all. it is important to acknowledge that. 
           i am conscious of my time. i have read the dáil transcripts and noted the arguments for and against. i noted what the minister said and the voting record of the members. no doubt we will have some debate here next week. many have said - including the minister - we cannot undo the past. i say it is within our power to assist and make a difference, to help and give a helping hand and to collaborate with the church and state. i appeal to the church - and that includes the church of ireland in which i am an active member by choice - and all the denominations that they must come to the table and give money forward. an indemnity scheme was entered into and - in my view - it might not have been enough but a deal is a deal. the leaders of all the churches in this country, including my own, must cough up and pay up. they have a moral responsibility. they cannot talk about transparency, justice and equality with all credibility if they will not come to the table with government to support it. 
           i will make some simple requests. i do not want to come in and clog up the oireachtas next week with a whole load of amendments that will all be voted against with the whip applied, etc. i understand the political process and that it is not personal. the minister and all of us understand that, too, so what will i ask for? i ask that special support be given to the special advocate, ms patricia carey. she has done amazing work. i have read her reports. she does not report directly to the minister, but she reports to another minister. her work is exceptional. she has been in touch with us. there is a meaningful role for her. she has engaged with many people i know and i know the powerful impact she has had on their lives, so i ask the minister, deputy mcentee, to engage and consider that.
           i am delighted to hear of the minister's support for sage advocacy. in particular, i mention the former councillor, mr. damian o'farrell. it is great to see that important work because it is about the future and helping people to navigate the rest of their lives.
           i ask for a just redress scheme for those excluded, not within the parameters of this scheme because it is too late. the minister can call it what she will, but let us see that we assist people with housing - give them special status on their applications with housing points, because that is important - health, pensions and medical support.
           the boarded-out men and women of this state, many of whom have been my guests in these houses, were boarded out illegally and were slave labourers. they lived in cattle sheds, drank water out of cattle troughs and lived off the clippings that were left from the main kitchens of the farm houses. they are still alive. many are in the west, but also in other places. let us reach out to them. let us help them. we do not need legislation. we just need humanity and practicality.
           there are the children who were born to multiracial families that were away and then - the cathaoirleach has great commitment on this - the forgotten irish, the irish walking the streets of london, birmingham, liverpool and further afield who have no place to come back to. ireland is a very different place now, thankfully. they need help. in fairness to our ambassador in london, amazing work is going on. i urge the minister to reach out to the existing agencies and support these people.
           we have never addressed the issue of the drug trials. i lived in an institution where drug trials took place. there is no dispute over it. micheál martin spoke at great length in both houses about this. drug trials were carried out on children in this state and no compensation has been given. it is accepted that it happened. we have the necessary documentation about these reports. smithkline and the wellcome foundation were involved. it has all been documented. we must give the people who were impacted justice. a former minister, mr. alan shatter, spoke to me at the time and talked about the right to bodily integrity enshrined in our constitution. we owe it to the people, to the children and their families. they were used without parental consent. no one seems to know under what loco parentis they stood. they were used as guinea pigs for vaccines. it was wholly wrong and it must be revisited.
           i will finish on that. i thank the minister for her time. i want us to work together on practical measures. let us not tie ourselves up in any more words or more sheets of legislation but commit to a working agenda with sage advocacy and the great advocate patricia carey and help people, most of whom are now in their 70s, to finish their last days with the dignity, respect, love and affection they should have had long ago. if we do that, we can put our hands on our hearts and say we are really repentant and that we will do something for these people to ensure their last days in this life have a little comfort, the comfort they rightly deserve."
2025-06-11,seanad,https://data.oireachtas.ie/akn/ie/debateRecord/seanad/2025-06-11/debate/main,54,Senator Eileen Flynn,Senator Eileen Flynn,"senator eileen flynn
          i am privileged to support the bill and i thank senator boyhan for all his hard work. he said something important to me which i had never really thought about. this was that there are victims walking the corridors of leinster house. behind us we have catherine and sheila, two very powerful women. i have worked with them for many years on institutional abuse and the mother and baby homes.
           we must be clear that while financial compensation is necessary, no amount of money can repair the damage done to those who suffered in these institutions. what survivors often describe as being equally important is being heard and believed and their experiences being acknowledged. catherine coffey has given me a letter, as she has to many members. several parts stand out for me. many traveller children were taken, never to be seen again. at traveller events many women speak about the bogeyman, as they did years ago, when travellers lived on the sides of the roads. even when i was growing up, my mother would tell me to be good or the bogeyman would come and get me. travellers have always been failed by the social care system in irish society. still today, sadly, there are traveller women in prison who have no access to their children. they were also failed in mother and baby homes, as catherine rightly states. i know catherine is a proud member of the traveller community herself.
           one thing about sheila and catherine is that they do not make it all about themselves. in another part of the letter that catherine wrote she said the irish state should treat the survivors of industrial schools and their dark history with the respect it deserves and put an end to the suffering so they can all move on and make the best of the little of life they have left. the childhood of these women and their lives were taken away by the state, unfortunately. catherine also speaks about how her human rights and equality were taken away as a child and sets out what the survivors are looking for. senator boyhan has in the bill, which the civil engagement group supports, equal access so people can have basic care now in their older age, something they never got as children. all they are looking for is basic care with regard to health, education and social housing.
           other members have spoken about people living outside the country who left because of ill treatment at the hands of the state. for them to only get €3,000 is not on. i hope the department will consider this and value people who moved outside the country with equal respect. i can say no more, except that we support senator boyhan. these survivors in later life are only looking to be treated with dignity, respect and equality of opportunity, something they were denied as young children. again, i thank sheila and catherine for sharing their experience with us over the years. i thank the minister for bringing forward this very important legislation."
2025-06-10,dail,https://data.oireachtas.ie/akn/ie/debateRecord/dail/2025-06-10/debate/main,308,Deputy Eoghan Kenny,Deputy Eoghan Kenny,"deputy eoghan kenny
          today the guardian newspaper reported on the up to 13,000 survivors of mother and baby homes living in britain who risk losing access to essential means-tested benefits if they accept compensation. a campaign led by our british labour party colleague, liam conlon mp, shows that if the compensation is taken up by survivors it is considered to be savings and therefore disqualifies them from the means-tested social welfare supports they receive. i ask the taoiseach to engage with his uk counterpart to encourage people there to take up the scheme and to ensure that survivors do not lose their benefits."
2025-06-10,dail,https://data.oireachtas.ie/akn/ie/debateRecord/dail/2025-06-10/debate/main,312,The Taoiseach,The Taoiseach,"the taoiseach
          apologies. the department of foreign affairs, along with the department of health and others, provides financial support for centres in london, in particular, where there is a service to engage with survivors of mother and baby homes, advising them, counselling them and giving them the wherewithal to apply for the schemes. we will engage with our uk counterparts in respect of trying to ring fence that and avoid any loss of benefits."
2025-05-28,dail,https://data.oireachtas.ie/akn/ie/debateRecord/dail/2025-05-28/debate/main,349,Deputy Catherine Connolly,Deputy Catherine Connolly,"deputy catherine connolly
          i have no difficulty with the technical amendments, but i will use my time now and at the end of the debate to say that i am most unhappy with the bill. i cannot support it in its present form.
          the minister said she is responding to the needs of survivors. we have a special advocate, and when that special advocate was appointed there was a press release which stated the government would value and listen to survivors. i will refer to a little part of that press release. it stated the role of the special advocate would be to promote the collective interests of survivors, as expressed by them, and to amplify their voices. it went on to say how important the role was and that the appointment of a special advocate for survivors fulfilled a core commitment in the government's action plan, which recognised that the response of the government to the legacy of these institutions must be directly informed by the voices of those centrally affected. i say, reluctantly, that this was empty rhetoric. this was the start and end of the story. the special advocate wrote to all of us and wrote to the minister on 25 may, setting out clearly what is not in the bill and what, after the consultation process, should have been in the bill. it is worth noting the scepticism with which survivors met the consultation process but they still gave it their trust. despite initial scepticism about the purposes of the scoping exercise, survivors and their advocates were very clear on what the ageing population of survivors need and want in ireland and the uk, not only for themselves but for all survivors. they do not want talks about talks. this directly bears to the amendments and the legislation going through the house.
           it was very good the government put the advocate in place but what does she tell us? she says there should be inclusion of all survivors, a very limited number of whom are still alive. most of them are aged over 70 and 80; we have all of the percentages. the advocate asks for access for all. at present the bill is limited to those who previously received redress under the residential institutions redress act. a significant number of survivors, including those living overseas, in prisons and in other institutions, were not aware of or were unable to apply for redress. they are all excluded. giving the ageing survivor population, it is unfair and exclusionary to further discriminate. when i speak again i will speak about this discrimination and the harm the government keeps perpetuating in the guise of fair procedure. scheme after scheme, other than the scheme directly run by the department of education which i will come back to, every one has been unfair and discriminatory. i will not read out all of what the special advocate says as i do not need to, but she states the bill should refer to any person who was resident in an institution specified in the schedule of the redress act 2002. that is not too much to ask. i would be asking for more but that is what is being asked for.
           then we go on to housing needs. the special advocate proposes a novel, innovative and cost-neutral initiative. i do not know whether she is being ironic. imagine, to reassure the minister she is describing as novel, innovative and cost-neutral the request that survivors be given additional weighting on the social housing waiting list. it is something as simple as that. the health service has been mentioned already. let us stop calling it an enhanced medical card. the survivors are asking for the haa card, introduced in legislation for another vulnerable group. the special advocate states that in her role she has spoken to more than 1,200 survivors and affected persons. she states the very limited and less than effective impact of the proposed enhanced card has been consistently raised over the past 12 months by the magdalen survivors and those receiving the medical card under the mother and baby homes scheme. that is another unjust discriminatory scheme. the haa card is the required card for all institutional abuse survivors, as it guarantees their rights to full and speedy access to health provisions and support for an ageing and marginalised group. may i say, they are marginalised by what was done to them by the state. often they are vulnerable groups. with regard to the health needs of those overseas, they ask specifically that the payment to them be increased to at least €10,000. we have tabled amendments for a figure higher than that. all of my amendments have been ruled out of order. i have tried to work the parliamentary system but all of my amendments were ruled out of order.
           the department of education commissioned a report in 2019. it was published and utterly ignored. the special advocate refers to this report. in the final report the top two priority issues for survivors were a request for the haa card and prioritisation of housing needs of survivors. neither of these two requests, nor the other requests, have been included. i speak as somebody with personal and professional experience of institutions. i have watched 22 years of apologies and there has been more than 100 years of institutionalisation. i will come back to this. each scheme has been defective. the magdalen scheme led to the ombudsman absolutely castigating its discriminatory nature and maladministration. we are here today doing the exact same thing, telling survivors we have listened to them and then absolutely ignoring them, and ignoring the special advocate the minister put in place to tell us what survivors want, all to save a few euro. it would have been much simpler all along just to give a payment to every survivor and their families in terms of education."
2025-05-28,dail,https://data.oireachtas.ie/akn/ie/debateRecord/dail/2025-05-28/debate/main,351,Deputy Pa Daly,Deputy Pa Daly,"deputy pa daly
          i do not have any difficulty with most of the technical amendments, but i will make a few points about the wider issue.
           this is the supports for survivors of residential institutional abuse bill 2024 and it has the word ""support"" in its title, but it includes little in the way of practical support for former residents in its contents. it is more virtue signalling and promising something while delivering nothing on the part of the state. in fact, the state is washing its hands of some vulnerable citizens. the bill contains provision for complex health needs of infirm former residents who apply for certain payments, but nothing relating to contributory pensions, end of life care or support for spouses. the minister will fund psychological support and chiropody services, so, as one writer put it, residents can be told about the aches and pains in their bodies and heads while their toenails are being cut, but there is nothing about the exclusion of thousands of former residents of mother and baby homes from the payment scheme.
           i refer the minister to patrick anderson mcquoid's letter to the irish times last august. he was sent by the bethany home which was open until 1972 to a nurse mother where he was kept hungry. he was then sent by the irish church missions to a family in the six counties who beat him until he escaped to england at the age of 16. what does the minister's payment scheme offer to patrick under this or any other bill? nothing. i think of james sugrue from kerry who was one of the children boarded out in some of the schemes. they have received nothing as well. i have to wonder. it is easy for the state to blame the catholic church and other religious bodies and institutions, but why are the boarded out children, the people who were in bethany homes and westbank orphanage in wicklow, which was connected to the church of ireland, excluded from the scheme? it is worrying that they are. it is easy to find a scapegoat in one particular church because that kind of absolves the state from the overarching responsibility it had to the children. the bill does not offer former residents of wicklow's westbank orphanage anything as they are excluded. it is a collective stain on our history and a source of deep shame that those people are being ignored. they include people like patrick anderson mcquoid. they had similar horrifying treatment under the watchful eye of the state.
           the bethany home was inspected by the department also but, strangely, it has been excluded. the state is in effect washing its hands of a lot of these survivors, but their struggle will go on to be given treatment equal to the people dealt with under the other schemes. it is unfairness that has not been dealt with. the struggle of mr. mcquoid and james sugrue and the other boarded out children is unbelievable because at every stage from the moment james sugrue was put into the boarded out home in killarney, he was under the care of the state. when he was boarded out he received horrible treatment. his two brothers are now both deceased. at every stage, the state was responsible for him and it has washed its hands of him and that is not fair."
2025-05-28,dail,https://data.oireachtas.ie/akn/ie/debateRecord/dail/2025-05-28/debate/main,352,Deputy Helen McEntee,Deputy Helen McEntee,"deputy helen mcentee
          i thank the deputies for their contributions. there is nothing we can say or do that will change what happened to so many young people. that is not what we are trying to do here at all. with the introduction of a redress scheme when parameters are put in place, the challenge is that someone will always be outside them. it is difficult, whether we are talking about this particular scheme or the mother and baby homes or magdalen laundries schemes, to have an open-ended scheme. parameters have to be set to make sure the redress gets to those who are entitled to it or who are within the parameters set and agreed by the government and the houses. i appreciate there are people outside the scheme who have not got anything along the way, but those parameters were put in place a number of years ago.
           those who received settlements from the residential institutions redress board or similarly court settlements are the people we are discussing today and those who will be in receipt of the various different elements provided for in this bill. some 15,600 survivors received that redress. it was open from 2002 to 2011, which was quite a long period. i appreciate that some people might have moved abroad and might not have been aware of it, but every effort was made to try to ensure people were aware of the scheme, could partake of it and engage with it at different stages. this bill is linked to that and the residential institutions redress board scheme is closed. it is therefore not open for anyone new to come under this bill.
           on the ethos, it has been made clear to me that there is no issue of ethos or any suggestion that one particular ethos was excluded or not. the deputy mentioned the bethany home and the westbank orphanage, but a number of other protestant ethos institutions were included in the scope. religious ethos was certainly not a factor in deciding which homes were chosen.
           on the health supports, it is not to exclude. the role of the representative and the advocate was to make sure survivors' voices were heard, but it is also important that we do not have a hierarchy or levels of survivors between those who survived magdalen laundries or the mother and baby homes and the survivors we are discussing here. therefore, the health supports provided are in line with other schemes for survivors who went through traumatic experiences as children or young people. the haa card was only provided to one group, which was a group of people with significant health needs. it was a particular group of individuals who had contracted a serious and life-threatening illness. it was under the hepatitis c scheme. no one else has received the haa card. i am not saying it is an advanced or any other type of medical card. it is a medical card that sets out exactly what it provides to those individuals. for me what is important is that they get it. until this bill is passed, they will not have access to it, nor to the educational supports or any other element of the bill. it is therefore important to me that this legislation is passed and the people we are talking about can have access to these supports.
           the educational supports are in line. i acknowledge we need to support those who were in the institutions. i know it is not in line with it, but i wanted to come back on some of the points on the commitments and funding. funding came from two separate strands. one was the legally binding agreement and the other was a voluntary offer. both of the funding streams have finished, but that is not to say there are not other ways in or times at which we should be engaging with institutions on other types of abuse. there may be other redress that needs to be sought as well. we certainly need to keep that open.
           overall, i appreciate colleagues' engagement with this. the most important thing here is that we make sure those who are entitled to these supports receive them as quickly as possible."
2025-05-28,dail,https://data.oireachtas.ie/akn/ie/debateRecord/dail/2025-05-28/debate/main,360,Deputy Ciarán Ahern,Deputy Ciarán Ahern,"deputy ciarán ahern
          i am still concerned about this proposed amendment. it appears to be an attempt to water down the services available to survivors so that even less home help is on offer compared to the magdalen and mother and baby institution schemes.
           as i said, section 4(1)(d) reads identically to the legislation underpinning both the magdalen and mother and baby institution schemes. in those schemes and currently in this bill, public home help services will be provided upon an assessment of need made by a registered medical practitioner or nurse. the minister wants to amend this so that the entitlement to public home help service would arise only where an assessment of need is made on behalf of the health service executive. what does that mean and how will this be implemented? it seems far too vague a definition to be workable or suitable for a bill like this. for this reason, we have a problem with the amendment. 
           i emphasise, as deputy connolly and others have done, that this bill is already a huge breach of trust because it ignores entirely the survivors' repeatedly stated need for the full haa card. instead, under the bill, people will receive little more than the regular medical card. we know from the special advocate, patricia carey, that survivors of magdalen laundries and mother and baby institutions who are already in possession of this enhanced medical card find it to be wholly inadequate for their needs. they remain on interminable waiting lists for desperately needed services in housing and, lest it be forgotten, they have experienced the worst forms of abuse possible at the hands of the state and the church.
           the minister said the haa card has only ever been given to hepatitis c survivors but the enhanced medical card is not what justice quirke recommended for magdalen survivors. his first recommendation was explicitly that the full range of haa card services be provided. this is not what survivors of mother and baby homes requested in their hundreds through the oak consultation commissioned by the government. they clearly requested the haa card. it is also not what industrial and reformatory school survivors requested in yet another consultation, which the government duly ignored. the department of education commissioned the walshe and o'connell consultation in 2019. the survivors need and explicitly requested the haa card. this is particularly shocking because re-institutionalisation in nursing homes is the consequence many will face when home help and home care is unavailable. this is something the special advocate, patricia carey, has been at pains to make clear. having been in touch with more than 1,200 survivors of ireland's institutions, she is speaking from people's direct lived experience. i call on the minister to withdraw this amendment."
2025-05-28,dail,https://data.oireachtas.ie/akn/ie/debateRecord/dail/2025-05-28/debate/main,362,Deputy Naoise Ó Muirí,Deputy Naoise Ó Muirí,"deputy naoise ó muirí
          as a first-time deputy, i welcome the bill. the supports it provides are very much necessary. the original residential institutions redress scheme was very transactional and survivors had a really hard time applying for redress.
           as deputy heneghan mentioned, the artane industrial school was in our constituency. i am acutely aware of the trauma endured by those who attended the school, both while in the school and for many years afterwards. that hurt and the impact of the school are still very much felt in the area. i hope the country has acknowledged and learned from previous redress schemes such as magdalen institutions and mother and baby homes scheme. while there are questions about exactly how the net is cast, they are not as adversarial and applicants are less likely to have to relive their awful trauma and hurt.
           i am aware of the advocacy work being done by groups, such as sage advocacy, on behalf of survivors. i have had very positive feedback from some of my former council colleagues and dublin city council regarding the passion of these groups and the efforts they make, particularly on housing advocacy because housing is an issue for survivors, with local authorities on behalf of survivors. i ask and encourage survivors to continue to come forward so they can be supported. it is the least we can do for them after all the trauma they have endured."
2025-05-28,dail,https://data.oireachtas.ie/akn/ie/debateRecord/dail/2025-05-28/debate/main,368,Deputy Catherine Connolly,Deputy Catherine Connolly,"deputy catherine connolly
          can i speak on this? i was not sure what the format was. i want to support any bill that gives supports to survivors. i am now in a dilemma as i cannot support this bill. i will outline why this is the case. i will go back over 22 years of apologies. as usual, i thank the staff in the library for their wonderful work setting this out. i recommend it to any new td. the library can set out the whole background to a topic. i have been here for some of that background. i am no expert but, i repeat, i have both personal and professional experience. the minister says that other schemes have done this and we are staying with the other schemes. all of the other schemes have been found to be badly defective in many ways. let us start with the apologies. we have had 22 years of apologies. it is very important to remind people of this. the government says things like ""we are doing this and it is very important that we put it through for the survivors"". nothing was to happen like this without the survivors being involved. despite the scepticism of the survivors, the special advocate, on their behalf, produced a report, as i have said already. i am allergic to repetition, but it is really important. this was the scheme that was going to be different. in this scheme, we were going to listen to the survivors and the advocate and have an inclusive scheme, because that is what they asked for. really, in the scheme of things, it is very limited. i accept the minister's bona fides but i cannot accept what she is saying, because the system is failing to learn. it is just perpetuating the injustice over and over again to save a few pennies. i find that unacceptable.
           let us look at the apologies. in 1999, this apology did not come from a proactive government but rather from some of the work by mary raftery and donal o'flaherty subsequently, in the book states of fear, and all the other books and documentaries. finally, in 1999, we got an apology, after a century and more of incarceration. in may 1999, the then taoiseach, bertie ahern apologised on behalf of the state to survivors of child abuse in institutions. following that, the commission to inquire into child abuse was set up. this was chaired by mr. justice sean ryan. he published his report in 2009. i will read out what he said. it is really important because we forget: 
          ... an outdated system enabled by the funding model. the system of funding through capitation grants led to demands by managers for children to be committed to industrial schools for reasons of economic viability of the institutions. 
          this was not for the children's sake but for the economic viability of the schools. 
           mr. justice ryan mentioned a fundamentally flawed system of inspection by the government. he also noted the department of education's deferential and submissive attitude towards the religious congregations compromised its ability to fulfil its statutory duty of inspection. he noted that the inspectors lacked the power to insist on changes. i will not read it all out but it is on page 16 in the digest. it is worth reading the summary. mr. justice ryan went on to note a systemic use of corporal punishment and a climate of fear created by pervasive, excessive and arbitrary punishment, permeated most institutions and all of those run for boys. complaints to the department were not properly investigated.
           mr. justice ryan noted that sexual abuse was endemic in boys' institutions and referred to predatory sexual abuse against girls. i have difficulty reading the fact that sexual abuse was endemic in boys' institutions but i have a duty to read it out. sexual abuse was endemic in boys' institutions and i will come back to the religious orders that have failed to live up to their responsibilities. sexual abuse was not systemic in girls' institutions but they were subjected to predatory sexual abuse by male employees, visitors and in outside placements, which we have not dealt with at all. the report noted that sexual abuse by religious staff tended to be dealt with using internal disciplinary procedures of canon law. gardaí were not informed. on the rare occasions that the department of education was informed, it colluded in the silence; it colluded in the abuse of innocent children. all children are innocent. this is the ryan report. 
           prior to that, we were fully aware of what was going on because we were told. fr. flanagan, the founder of boys town, back in the mid-20th century was disgusted by what was going on and set it out. we had the kennedy report in the 1970s and the cussen report in the 1930s. we knew what was going on. if we go forward from the apology in 1999, we got more apologies. we got an apology for the mother and baby homes and we got an apology for the magdalen laundries. the un committee said that the apologies were good but were undermined by subsequent actions of the government and subsequent schemes. we look at them and ask what schemes were set up. as regards the 15,000 survivors of the redress scheme, i was there in a professional capacity. it remains a crime for me to say what the settlement was. it remains a crime for the person who got an award to say so. that is what we did in the 20th and 21st centuries. we are making it a crime to disclose. survivors were subjected to an adversarial system. they were subjected to letters coming from religious orders that did not have the courage to turn up but sent their legal teams in with a letter. 
          that letter was put to the applicants by way of cross-examination, with nobody there to assist them. that is what happened with the redress scheme. in all of this consultation, survivors and their families tell us that it was more abuse. we are now putting a scheme through based on that utterly flawed system.
           if we move to the magdalen laundries legislation, we can see that, if nothing else, it sets out clearly that the government and the state had a duty to inspect and they did not do so. then a scheme was set up. we asked mr. justice quirke to set out the criteria for the scheme. one of the things he said was that, at the very least, those involved should get the health (amendment) act, medical card, but that did not happen. subsequently, it was found that quite a number of women and institutions had been left out. those women had to fight the whole way to the high court. the ombudsman issued a damning report on the scheme the government had gone to all the trouble to ask mr. justice quirke about. although he set out clearly what should happen, what he said was ignored.
           then we go forward to the report on the mother and baby homes, which the government got in october 2020 but did not disclose until the following january. it was only afterwards that the government told survivors on a zoom call what was in the report. the narrative was shaped, just like the executive summary.
           i am using the time available because this might be the last time i get a chance to speak on this subject. it is extremely important to put this on the record now in a new dáil with many new tds. there is a whole background to this bill. the government has never been proactive in coming forward, despite its apologies.
           the report on the mother and baby homes was not made public until january 2021, after the zoom call to which i referred. i remember speaking about it in the convention centre. i did my best to read the executive summary over an afternoon and a night with the help of my staff. it turns out that i was the only td who got a copy of it. i stood up the following day thinking all tds had it. we had a discussion on the mother and baby homes report without anyone but me having it. i pay tribute to the researchers who did the work in respect of the report. the executive summary, with its particular narrative, is appalling. nothing was learned.
           one good scheme was set up by the department of education. the latter provided limited funds of €12 million, which quickly ran out. the €12 million came from two tranches of money from the religious orders. i will come back to that. i have heard no complaint about the department of education in regard to that scheme. it gave money to provide some redress and to help people return to education, but it also did it for the children, grandchildren and stepchildren. that element is completely absent from this legislation. we did not learn from the good schemes and we continue to perpetuate the bad schemes.
           we can fast forward to caranua, which means new friend, but really it was the old enemy in disguise. i have said that about five times now in different speeches. its board was set up without proper regulation. in fact, the ceo went out on paid leave because of something she said that i will not repeat. her comments about survivors indicate that she was clearly not fit for the job. the comments she made were absolutely appalling. the sum of €15,000 was given out. then, in the middle of the scheme, caranua felt it was running out of money and stopped the payments. there were arguments over white fridges and so on. the point i make is that caranua was defective, just like the magdalen scheme had been defective.
           before i finish, i wish to refer to the religious orders. after the apology and the ryan report, some of the findings of which i read out, the religious orders were forced to give €128 million. in return, they were given an indemnity. they never had to worry again about a single case being taken against them because the state gave them an indemnity. the €12 million for the superb education fund was taken out of the €128 million. the only drawback was that the amount involved was limited to €12 million. the finding of the comptroller and auditor general is that the government paid a total of €125 billion for redress.
           if we fast forward to 2009 when the ryan report was published, some of the religious orders were embarrassed to come forward again. the christian brothers reneged on it. the religious orders gave another €125 million or thereabouts. that is all that has ever been given. the previous government told us that it had a negotiator talking to the religious orders to see if they would make further contributions. that has not been mentioned here today. the religious orders have not come forward at all. they have got away with holy murder.
           i have never blamed the religious orders because successive governments and politicians colluded. the middle classes benefited from workers from the magdalen laundries and mother and baby homes. there is blame on the religious orders, who have a higher duty, because they practice christianity. they were forced to come forward through being given an indemnity. can one imagine that? if we fast forward, they then gave €125 million. we have survivors struggling and then we bring in the mother and baby homes redress scheme, but we exclude all babies under six months on the basis that babies under six months do not feel or see anything – they are a tabula rasa. one can let one's baby cry. more than 20 psychotherapists wrote to the previous minister and government asking them not to do this because it was arbitrary. that is all on file. they asked the government to please not exclude babies under six months because the first six months of life are fundamental to child development. the scheme ignored the advice on babies under six months, as well as ignoring all those who were boarded out and those who suffered because they were of mixed race.
           that was the mother and baby homes redress, and this is the latest one. we ignored the survivors, the special advocate and the women and men who came forward and put aside their disbelief and scepticism for one last chance for the system to listen to them. in the overall scheme of things, we are talking about a limited number of people. we should give them reassurance that they will not end up in institutions again, because i know the fear they have of ending up again in an institution in older life. it is devastating for survivors that they would ever again be under the control of officials or those in power. i do not think it is that hard. we have put aside billions. we have apologised repeatedly, yet we keep bringing up defective schemes for survivors, to which we are supposed to give the thumbs-up.
           i accept the minister's bona fides but, as a mother and a woman, i question that a mother and baby homes scheme would be brought in on an arbitrary basis to save money, particularly as the department said money needed to be saved following the numbers that were crunched. the religious orders got away with holy murder – forgive the use of bad words – while their assets increase in value all the time.
           it is too late to appeal to the minister not to put this bill through, but those are my reasons for not being able to support it. she might address the consultation process we set up when we put in place a special advocate who had a very special background that gave her great understanding in all the roles she has played. she set out clearly what is to be done. the minister and the department ignored that, however, all to save a few pence. i cannot support the bill."
2025-05-28,dail,https://data.oireachtas.ie/akn/ie/debateRecord/dail/2025-05-28/debate/main,370,Minister for Education and Youth (Deputy Helen McEntee),Minister for Education and Youth (Deputy Helen McEntee),"minister for education and youth (deputy helen mcentee)
          i thank the deputies. a number of points were raised. the criteria that were agreed previously for the redress board focused on the abuse that was suffered within the institutions as opposed to those who were in the institutions. deputies might say that, irrespective of this, someone was in an institution and suffered abuse, and i do not dispute that. however, what we have here has the same parameters and is what had been agreed, that is, it referred to those who received redress in the previous scheme. that is what we are acknowledging here. as i said at the outset, i appreciate that the minute we put parameters around any type of redress scheme, there will be somebody outside of it. however, if it is an open-ended scheme, not just for this but for any other type of scheme, it is an even greater challenge to ensure it gets to those who need it most.
           i do not for a second disregard what the deputies have said, in particular deputy connolly, for whom, as she said, this is very personal. what happened to so many people across so many different institutions in so many different ways was and is a blight on our history, and it is nothing that we will ever be able to change, just as we cannot change what happened to so many others.
           i have listened to what was said. in terms of housing in particular, it is very important that we work with the local authorities. as far as i am concerned, given my engagement with them, they take into consideration the individual circumstances of individuals, so it is not just somebody who might be part of this scheme but somebody who might be part of another scheme or might have had abuse in the past, be it through magdalen, the mother and baby homes or any other type of abuse. they take into consideration the personal circumstances of the individual insofar as possible. our overall objective is to make sure that nobody is left without a home and nobody is put in that position. i do not think that is going to change following our discussion here today. local authorities are very mindful of the individual circumstances people find themselves in.
           what we have tried to do, and what my predecessor did is reflected here also, is to take on board everything that has been said by victims, by survivors and by the rapporteur. i appreciate it does not go to the same lengths as some of the individual proposals, whether in regard to the medical card, the threshold or the individual figure that has been provided either to those abroad or regarding support from an educational perspective. however, it is reflective of the individual asks, whether on health, education or other areas. i acknowledge and appreciate it is not to the level or extent that some of the survivors had hoped or asked for.
           as i said at the outset, it is important that we pass the legislation to ensure survivors can access this and support it. i agree with deputy connolly. i am not saying that what happened in the past and the schemes that were put in place worked well or effectively, or that they were not overly complex for people to apply for. we need to learn from what we are doing and try to improve every step of the way. i am not saying everything here is perfect but i certainly think we have learned over time and we are better at engaging. i accept that is not going to change what has happened. ultimately, it is not going to erase what is, as i said, a blight on much of our history over the past 100 years or so."
2025-05-27,dail,https://data.oireachtas.ie/akn/ie/debateRecord/dail/2025-05-27/debate/main,244,Deputy Thomas Gould,Deputy Thomas Gould,"deputy thomas gould
          i express my gratitude and the gratitude of everyone to the whistleblower who came forward with this information. parents need answers. children must come first in this whole process. there needs to be open transparency and accountability. children must have the follow-up care they need. some 80% of the hip surgeries in cappagh and 60% of the hip surgeries in temple street were unnecessary. that is just unbelievable. it is unimaginable that this number of surgeries that were not needed were carried out on children. every figure represents a child.
           the department was notified in may of last year and began the audit last summer.
          it is nearly june and people still do not have answers. they still do not know if their children needed surgery or not. in cork, there are 32 families waiting for answers.
           every person whose child has ever had hip surgery now has serious questions. it is unbelievable that this has happened. time and again, this state failed the most vulnerable children, including thalidomide survivors, those with scoliosis, those from mother and baby homes and children with disabilities. we had a child outside leinster house last week campaigning for the legal right to assessments of needs because our government will not deliver what was promised. every child, no matter what his or her age now, who could be or who was affected by these unnecessary operations or who does not know if the procedures they underwent were unnecessary must be included in the process and have his or her voice heard. where was the oversight? where were the checks and balances? how could this happen? there are hundreds of children. how could it happen? there are serious questions about private healthcare.
           something radical needs to be done. every year or every second year, we have scandal after scandal. when will it stop? i know from personal experience what it is like to have a sick child. i know from personal experience what it is like to be failed. the vast majority of doctors and consultants do a brilliant job, but some of them do not."
2025-05-21,dail,https://data.oireachtas.ie/akn/ie/debateRecord/dail/2025-05-21/debate/main,384,"Minister for Children, Disability and Equality (Deputy Norma Foley)","Minister for Children, Disability and Equality (Deputy Norma Foley)","minister for children, disability and equality (deputy norma foley)
          i move the following revised estimates:
          
            vote 25 — irish human rights and equality commission (revised estimate).
          
          that a sum not exceeding €9,709,000 be granted to defray the charge which will come in course of payment during the year ending on the 31st day of december, 2025, for the salaries and expenses of the irish human rights and equality commission and for payment of certain grants.
          
            vote 40— children, disability and equality (revised estimate).
          
          that a sum not exceeding €6,101,872,000 be granted to defray the charge which will come in course of payment during the year ending on the 31st day of december, 2025, for the salaries and expenses of the office of the minister for children, disability and equality, for certain services administered by that office and for the payment of grants.
          i welcome the opportunity to present the revised estimates for the children, disability and equality vote group for 2025. the vote group encompasses vote 40, the department of children, disability and equality, which has an overall financial allocation for 2025 of €6.028 billion for current expenditure and €100 million for capital expenditure. the 2025 allocation supports a range of key services in respect of children and young people, such as tusla, the child and family agency; early learning and care and school-age childcare; and youth participation services. the allocation also covers funding for disability services. in addition, it provides for the government’s response to the legacy of mother and baby institutions where so many people had difficult, challenging, distressing and awful experiences. the allocation also contains funding for the areas of equality and inclusion, encompassing human rights, gender equality, lgbtqi+, traveller and roma and disability policy. 
           the vote group also includes vote 25, the irish human rights and equality commission, ihrec. ihrec is an independent public body that accounts to the oireachtas with a mandate established under the irish human rights and equality commission act 2014, for which i, as minister, have responsibility. the 2025 gross allocation for ihrec is €9.81 million.
           following the formation of the new government, the department has been the subject of two transfer of functions orders in 2025. migration functions have been transferred to the department of justice and youth affairs functions have been transferred to the department of education.
           the revised estimate of expenditure for vote 40, which is before the house today, provides for the transfer of the corresponding financial allocations. accordingly, it reflects the fact that €2.046 billion associated with migration functions is transferring to the department of justice. a further €90.4 million associated with youth affairs functions is transferring to the department of education.
           the allocation of €6.128 billion set out in the revised estimate of expenditure for vote 40 relates to all of the functions which remain with the department of children, disability and equality. on a like-for-like comparison, this 2025 allocation is 9%, or €528.5 million, higher than the corresponding 2024 allocation. in terms of the composition of the allocation in 2025, over 97% of the department’s funding is concentrated in four areas of the vote. these four areas include specialist community based disability services which accounts for 53% of the total allocation; early learning and childcare which accounts for 23%; tusla, the child and family agency, which accounts for 20%; and the response to the legacy of mother and baby institutions, including the mother and baby institutions payment scheme which stands at 2%.
           i will now briefly address these areas in turn. this year my department has secured more than €3.2 billion for disability services. this represents an increase of €171.4 million over the 2024 supplementary estimate allocation. this funding will allow us to support service providers to continue to do their crucial work in what is a challenging economic environment while also supporting the progressive roll-out of the action plan for disability services and the roadmap for children’s disability services. the funding will support improvement and expansion of services in areas including residential care services to respond to demand for priority placements; adult day services for new school leavers; respite, which can play a crucial role in delaying or preventing a move into full-time residential care, with 65,000 day respite sessions and 161,000 overnight respite delivered in 2024; and additional personal assistance and home supports providing for approximately 95,000 personal assistance hours and 40,000 home support hours.
           early learning and care and school-age childcare funding for 2025 stands at €1.385 billion and accounts for 23% of the vote’s allocation. this represents an increase of €218 million, or 19%, over the 2024 supplementary estimate allocation. the increase in funding will support the full-year cost of the 2024 national childcare scheme rate increase. in 2025, the families of more than 200,000 children will benefit from the changes to the minimum hourly subsidy rate, from €1.40 to €2.14. it also reflects an increase in core funding for the 2025-26 programme year from september 2025 and an increased capital allocation of €26.4 million. this 2025 allocation provides for the continuation of the early childhood care and education, ecce, programme, the free universal two-year pre-school programme which will benefit more than 100,000 children this year.
          it provides additional funding for an increasing cohort of children with a disability availing of targeted access and inclusion model supports, numbering more than 7,000 in 2025; as well as additional funding for the extension of these supports beyond time spent in the ecce programme, both in term and out of term.
           in 2025, i will also deliver on other key commitments, including continued roll-out of the equal participation model; the delivery of the building blocks capacity grant, which was announced this week, to provide 15,000 early learning and childcare places; and a range of regulatory and quality measures. the allocation under this area is, i believe, a clear demonstration of the government's commitment to continuing to grow investment in early learning and childcare given the benefits it confers on children and their families, society and the economy.
           my department's estimate contains provision of approximately €1.2 billion for tusla, which represents an increase of €63.3 million, or 6%, over the 2024 supplementary estimate levels. this funding will allow tusla to continue to provide support for foster carers, with provision made for the full year costs of the increases in the weekly foster care allowances brought in part way through last year, as well as additional funding for support to foster families during the initial placement of a new foster child.
           the funding will allow for expenditure on special care and residential care as well as providing for expected increases in the numbers of separated children seeking international protection.
           funding is also being provided to maintain and grow family support services and early intervention and preventative programmes across ireland, including an expansion to the network of family resource centres. i recently opened the application process to increase the number of family resource centres.
           in responding to the final report of the mother and baby homes commission of investigation, the government approved an action plan with measures designed to respond to the priority needs and concerns of survivors. many of these key measures are now in place and the programme for government reaffirms the government's commitment to continued delivery of the plan. to support implementation of the action plan, funding of €125 million is being made available in 2025. this allocation has been provided to fund a range of measures which respond to the harrowing legacy of mother and baby institutions, including the mother and baby institutions payment scheme, the complex and sensitive excavation of the former mother and baby home institution at tuam in county galway, the special advocate for survivors and the national centre for research and remembrance. the mother and baby institutions payments opened to applicants on 20 march last year. to date, 6,500 applications had been received and 5,700 decisions have been made.
           in relation to the rest of the vote, there are other important policy areas that will be progressed in 2025. the 2025 estimate sees increased funding which will allow the department to progress new national strategies on travellers and roma, lgbtqi+ inclusion, and women and girls. these will aim to address key equality issues and improve opportunities for diverse groups at risk of discrimination.
           while the youth affairs area has transferred to the department of education, i would like the house to note that my department retains important child and youth participation functions. these include a grant scheme to enable city and county councils to create and upgrade playgrounds, making them more accessible, inclusive and enjoyable for everyone. the provision of playgrounds for young children has improved in recent years, with around 960 playgrounds available in 31 councils around the country. i was pleased earlier this month to announce €500,000 in grants for 28 playgrounds and play areas around the country.
           the significant resources under the department's vote for 2025 allow for the continuation of vital services and supports to children, young people, families, people with disabilities, survivors and those facing disadvantage or discrimination. they also provide some important opportunities for targeted development and improvement of services. deputies may be assured that i will continue to work closely with all sectors and stakeholders as we strive to maximise positive outcomes from the resources being considered today.
           i appreciate deputies' attendance and i commend the motion to the house."
2025-05-21,dail,https://data.oireachtas.ie/akn/ie/debateRecord/dail/2025-05-21/debate/main,398,Deputy Peadar Tóibín,Deputy Peadar Tóibín,"deputy peadar tóibín
          i welcome the transfer of some powers and funding away from the department of children to the department of justice. the department of children, equality, disability, integration and youth had a lot on its plate with tusla, childcare, mother and baby homes, green party leadership and failed government referendums in the previous government. there is no doubt about that. there were huge problems in that department in terms of funding for early childhood education providers, the massive budget to tusla yet no real direction on how it was spent, and the disgraceful way survivors of mother and baby homes were treated in that time and stopped from getting redress.
           i wish to touch on a number of issues concerning the powers now vested in the department. there is chaos in the country over the location of ipas centres. the whole space is now rife with speculation and rumour. there is no doubt in my mind that certain investors are putting in applications for ipas centres on properties they do not own.
          there are also applications for planning exemptions in respect of those properties. it is rumoured that one of the reasons this is being done is because it has the effect of knocking down the price of a site they may wish to buy. the owner of a site may feel pressured into selling if he or she thinks the property may be damaged as a result of speculation about its use. there is chaos in this regard at present. the situation must be rectified.
           a total of €1.2 billion will be spent on ipas this year according to the reply to a parliamentary question i received from the minister’s department. that equates to €35,000 per person for the year, which is an incredibly high figure for what is permanent accommodation. the whole system, which makes a small number of people extremely wealthy in certain parts of the country, is damaging for local communities and the taxpayer. the minister needs to get a grip on the cost of this process.
           i have submitted parliamentary questions to the minister on the number of people whose applications under the ipas system are failing. the minister indicated that up to 80% of applications so far this year have failed. this means one of two things. either the application process was not being implemented strictly or properly in the past two to four years - in 2022 only a quarter of first applications failed - or a new cohort of people are applying to ipas. the latter may be the case, particularly as the message sent out from this country in the past four or five years was incredible. that message was that ireland was a soft touch when it came to ipas applications. people could come here and apply and it would take years for their applications to be processed. if someone's application failed, they could appeal and it would take years for the appeal to be processed. if that failed, they could get a judicial review that could take years to be processed. while people in this situation could be the subject of deportation orders, it was believed that these would more than likely never be enforced. for the past three or four years, the vast majority of deportation orders have not been enforced. a big problem within the system is that there are no exit checks at our borders. there are no exits checks at airports or ports. unless gardaí actually walk with an individual to the plane and sit in the plane with them, the government does not know whether that person has left the country. that is a big problem.
           in the context of the management of immigration, the border is a big weakness with which the minister has to get to grips. that may be possible now because of the so-called relationship reset with britain. there are approximately 270 roads that traverse the border. the idea that spot checks are going to solve this is madness. if a person is stopped in dundalk and brought back to newry, they can get the next bus or taxi or even walk back across the border if they wants. the only way to manage this is with an irish sea border. the principle of an irish sea border has been accepted by the british when it comes to the movement of goods such as sausages and so forth. it is recognised that in order to maintain the integrity of european and british markets, an irish sea border for certain goods is needed. we must ensure that an irish sea border will cover the movement of people in the future. this would mean that people would apply for asylum at belfast airport, derry airport or wherever if they are coming to this island. it would suit the british because the flows of immigration go in both directions at different times.
           if 80% of people are failing the asylum process, and the asylum process is costing €1.2 billion, it is fair to say that we are spending hundreds of millions of euro accommodating people who are not fleeing war and violence but who are, rather, moving to ireland for economic reasons. while i believe we have a moral responsibility to try to protect people who are fleeing war and violence, it is clear from the minister’s figures that many, if not the vast majority of, people involved in that process are not fleeing war and violence. we must send a strong message internationally that only people who are fleeing war and violence will be considered under the process. we need to say that this process is extremely strict and protective of the irish system.
           work visas are another important issue. there are many good people from other countries doing fantastic work and making a great contribution to this country. indeed, many essential workers are keeping our hospitals and nursing homes in operation. however, we are giving out many working visas and student visas that are not essential. given the pressure on the system, it is time the government began to row back on the number of visas being handed out. we added 100,000 people to the population of this state last year. that is the equivalent of the population of galway city. galway has a university, a hospital, dozens of schools and tens of thousands of houses. that level of infrastructure is not being built in this country annually. dan o’brien, who is a well-respected economist, has been writing about this. it is important that we start to match the number of people coming into the country with the resources we have available. if we do not do that, it will put pressure on society and make people feel that they are in competition for those scarce resources. that leads to the breakdown of the cohesion within society.
           i wish the minister luck in his new role. we need to ensure we get to grips with this situation for the benefit of those who really need help and for the citizens of this country."
2025-05-07,dail,https://data.oireachtas.ie/akn/ie/debateRecord/dail/2025-05-07/debate/main,163,Deputy Ruth Coppinger,Deputy Ruth Coppinger,"deputy ruth coppinger
          this is one of the most upsetting things that has happened in this country that anyone here is likely to be speaking on for a long while. grace, as she has been called, was intellectually and physically disabled after complications at birth. she is non-verbal and was born to a teenage mother in a mother and baby home. that is a very difficult start in life. she was then placed in foster care, that is, the care of the state. grace lived with a foster family in the south east of the country for ten years after concerns were first raised about alleged neglect and abuse in that home. it is actually incredible how many warnings were given. while people are told to speak up if they see something, these warnings were not acted upon. we still have no answers as to why.
           the family of another girl who stayed at the house raised concerns in 1992. the brothers of charity stopped placing people in that home. grace showed signs of abuse in 1995. while in 1996 the health board removed her, this was overturned and she was put back. plans to remove grace in 1991 and 2001 were not implemented. we have this horrific catalogue of errors. we again see a whistleblower coming forward in 2007. grace’s own birth mother happened to request that she be removed when hearing of the abuse. 
           increasing pressure pushed the government to set up a commission in 2017. while it was due to report after two years, it was continually postponed. majorie farrelly was the sole investigator chosen. more questions need to be answered in this regard. there needs to be serious questions about the type of investigations we set up. there seems to be an inordinate amount of faith in people in the legal profession, be they senior counsels or judges, to conduct investigations. we are now left with an investigation which published 2,000 pages and six volumes and cost €13.6 million but did not make any major findings against the family or establish that grace had been subjected to abuse, either emotional or sexual. to say there was no proof goes against everything the whistleblowers and so many others said. it was the reason she was taken out of that home in the first place and paid massive compensation by the state. 
           how can we justify that grace was not interviewed for this investigation? while i am aware she is profoundly disabled and non-verbal, it has been heavily criticised that ways were not found to do that. the second phase of the investigation did not go ahead which was to investigate the placement of other people into that foster home, and also into fran, one of the children who was in the same house as grace. fran’s family came out yesterday talking about the experiences fran had, in particular the extreme frustration with the report, and that submissions made on behalf of grace were not included in the report in the end. the family similarly were frustrated that the state stopped the investigation into the second part around the experience of the other children, with fran being one of those children. why has that decision been taken? fran’s family also gave evidence.
           while there are so many issues that i do not have time to tease out, i wish to bring out some of the wider issues from this. first, the wider fact is that the state does not care about children in this country and it certainly cares even less about disabled children. the treatment grace had and the many failures speak to that.
           tusla was found in 2024, as an example, to have paid out €14 million to two for-profit agencies to provide accommodation for children. the staff in one of those agencies were not vetted and did not undergo child protection training despite dealing with vulnerable children. it was also found that this company was used to house two children in need of emergency accommodation after the company was blacklisted. similarly, in a 2024 report, the child law project found that when a child needed care for disability in specialised units, no staff were available. there are many issues being raised again and again. hiqa found earlier this year that tusla has serious issues with a lack of social workers, particularly in the dublin area where 300 children are left without support and stuck on a waiting list where they are deemed as low or medium priority. we know, of course, of the cdnt waiting lists. in my area, the waiting list is up to seven years in one part of dublin west for children with disabilities and neurodivergence. while tusla has noted this, it has repeatedly referred to the increased call for services. in its report for last year, in the first nine months, there were more than 70,000 referrals, which is a 2% increase compared to the same period in 2023. it is more than likely, when the final number appears, that 2024 will show the highest number of referrals in its history. despite this and the acknowledgement by tusla that it would need 500 social workers to meet the need, at the minute, according to the head of the irish association of social workers, that number is approximately 250. 
           these are the issues facing the minister. action is needed in order that there is the necessary recruitment, that housing is built for essential workers and that wages and conditions will attract people to stay working in the difficult environment of social work and caring professions. there are so many other issues on this matter. there needs to be a massive apology to grace’s family for what she experienced and, of course, to grace herself."
2025-05-07,dail,https://data.oireachtas.ie/akn/ie/debateRecord/dail/2025-05-07/debate/main,164,Deputy Paul McAuliffe,Deputy Paul McAuliffe,"deputy paul mcauliffe
          i thank the house for allowing us time to continue the debate on the farrelly report, which began last week. a number of commissions have reported to this house in my time as a td. certainly, a number of them have left the victims or the people at the centre of those reports very dissatisfied with the outcome. we have to ask ourselves a question about the independent commission model. 
          it is important to repeat that the commission is independent of government. it is essential that we re-examine whether that model of establishing facts, given the cost of it and the outcome for those people at the centre of it, is appropriate and whether we move forward with that model. a quasi-judicial or legal approach allows us to produce a report that is publishable and defendable from a legal perspective but from a social care perspective, what many people want to know is what changes need to be made for grace and for other people in similar situations going forward. the minister has talked about adult safeguarding legislation and i look forward to the work on that.
           i was particularly concerned by the statement made by ms marie-claire butler, the general solicitor for minors and wards of court. while i am no expert in this area, the general solicitor put forward the case that she had made submissions to the commission, not in her own interests but in the interests of grace and in the public interest. her indication that those submissions were not referred to in the report is deeply worrying for the system of wards of court that we have and also because we knew from the outset that grace, as somebody who is non-verbal, would not be able to give verbal testimony. when one legal office makes a submission to an independent tribunal, any layperson would assume that cognisance would be given to that. perhaps more will be said on that in the future.
           we need to consider this more fully. i have heard mention in the house that this debate should be followed by a discussion at the disability matters committee when it is established. as a future member of that committee, i would welcome that opportunity. there are a number of elements to this. for social care cases like this, is a commission of inquiry the right model and does it delivery any ""value""? i use that word very loosely. i am not talking about taxpayer value but about having an outcome that actually changes the individual circumstances of the person concerned, gives him or her a sense of justice, a determination of justice and also makes changes to the system.
           during the easter recess, i spent some time trying to consume this report but it was incredibly difficult because of the layout and formatting. perhaps that is because it is an incredibly complex case. i have listened to deputy mcguinness speak on this matter at fianna fáil parliamentary party meetings over the years i have been a member. he has spoken very passionately about this case and whatever i know about it is in no small part due to the deputy's contributions to our meetings. while it is incredibly complex and involves lots of different communications between officials and so on, i found it very difficult to find a consolidated version of the commission's findings. i found that i was really actively using the find function in the pdf to try to piece things together. the lack of an executive summary is a failing. in the past, executive summaries were criticised because they did not give the result that many people wanted. i refer to the executive summary of the mother and baby home report which many in the house at the time called for the independent commission to withdraw because they felt it was offensive. perhaps on this occasion the commission made a decision not to include an executive summary to avoid a similar situation. however, the failure to have some consolidated findings made it very difficult for me, as a legislator, to consume what happened. i cannot say that i have read the report in full because it was incredibly difficult. it would require several readings to try to establish all of the facts in my own head.
           there is more work to be done and the disability matters committee is the place to do it. i would urge the government to consider whether tribunals of inquiry provide ""value"" - and i use the word loosely again - to the state but particularly to the victims of the injustices that tribunals often investigate. i do not believe that we can let grace or any other graces out there to remain in a situation where they may be at risk which is why adult safeguarding is important. i will be calling on the committee to examine the situation whereby the submissions of the general solicitor for minors and wards of court were not included. perhaps it will be necessary for the chair of the commission to come before the committee in the same way as previous chairs have done. that might answer some of the questions we have. i will not prejudge the discussion of the committee but i will be calling for the chair of the commission to come before the disability matters committee, so that we can try to examine some of the issues that have been raised. i commend the minister, who is new to her office, on the way in which she has addressed the issue. the proof of the pudding for this government will be the actions that we take arising out of it. as someone who will be involved with the disability committee, i hope it will be swift and that we can work together to ensure there is some justice in terms of how things change going forward."
2025-04-29,dail,https://data.oireachtas.ie/akn/ie/debateRecord/dail/2025-04-29/debate/main,331,Deputy Pat Buckley,Deputy Pat Buckley,"deputy pat buckley
          i wish the minister well in her position. we all get involved in politics because we want to do the right thing. i, too, acknowledge the wonderful staff in the health system, but this is about accountability and responsibility, both of which are lacking within chi. i sometimes shudder when i listen to the words of chi, and i will tell the minister why. katie burke, who is now a young woman, has been waiting 14 years, seven months and five days for a hip operation. we were talking about unnecessary hip operations a while ago but this girl has been 14 years, seven months and five days waiting for a procedure. when she started off as a very young girl, the excuses within the children's health system at the time were that she would not be strong enough or that as she had cerebral palsy, she might clot. this went on for years and years until, suddenly, last year, katie turned 17 and because she is not a child anymore, she is now in the adult section.
           the biggest problems for me are not just the mental health issues of that individual but also her family. how can we have faith in a system that basically misleads a child? we have evidence from surgeons in america that they can carry out this operation, so it can be done. however, specialists in ireland say it cannot be done successfully. that poor girl has been 14 years, seven months and five days waiting. she is still in pain. she and her mother will be outside leinster house at 12 noon tomorrow. i am reaching out and asking the minister to meet them and look at the details, which are self-explanatory.
           it is frightening that we are talking about scandal after scandal. this is my third term in the house. i feel very privileged to be here. however, between the mother and baby homes, the vaginal mesh issue, the unnecessary hip operations on children and the grace case - we will not go into the disability or mental health services - nobody seems to be held accountable or responsible.
           what is worrying about the case of this poor child is that she has been told she can get the operation in the united states and that she will have an opportunity to walk again, but for more than 14 years, no matter where she went or who she went to, she was told it will not work. in fact, on her first visit to the adult section in dublin, she was told that if they did operate, she might never walk again. that poor girl is tortured and demented. i am tortured and demented. i will give the minister all the details of the case. i appeal to her to look at them.
           that is only one of the scandals. on the same point about accountability and responsibility, i know of the case of another young girl where there was a mess-up somewhere within the hse. the poor girl is now six and is in severe pain, but the hse will not rectify the problem because it is afraid of repercussions as it basically fecked up the first operation. the mother is willing to engage with the hse and sign a disclosure to say that the issue is gone once the hse sorts out the child, but it will not even engage.
           i pity the minister in her job. none of us know everything but i want to flag this. i will engage with anybody. deputy colm burke knows me of old. i am very straight talking and fair. the minister can hear it in my voice. all of us in this chamber want to do the right thing. however, there is misrepresentation by the senior management and clinicians, who say, “it is my patch, they are my rules and that is it.” i cannot understand, when we see the evidence, including the contradictory evidence from experts elsewhere in the world, how this girl can be left for 14 years, seven months and five days without any hope or encouragement. it is shocking. i appeal to the minister.
           i would certainly look into chi. we have a system that is top-down and top-heavy in nature. it is like any of us in any job. we are not going to be told the truth by everybody because they are protecting their own patch. i appeal to the minister. i will tell her straight out that anything i can do to assist her, i will do. i appeal on behalf of this family. in the case of the other poor child, the mother’s heart is broken. i ask the minister to work with us. as i said, we are all here to do the right thing. the minister, i and everybody else in this house know that one of the greatest rewards we can get in our job is when somebody says “thanks for that.” all we want is that thanks. i appeal to the minister and i will reach out to her again on that."
2025-04-10,dail,https://data.oireachtas.ie/akn/ie/debateRecord/dail/2025-04-10/debate/main,160,Deputy Ivana Bacik,Deputy Ivana Bacik,"deputy ivana bacik
          i join the ceann comhairle in welcoming our colleague from london, mr. liam conlon, mp, for beckenham and penge, to the distinguished visitors’ gallery. he is here with donal sheehan from his office. i commend liam for his work on bringing forward philomena’s law in westminster, legislation that will secure additional justice for survivors of mother and baby homes, many thousands of whom live in britain despite having been in homes here in ireland. however, we need to do more here for survivors of mother and baby homes. on tuesday, i asked the taoiseach about how the government will respond to the report from sheila nunan on her negotiations with the religious orders responsible for running the homes. it is very disappointing to see that only one order has come up with a substantial offer to contribute to the redress scheme.
          the labour party has a bill which would give the state the power to compel religious orders to pay their fair share. it would provide a legal remedy for the current situation. i asked the taoiseach his view on that. he said the attorney general is examining options and the minister, deputy foley, will go back to the orders. i ask the minister to do all she can to ensure the orders will indeed pay their fair share of redress and we will see justice for survivors."
2025-04-08,seanad,https://data.oireachtas.ie/akn/ie/debateRecord/seanad/2025-04-08/debate/main,32,Senator Victor Boyhan,Senator Victor Boyhan,"senator victor boyhan
          today, the minister for children, disability and equality, deputy foley, published a report on negotiations with religious organisations associated with the mother and baby institutions payment scheme. ms sheila nunan was the independent negotiator tasked with leading these negotiations with these religious organisations and was very much involved, of course, with our former minister, deputy o'gorman. she engaged with eight religious bodies. this is all clearly set out in the report, which has been available to view on the gov.ie website since this afternoon.
           on foot of these engagements, only one body, the sisters of bon secours, offered a cash contribution of €12.97 million, which is in line, according to the report, ""with the negotiator’s determination of a meaningful contribution"". the government has agreed to accept this contribution. another body, the daughters of charity of st. vincent de paul, offered to contribute a building. the government has agreed that the minister should consider this offer of this building and engage further with the congregation in respect of it. only the third body, the sisters of st john of god, offered a conditional donation of €75,000 to be used as a charitable donation towards the charitable purpose associated with the mother and baby home scheme. the remaining bodies did not offer any contribution.
           to clarify, in case there is any misunderstanding, the government wrote to these eight bodies, namely, the congregation of our lady of charity of the good shepherd, the congregation of the sacred hearts of jesus and mary, the daughters of charity of st. vincent de paul, the sisters of bon secours, the congregation of the sisters of mercy, the sisters of st. john of god the legion of mary and one i am glad to see on this list, although i am disappointed with its response, the church of ireland representative church body. clearly, therefore, there are major issues.
           this is a very important report. i thank the minister for publishing it today. it raises very serious concerns with regard to the religious organisations but also the government's response to addressing the redress scheme. we might have a debate on this particular issue at a time that is appropriate to the schedules of the minister and the leader."
2025-04-08,dail,https://data.oireachtas.ie/akn/ie/debateRecord/dail/2025-04-08/debate/main,69,Deputy Ivana Bacik,Deputy Ivana Bacik,"deputy ivana bacik
          the minister, deputy foley, today published the report by sheila nunan on negotiations with the religious bodies involved in running mother and baby homes. it is disappointing to see how little the orders are prepared to do towards paying their fair share of redress. the vast majority are dragging their feet and delaying on the issue of redress. i think just one substantial offer has been made by one order, along with two fairly derisory offers from two other orders. there has been nothing at all from the others. these orders are not short of money. an investigation by noteworthy for the journal showed that the religious orders involved in historic abuse sold over 75 properties worth more than €90 million between 2016 and 2022 alone. what will the government do to compel religious orders and associated lay-run trusts to pay their fair share of redress? i have drafted legislation for the labour party to address the imbalance of power to make it easier for survivors to seek justice by providing the government and the state with additional powers to effectively compel the payment of redress. i would be very happy to share that again with the minister."
2025-04-03,dail,https://data.oireachtas.ie/akn/ie/debateRecord/dail/2025-04-03/debate/main,269,Deputy Catherine Connolly,Deputy Catherine Connolly,"deputy catherine connolly
          i want to raise the issue of the report from sheila noonan, the negotiator, which is now in the possession of the minister, deputy foley. when she was appointed almost two years ago, she was to report within six months. the report is completed and with the minister. i have two issues that concern me. the first is the question of what the next steps will be. we need a clear outline of what is going to happen and the consequences of the negotiation that has taken such a long time. the second issue is that we are reading about section of the report in the newspapers, albeit not all of it. once again, we have a leak. this is the second time now that survivors have been treated with utter disrespect. back in 2020, the government got the report on the mother and baby homes. in january, we discussed it in the dáil and the only people who had it were in the media. there were comments and an interview with deputy micheál martin at the time on a leaked report. the exact same thing has happened again. there should be an apology. i also want to know what is going to happen now and when the survivors will get the report."
2025-04-02,dail,https://data.oireachtas.ie/akn/ie/debateRecord/dail/2025-04-02/debate/main,118,Deputy Cian O'Callaghan,Deputy Cian O'Callaghan,"deputy cian o'callaghan
          the government has spent years trying to convince religious orders to contribute to redress for the survivors of mother and baby homes. these efforts started in january 2021 when the then minister, roderic o'gorman, first wrote to the orders saying they may wish to consider making a financial contribution to redress costs. his begging letters were ignored. in may 2023, the government appointed former trade union official sheila nunan to negotiate with the orders. she was told to come back with a best and final offer from the orders within six months. nearly two years later, ms nunan has filed her final report. it states that just one order has made a serious offer of cash to pay redress.
           going cap in hand to religious orders was not a successful strategy. this is hardly surprising in view of the fact that we know these orders would much prefer to pay their armies of lawyers than the women and children they tortured and abused. these orders own assets worth hundreds of millions. for decades in ireland, unimaginable horrors were perpetrated in mother and baby homes. the infant mortality rate in these institutions was five times the national average. there were thousands of unexplained infants deaths, missing children and multiple mass unmarked graves. women and children were subjected to incarceration, forced labour, vaccine trials and horrific physical and sexual abuse. families were ripped apart, there were forced adoptions and children were boarded out to act as indentured servants. there has never been any accountability for any of these crimes. religious orders that made millions on the back of enslaving women and children are walking away without paying a penny because the government is allowing them to run rings around it. we have report after report documenting the crimes of these orders, not just in mother and baby homes but also in religious-run schools. when will the state finally flex some legal muscle when it comes to these religious orders? why are these orders not raided by the garda? why are their assets not seized? it is unbelievable that the approach of successive governments to these orders, which operated as criminal networks, is to roll over. what will it take for the state to finally act and go after these orders with more than a begging bowl?"
2025-04-02,dail,https://data.oireachtas.ie/akn/ie/debateRecord/dail/2025-04-02/debate/main,119,The Taoiseach,The Taoiseach,"the taoiseach
          on monday afternoon, the minister received from ms nunan, the negotiator who was appointed, her report on negotiations with religious organisations associated with the mother and baby institutions payment scheme. the minister will have to review that report and come back to government in relation to it.
           the government has not gone cap in hand to anyone. the government took its own decisions in respect of a redress scheme for those in mother and baby homes. it is quite a substantial scheme, which will total up to €800 million or more. i accept not everyone felt that was enough, but it was a first substantive response by the state in respect of mother and baby homes. there have been other responses in respect of industrial schools and magdalen laundries which have been extensive. each of these involved different dimensions.
           on mother and baby institutions, we will assess the report and see where we go next. we cannot simply go in and raid premises. i am sure the deputy appreciates there have to be processes regarding the legality of whatever the government does. suffice to say that the government did not wait around for religious orders.
           in the context of the industrial schools, i recall that the government at that time was attacked for having a redress scheme and not having a substantive contribution from the religious orders in advance of doing that. the deputy is correct to say religious orders will utilise lawyers and legal mechanisms to frustrate what the government is attempting to do. the government of the day, like the current administration, focused on the survivors and victims of these institutions. if we had been waiting around for a legal process to try to garner from orders the necessary resources in order to have a redress scheme, we would never have had one. that is the position, unfortunately. either way, the government will be criticised and condemned. on balance, however, in trying to respond to survivors and victims, it is better that the state develops independently its redress schemes and endeavours to seeks returns from the religious orders. we will see what we can do and what options are open to us. i have not read or seen the report. i just read a report about it in the media this morning. there are options we can follow in getting contributions from the religious orders."
2025-04-02,dail,https://data.oireachtas.ie/akn/ie/debateRecord/dail/2025-04-02/debate/main,121,The Taoiseach,The Taoiseach,"the taoiseach
          as i stated, our view is that the orders have a collective and moral responsibility to respond to ireland's legacy in relation to the mother and baby institutions. as i also stated, we just received the report on monday.
          we will assess that report and then consider what options we can take - within the law, obviously - in terms of persuading religious orders in respect of the mother and baby institutions. as i said earlier, it is a matter on which we will have to take advice in terms of the precise and specific issues that pertain to mother and baby homes, which will be different to those that applied to the industrial schools, for example, where the state was directly involved in terms of inspectorial reports and inspections of those schools. it was the state that put many young people into industrial schools, unlike mother and baby homes. the state was not directly involved in the latter. nonetheless, we will see what is the most effective way to get a contribution from the religious orders and what options are available."
2025-04-02,dail,https://data.oireachtas.ie/akn/ie/debateRecord/dail/2025-04-02/debate/main,322,Deputy Jen Cummins,Deputy Jen Cummins,"deputy jen cummins
          like my colleague, i was a youth worker for many years and worked on the school completion programme. anyone who has worked with young people knows just how amazing they are, how hopeful they are and how clear they are in their vision for the future. they love their friends and their families.
          when things are going well for young people, it is a positive experience to be around them. however, ireland has a real difficulty with young people. yesterday, i went to an event with the ombudsman for children, who was talking about the deaths of children and the fact that there needed to be a review. there are 200 parents protesting outside leinster house because of a lack of appropriate school places and the supports that go with them. deputy cian o'callaghan talked about mother and baby homes. the list goes on. children in care age out and end up in homelessness. as deputy gannon said, poverty and adverse childhood experiences can significantly divert the pathway a young person takes. regardless of which party we come from, if any, it is incumbent on members of the thirty-fourth dáil to get our act together and do everything we can to ensure that everything is in place. a good starting point would be restoring funding for youth services, garda youth diversion projects, school completion programmes and other services like them. funding is being restored but only to pre-austerity levels while the cost of everything has gone up. everybody is saying that. if we could get on track with that, those youth services and programmes could take in more young people. 
           in the last few seconds i have, i will note that i am from dublin south-central and there are no playing pitches in dublin 8. we have been fighting for this for a really long time. young people have to hang out on the road because there is nowhere else. when young people hang out on the road, it is not antisocial behaviour. it is their equivalent of a café."
2025-03-27,dail,https://data.oireachtas.ie/akn/ie/debateRecord/dail/2025-03-27/debate/main,370,Deputy Pa Daly,Deputy Pa Daly,"deputy pa daly
            i am thankful for the opportunity to raise this issue. coventry was once the most irish city in england and in the early 1960s, there were 20,000 irish-born people living in coventry. the industries there attracted irish people who worked in factories, on the buses and in hospitals. they built the ring road, housing estates and the new cathedral. the irish community flourished. people came together in clubs, trade unions, voluntary organisations and in their churches. they represented their people and others on the city council and went to areas such as spon end, coundon, radford, jordan and gosford street.
             in the 1950s, for example, 650 irish people used to attend the banba club on an average saturday night. others went to church clubs or to pubs such as st. brendan's or the kerryman, the bricklayers arms, the hand and heart, or the four provinces. as a whole, the irish in britain returned €3 billion in remittances between 1939 and 1969 to families who were left behind when they were forced to emigrate from here. 
             their stories were celebrated by tom murphy in one of his plays and by john b. keane. it produced artists such as hazel o'connor and julianne regan. nowadays, the 1950s generation are ageing but their legacy remains. the coventry irish centre performs outstanding work for their community out of eaton house, which is near the railway station. great credit is due to people such as simon mccarthy, caroline brogan, gráinne fellowes, liz flannelly, manisha o'malley and margaret campbell. they help approximately 1,000 people per year by befriending, health outreach, with welfare advice and with their passports.
             as the minister of state is probably aware, the emigrant support scheme assists with the courses and funds the coventry irish centre but does not help to secure any long-term premises or a secure home. the coventry irish centre has had to move five times during the past ten years. the coventry irish centre is one of three irish survivor specialist services in england. it meets survivors who by now have a long-term and positive connection with the charity. they gain mutual support by being part of a group with a unique history and experience and who were wronged by this state. in coventry, they help survivors from all over the midlands. there are two other english-based survivor services. one operates from the london irish centre, camden square, london, and the other is irish community care and it deals with people in leeds, liverpool and manchester. those two centres have their own private offices where they meet with survivors and host social events. they help them with housing and other issues. 
             the coventry irish centre does not have any secure or long-term premises. like the other centres, it helps survivors to apply for the mother and baby home scheme, the magdalen laundries scheme, and offer social supports and networks such as outings and lunch clubs, which are vital for people and for those survivors, in particular. we owe the irish people in britain more than this and the temporary accommodation the coventry irish centre has. i ask the government to consider additional support for the midlands irish survivors service, which have helped more than 500 survivors in total and to consider funding a long-term premises where they can meet in private and are not mixed with everyone else. they need extra attention and care. i am asking at a time when there is an awful lot of money in this country that we give something back to those communities and to those irish people in britain who need it most."
2025-03-05,seanad,https://data.oireachtas.ie/akn/ie/debateRecord/seanad/2025-03-05/debate/main,76,Senator Nessa Cosgrove,Senator Nessa Cosgrove,"senator nessa cosgrove
          cuirim fáilte roimh an aire stáit agus déanaim comhghairdeas leis as a phost nua. when we think of our irish diaspora, we often have a mixed idea of what that means. as can be seen from all the contributions here, there is no such thing as a typical irish emigrant. all our families in ireland, especially in the west, have been impacted in some way by emigration, for better or worse. often, people are going to make a better life for themselves and are very happy in their new lives. as islanders, i suppose, emigration is an accepted part of our culture. some people are happy to leave and this continues to be the case. they contribute to the economic and cultural wealth of their host countries.
           many of us spoke about ourselves. i have worked abroad many times and benefited greatly from it. today, though, as we are talking about the irish diaspora, it is also the case that others have not been so lucky and have become trapped by life. they are working harder than anyone else in the world just to stand still. some of those people often dream of returning to ireland. we can see that this is very rich and evident in some of the poignant songs, poems and stories in our own culture, particularly songs like christy moore’s “missing you” or the many similar references in the pogues' work about emigration and people unfortunately not being able to make it back, like in “thousands are sailing”. i do not want to call them the forgotten irish, but many people who could not make it back to our shores have had hard stories to tell. they may have been survivors of childhood abuse or mother and baby homes and may often perhaps struggle with addiction that has impacted their lives and those of their families.
           we know we are in the middle of a housing disaster. i pay tribute to safe home ireland, which is a significant organisation based in rural county mayo. it helps to make the dreams of returning to ireland come true for many of our fellow irishmen and irishwomen who otherwise would not have been able to make it home. the organisation was established 25 years ago. the west and north-west of ireland have been severely impacted by emigration before and after the famine, and since, because of a lack of investment in the region and the consistent unbalanced regional development. dr. jerry crowley was a gp in mulranny in rural county mayo and established safe home ireland as an emigrant advice centre that offers housing assistance, information and advice on matters such as banking and social welfare entitlements for older people aged over 57 years currently living in rented accommodation abroad and seeking to return to ireland after a lifetime abroad. when safe home ireland was first founded, it catered chiefly to men who had been working in the building trade and then found themselves falling on hard times, wanting to but unable to make their own way home.
           throughout the years, this has continued to be the case for many people and many people avail of the service. i pay tribute to safe home ireland. it is an approved housing body but it is managed in a different way to the typical approved housing body. it does not manage any of the properties on its own but works alongside other approved housing bodies and local authorities to find appropriate accommodation for its clients throughout the country. significantly, all its clients apply to live here while residing abroad. through its early works, safe home ireland successfully highlighted the plight of people to such an extent that, within one year, it had achieved an amendment to the capital assistance scheme, which meant for the first time those living abroad could be considered for inclusion on social housing application lists.
           safe home ireland's first client made it home in 2000. he was an elderly man who had already been diagnosed with a terminal disease and safe home ireland made it possible for him to die at home. he was home just six months later. by the end of 2023, safe home ireland had directly assisted 2,280 irish-born older people to secure accommodation back in their areas of birth through offers of housing from approved housing bodies and local authorities. while we do celebrate the diaspora and the cultural significance of our teanga and our cultúr and what we bring to the rest of the world, we can also make time to consider some of the lives of irish people that are not complete until they can find their own way home to these shores. níl aon tinteán mar do thinteán féin."
