date,house,debateType,debate_uri,xml_uri
2010-12-17,seanad,debate,https://data.oireachtas.ie/akn/ie/debateRecord/seanad/2010-12-17/debate/main,https://data.oireachtas.ie/akn/ie/debateRecord/seanad/2010-12-17/debate/mul@/main.xml
2010-12-16,dail,debate,https://data.oireachtas.ie/akn/ie/debateRecord/committee_of_public_accounts/2010-12-16/debate/main,https://data.oireachtas.ie/akn/ie/debateRecord/committee_of_public_accounts/2010-12-16/debate/mul@/main.xml
2010-12-16,dail,debate,https://data.oireachtas.ie/akn/ie/debateRecord/select_committee_on_the_environment_heritage_and_local_government/2010-12-16/debate/main,https://data.oireachtas.ie/akn/ie/debateRecord/select_committee_on_the_environment_heritage_and_local_government/2010-12-16/debate/mul@/main.xml
2010-12-16,dail,debate,https://data.oireachtas.ie/akn/ie/debateRecord/joint_committee_on_european_scrutiny/2010-12-16/debate/main,https://data.oireachtas.ie/akn/ie/debateRecord/joint_committee_on_european_scrutiny/2010-12-16/debate/mul@/main.xml
2010-12-16,dail,debate,https://data.oireachtas.ie/akn/ie/debateRecord/joint_committee_on_education_and_skills/2010-12-16/debate/main,https://data.oireachtas.ie/akn/ie/debateRecord/joint_committee_on_education_and_skills/2010-12-16/debate/mul@/main.xml
2010-12-16,dail,debate,https://data.oireachtas.ie/akn/ie/debateRecord/dail/2010-12-16/debate/main,https://data.oireachtas.ie/akn/ie/debateRecord/dail/2010-12-16/debate/mul@/main.xml
2010-12-16,seanad,debate,https://data.oireachtas.ie/akn/ie/debateRecord/seanad/2010-12-16/debate/main,https://data.oireachtas.ie/akn/ie/debateRecord/seanad/2010-12-16/debate/mul@/main.xml
2010-12-15,dail,debate,https://data.oireachtas.ie/akn/ie/debateRecord/select_committee_on_foreign_affairs/2010-12-15/debate/main,https://data.oireachtas.ie/akn/ie/debateRecord/select_committee_on_foreign_affairs/2010-12-15/debate/mul@/main.xml
2010-12-15,dail,debate,https://data.oireachtas.ie/akn/ie/debateRecord/joint_committee_on_communications_energy_and_natural_resources/2010-12-15/debate/main,https://data.oireachtas.ie/akn/ie/debateRecord/joint_committee_on_communications_energy_and_natural_resources/2010-12-15/debate/mul@/main.xml
2010-12-15,dail,debate,https://data.oireachtas.ie/akn/ie/debateRecord/select_committee_on_the_environment_heritage_and_local_government/2010-12-15/debate/main,https://data.oireachtas.ie/akn/ie/debateRecord/select_committee_on_the_environment_heritage_and_local_government/2010-12-15/debate/mul@/main.xml
2010-12-15,dail,debate,https://data.oireachtas.ie/akn/ie/debateRecord/joint_committee_on_tourism_culture_sport_community_equality_and_gaeltacht_affairs/2010-12-15/debate/main,https://data.oireachtas.ie/akn/ie/debateRecord/joint_committee_on_tourism_culture_sport_community_equality_and_gaeltacht_affairs/2010-12-15/debate/mul@/main.xml
2010-12-15,dail,debate,https://data.oireachtas.ie/akn/ie/debateRecord/joint_committee_on_transport/2010-12-15/debate/main,https://data.oireachtas.ie/akn/ie/debateRecord/joint_committee_on_transport/2010-12-15/debate/mul@/main.xml
2010-12-15,dail,debate,https://data.oireachtas.ie/akn/ie/debateRecord/joint_committee_on_agriculture_fisheries_and_food/2010-12-15/debate/main,https://data.oireachtas.ie/akn/ie/debateRecord/joint_committee_on_agriculture_fisheries_and_food/2010-12-15/debate/mul@/main.xml
2010-12-15,dail,debate,https://data.oireachtas.ie/akn/ie/debateRecord/joint_committee_on_the_constitution/2010-12-15/debate/main,https://data.oireachtas.ie/akn/ie/debateRecord/joint_committee_on_the_constitution/2010-12-15/debate/mul@/main.xml
2010-12-15,dail,debate,https://data.oireachtas.ie/akn/ie/debateRecord/select_committee_on_finance_and_the_public_service/2010-12-15/debate/main,https://data.oireachtas.ie/akn/ie/debateRecord/select_committee_on_finance_and_the_public_service/2010-12-15/debate/mul@/main.xml
2010-12-15,seanad,debate,https://data.oireachtas.ie/akn/ie/debateRecord/seanad/2010-12-15/debate/main,https://data.oireachtas.ie/akn/ie/debateRecord/seanad/2010-12-15/debate/mul@/main.xml
2010-12-15,dail,debate,https://data.oireachtas.ie/akn/ie/debateRecord/dail/2010-12-15/debate/main,https://data.oireachtas.ie/akn/ie/debateRecord/dail/2010-12-15/debate/mul@/main.xml
2010-12-14,dail,debate,https://data.oireachtas.ie/akn/ie/debateRecord/joint_committee_on_european_affairs/2010-12-14/debate/main,https://data.oireachtas.ie/akn/ie/debateRecord/joint_committee_on_european_affairs/2010-12-14/debate/mul@/main.xml
2010-12-14,dail,debate,https://data.oireachtas.ie/akn/ie/debateRecord/joint_committee_on_enterprise_trade_and_innovation/2010-12-14/debate/main,https://data.oireachtas.ie/akn/ie/debateRecord/joint_committee_on_enterprise_trade_and_innovation/2010-12-14/debate/mul@/main.xml
2010-12-14,dail,debate,https://data.oireachtas.ie/akn/ie/debateRecord/joint_committee_on_health_and_children/2010-12-14/debate/main,https://data.oireachtas.ie/akn/ie/debateRecord/joint_committee_on_health_and_children/2010-12-14/debate/mul@/main.xml
2010-12-14,seanad,debate,https://data.oireachtas.ie/akn/ie/debateRecord/seanad/2010-12-14/debate/main,https://data.oireachtas.ie/akn/ie/debateRecord/seanad/2010-12-14/debate/mul@/main.xml
2010-12-14,dail,debate,https://data.oireachtas.ie/akn/ie/debateRecord/dail/2010-12-14/debate/main,https://data.oireachtas.ie/akn/ie/debateRecord/dail/2010-12-14/debate/mul@/main.xml
2010-12-10,dail,debate,https://data.oireachtas.ie/akn/ie/debateRecord/dail/2010-12-10/debate/main,https://data.oireachtas.ie/akn/ie/debateRecord/dail/2010-12-10/debate/mul@/main.xml
2010-12-09,dail,debate,https://data.oireachtas.ie/akn/ie/debateRecord/committee_of_public_accounts/2010-12-09/debate/main,https://data.oireachtas.ie/akn/ie/debateRecord/committee_of_public_accounts/2010-12-09/debate/mul@/main.xml
2010-12-09,dail,debate,https://data.oireachtas.ie/akn/ie/debateRecord/joint_committee_on_european_affairs/2010-12-09/debate/main,https://data.oireachtas.ie/akn/ie/debateRecord/joint_committee_on_european_affairs/2010-12-09/debate/mul@/main.xml
2010-12-09,dail,debate,https://data.oireachtas.ie/akn/ie/debateRecord/dail/2010-12-09/debate/main,https://data.oireachtas.ie/akn/ie/debateRecord/dail/2010-12-09/debate/mul@/main.xml
2010-12-09,seanad,debate,https://data.oireachtas.ie/akn/ie/debateRecord/seanad/2010-12-09/debate/main,https://data.oireachtas.ie/akn/ie/debateRecord/seanad/2010-12-09/debate/mul@/main.xml
2010-12-08,dail,debate,https://data.oireachtas.ie/akn/ie/debateRecord/joint_committee_on_agriculture_fisheries_and_food/2010-12-08/debate/main,https://data.oireachtas.ie/akn/ie/debateRecord/joint_committee_on_agriculture_fisheries_and_food/2010-12-08/debate/mul@/main.xml
2010-12-08,dail,debate,https://data.oireachtas.ie/akn/ie/debateRecord/select_committee_on_the_environment_heritage_and_local_government/2010-12-08/debate/main,https://data.oireachtas.ie/akn/ie/debateRecord/select_committee_on_the_environment_heritage_and_local_government/2010-12-08/debate/mul@/main.xml
2010-12-08,dail,debate,https://data.oireachtas.ie/akn/ie/debateRecord/joint_committee_on_social_protection/2010-12-08/debate/main,https://data.oireachtas.ie/akn/ie/debateRecord/joint_committee_on_social_protection/2010-12-08/debate/mul@/main.xml
2010-12-08,seanad,debate,https://data.oireachtas.ie/akn/ie/debateRecord/seanad/2010-12-08/debate/main,https://data.oireachtas.ie/akn/ie/debateRecord/seanad/2010-12-08/debate/mul@/main.xml
2010-12-08,dail,debate,https://data.oireachtas.ie/akn/ie/debateRecord/dail/2010-12-08/debate/main,https://data.oireachtas.ie/akn/ie/debateRecord/dail/2010-12-08/debate/mul@/main.xml
2010-12-07,seanad,debate,https://data.oireachtas.ie/akn/ie/debateRecord/seanad/2010-12-07/debate/main,https://data.oireachtas.ie/akn/ie/debateRecord/seanad/2010-12-07/debate/mul@/main.xml
2010-12-07,dail,debate,https://data.oireachtas.ie/akn/ie/debateRecord/dail/2010-12-07/debate/main,https://data.oireachtas.ie/akn/ie/debateRecord/dail/2010-12-07/debate/mul@/main.xml
2010-12-02,dail,debate,https://data.oireachtas.ie/akn/ie/debateRecord/committee_of_public_accounts/2010-12-02/debate/main,https://data.oireachtas.ie/akn/ie/debateRecord/committee_of_public_accounts/2010-12-02/debate/mul@/main.xml
2010-12-02,dail,debate,https://data.oireachtas.ie/akn/ie/debateRecord/select_committee_on_social_protection/2010-12-02/debate/main,https://data.oireachtas.ie/akn/ie/debateRecord/select_committee_on_social_protection/2010-12-02/debate/mul@/main.xml
2010-12-02,dail,debate,https://data.oireachtas.ie/akn/ie/debateRecord/joint_committee_on_european_scrutiny/2010-12-02/debate/main,https://data.oireachtas.ie/akn/ie/debateRecord/joint_committee_on_european_scrutiny/2010-12-02/debate/mul@/main.xml
2010-12-02,dail,debate,https://data.oireachtas.ie/akn/ie/debateRecord/joint_committee_on_education_and_skills/2010-12-02/debate/main,https://data.oireachtas.ie/akn/ie/debateRecord/joint_committee_on_education_and_skills/2010-12-02/debate/mul@/main.xml
2010-12-02,seanad,debate,https://data.oireachtas.ie/akn/ie/debateRecord/seanad/2010-12-02/debate/main,https://data.oireachtas.ie/akn/ie/debateRecord/seanad/2010-12-02/debate/mul@/main.xml
2010-12-02,dail,debate,https://data.oireachtas.ie/akn/ie/debateRecord/dail/2010-12-02/debate/main,https://data.oireachtas.ie/akn/ie/debateRecord/dail/2010-12-02/debate/mul@/main.xml
2010-12-01,dail,debate,https://data.oireachtas.ie/akn/ie/debateRecord/joint_committee_on_agriculture_fisheries_and_food/2010-12-01/debate/main,https://data.oireachtas.ie/akn/ie/debateRecord/joint_committee_on_agriculture_fisheries_and_food/2010-12-01/debate/mul@/main.xml
2010-12-01,dail,debate,https://data.oireachtas.ie/akn/ie/debateRecord/joint_committee_on_communications_energy_and_natural_resources/2010-12-01/debate/main,https://data.oireachtas.ie/akn/ie/debateRecord/joint_committee_on_communications_energy_and_natural_resources/2010-12-01/debate/mul@/main.xml
2010-12-01,dail,debate,https://data.oireachtas.ie/akn/ie/debateRecord/joint_committee_on_the_constitution/2010-12-01/debate/main,https://data.oireachtas.ie/akn/ie/debateRecord/joint_committee_on_the_constitution/2010-12-01/debate/mul@/main.xml
2010-12-01,dail,debate,https://data.oireachtas.ie/akn/ie/debateRecord/joint_committee_on_foreign_affairs/2010-12-01/debate/main,https://data.oireachtas.ie/akn/ie/debateRecord/joint_committee_on_foreign_affairs/2010-12-01/debate/mul@/main.xml
2010-12-01,dail,debate,https://data.oireachtas.ie/akn/ie/debateRecord/joint_committee_on_tourism_culture_sport_community_equality_and_gaeltacht_affairs/2010-12-01/debate/main,https://data.oireachtas.ie/akn/ie/debateRecord/joint_committee_on_tourism_culture_sport_community_equality_and_gaeltacht_affairs/2010-12-01/debate/mul@/main.xml
2010-12-01,dail,debate,https://data.oireachtas.ie/akn/ie/debateRecord/joint_committee_on_climate_change_and_energy_security/2010-12-01/debate/main,https://data.oireachtas.ie/akn/ie/debateRecord/joint_committee_on_climate_change_and_energy_security/2010-12-01/debate/mul@/main.xml
2010-12-01,dail,debate,https://data.oireachtas.ie/akn/ie/debateRecord/select_committee_on_education_and_skills/2010-12-01/debate/main,https://data.oireachtas.ie/akn/ie/debateRecord/select_committee_on_education_and_skills/2010-12-01/debate/mul@/main.xml
2010-12-01,dail,debate,https://data.oireachtas.ie/akn/ie/debateRecord/select_committee_on_justice_defence_and_womens_rights/2010-12-01/debate/main,https://data.oireachtas.ie/akn/ie/debateRecord/select_committee_on_justice_defence_and_womens_rights/2010-12-01/debate/mul@/main.xml
2010-12-01,dail,debate,https://data.oireachtas.ie/akn/ie/debateRecord/select_committee_on_foreign_affairs/2010-12-01/debate/main,https://data.oireachtas.ie/akn/ie/debateRecord/select_committee_on_foreign_affairs/2010-12-01/debate/mul@/main.xml
2010-12-01,seanad,debate,https://data.oireachtas.ie/akn/ie/debateRecord/seanad/2010-12-01/debate/main,https://data.oireachtas.ie/akn/ie/debateRecord/seanad/2010-12-01/debate/mul@/main.xml
2010-12-01,dail,debate,https://data.oireachtas.ie/akn/ie/debateRecord/select_committee_on_health_and_children/2010-12-01/debate/main,https://data.oireachtas.ie/akn/ie/debateRecord/select_committee_on_health_and_children/2010-12-01/debate/mul@/main.xml
2010-12-01,dail,debate,https://data.oireachtas.ie/akn/ie/debateRecord/joint_committee_on_transport/2010-12-01/debate/main,https://data.oireachtas.ie/akn/ie/debateRecord/joint_committee_on_transport/2010-12-01/debate/mul@/main.xml
2010-12-01,dail,debate,https://data.oireachtas.ie/akn/ie/debateRecord/dail/2010-12-01/debate/main,https://data.oireachtas.ie/akn/ie/debateRecord/dail/2010-12-01/debate/mul@/main.xml
2010-11-30,dail,debate,https://data.oireachtas.ie/akn/ie/debateRecord/joint_committee_on_economic_regulatory_affairs/2010-11-30/debate/main,https://data.oireachtas.ie/akn/ie/debateRecord/joint_committee_on_economic_regulatory_affairs/2010-11-30/debate/mul@/main.xml
2010-11-30,dail,debate,https://data.oireachtas.ie/akn/ie/debateRecord/select_committee_on_social_protection/2010-11-30/debate/main,https://data.oireachtas.ie/akn/ie/debateRecord/select_committee_on_social_protection/2010-11-30/debate/mul@/main.xml
2010-11-30,dail,debate,https://data.oireachtas.ie/akn/ie/debateRecord/joint_committee_on_health_and_children/2010-11-30/debate/main,https://data.oireachtas.ie/akn/ie/debateRecord/joint_committee_on_health_and_children/2010-11-30/debate/mul@/main.xml
2010-11-30,dail,debate,https://data.oireachtas.ie/akn/ie/debateRecord/joint_committee_on_european_affairs/2010-11-30/debate/main,https://data.oireachtas.ie/akn/ie/debateRecord/joint_committee_on_european_affairs/2010-11-30/debate/mul@/main.xml
2010-11-30,dail,debate,https://data.oireachtas.ie/akn/ie/debateRecord/dail/2010-11-30/debate/main,https://data.oireachtas.ie/akn/ie/debateRecord/dail/2010-11-30/debate/mul@/main.xml
2010-11-30,dail,debate,https://data.oireachtas.ie/akn/ie/debateRecord/select_committee_on_enterprise_trade_and_innovation/2010-11-30/debate/main,https://data.oireachtas.ie/akn/ie/debateRecord/select_committee_on_enterprise_trade_and_innovation/2010-11-30/debate/mul@/main.xml
2010-11-30,seanad,debate,https://data.oireachtas.ie/akn/ie/debateRecord/seanad/2010-11-30/debate/main,https://data.oireachtas.ie/akn/ie/debateRecord/seanad/2010-11-30/debate/mul@/main.xml
2010-11-25,dail,debate,https://data.oireachtas.ie/akn/ie/debateRecord/committee_of_public_accounts/2010-11-25/debate/main,https://data.oireachtas.ie/akn/ie/debateRecord/committee_of_public_accounts/2010-11-25/debate/mul@/main.xml
2010-11-25,dail,debate,https://data.oireachtas.ie/akn/ie/debateRecord/joint_committee_on_health_and_children/2010-11-25/debate/main,https://data.oireachtas.ie/akn/ie/debateRecord/joint_committee_on_health_and_children/2010-11-25/debate/mul@/main.xml
2010-11-25,dail,debate,https://data.oireachtas.ie/akn/ie/debateRecord/select_committee_on_education_and_skills/2010-11-25/debate/main,https://data.oireachtas.ie/akn/ie/debateRecord/select_committee_on_education_and_skills/2010-11-25/debate/mul@/main.xml
2010-11-25,dail,debate,https://data.oireachtas.ie/akn/ie/debateRecord/select_committee_on_transport/2010-11-25/debate/main,https://data.oireachtas.ie/akn/ie/debateRecord/select_committee_on_transport/2010-11-25/debate/mul@/main.xml
2010-11-25,dail,debate,https://data.oireachtas.ie/akn/ie/debateRecord/joint_committee_on_foreign_affairs/2010-11-25/debate/main,https://data.oireachtas.ie/akn/ie/debateRecord/joint_committee_on_foreign_affairs/2010-11-25/debate/mul@/main.xml
2010-11-25,seanad,debate,https://data.oireachtas.ie/akn/ie/debateRecord/seanad/2010-11-25/debate/main,https://data.oireachtas.ie/akn/ie/debateRecord/seanad/2010-11-25/debate/mul@/main.xml
2010-11-25,dail,debate,https://data.oireachtas.ie/akn/ie/debateRecord/dail/2010-11-25/debate/main,https://data.oireachtas.ie/akn/ie/debateRecord/dail/2010-11-25/debate/mul@/main.xml
2010-11-24,dail,debate,https://data.oireachtas.ie/akn/ie/debateRecord/select_committee_on_justice_defence_and_womens_rights/2010-11-24/debate/main,https://data.oireachtas.ie/akn/ie/debateRecord/select_committee_on_justice_defence_and_womens_rights/2010-11-24/debate/mul@/main.xml
2010-11-24,dail,debate,https://data.oireachtas.ie/akn/ie/debateRecord/joint_committee_on_climate_change_and_energy_security/2010-11-24/debate/main,https://data.oireachtas.ie/akn/ie/debateRecord/joint_committee_on_climate_change_and_energy_security/2010-11-24/debate/mul@/main.xml
2010-11-24,dail,debate,https://data.oireachtas.ie/akn/ie/debateRecord/joint_committee_on_communications_energy_and_natural_resources/2010-11-24/debate/main,https://data.oireachtas.ie/akn/ie/debateRecord/joint_committee_on_communications_energy_and_natural_resources/2010-11-24/debate/mul@/main.xml
2010-11-24,dail,debate,https://data.oireachtas.ie/akn/ie/debateRecord/select_committee_on_tourism_culture_sport_community_equality_and_gaeltacht_affairs/2010-11-24/debate/main,https://data.oireachtas.ie/akn/ie/debateRecord/select_committee_on_tourism_culture_sport_community_equality_and_gaeltacht_affairs/2010-11-24/debate/mul@/main.xml
2010-11-24,dail,debate,https://data.oireachtas.ie/akn/ie/debateRecord/select_committee_on_agriculture_fisheries_and_food/2010-11-24/debate/main,https://data.oireachtas.ie/akn/ie/debateRecord/select_committee_on_agriculture_fisheries_and_food/2010-11-24/debate/mul@/main.xml
2010-11-24,dail,debate,https://data.oireachtas.ie/akn/ie/debateRecord/joint_committee_on_social_protection/2010-11-24/debate/main,https://data.oireachtas.ie/akn/ie/debateRecord/joint_committee_on_social_protection/2010-11-24/debate/mul@/main.xml
2010-11-24,dail,debate,https://data.oireachtas.ie/akn/ie/debateRecord/joint_committee_on_foreign_affairs/2010-11-24/debate/main,https://data.oireachtas.ie/akn/ie/debateRecord/joint_committee_on_foreign_affairs/2010-11-24/debate/mul@/main.xml
2010-11-24,seanad,debate,https://data.oireachtas.ie/akn/ie/debateRecord/seanad/2010-11-24/debate/main,https://data.oireachtas.ie/akn/ie/debateRecord/seanad/2010-11-24/debate/mul@/main.xml
2010-11-24,dail,debate,https://data.oireachtas.ie/akn/ie/debateRecord/dail/2010-11-24/debate/main,https://data.oireachtas.ie/akn/ie/debateRecord/dail/2010-11-24/debate/mul@/main.xml
2010-11-23,dail,debate,https://data.oireachtas.ie/akn/ie/debateRecord/joint_committee_on_european_scrutiny/2010-11-23/debate/main,https://data.oireachtas.ie/akn/ie/debateRecord/joint_committee_on_european_scrutiny/2010-11-23/debate/mul@/main.xml
2010-11-23,dail,debate,https://data.oireachtas.ie/akn/ie/debateRecord/joint_committee_on_justice_defence_and_womens_rights/2010-11-23/debate/main,https://data.oireachtas.ie/akn/ie/debateRecord/joint_committee_on_justice_defence_and_womens_rights/2010-11-23/debate/mul@/main.xml
2010-11-23,dail,debate,https://data.oireachtas.ie/akn/ie/debateRecord/joint_committee_on_enterprise_trade_and_innovation/2010-11-23/debate/main,https://data.oireachtas.ie/akn/ie/debateRecord/joint_committee_on_enterprise_trade_and_innovation/2010-11-23/debate/mul@/main.xml
2010-11-23,dail,debate,https://data.oireachtas.ie/akn/ie/debateRecord/dail/2010-11-23/debate/main,https://data.oireachtas.ie/akn/ie/debateRecord/dail/2010-11-23/debate/mul@/main.xml
2010-11-23,seanad,debate,https://data.oireachtas.ie/akn/ie/debateRecord/seanad/2010-11-23/debate/main,https://data.oireachtas.ie/akn/ie/debateRecord/seanad/2010-11-23/debate/mul@/main.xml
2010-11-18,dail,debate,https://data.oireachtas.ie/akn/ie/debateRecord/joint_committee_on_education_and_skills/2010-11-18/debate/main,https://data.oireachtas.ie/akn/ie/debateRecord/joint_committee_on_education_and_skills/2010-11-18/debate/mul@/main.xml
2010-11-18,dail,debate,https://data.oireachtas.ie/akn/ie/debateRecord/joint_committee_on_health_and_children/2010-11-18/debate/main,https://data.oireachtas.ie/akn/ie/debateRecord/joint_committee_on_health_and_children/2010-11-18/debate/mul@/main.xml
2010-11-18,dail,debate,https://data.oireachtas.ie/akn/ie/debateRecord/joint_committee_on_european_scrutiny/2010-11-18/debate/main,https://data.oireachtas.ie/akn/ie/debateRecord/joint_committee_on_european_scrutiny/2010-11-18/debate/mul@/main.xml
2010-11-18,dail,debate,https://data.oireachtas.ie/akn/ie/debateRecord/committee_of_public_accounts/2010-11-18/debate/main,https://data.oireachtas.ie/akn/ie/debateRecord/committee_of_public_accounts/2010-11-18/debate/mul@/main.xml
2010-11-18,dail,debate,https://data.oireachtas.ie/akn/ie/debateRecord/joint_committee_on_european_affairs/2010-11-18/debate/main,https://data.oireachtas.ie/akn/ie/debateRecord/joint_committee_on_european_affairs/2010-11-18/debate/mul@/main.xml
2010-11-18,seanad,debate,https://data.oireachtas.ie/akn/ie/debateRecord/seanad/2010-11-18/debate/main,https://data.oireachtas.ie/akn/ie/debateRecord/seanad/2010-11-18/debate/mul@/main.xml
2010-11-18,dail,debate,https://data.oireachtas.ie/akn/ie/debateRecord/dail/2010-11-18/debate/main,https://data.oireachtas.ie/akn/ie/debateRecord/dail/2010-11-18/debate/mul@/main.xml
2010-11-17,dail,debate,https://data.oireachtas.ie/akn/ie/debateRecord/joint_committee_on_tourism_culture_sport_community_equality_and_gaeltacht_affairs/2010-11-17/debate/main,https://data.oireachtas.ie/akn/ie/debateRecord/joint_committee_on_tourism_culture_sport_community_equality_and_gaeltacht_affairs/2010-11-17/debate/mul@/main.xml
2010-11-17,dail,debate,https://data.oireachtas.ie/akn/ie/debateRecord/joint_committee_on_the_constitution/2010-11-17/debate/main,https://data.oireachtas.ie/akn/ie/debateRecord/joint_committee_on_the_constitution/2010-11-17/debate/mul@/main.xml
2010-11-17,dail,debate,https://data.oireachtas.ie/akn/ie/debateRecord/joint_committee_on_communications_energy_and_natural_resources/2010-11-17/debate/main,https://data.oireachtas.ie/akn/ie/debateRecord/joint_committee_on_communications_energy_and_natural_resources/2010-11-17/debate/mul@/main.xml
2010-11-17,seanad,debate,https://data.oireachtas.ie/akn/ie/debateRecord/seanad/2010-11-17/debate/main,https://data.oireachtas.ie/akn/ie/debateRecord/seanad/2010-11-17/debate/mul@/main.xml
2010-11-17,dail,debate,https://data.oireachtas.ie/akn/ie/debateRecord/dail/2010-11-17/debate/main,https://data.oireachtas.ie/akn/ie/debateRecord/dail/2010-11-17/debate/mul@/main.xml
2010-11-16,dail,debate,https://data.oireachtas.ie/akn/ie/debateRecord/joint_committee_on_the_environment_heritage_and_local_government/2010-11-16/debate/main,https://data.oireachtas.ie/akn/ie/debateRecord/joint_committee_on_the_environment_heritage_and_local_government/2010-11-16/debate/mul@/main.xml
2010-11-16,dail,debate,https://data.oireachtas.ie/akn/ie/debateRecord/joint_committee_on_economic_regulatory_affairs/2010-11-16/debate/main,https://data.oireachtas.ie/akn/ie/debateRecord/joint_committee_on_economic_regulatory_affairs/2010-11-16/debate/mul@/main.xml
2010-11-16,dail,debate,https://data.oireachtas.ie/akn/ie/debateRecord/joint_committee_on_health_and_children/2010-11-16/debate/main,https://data.oireachtas.ie/akn/ie/debateRecord/joint_committee_on_health_and_children/2010-11-16/debate/mul@/main.xml
2010-11-16,dail,debate,https://data.oireachtas.ie/akn/ie/debateRecord/select_committee_on_justice_defence_and_womens_rights/2010-11-16/debate/main,https://data.oireachtas.ie/akn/ie/debateRecord/select_committee_on_justice_defence_and_womens_rights/2010-11-16/debate/mul@/main.xml
2010-11-16,seanad,debate,https://data.oireachtas.ie/akn/ie/debateRecord/seanad/2010-11-16/debate/main,https://data.oireachtas.ie/akn/ie/debateRecord/seanad/2010-11-16/debate/mul@/main.xml
2010-11-16,dail,debate,https://data.oireachtas.ie/akn/ie/debateRecord/dail/2010-11-16/debate/main,https://data.oireachtas.ie/akn/ie/debateRecord/dail/2010-11-16/debate/mul@/main.xml
2010-11-12,dail,debate,https://data.oireachtas.ie/akn/ie/debateRecord/select_committee_on_justice_defence_and_womens_rights/2010-11-12/debate/main,https://data.oireachtas.ie/akn/ie/debateRecord/select_committee_on_justice_defence_and_womens_rights/2010-11-12/debate/mul@/main.xml
2010-11-11,seanad,debate,https://data.oireachtas.ie/akn/ie/debateRecord/seanad/2010-11-11/debate/main,https://data.oireachtas.ie/akn/ie/debateRecord/seanad/2010-11-11/debate/mul@/main.xml
2010-11-11,dail,debate,https://data.oireachtas.ie/akn/ie/debateRecord/committee_of_public_accounts/2010-11-11/debate/main,https://data.oireachtas.ie/akn/ie/debateRecord/committee_of_public_accounts/2010-11-11/debate/mul@/main.xml
2010-11-11,dail,debate,https://data.oireachtas.ie/akn/ie/debateRecord/joint_committee_on_the_implementation_of_the_good_friday_agreement/2010-11-11/debate/main,https://data.oireachtas.ie/akn/ie/debateRecord/joint_committee_on_the_implementation_of_the_good_friday_agreement/2010-11-11/debate/mul@/main.xml
2010-11-11,dail,debate,https://data.oireachtas.ie/akn/ie/debateRecord/select_committee_on_health_and_children/2010-11-11/debate/main,https://data.oireachtas.ie/akn/ie/debateRecord/select_committee_on_health_and_children/2010-11-11/debate/mul@/main.xml
2010-11-11,dail,debate,https://data.oireachtas.ie/akn/ie/debateRecord/dail/2010-11-11/debate/main,https://data.oireachtas.ie/akn/ie/debateRecord/dail/2010-11-11/debate/mul@/main.xml
2010-11-10,dail,debate,https://data.oireachtas.ie/akn/ie/debateRecord/joint_committee_on_social_protection/2010-11-10/debate/main,https://data.oireachtas.ie/akn/ie/debateRecord/joint_committee_on_social_protection/2010-11-10/debate/mul@/main.xml
2010-11-10,dail,debate,https://data.oireachtas.ie/akn/ie/debateRecord/select_committee_on_justice_defence_and_womens_rights/2010-11-10/debate/main,https://data.oireachtas.ie/akn/ie/debateRecord/select_committee_on_justice_defence_and_womens_rights/2010-11-10/debate/mul@/main.xml
2010-11-10,seanad,debate,https://data.oireachtas.ie/akn/ie/debateRecord/seanad/2010-11-10/debate/main,https://data.oireachtas.ie/akn/ie/debateRecord/seanad/2010-11-10/debate/mul@/main.xml
2010-11-10,dail,debate,https://data.oireachtas.ie/akn/ie/debateRecord/joint_committee_on_climate_change_and_energy_security/2010-11-10/debate/main,https://data.oireachtas.ie/akn/ie/debateRecord/joint_committee_on_climate_change_and_energy_security/2010-11-10/debate/mul@/main.xml
2010-11-10,dail,debate,https://data.oireachtas.ie/akn/ie/debateRecord/joint_committee_on_economic_regulatory_affairs/2010-11-10/debate/main,https://data.oireachtas.ie/akn/ie/debateRecord/joint_committee_on_economic_regulatory_affairs/2010-11-10/debate/mul@/main.xml
2010-11-10,dail,debate,https://data.oireachtas.ie/akn/ie/debateRecord/dail/2010-11-10/debate/main,https://data.oireachtas.ie/akn/ie/debateRecord/dail/2010-11-10/debate/mul@/main.xml
2010-11-09,dail,debate,https://data.oireachtas.ie/akn/ie/debateRecord/joint_committee_on_the_environment_heritage_and_local_government/2010-11-09/debate/main,https://data.oireachtas.ie/akn/ie/debateRecord/joint_committee_on_the_environment_heritage_and_local_government/2010-11-09/debate/mul@/main.xml
2010-11-09,dail,debate,https://data.oireachtas.ie/akn/ie/debateRecord/standing_joint_committee_on_consolidation_bills/2010-11-09/debate/main,https://data.oireachtas.ie/akn/ie/debateRecord/standing_joint_committee_on_consolidation_bills/2010-11-09/debate/mul@/main.xml
2010-11-09,dail,debate,https://data.oireachtas.ie/akn/ie/debateRecord/joint_committee_on_enterprise_trade_and_innovation/2010-11-09/debate/main,https://data.oireachtas.ie/akn/ie/debateRecord/joint_committee_on_enterprise_trade_and_innovation/2010-11-09/debate/mul@/main.xml
2010-11-09,dail,debate,https://data.oireachtas.ie/akn/ie/debateRecord/joint_committee_on_agriculture_fisheries_and_food/2010-11-09/debate/main,https://data.oireachtas.ie/akn/ie/debateRecord/joint_committee_on_agriculture_fisheries_and_food/2010-11-09/debate/mul@/main.xml
2010-11-09,seanad,debate,https://data.oireachtas.ie/akn/ie/debateRecord/seanad/2010-11-09/debate/main,https://data.oireachtas.ie/akn/ie/debateRecord/seanad/2010-11-09/debate/mul@/main.xml
2010-11-09,dail,debate,https://data.oireachtas.ie/akn/ie/debateRecord/dail/2010-11-09/debate/main,https://data.oireachtas.ie/akn/ie/debateRecord/dail/2010-11-09/debate/mul@/main.xml
2010-11-05,dail,debate,https://data.oireachtas.ie/akn/ie/debateRecord/joint_committee_on_european_affairs/2010-11-05/debate/main,https://data.oireachtas.ie/akn/ie/debateRecord/joint_committee_on_european_affairs/2010-11-05/debate/mul@/main.xml
2010-11-05,dail,debate,https://data.oireachtas.ie/akn/ie/debateRecord/select_committee_on_justice_defence_and_womens_rights/2010-11-05/debate/main,https://data.oireachtas.ie/akn/ie/debateRecord/select_committee_on_justice_defence_and_womens_rights/2010-11-05/debate/mul@/main.xml
2010-11-04,dail,debate,https://data.oireachtas.ie/akn/ie/debateRecord/joint_committee_on_european_scrutiny/2010-11-04/debate/main,https://data.oireachtas.ie/akn/ie/debateRecord/joint_committee_on_european_scrutiny/2010-11-04/debate/mul@/main.xml
2010-11-04,dail,debate,https://data.oireachtas.ie/akn/ie/debateRecord/select_committee_on_health_and_children/2010-11-04/debate/main,https://data.oireachtas.ie/akn/ie/debateRecord/select_committee_on_health_and_children/2010-11-04/debate/mul@/main.xml
2010-11-04,dail,debate,https://data.oireachtas.ie/akn/ie/debateRecord/committee_of_public_accounts/2010-11-04/debate/main,https://data.oireachtas.ie/akn/ie/debateRecord/committee_of_public_accounts/2010-11-04/debate/mul@/main.xml
2010-11-04,seanad,debate,https://data.oireachtas.ie/akn/ie/debateRecord/seanad/2010-11-04/debate/main,https://data.oireachtas.ie/akn/ie/debateRecord/seanad/2010-11-04/debate/mul@/main.xml
2010-11-04,dail,debate,https://data.oireachtas.ie/akn/ie/debateRecord/dail/2010-11-04/debate/main,https://data.oireachtas.ie/akn/ie/debateRecord/dail/2010-11-04/debate/mul@/main.xml
2010-11-03,dail,debate,https://data.oireachtas.ie/akn/ie/debateRecord/joint_committee_on_foreign_affairs/2010-11-03/debate/main,https://data.oireachtas.ie/akn/ie/debateRecord/joint_committee_on_foreign_affairs/2010-11-03/debate/mul@/main.xml
2010-11-03,dail,debate,https://data.oireachtas.ie/akn/ie/debateRecord/joint_committee_on_the_constitution/2010-11-03/debate/main,https://data.oireachtas.ie/akn/ie/debateRecord/joint_committee_on_the_constitution/2010-11-03/debate/mul@/main.xml
2010-11-03,dail,debate,https://data.oireachtas.ie/akn/ie/debateRecord/joint_committee_on_communications_energy_and_natural_resources/2010-11-03/debate/main,https://data.oireachtas.ie/akn/ie/debateRecord/joint_committee_on_communications_energy_and_natural_resources/2010-11-03/debate/mul@/main.xml
2010-11-03,dail,debate,https://data.oireachtas.ie/akn/ie/debateRecord/joint_committee_on_tourism_culture_sport_community_equality_and_gaeltacht_affairs/2010-11-03/debate/main,https://data.oireachtas.ie/akn/ie/debateRecord/joint_committee_on_tourism_culture_sport_community_equality_and_gaeltacht_affairs/2010-11-03/debate/mul@/main.xml
2010-11-03,dail,debate,https://data.oireachtas.ie/akn/ie/debateRecord/joint_committee_on_transport/2010-11-03/debate/main,https://data.oireachtas.ie/akn/ie/debateRecord/joint_committee_on_transport/2010-11-03/debate/mul@/main.xml
2010-11-03,dail,debate,https://data.oireachtas.ie/akn/ie/debateRecord/dail/2010-11-03/debate/main,https://data.oireachtas.ie/akn/ie/debateRecord/dail/2010-11-03/debate/mul@/main.xml
2010-11-03,seanad,debate,https://data.oireachtas.ie/akn/ie/debateRecord/seanad/2010-11-03/debate/main,https://data.oireachtas.ie/akn/ie/debateRecord/seanad/2010-11-03/debate/mul@/main.xml
2010-11-02,dail,debate,https://data.oireachtas.ie/akn/ie/debateRecord/joint_committee_on_the_environment_heritage_and_local_government/2010-11-02/debate/main,https://data.oireachtas.ie/akn/ie/debateRecord/joint_committee_on_the_environment_heritage_and_local_government/2010-11-02/debate/mul@/main.xml
2010-11-02,dail,debate,https://data.oireachtas.ie/akn/ie/debateRecord/joint_committee_on_health_and_children/2010-11-02/debate/main,https://data.oireachtas.ie/akn/ie/debateRecord/joint_committee_on_health_and_children/2010-11-02/debate/mul@/main.xml
2010-11-02,dail,debate,https://data.oireachtas.ie/akn/ie/debateRecord/dail/2010-11-02/debate/main,https://data.oireachtas.ie/akn/ie/debateRecord/dail/2010-11-02/debate/mul@/main.xml
2010-11-02,dail,debate,https://data.oireachtas.ie/akn/ie/debateRecord/select_committee_on_enterprise_trade_and_innovation/2010-11-02/debate/main,https://data.oireachtas.ie/akn/ie/debateRecord/select_committee_on_enterprise_trade_and_innovation/2010-11-02/debate/mul@/main.xml
2010-11-02,seanad,debate,https://data.oireachtas.ie/akn/ie/debateRecord/seanad/2010-11-02/debate/main,https://data.oireachtas.ie/akn/ie/debateRecord/seanad/2010-11-02/debate/mul@/main.xml
2010-10-28,dail,debate,https://data.oireachtas.ie/akn/ie/debateRecord/dail/2010-10-28/debate/main,https://data.oireachtas.ie/akn/ie/debateRecord/dail/2010-10-28/debate/mul@/main.xml
2010-10-28,seanad,debate,https://data.oireachtas.ie/akn/ie/debateRecord/seanad/2010-10-28/debate/main,https://data.oireachtas.ie/akn/ie/debateRecord/seanad/2010-10-28/debate/mul@/main.xml
2010-10-27,dail,debate,https://data.oireachtas.ie/akn/ie/debateRecord/joint_committee_on_climate_change_and_energy_security/2010-10-27/debate/main,https://data.oireachtas.ie/akn/ie/debateRecord/joint_committee_on_climate_change_and_energy_security/2010-10-27/debate/mul@/main.xml
2010-10-27,dail,debate,https://data.oireachtas.ie/akn/ie/debateRecord/joint_committee_on_foreign_affairs/2010-10-27/debate/main,https://data.oireachtas.ie/akn/ie/debateRecord/joint_committee_on_foreign_affairs/2010-10-27/debate/mul@/main.xml
2010-10-27,seanad,debate,https://data.oireachtas.ie/akn/ie/debateRecord/seanad/2010-10-27/debate/main,https://data.oireachtas.ie/akn/ie/debateRecord/seanad/2010-10-27/debate/mul@/main.xml
2010-10-27,dail,debate,https://data.oireachtas.ie/akn/ie/debateRecord/dail/2010-10-27/debate/main,https://data.oireachtas.ie/akn/ie/debateRecord/dail/2010-10-27/debate/mul@/main.xml
2010-10-26,dail,debate,https://data.oireachtas.ie/akn/ie/debateRecord/joint_committee_on_enterprise_trade_and_innovation/2010-10-26/debate/main,https://data.oireachtas.ie/akn/ie/debateRecord/joint_committee_on_enterprise_trade_and_innovation/2010-10-26/debate/mul@/main.xml
2010-10-21,dail,debate,https://data.oireachtas.ie/akn/ie/debateRecord/joint_committee_on_education_and_skills/2010-10-21/debate/main,https://data.oireachtas.ie/akn/ie/debateRecord/joint_committee_on_education_and_skills/2010-10-21/debate/mul@/main.xml
2010-10-21,dail,debate,https://data.oireachtas.ie/akn/ie/debateRecord/committee_of_public_accounts/2010-10-21/debate/main,https://data.oireachtas.ie/akn/ie/debateRecord/committee_of_public_accounts/2010-10-21/debate/mul@/main.xml
2010-10-21,dail,debate,https://data.oireachtas.ie/akn/ie/debateRecord/joint_committee_on_the_implementation_of_the_good_friday_agreement/2010-10-21/debate/main,https://data.oireachtas.ie/akn/ie/debateRecord/joint_committee_on_the_implementation_of_the_good_friday_agreement/2010-10-21/debate/mul@/main.xml
2010-10-21,seanad,debate,https://data.oireachtas.ie/akn/ie/debateRecord/seanad/2010-10-21/debate/main,https://data.oireachtas.ie/akn/ie/debateRecord/seanad/2010-10-21/debate/mul@/main.xml
2010-10-21,dail,debate,https://data.oireachtas.ie/akn/ie/debateRecord/dail/2010-10-21/debate/main,https://data.oireachtas.ie/akn/ie/debateRecord/dail/2010-10-21/debate/mul@/main.xml
2010-10-20,dail,debate,https://data.oireachtas.ie/akn/ie/debateRecord/joint_committee_on_tourism_culture_sport_community_equality_and_gaeltacht_affairs/2010-10-20/debate/main,https://data.oireachtas.ie/akn/ie/debateRecord/joint_committee_on_tourism_culture_sport_community_equality_and_gaeltacht_affairs/2010-10-20/debate/mul@/main.xml
2010-10-20,seanad,debate,https://data.oireachtas.ie/akn/ie/debateRecord/seanad/2010-10-20/debate/main,https://data.oireachtas.ie/akn/ie/debateRecord/seanad/2010-10-20/debate/mul@/main.xml
2010-10-20,dail,debate,https://data.oireachtas.ie/akn/ie/debateRecord/dail/2010-10-20/debate/main,https://data.oireachtas.ie/akn/ie/debateRecord/dail/2010-10-20/debate/mul@/main.xml
2010-10-19,dail,debate,https://data.oireachtas.ie/akn/ie/debateRecord/joint_committee_on_economic_regulatory_affairs/2010-10-19/debate/main,https://data.oireachtas.ie/akn/ie/debateRecord/joint_committee_on_economic_regulatory_affairs/2010-10-19/debate/mul@/main.xml
2010-10-19,dail,debate,https://data.oireachtas.ie/akn/ie/debateRecord/joint_committee_on_health_and_children/2010-10-19/debate/main,https://data.oireachtas.ie/akn/ie/debateRecord/joint_committee_on_health_and_children/2010-10-19/debate/mul@/main.xml
2010-10-19,dail,debate,https://data.oireachtas.ie/akn/ie/debateRecord/dail/2010-10-19/debate/main,https://data.oireachtas.ie/akn/ie/debateRecord/dail/2010-10-19/debate/mul@/main.xml
2010-10-19,seanad,debate,https://data.oireachtas.ie/akn/ie/debateRecord/seanad/2010-10-19/debate/main,https://data.oireachtas.ie/akn/ie/debateRecord/seanad/2010-10-19/debate/mul@/main.xml
2010-10-14,dail,debate,https://data.oireachtas.ie/akn/ie/debateRecord/committee_of_public_accounts/2010-10-14/debate/main,https://data.oireachtas.ie/akn/ie/debateRecord/committee_of_public_accounts/2010-10-14/debate/mul@/main.xml
2010-10-14,seanad,debate,https://data.oireachtas.ie/akn/ie/debateRecord/seanad/2010-10-14/debate/main,https://data.oireachtas.ie/akn/ie/debateRecord/seanad/2010-10-14/debate/mul@/main.xml
2010-10-14,dail,debate,https://data.oireachtas.ie/akn/ie/debateRecord/dail/2010-10-14/debate/main,https://data.oireachtas.ie/akn/ie/debateRecord/dail/2010-10-14/debate/mul@/main.xml
2010-10-13,dail,debate,https://data.oireachtas.ie/akn/ie/debateRecord/joint_committee_on_tourism_culture_sport_community_equality_and_gaeltacht_affairs/2010-10-13/debate/main,https://data.oireachtas.ie/akn/ie/debateRecord/joint_committee_on_tourism_culture_sport_community_equality_and_gaeltacht_affairs/2010-10-13/debate/mul@/main.xml
2010-10-13,dail,debate,https://data.oireachtas.ie/akn/ie/debateRecord/joint_committee_on_agriculture_fisheries_and_food/2010-10-13/debate/main,https://data.oireachtas.ie/akn/ie/debateRecord/joint_committee_on_agriculture_fisheries_and_food/2010-10-13/debate/mul@/main.xml
2010-10-13,dail,debate,https://data.oireachtas.ie/akn/ie/debateRecord/joint_committee_on_justice_defence_and_womens_rights/2010-10-13/debate/main,https://data.oireachtas.ie/akn/ie/debateRecord/joint_committee_on_justice_defence_and_womens_rights/2010-10-13/debate/mul@/main.xml
2010-10-13,dail,debate,https://data.oireachtas.ie/akn/ie/debateRecord/joint_committee_on_communications_energy_and_natural_resources/2010-10-13/debate/main,https://data.oireachtas.ie/akn/ie/debateRecord/joint_committee_on_communications_energy_and_natural_resources/2010-10-13/debate/mul@/main.xml
2010-10-13,dail,debate,https://data.oireachtas.ie/akn/ie/debateRecord/joint_committee_on_social_protection/2010-10-13/debate/main,https://data.oireachtas.ie/akn/ie/debateRecord/joint_committee_on_social_protection/2010-10-13/debate/mul@/main.xml
2010-10-13,seanad,debate,https://data.oireachtas.ie/akn/ie/debateRecord/seanad/2010-10-13/debate/main,https://data.oireachtas.ie/akn/ie/debateRecord/seanad/2010-10-13/debate/mul@/main.xml
2010-10-13,dail,debate,https://data.oireachtas.ie/akn/ie/debateRecord/dail/2010-10-13/debate/main,https://data.oireachtas.ie/akn/ie/debateRecord/dail/2010-10-13/debate/mul@/main.xml
2010-10-12,dail,debate,https://data.oireachtas.ie/akn/ie/debateRecord/joint_committee_on_european_scrutiny/2010-10-12/debate/main,https://data.oireachtas.ie/akn/ie/debateRecord/joint_committee_on_european_scrutiny/2010-10-12/debate/mul@/main.xml
2010-10-12,seanad,debate,https://data.oireachtas.ie/akn/ie/debateRecord/seanad/2010-10-12/debate/main,https://data.oireachtas.ie/akn/ie/debateRecord/seanad/2010-10-12/debate/mul@/main.xml
2010-10-12,dail,debate,https://data.oireachtas.ie/akn/ie/debateRecord/dail/2010-10-12/debate/main,https://data.oireachtas.ie/akn/ie/debateRecord/dail/2010-10-12/debate/mul@/main.xml
2010-10-07,dail,debate,https://data.oireachtas.ie/akn/ie/debateRecord/committee_of_public_accounts/2010-10-07/debate/main,https://data.oireachtas.ie/akn/ie/debateRecord/committee_of_public_accounts/2010-10-07/debate/mul@/main.xml
2010-10-07,dail,debate,https://data.oireachtas.ie/akn/ie/debateRecord/joint_committee_on_education_and_skills/2010-10-07/debate/main,https://data.oireachtas.ie/akn/ie/debateRecord/joint_committee_on_education_and_skills/2010-10-07/debate/mul@/main.xml
2010-10-07,seanad,debate,https://data.oireachtas.ie/akn/ie/debateRecord/seanad/2010-10-07/debate/main,https://data.oireachtas.ie/akn/ie/debateRecord/seanad/2010-10-07/debate/mul@/main.xml
2010-10-07,dail,debate,https://data.oireachtas.ie/akn/ie/debateRecord/dail/2010-10-07/debate/main,https://data.oireachtas.ie/akn/ie/debateRecord/dail/2010-10-07/debate/mul@/main.xml
2010-10-06,dail,debate,https://data.oireachtas.ie/akn/ie/debateRecord/select_committee_on_justice_defence_and_womens_rights/2010-10-06/debate/main,https://data.oireachtas.ie/akn/ie/debateRecord/select_committee_on_justice_defence_and_womens_rights/2010-10-06/debate/mul@/main.xml
2010-10-06,seanad,debate,https://data.oireachtas.ie/akn/ie/debateRecord/seanad/2010-10-06/debate/main,https://data.oireachtas.ie/akn/ie/debateRecord/seanad/2010-10-06/debate/mul@/main.xml
2010-10-06,dail,debate,https://data.oireachtas.ie/akn/ie/debateRecord/dail/2010-10-06/debate/main,https://data.oireachtas.ie/akn/ie/debateRecord/dail/2010-10-06/debate/mul@/main.xml
2010-10-05,dail,debate,https://data.oireachtas.ie/akn/ie/debateRecord/joint_committee_on_enterprise_trade_and_innovation/2010-10-05/debate/main,https://data.oireachtas.ie/akn/ie/debateRecord/joint_committee_on_enterprise_trade_and_innovation/2010-10-05/debate/mul@/main.xml
2010-10-05,dail,debate,https://data.oireachtas.ie/akn/ie/debateRecord/joint_committee_on_the_environment_heritage_and_local_government/2010-10-05/debate/main,https://data.oireachtas.ie/akn/ie/debateRecord/joint_committee_on_the_environment_heritage_and_local_government/2010-10-05/debate/mul@/main.xml
2010-10-05,dail,debate,https://data.oireachtas.ie/akn/ie/debateRecord/joint_committee_on_european_affairs/2010-10-05/debate/main,https://data.oireachtas.ie/akn/ie/debateRecord/joint_committee_on_european_affairs/2010-10-05/debate/mul@/main.xml
2010-10-05,dail,debate,https://data.oireachtas.ie/akn/ie/debateRecord/dail/2010-10-05/debate/main,https://data.oireachtas.ie/akn/ie/debateRecord/dail/2010-10-05/debate/mul@/main.xml
2010-10-01,dail,debate,https://data.oireachtas.ie/akn/ie/debateRecord/joint_committee_on_agriculture_fisheries_and_food/2010-10-01/debate/main,https://data.oireachtas.ie/akn/ie/debateRecord/joint_committee_on_agriculture_fisheries_and_food/2010-10-01/debate/mul@/main.xml
2010-09-30,dail,debate,https://data.oireachtas.ie/akn/ie/debateRecord/committee_of_public_accounts/2010-09-30/debate/main,https://data.oireachtas.ie/akn/ie/debateRecord/committee_of_public_accounts/2010-09-30/debate/mul@/main.xml
2010-09-30,dail,debate,https://data.oireachtas.ie/akn/ie/debateRecord/joint_committee_on_the_implementation_of_the_good_friday_agreement/2010-09-30/debate/main,https://data.oireachtas.ie/akn/ie/debateRecord/joint_committee_on_the_implementation_of_the_good_friday_agreement/2010-09-30/debate/mul@/main.xml
2010-09-30,dail,debate,https://data.oireachtas.ie/akn/ie/debateRecord/joint_committee_on_foreign_affairs/2010-09-30/debate/main,https://data.oireachtas.ie/akn/ie/debateRecord/joint_committee_on_foreign_affairs/2010-09-30/debate/mul@/main.xml
2010-09-30,seanad,debate,https://data.oireachtas.ie/akn/ie/debateRecord/seanad/2010-09-30/debate/main,https://data.oireachtas.ie/akn/ie/debateRecord/seanad/2010-09-30/debate/mul@/main.xml
2010-09-30,dail,debate,https://data.oireachtas.ie/akn/ie/debateRecord/dail/2010-09-30/debate/main,https://data.oireachtas.ie/akn/ie/debateRecord/dail/2010-09-30/debate/mul@/main.xml
2010-09-29,dail,debate,https://data.oireachtas.ie/akn/ie/debateRecord/select_committee_on_justice_defence_and_womens_rights/2010-09-29/debate/main,https://data.oireachtas.ie/akn/ie/debateRecord/select_committee_on_justice_defence_and_womens_rights/2010-09-29/debate/mul@/main.xml
2010-09-29,dail,debate,https://data.oireachtas.ie/akn/ie/debateRecord/joint_committee_on_tourism_culture_sport_community_equality_and_gaeltacht_affairs/2010-09-29/debate/main,https://data.oireachtas.ie/akn/ie/debateRecord/joint_committee_on_tourism_culture_sport_community_equality_and_gaeltacht_affairs/2010-09-29/debate/mul@/main.xml
2010-09-29,dail,debate,https://data.oireachtas.ie/akn/ie/debateRecord/joint_committee_on_agriculture_fisheries_and_food/2010-09-29/debate/main,https://data.oireachtas.ie/akn/ie/debateRecord/joint_committee_on_agriculture_fisheries_and_food/2010-09-29/debate/mul@/main.xml
2010-09-29,dail,debate,https://data.oireachtas.ie/akn/ie/debateRecord/joint_committee_on_climate_change_and_energy_security/2010-09-29/debate/main,https://data.oireachtas.ie/akn/ie/debateRecord/joint_committee_on_climate_change_and_energy_security/2010-09-29/debate/mul@/main.xml
2010-09-29,seanad,debate,https://data.oireachtas.ie/akn/ie/debateRecord/seanad/2010-09-29/debate/main,https://data.oireachtas.ie/akn/ie/debateRecord/seanad/2010-09-29/debate/mul@/main.xml
2010-09-29,dail,debate,https://data.oireachtas.ie/akn/ie/debateRecord/joint_committee_on_communications_energy_and_natural_resources/2010-09-29/debate/main,https://data.oireachtas.ie/akn/ie/debateRecord/joint_committee_on_communications_energy_and_natural_resources/2010-09-29/debate/mul@/main.xml
2010-09-29,dail,debate,https://data.oireachtas.ie/akn/ie/debateRecord/dail/2010-09-29/debate/main,https://data.oireachtas.ie/akn/ie/debateRecord/dail/2010-09-29/debate/mul@/main.xml
2010-09-28,dail,debate,https://data.oireachtas.ie/akn/ie/debateRecord/joint_committee_on_enterprise_trade_and_innovation/2010-09-28/debate/main,https://data.oireachtas.ie/akn/ie/debateRecord/joint_committee_on_enterprise_trade_and_innovation/2010-09-28/debate/mul@/main.xml
2010-09-28,dail,debate,https://data.oireachtas.ie/akn/ie/debateRecord/joint_committee_on_economic_regulatory_affairs/2010-09-28/debate/main,https://data.oireachtas.ie/akn/ie/debateRecord/joint_committee_on_economic_regulatory_affairs/2010-09-28/debate/mul@/main.xml
2010-09-23,dail,debate,https://data.oireachtas.ie/akn/ie/debateRecord/committee_of_public_accounts/2010-09-23/debate/main,https://data.oireachtas.ie/akn/ie/debateRecord/committee_of_public_accounts/2010-09-23/debate/mul@/main.xml
2010-09-23,dail,debate,https://data.oireachtas.ie/akn/ie/debateRecord/joint_committee_on_education_and_skills/2010-09-23/debate/main,https://data.oireachtas.ie/akn/ie/debateRecord/joint_committee_on_education_and_skills/2010-09-23/debate/mul@/main.xml
2010-09-23,dail,debate,https://data.oireachtas.ie/akn/ie/debateRecord/select_committee_on_justice_defence_and_womens_rights/2010-09-23/debate/main,https://data.oireachtas.ie/akn/ie/debateRecord/select_committee_on_justice_defence_and_womens_rights/2010-09-23/debate/mul@/main.xml
2010-09-22,dail,debate,https://data.oireachtas.ie/akn/ie/debateRecord/joint_committee_on_finance_and_the_public_service/2010-09-22/debate/main,https://data.oireachtas.ie/akn/ie/debateRecord/joint_committee_on_finance_and_the_public_service/2010-09-22/debate/mul@/main.xml
2010-09-22,dail,debate,https://data.oireachtas.ie/akn/ie/debateRecord/joint_committee_on_transport/2010-09-22/debate/main,https://data.oireachtas.ie/akn/ie/debateRecord/joint_committee_on_transport/2010-09-22/debate/mul@/main.xml
2010-09-22,dail,debate,https://data.oireachtas.ie/akn/ie/debateRecord/joint_committee_on_communications_energy_and_natural_resources/2010-09-22/debate/main,https://data.oireachtas.ie/akn/ie/debateRecord/joint_committee_on_communications_energy_and_natural_resources/2010-09-22/debate/mul@/main.xml
2010-09-21,dail,debate,https://data.oireachtas.ie/akn/ie/debateRecord/joint_committee_on_enterprise_trade_and_innovation/2010-09-21/debate/main,https://data.oireachtas.ie/akn/ie/debateRecord/joint_committee_on_enterprise_trade_and_innovation/2010-09-21/debate/mul@/main.xml
2010-09-21,dail,debate,https://data.oireachtas.ie/akn/ie/debateRecord/joint_committee_on_the_environment_heritage_and_local_government/2010-09-21/debate/main,https://data.oireachtas.ie/akn/ie/debateRecord/joint_committee_on_the_environment_heritage_and_local_government/2010-09-21/debate/mul@/main.xml
2010-09-21,dail,debate,https://data.oireachtas.ie/akn/ie/debateRecord/joint_committee_on_european_scrutiny/2010-09-21/debate/main,https://data.oireachtas.ie/akn/ie/debateRecord/joint_committee_on_european_scrutiny/2010-09-21/debate/mul@/main.xml
2010-09-21,dail,debate,https://data.oireachtas.ie/akn/ie/debateRecord/joint_committee_on_health_and_children/2010-09-21/debate/main,https://data.oireachtas.ie/akn/ie/debateRecord/joint_committee_on_health_and_children/2010-09-21/debate/mul@/main.xml
2010-09-16,dail,debate,https://data.oireachtas.ie/akn/ie/debateRecord/joint_committee_on_health_and_children/2010-09-16/debate/main,https://data.oireachtas.ie/akn/ie/debateRecord/joint_committee_on_health_and_children/2010-09-16/debate/mul@/main.xml
2010-09-15,dail,debate,https://data.oireachtas.ie/akn/ie/debateRecord/joint_committee_on_agriculture_fisheries_and_food/2010-09-15/debate/main,https://data.oireachtas.ie/akn/ie/debateRecord/joint_committee_on_agriculture_fisheries_and_food/2010-09-15/debate/mul@/main.xml
2010-09-15,dail,debate,https://data.oireachtas.ie/akn/ie/debateRecord/joint_committee_on_social_protection/2010-09-15/debate/main,https://data.oireachtas.ie/akn/ie/debateRecord/joint_committee_on_social_protection/2010-09-15/debate/mul@/main.xml
2010-09-15,dail,debate,https://data.oireachtas.ie/akn/ie/debateRecord/joint_committee_on_climate_change_and_energy_security/2010-09-15/debate/main,https://data.oireachtas.ie/akn/ie/debateRecord/joint_committee_on_climate_change_and_energy_security/2010-09-15/debate/mul@/main.xml
2010-09-09,dail,debate,https://data.oireachtas.ie/akn/ie/debateRecord/joint_committee_on_the_implementation_of_the_good_friday_agreement/2010-09-09/debate/main,https://data.oireachtas.ie/akn/ie/debateRecord/joint_committee_on_the_implementation_of_the_good_friday_agreement/2010-09-09/debate/mul@/main.xml
2010-09-07,dail,debate,https://data.oireachtas.ie/akn/ie/debateRecord/joint_committee_on_economic_regulatory_affairs/2010-09-07/debate/main,https://data.oireachtas.ie/akn/ie/debateRecord/joint_committee_on_economic_regulatory_affairs/2010-09-07/debate/mul@/main.xml
2010-09-07,dail,debate,https://data.oireachtas.ie/akn/ie/debateRecord/joint_committee_on_health_and_children/2010-09-07/debate/main,https://data.oireachtas.ie/akn/ie/debateRecord/joint_committee_on_health_and_children/2010-09-07/debate/mul@/main.xml
2010-09-01,dail,debate,https://data.oireachtas.ie/akn/ie/debateRecord/joint_committee_on_economic_regulatory_affairs/2010-09-01/debate/main,https://data.oireachtas.ie/akn/ie/debateRecord/joint_committee_on_economic_regulatory_affairs/2010-09-01/debate/mul@/main.xml
2010-08-24,dail,debate,https://data.oireachtas.ie/akn/ie/debateRecord/joint_committee_on_foreign_affairs/2010-08-24/debate/main,https://data.oireachtas.ie/akn/ie/debateRecord/joint_committee_on_foreign_affairs/2010-08-24/debate/mul@/main.xml
2010-07-29,dail,debate,https://data.oireachtas.ie/akn/ie/debateRecord/joint_committee_on_enterprise_trade_and_innovation/2010-07-29/debate/main,https://data.oireachtas.ie/akn/ie/debateRecord/joint_committee_on_enterprise_trade_and_innovation/2010-07-29/debate/mul@/main.xml
2010-07-28,dail,debate,https://data.oireachtas.ie/akn/ie/debateRecord/joint_committee_on_tourism_culture_sport_community_equality_and_gaeltacht_affairs/2010-07-28/debate/main,https://data.oireachtas.ie/akn/ie/debateRecord/joint_committee_on_tourism_culture_sport_community_equality_and_gaeltacht_affairs/2010-07-28/debate/mul@/main.xml
2010-07-28,dail,debate,https://data.oireachtas.ie/akn/ie/debateRecord/joint_committee_on_the_environment_heritage_and_local_government/2010-07-28/debate/main,https://data.oireachtas.ie/akn/ie/debateRecord/joint_committee_on_the_environment_heritage_and_local_government/2010-07-28/debate/mul@/main.xml
2010-07-27,dail,debate,https://data.oireachtas.ie/akn/ie/debateRecord/joint_committee_on_european_affairs/2010-07-27/debate/main,https://data.oireachtas.ie/akn/ie/debateRecord/joint_committee_on_european_affairs/2010-07-27/debate/mul@/main.xml
2010-07-27,dail,debate,https://data.oireachtas.ie/akn/ie/debateRecord/joint_committee_on_health_and_children/2010-07-27/debate/main,https://data.oireachtas.ie/akn/ie/debateRecord/joint_committee_on_health_and_children/2010-07-27/debate/mul@/main.xml
2010-07-22,dail,debate,https://data.oireachtas.ie/akn/ie/debateRecord/committee_of_public_accounts/2010-07-22/debate/main,https://data.oireachtas.ie/akn/ie/debateRecord/committee_of_public_accounts/2010-07-22/debate/mul@/main.xml
2010-07-21,dail,debate,https://data.oireachtas.ie/akn/ie/debateRecord/joint_committee_on_agriculture_fisheries_and_food/2010-07-21/debate/main,https://data.oireachtas.ie/akn/ie/debateRecord/joint_committee_on_agriculture_fisheries_and_food/2010-07-21/debate/mul@/main.xml
2010-07-21,dail,debate,https://data.oireachtas.ie/akn/ie/debateRecord/joint_committee_on_european_affairs/2010-07-21/debate/main,https://data.oireachtas.ie/akn/ie/debateRecord/joint_committee_on_european_affairs/2010-07-21/debate/mul@/main.xml
2010-07-21,dail,debate,https://data.oireachtas.ie/akn/ie/debateRecord/joint_committee_on_finance_and_the_public_service/2010-07-21/debate/main,https://data.oireachtas.ie/akn/ie/debateRecord/joint_committee_on_finance_and_the_public_service/2010-07-21/debate/mul@/main.xml
2010-07-20,dail,debate,https://data.oireachtas.ie/akn/ie/debateRecord/joint_committee_on_enterprise_trade_and_innovation/2010-07-20/debate/main,https://data.oireachtas.ie/akn/ie/debateRecord/joint_committee_on_enterprise_trade_and_innovation/2010-07-20/debate/mul@/main.xml
2010-07-20,dail,debate,https://data.oireachtas.ie/akn/ie/debateRecord/joint_committee_on_the_environment_heritage_and_local_government/2010-07-20/debate/main,https://data.oireachtas.ie/akn/ie/debateRecord/joint_committee_on_the_environment_heritage_and_local_government/2010-07-20/debate/mul@/main.xml
2010-07-20,dail,debate,https://data.oireachtas.ie/akn/ie/debateRecord/joint_committee_on_european_affairs/2010-07-20/debate/main,https://data.oireachtas.ie/akn/ie/debateRecord/joint_committee_on_european_affairs/2010-07-20/debate/mul@/main.xml
2010-07-15,dail,debate,https://data.oireachtas.ie/akn/ie/debateRecord/committee_of_public_accounts/2010-07-15/debate/main,https://data.oireachtas.ie/akn/ie/debateRecord/committee_of_public_accounts/2010-07-15/debate/mul@/main.xml
2010-07-14,dail,debate,https://data.oireachtas.ie/akn/ie/debateRecord/joint_committee_on_social_protection/2010-07-14/debate/main,https://data.oireachtas.ie/akn/ie/debateRecord/joint_committee_on_social_protection/2010-07-14/debate/mul@/main.xml
2010-07-14,dail,debate,https://data.oireachtas.ie/akn/ie/debateRecord/joint_committee_on_communications_energy_and_natural_resources/2010-07-14/debate/main,https://data.oireachtas.ie/akn/ie/debateRecord/joint_committee_on_communications_energy_and_natural_resources/2010-07-14/debate/mul@/main.xml
2010-07-14,dail,debate,https://data.oireachtas.ie/akn/ie/debateRecord/joint_committee_on_tourism_culture_sport_community_equality_and_gaeltacht_affairs/2010-07-14/debate/main,https://data.oireachtas.ie/akn/ie/debateRecord/joint_committee_on_tourism_culture_sport_community_equality_and_gaeltacht_affairs/2010-07-14/debate/mul@/main.xml
2010-07-14,dail,debate,https://data.oireachtas.ie/akn/ie/debateRecord/joint_committee_on_foreign_affairs/2010-07-14/debate/main,https://data.oireachtas.ie/akn/ie/debateRecord/joint_committee_on_foreign_affairs/2010-07-14/debate/mul@/main.xml
2010-07-14,dail,debate,https://data.oireachtas.ie/akn/ie/debateRecord/joint_committee_on_transport/2010-07-14/debate/main,https://data.oireachtas.ie/akn/ie/debateRecord/joint_committee_on_transport/2010-07-14/debate/mul@/main.xml
2010-07-14,seanad,debate,https://data.oireachtas.ie/akn/ie/debateRecord/seanad/2010-07-14/debate/main,https://data.oireachtas.ie/akn/ie/debateRecord/seanad/2010-07-14/debate/mul@/main.xml
2010-07-13,dail,debate,https://data.oireachtas.ie/akn/ie/debateRecord/joint_committee_on_european_affairs/2010-07-13/debate/main,https://data.oireachtas.ie/akn/ie/debateRecord/joint_committee_on_european_affairs/2010-07-13/debate/mul@/main.xml
2010-07-13,dail,debate,https://data.oireachtas.ie/akn/ie/debateRecord/select_committee_on_members_interests_of_seanad_eireann/2010-07-13/debate/main,https://data.oireachtas.ie/akn/ie/debateRecord/select_committee_on_members_interests_of_seanad_eireann/2010-07-13/debate/mul@/main.xml
2010-07-13,dail,debate,https://data.oireachtas.ie/akn/ie/debateRecord/joint_committee_on_the_environment_heritage_and_local_government/2010-07-13/debate/main,https://data.oireachtas.ie/akn/ie/debateRecord/joint_committee_on_the_environment_heritage_and_local_government/2010-07-13/debate/mul@/main.xml
2010-07-13,dail,debate,https://data.oireachtas.ie/akn/ie/debateRecord/joint_committee_on_health_and_children/2010-07-13/debate/main,https://data.oireachtas.ie/akn/ie/debateRecord/joint_committee_on_health_and_children/2010-07-13/debate/mul@/main.xml
2010-07-13,dail,debate,https://data.oireachtas.ie/akn/ie/debateRecord/joint_committee_on_european_scrutiny/2010-07-13/debate/main,https://data.oireachtas.ie/akn/ie/debateRecord/joint_committee_on_european_scrutiny/2010-07-13/debate/mul@/main.xml
2010-07-13,seanad,debate,https://data.oireachtas.ie/akn/ie/debateRecord/seanad/2010-07-13/debate/main,https://data.oireachtas.ie/akn/ie/debateRecord/seanad/2010-07-13/debate/mul@/main.xml
2010-07-08,dail,debate,https://data.oireachtas.ie/akn/ie/debateRecord/joint_committee_on_climate_change_and_energy_security_and_joint_committee_on_communications_energy_and_natural_resources/2010-07-08/debate/main,https://data.oireachtas.ie/akn/ie/debateRecord/joint_committee_on_climate_change_and_energy_security_and_joint_committee_on_communications_energy_and_natural_resources/2010-07-08/debate/mul@/main.xml
2010-07-08,dail,debate,https://data.oireachtas.ie/akn/ie/debateRecord/joint_committee_on_european_affairs/2010-07-08/debate/main,https://data.oireachtas.ie/akn/ie/debateRecord/joint_committee_on_european_affairs/2010-07-08/debate/mul@/main.xml
2010-07-08,seanad,debate,https://data.oireachtas.ie/akn/ie/debateRecord/seanad/2010-07-08/debate/main,https://data.oireachtas.ie/akn/ie/debateRecord/seanad/2010-07-08/debate/mul@/main.xml
2010-07-08,dail,debate,https://data.oireachtas.ie/akn/ie/debateRecord/committee_of_public_accounts/2010-07-08/debate/main,https://data.oireachtas.ie/akn/ie/debateRecord/committee_of_public_accounts/2010-07-08/debate/mul@/main.xml
2010-07-08,dail,debate,https://data.oireachtas.ie/akn/ie/debateRecord/dail/2010-07-08/debate/main,https://data.oireachtas.ie/akn/ie/debateRecord/dail/2010-07-08/debate/mul@/main.xml
2010-07-07,dail,debate,https://data.oireachtas.ie/akn/ie/debateRecord/joint_committee_on_communications_energy_and_natural_resources/2010-07-07/debate/main,https://data.oireachtas.ie/akn/ie/debateRecord/joint_committee_on_communications_energy_and_natural_resources/2010-07-07/debate/mul@/main.xml
2010-07-07,dail,debate,https://data.oireachtas.ie/akn/ie/debateRecord/joint_committee_on_climate_change_and_energy_security/2010-07-07/debate/main,https://data.oireachtas.ie/akn/ie/debateRecord/joint_committee_on_climate_change_and_energy_security/2010-07-07/debate/mul@/main.xml
2010-07-07,dail,debate,https://data.oireachtas.ie/akn/ie/debateRecord/joint_committee_on_justice_defence_and_womens_rights/2010-07-07/debate/main,https://data.oireachtas.ie/akn/ie/debateRecord/joint_committee_on_justice_defence_and_womens_rights/2010-07-07/debate/mul@/main.xml
2010-07-07,dail,debate,https://data.oireachtas.ie/akn/ie/debateRecord/joint_committee_on_agriculture_fisheries_and_food/2010-07-07/debate/main,https://data.oireachtas.ie/akn/ie/debateRecord/joint_committee_on_agriculture_fisheries_and_food/2010-07-07/debate/mul@/main.xml
2010-07-07,dail,debate,https://data.oireachtas.ie/akn/ie/debateRecord/joint_committee_on_social_protection/2010-07-07/debate/main,https://data.oireachtas.ie/akn/ie/debateRecord/joint_committee_on_social_protection/2010-07-07/debate/mul@/main.xml
2010-07-07,dail,debate,https://data.oireachtas.ie/akn/ie/debateRecord/dail/2010-07-07/debate/main,https://data.oireachtas.ie/akn/ie/debateRecord/dail/2010-07-07/debate/mul@/main.xml
2010-07-07,seanad,debate,https://data.oireachtas.ie/akn/ie/debateRecord/seanad/2010-07-07/debate/main,https://data.oireachtas.ie/akn/ie/debateRecord/seanad/2010-07-07/debate/mul@/main.xml
2010-07-06,dail,debate,https://data.oireachtas.ie/akn/ie/debateRecord/joint_committee_on_the_environment_heritage_and_local_government/2010-07-06/debate/main,https://data.oireachtas.ie/akn/ie/debateRecord/joint_committee_on_the_environment_heritage_and_local_government/2010-07-06/debate/mul@/main.xml
2010-07-06,dail,debate,https://data.oireachtas.ie/akn/ie/debateRecord/select_committee_on_the_environment_heritage_and_local_government/2010-07-06/debate/main,https://data.oireachtas.ie/akn/ie/debateRecord/select_committee_on_the_environment_heritage_and_local_government/2010-07-06/debate/mul@/main.xml
2010-07-06,dail,debate,https://data.oireachtas.ie/akn/ie/debateRecord/joint_committee_on_enterprise_trade_and_innovation/2010-07-06/debate/main,https://data.oireachtas.ie/akn/ie/debateRecord/joint_committee_on_enterprise_trade_and_innovation/2010-07-06/debate/mul@/main.xml
2010-07-06,dail,debate,https://data.oireachtas.ie/akn/ie/debateRecord/joint_committee_on_economic_regulatory_affairs/2010-07-06/debate/main,https://data.oireachtas.ie/akn/ie/debateRecord/joint_committee_on_economic_regulatory_affairs/2010-07-06/debate/mul@/main.xml
2010-07-06,seanad,debate,https://data.oireachtas.ie/akn/ie/debateRecord/seanad/2010-07-06/debate/main,https://data.oireachtas.ie/akn/ie/debateRecord/seanad/2010-07-06/debate/mul@/main.xml
2010-07-06,dail,debate,https://data.oireachtas.ie/akn/ie/debateRecord/dail/2010-07-06/debate/main,https://data.oireachtas.ie/akn/ie/debateRecord/dail/2010-07-06/debate/mul@/main.xml
2010-07-05,dail,debate,https://data.oireachtas.ie/akn/ie/debateRecord/joint_committee_on_finance_and_the_public_service/2010-07-05/debate/main,https://data.oireachtas.ie/akn/ie/debateRecord/joint_committee_on_finance_and_the_public_service/2010-07-05/debate/mul@/main.xml
2010-07-02,seanad,debate,https://data.oireachtas.ie/akn/ie/debateRecord/seanad/2010-07-02/debate/main,https://data.oireachtas.ie/akn/ie/debateRecord/seanad/2010-07-02/debate/mul@/main.xml
2010-07-02,dail,debate,https://data.oireachtas.ie/akn/ie/debateRecord/dail/2010-07-02/debate/main,https://data.oireachtas.ie/akn/ie/debateRecord/dail/2010-07-02/debate/mul@/main.xml
2010-07-01,dail,debate,https://data.oireachtas.ie/akn/ie/debateRecord/joint_committee_on_education_and_skills/2010-07-01/debate/main,https://data.oireachtas.ie/akn/ie/debateRecord/joint_committee_on_education_and_skills/2010-07-01/debate/mul@/main.xml
2010-07-01,seanad,debate,https://data.oireachtas.ie/akn/ie/debateRecord/seanad/2010-07-01/debate/main,https://data.oireachtas.ie/akn/ie/debateRecord/seanad/2010-07-01/debate/mul@/main.xml
2010-07-01,dail,debate,https://data.oireachtas.ie/akn/ie/debateRecord/dail/2010-07-01/debate/main,https://data.oireachtas.ie/akn/ie/debateRecord/dail/2010-07-01/debate/mul@/main.xml
2010-06-30,dail,debate,https://data.oireachtas.ie/akn/ie/debateRecord/joint_committee_on_agriculture_fisheries_and_food/2010-06-30/debate/main,https://data.oireachtas.ie/akn/ie/debateRecord/joint_committee_on_agriculture_fisheries_and_food/2010-06-30/debate/mul@/main.xml
2010-06-30,dail,debate,https://data.oireachtas.ie/akn/ie/debateRecord/joint_committee_on_foreign_affairs/2010-06-30/debate/main,https://data.oireachtas.ie/akn/ie/debateRecord/joint_committee_on_foreign_affairs/2010-06-30/debate/mul@/main.xml
2010-06-30,dail,debate,https://data.oireachtas.ie/akn/ie/debateRecord/joint_committee_on_transport/2010-06-30/debate/main,https://data.oireachtas.ie/akn/ie/debateRecord/joint_committee_on_transport/2010-06-30/debate/mul@/main.xml
2010-06-30,dail,debate,https://data.oireachtas.ie/akn/ie/debateRecord/joint_committee_on_tourism_culture_sport_community_equality_and_gaeltacht_affairs/2010-06-30/debate/main,https://data.oireachtas.ie/akn/ie/debateRecord/joint_committee_on_tourism_culture_sport_community_equality_and_gaeltacht_affairs/2010-06-30/debate/mul@/main.xml
2010-06-30,dail,debate,https://data.oireachtas.ie/akn/ie/debateRecord/dail/2010-06-30/debate/main,https://data.oireachtas.ie/akn/ie/debateRecord/dail/2010-06-30/debate/mul@/main.xml
2010-06-30,dail,debate,https://data.oireachtas.ie/akn/ie/debateRecord/select_committee_on_members_interests_of_seanad_eireann/2010-06-30/debate/main,https://data.oireachtas.ie/akn/ie/debateRecord/select_committee_on_members_interests_of_seanad_eireann/2010-06-30/debate/mul@/main.xml
2010-06-30,seanad,debate,https://data.oireachtas.ie/akn/ie/debateRecord/seanad/2010-06-30/debate/main,https://data.oireachtas.ie/akn/ie/debateRecord/seanad/2010-06-30/debate/mul@/main.xml
2010-06-29,dail,debate,https://data.oireachtas.ie/akn/ie/debateRecord/joint_committee_on_european_affairs/2010-06-29/debate/main,https://data.oireachtas.ie/akn/ie/debateRecord/joint_committee_on_european_affairs/2010-06-29/debate/mul@/main.xml
2010-06-29,dail,debate,https://data.oireachtas.ie/akn/ie/debateRecord/joint_committee_on_european_scrutiny/2010-06-29/debate/main,https://data.oireachtas.ie/akn/ie/debateRecord/joint_committee_on_european_scrutiny/2010-06-29/debate/mul@/main.xml
2010-06-29,dail,debate,https://data.oireachtas.ie/akn/ie/debateRecord/dail/2010-06-29/debate/main,https://data.oireachtas.ie/akn/ie/debateRecord/dail/2010-06-29/debate/mul@/main.xml
2010-06-29,dail,debate,https://data.oireachtas.ie/akn/ie/debateRecord/joint_committee_on_health_and_children/2010-06-29/debate/main,https://data.oireachtas.ie/akn/ie/debateRecord/joint_committee_on_health_and_children/2010-06-29/debate/mul@/main.xml
2010-06-29,dail,debate,https://data.oireachtas.ie/akn/ie/debateRecord/select_committee_on_justice_equality_defence_and_womens_rights/2010-06-29/debate/main,https://data.oireachtas.ie/akn/ie/debateRecord/select_committee_on_justice_equality_defence_and_womens_rights/2010-06-29/debate/mul@/main.xml
2010-06-29,seanad,debate,https://data.oireachtas.ie/akn/ie/debateRecord/seanad/2010-06-29/debate/main,https://data.oireachtas.ie/akn/ie/debateRecord/seanad/2010-06-29/debate/mul@/main.xml
2010-06-28,dail,debate,https://data.oireachtas.ie/akn/ie/debateRecord/select_committee_on_social_and_family_affairs/2010-06-28/debate/main,https://data.oireachtas.ie/akn/ie/debateRecord/select_committee_on_social_and_family_affairs/2010-06-28/debate/mul@/main.xml
2010-06-25,dail,debate,https://data.oireachtas.ie/akn/ie/debateRecord/select_committee_on_members_interests_of_seanad_eireann/2010-06-25/debate/main,https://data.oireachtas.ie/akn/ie/debateRecord/select_committee_on_members_interests_of_seanad_eireann/2010-06-25/debate/mul@/main.xml
2010-06-24,dail,debate,https://data.oireachtas.ie/akn/ie/debateRecord/select_committee_on_social_and_family_affairs/2010-06-24/debate/main,https://data.oireachtas.ie/akn/ie/debateRecord/select_committee_on_social_and_family_affairs/2010-06-24/debate/mul@/main.xml
2010-06-24,dail,debate,https://data.oireachtas.ie/akn/ie/debateRecord/joint_committee_on_foreign_affairs/2010-06-24/debate/main,https://data.oireachtas.ie/akn/ie/debateRecord/joint_committee_on_foreign_affairs/2010-06-24/debate/mul@/main.xml
2010-06-24,dail,debate,https://data.oireachtas.ie/akn/ie/debateRecord/select_committee_on_arts_sport_tourism_community_rural_and_gaeltacht_affairs/2010-06-24/debate/main,https://data.oireachtas.ie/akn/ie/debateRecord/select_committee_on_arts_sport_tourism_community_rural_and_gaeltacht_affairs/2010-06-24/debate/mul@/main.xml
2010-06-24,dail,debate,https://data.oireachtas.ie/akn/ie/debateRecord/select_committee_on_finance_and_the_public_service/2010-06-24/debate/main,https://data.oireachtas.ie/akn/ie/debateRecord/select_committee_on_finance_and_the_public_service/2010-06-24/debate/mul@/main.xml
2010-06-24,dail,debate,https://data.oireachtas.ie/akn/ie/debateRecord/joint_committee_on_justice_defence_and_womens_rights/2010-06-24/debate/main,https://data.oireachtas.ie/akn/ie/debateRecord/joint_committee_on_justice_defence_and_womens_rights/2010-06-24/debate/mul@/main.xml
2010-06-24,dail,debate,https://data.oireachtas.ie/akn/ie/debateRecord/select_committee_on_health_and_children/2010-06-24/debate/main,https://data.oireachtas.ie/akn/ie/debateRecord/select_committee_on_health_and_children/2010-06-24/debate/mul@/main.xml
2010-06-24,seanad,debate,https://data.oireachtas.ie/akn/ie/debateRecord/seanad/2010-06-24/debate/main,https://data.oireachtas.ie/akn/ie/debateRecord/seanad/2010-06-24/debate/mul@/main.xml
2010-06-24,dail,debate,https://data.oireachtas.ie/akn/ie/debateRecord/dail/2010-06-24/debate/main,https://data.oireachtas.ie/akn/ie/debateRecord/dail/2010-06-24/debate/mul@/main.xml
2010-06-23,dail,debate,https://data.oireachtas.ie/akn/ie/debateRecord/joint_committee_on_european_affairs/2010-06-23/debate/main,https://data.oireachtas.ie/akn/ie/debateRecord/joint_committee_on_european_affairs/2010-06-23/debate/mul@/main.xml
2010-06-23,dail,debate,https://data.oireachtas.ie/akn/ie/debateRecord/select_committee_on_finance_and_the_public_service/2010-06-23/debate/main,https://data.oireachtas.ie/akn/ie/debateRecord/select_committee_on_finance_and_the_public_service/2010-06-23/debate/mul@/main.xml
2010-06-23,dail,debate,https://data.oireachtas.ie/akn/ie/debateRecord/select_committee_on_arts_sport_tourism_community_rural_and_gaeltacht_affairs/2010-06-23/debate/main,https://data.oireachtas.ie/akn/ie/debateRecord/select_committee_on_arts_sport_tourism_community_rural_and_gaeltacht_affairs/2010-06-23/debate/mul@/main.xml
2010-06-23,dail,debate,https://data.oireachtas.ie/akn/ie/debateRecord/joint_committee_on_agriculture_fisheries_and_food/2010-06-23/debate/main,https://data.oireachtas.ie/akn/ie/debateRecord/joint_committee_on_agriculture_fisheries_and_food/2010-06-23/debate/mul@/main.xml
2010-06-23,dail,debate,https://data.oireachtas.ie/akn/ie/debateRecord/select_committee_on_enterprise_trade_and_employment/2010-06-23/debate/main,https://data.oireachtas.ie/akn/ie/debateRecord/select_committee_on_enterprise_trade_and_employment/2010-06-23/debate/mul@/main.xml
2010-06-23,dail,debate,https://data.oireachtas.ie/akn/ie/debateRecord/joint_committee_on_transport/2010-06-23/debate/main,https://data.oireachtas.ie/akn/ie/debateRecord/joint_committee_on_transport/2010-06-23/debate/mul@/main.xml
2010-06-23,seanad,debate,https://data.oireachtas.ie/akn/ie/debateRecord/seanad/2010-06-23/debate/main,https://data.oireachtas.ie/akn/ie/debateRecord/seanad/2010-06-23/debate/mul@/main.xml
2010-06-23,dail,debate,https://data.oireachtas.ie/akn/ie/debateRecord/dail/2010-06-23/debate/main,https://data.oireachtas.ie/akn/ie/debateRecord/dail/2010-06-23/debate/mul@/main.xml
2010-06-23,dail,debate,https://data.oireachtas.ie/akn/ie/debateRecord/joint_committee_on_climate_change_and_energy_security/2010-06-23/debate/main,https://data.oireachtas.ie/akn/ie/debateRecord/joint_committee_on_climate_change_and_energy_security/2010-06-23/debate/mul@/main.xml
2010-06-23,dail,debate,https://data.oireachtas.ie/akn/ie/debateRecord/select_committee_on_communications_energy_and_natural_resources/2010-06-23/debate/main,https://data.oireachtas.ie/akn/ie/debateRecord/select_committee_on_communications_energy_and_natural_resources/2010-06-23/debate/mul@/main.xml
2010-06-22,dail,debate,https://data.oireachtas.ie/akn/ie/debateRecord/joint_committee_on_finance_and_the_public_service/2010-06-22/debate/main,https://data.oireachtas.ie/akn/ie/debateRecord/joint_committee_on_finance_and_the_public_service/2010-06-22/debate/mul@/main.xml
2010-06-22,dail,debate,https://data.oireachtas.ie/akn/ie/debateRecord/joint_committee_on_enterprise_trade_and_employment/2010-06-22/debate/main,https://data.oireachtas.ie/akn/ie/debateRecord/joint_committee_on_enterprise_trade_and_employment/2010-06-22/debate/mul@/main.xml
2010-06-22,dail,debate,https://data.oireachtas.ie/akn/ie/debateRecord/joint_committee_on_economic_regulatory_affairs/2010-06-22/debate/main,https://data.oireachtas.ie/akn/ie/debateRecord/joint_committee_on_economic_regulatory_affairs/2010-06-22/debate/mul@/main.xml
2010-06-22,dail,debate,https://data.oireachtas.ie/akn/ie/debateRecord/select_committee_on_justice_equality_defence_and_womens_rights/2010-06-22/debate/main,https://data.oireachtas.ie/akn/ie/debateRecord/select_committee_on_justice_equality_defence_and_womens_rights/2010-06-22/debate/mul@/main.xml
2010-06-22,seanad,debate,https://data.oireachtas.ie/akn/ie/debateRecord/seanad/2010-06-22/debate/main,https://data.oireachtas.ie/akn/ie/debateRecord/seanad/2010-06-22/debate/mul@/main.xml
2010-06-22,dail,debate,https://data.oireachtas.ie/akn/ie/debateRecord/select_committee_on_the_environment_heritage_and_local_government/2010-06-22/debate/main,https://data.oireachtas.ie/akn/ie/debateRecord/select_committee_on_the_environment_heritage_and_local_government/2010-06-22/debate/mul@/main.xml
2010-06-22,dail,debate,https://data.oireachtas.ie/akn/ie/debateRecord/joint_committee_on_european_affairs/2010-06-22/debate/main,https://data.oireachtas.ie/akn/ie/debateRecord/joint_committee_on_european_affairs/2010-06-22/debate/mul@/main.xml
2010-06-22,dail,debate,https://data.oireachtas.ie/akn/ie/debateRecord/select_committee_on_finance_and_the_public_service/2010-06-22/debate/main,https://data.oireachtas.ie/akn/ie/debateRecord/select_committee_on_finance_and_the_public_service/2010-06-22/debate/mul@/main.xml
2010-06-22,dail,debate,https://data.oireachtas.ie/akn/ie/debateRecord/dail/2010-06-22/debate/main,https://data.oireachtas.ie/akn/ie/debateRecord/dail/2010-06-22/debate/mul@/main.xml
2010-06-18,dail,debate,https://data.oireachtas.ie/akn/ie/debateRecord/select_committee_on_finance_and_the_public_service/2010-06-18/debate/main,https://data.oireachtas.ie/akn/ie/debateRecord/select_committee_on_finance_and_the_public_service/2010-06-18/debate/mul@/main.xml
2010-06-17,dail,debate,https://data.oireachtas.ie/akn/ie/debateRecord/committee_of_public_accounts/2010-06-17/debate/main,https://data.oireachtas.ie/akn/ie/debateRecord/committee_of_public_accounts/2010-06-17/debate/mul@/main.xml
2010-06-17,dail,debate,https://data.oireachtas.ie/akn/ie/debateRecord/select_committee_on_the_environment_heritage_and_local_government/2010-06-17/debate/main,https://data.oireachtas.ie/akn/ie/debateRecord/select_committee_on_the_environment_heritage_and_local_government/2010-06-17/debate/mul@/main.xml
2010-06-17,dail,debate,https://data.oireachtas.ie/akn/ie/debateRecord/joint_committee_on_foreign_affairs/2010-06-17/debate/main,https://data.oireachtas.ie/akn/ie/debateRecord/joint_committee_on_foreign_affairs/2010-06-17/debate/mul@/main.xml
2010-06-17,dail,debate,https://data.oireachtas.ie/akn/ie/debateRecord/select_committee_on_justice_equality_defence_and_womens_rights/2010-06-17/debate/main,https://data.oireachtas.ie/akn/ie/debateRecord/select_committee_on_justice_equality_defence_and_womens_rights/2010-06-17/debate/mul@/main.xml
2010-06-17,dail,debate,https://data.oireachtas.ie/akn/ie/debateRecord/dail/2010-06-17/debate/main,https://data.oireachtas.ie/akn/ie/debateRecord/dail/2010-06-17/debate/mul@/main.xml
2010-06-17,seanad,debate,https://data.oireachtas.ie/akn/ie/debateRecord/seanad/2010-06-17/debate/main,https://data.oireachtas.ie/akn/ie/debateRecord/seanad/2010-06-17/debate/mul@/main.xml
2010-06-16,dail,debate,https://data.oireachtas.ie/akn/ie/debateRecord/joint_committee_on_finance_and_the_public_service/2010-06-16/debate/main,https://data.oireachtas.ie/akn/ie/debateRecord/joint_committee_on_finance_and_the_public_service/2010-06-16/debate/mul@/main.xml
2010-06-16,dail,debate,https://data.oireachtas.ie/akn/ie/debateRecord/select_committee_on_justice_equality_defence_and_womens_rights/2010-06-16/debate/main,https://data.oireachtas.ie/akn/ie/debateRecord/select_committee_on_justice_equality_defence_and_womens_rights/2010-06-16/debate/mul@/main.xml
2010-06-16,dail,debate,https://data.oireachtas.ie/akn/ie/debateRecord/joint_committee_on_justice_equality_defence_and_womens_rights/2010-06-16/debate/main,https://data.oireachtas.ie/akn/ie/debateRecord/joint_committee_on_justice_equality_defence_and_womens_rights/2010-06-16/debate/mul@/main.xml
2010-06-16,dail,debate,https://data.oireachtas.ie/akn/ie/debateRecord/select_committee_on_transport/2010-06-16/debate/main,https://data.oireachtas.ie/akn/ie/debateRecord/select_committee_on_transport/2010-06-16/debate/mul@/main.xml
2010-06-16,dail,debate,https://data.oireachtas.ie/akn/ie/debateRecord/joint_committee_on_arts_sport_tourism_community_rural_and_gaeltacht_affairs/2010-06-16/debate/main,https://data.oireachtas.ie/akn/ie/debateRecord/joint_committee_on_arts_sport_tourism_community_rural_and_gaeltacht_affairs/2010-06-16/debate/mul@/main.xml
2010-06-16,seanad,debate,https://data.oireachtas.ie/akn/ie/debateRecord/seanad/2010-06-16/debate/main,https://data.oireachtas.ie/akn/ie/debateRecord/seanad/2010-06-16/debate/mul@/main.xml
2010-06-16,dail,debate,https://data.oireachtas.ie/akn/ie/debateRecord/joint_committee_on_agriculture_fisheries_and_food/2010-06-16/debate/main,https://data.oireachtas.ie/akn/ie/debateRecord/joint_committee_on_agriculture_fisheries_and_food/2010-06-16/debate/mul@/main.xml
2010-06-16,dail,debate,https://data.oireachtas.ie/akn/ie/debateRecord/select_committee_on_social_and_family_affairs/2010-06-16/debate/main,https://data.oireachtas.ie/akn/ie/debateRecord/select_committee_on_social_and_family_affairs/2010-06-16/debate/mul@/main.xml
2010-06-16,dail,debate,https://data.oireachtas.ie/akn/ie/debateRecord/select_committee_on_foreign_affairs/2010-06-16/debate/main,https://data.oireachtas.ie/akn/ie/debateRecord/select_committee_on_foreign_affairs/2010-06-16/debate/mul@/main.xml
2010-06-16,dail,debate,https://data.oireachtas.ie/akn/ie/debateRecord/dail/2010-06-16/debate/main,https://data.oireachtas.ie/akn/ie/debateRecord/dail/2010-06-16/debate/mul@/main.xml
2010-06-15,dail,debate,https://data.oireachtas.ie/akn/ie/debateRecord/joint_committee_on_european_scrutiny/2010-06-15/debate/main,https://data.oireachtas.ie/akn/ie/debateRecord/joint_committee_on_european_scrutiny/2010-06-15/debate/mul@/main.xml
2010-06-15,dail,debate,https://data.oireachtas.ie/akn/ie/debateRecord/joint_committee_on_finance_and_the_public_service/2010-06-15/debate/main,https://data.oireachtas.ie/akn/ie/debateRecord/joint_committee_on_finance_and_the_public_service/2010-06-15/debate/mul@/main.xml
2010-06-15,dail,debate,https://data.oireachtas.ie/akn/ie/debateRecord/joint_committee_on_health_and_children/2010-06-15/debate/main,https://data.oireachtas.ie/akn/ie/debateRecord/joint_committee_on_health_and_children/2010-06-15/debate/mul@/main.xml
2010-06-15,dail,debate,https://data.oireachtas.ie/akn/ie/debateRecord/joint_committee_on_european_affairs/2010-06-15/debate/main,https://data.oireachtas.ie/akn/ie/debateRecord/joint_committee_on_european_affairs/2010-06-15/debate/mul@/main.xml
2010-06-15,seanad,debate,https://data.oireachtas.ie/akn/ie/debateRecord/seanad/2010-06-15/debate/main,https://data.oireachtas.ie/akn/ie/debateRecord/seanad/2010-06-15/debate/mul@/main.xml
2010-06-15,dail,debate,https://data.oireachtas.ie/akn/ie/debateRecord/dail/2010-06-15/debate/main,https://data.oireachtas.ie/akn/ie/debateRecord/dail/2010-06-15/debate/mul@/main.xml
2010-06-11,dail,debate,https://data.oireachtas.ie/akn/ie/debateRecord/joint_committee_on_finance_and_the_public_service/2010-06-11/debate/main,https://data.oireachtas.ie/akn/ie/debateRecord/joint_committee_on_finance_and_the_public_service/2010-06-11/debate/mul@/main.xml
2010-06-10,dail,debate,https://data.oireachtas.ie/akn/ie/debateRecord/joint_committee_on_european_affairs/2010-06-10/debate/main,https://data.oireachtas.ie/akn/ie/debateRecord/joint_committee_on_european_affairs/2010-06-10/debate/mul@/main.xml
2010-06-10,dail,debate,https://data.oireachtas.ie/akn/ie/debateRecord/select_committee_on_communications_energy_and_natural_resources/2010-06-10/debate/main,https://data.oireachtas.ie/akn/ie/debateRecord/select_committee_on_communications_energy_and_natural_resources/2010-06-10/debate/mul@/main.xml
2010-06-10,dail,debate,https://data.oireachtas.ie/akn/ie/debateRecord/committee_of_public_accounts/2010-06-10/debate/main,https://data.oireachtas.ie/akn/ie/debateRecord/committee_of_public_accounts/2010-06-10/debate/mul@/main.xml
2010-06-10,dail,debate,https://data.oireachtas.ie/akn/ie/debateRecord/dail/2010-06-10/debate/main,https://data.oireachtas.ie/akn/ie/debateRecord/dail/2010-06-10/debate/mul@/main.xml
2010-06-09,dail,debate,https://data.oireachtas.ie/akn/ie/debateRecord/joint_committee_on_climate_change_and_energy_security/2010-06-09/debate/main,https://data.oireachtas.ie/akn/ie/debateRecord/joint_committee_on_climate_change_and_energy_security/2010-06-09/debate/mul@/main.xml
2010-06-09,dail,debate,https://data.oireachtas.ie/akn/ie/debateRecord/joint_committee_on_agriculture_fisheries_and_food/2010-06-09/debate/main,https://data.oireachtas.ie/akn/ie/debateRecord/joint_committee_on_agriculture_fisheries_and_food/2010-06-09/debate/mul@/main.xml
2010-06-09,dail,debate,https://data.oireachtas.ie/akn/ie/debateRecord/joint_committee_on_the_environment_heritage_and_local_government/2010-06-09/debate/main,https://data.oireachtas.ie/akn/ie/debateRecord/joint_committee_on_the_environment_heritage_and_local_government/2010-06-09/debate/mul@/main.xml
2010-06-09,dail,debate,https://data.oireachtas.ie/akn/ie/debateRecord/dail/2010-06-09/debate/main,https://data.oireachtas.ie/akn/ie/debateRecord/dail/2010-06-09/debate/mul@/main.xml
2010-06-03,dail,debate,https://data.oireachtas.ie/akn/ie/debateRecord/joint_committee_on_enterprise_trade_and_employment/2010-06-03/debate/main,https://data.oireachtas.ie/akn/ie/debateRecord/joint_committee_on_enterprise_trade_and_employment/2010-06-03/debate/mul@/main.xml
2010-06-03,dail,debate,https://data.oireachtas.ie/akn/ie/debateRecord/committee_of_public_accounts/2010-06-03/debate/main,https://data.oireachtas.ie/akn/ie/debateRecord/committee_of_public_accounts/2010-06-03/debate/mul@/main.xml
2010-06-03,dail,debate,https://data.oireachtas.ie/akn/ie/debateRecord/select_committee_on_agriculture_fisheries_and_food/2010-06-03/debate/main,https://data.oireachtas.ie/akn/ie/debateRecord/select_committee_on_agriculture_fisheries_and_food/2010-06-03/debate/mul@/main.xml
2010-06-03,dail,debate,https://data.oireachtas.ie/akn/ie/debateRecord/joint_committee_on_european_affairs/2010-06-03/debate/main,https://data.oireachtas.ie/akn/ie/debateRecord/joint_committee_on_european_affairs/2010-06-03/debate/mul@/main.xml
2010-06-03,dail,debate,https://data.oireachtas.ie/akn/ie/debateRecord/joint_committee_on_foreign_affairs/2010-06-03/debate/main,https://data.oireachtas.ie/akn/ie/debateRecord/joint_committee_on_foreign_affairs/2010-06-03/debate/mul@/main.xml
2010-06-03,dail,debate,https://data.oireachtas.ie/akn/ie/debateRecord/joint_committee_on_the_implementation_of_the_good_friday_agreement/2010-06-03/debate/main,https://data.oireachtas.ie/akn/ie/debateRecord/joint_committee_on_the_implementation_of_the_good_friday_agreement/2010-06-03/debate/mul@/main.xml
2010-06-03,dail,debate,https://data.oireachtas.ie/akn/ie/debateRecord/select_committee_on_transport/2010-06-03/debate/main,https://data.oireachtas.ie/akn/ie/debateRecord/select_committee_on_transport/2010-06-03/debate/mul@/main.xml
2010-06-03,seanad,debate,https://data.oireachtas.ie/akn/ie/debateRecord/seanad/2010-06-03/debate/main,https://data.oireachtas.ie/akn/ie/debateRecord/seanad/2010-06-03/debate/mul@/main.xml
2010-06-03,dail,debate,https://data.oireachtas.ie/akn/ie/debateRecord/dail/2010-06-03/debate/main,https://data.oireachtas.ie/akn/ie/debateRecord/dail/2010-06-03/debate/mul@/main.xml
2010-06-02,dail,debate,https://data.oireachtas.ie/akn/ie/debateRecord/joint_committee_on_agriculture_fisheries_and_food/2010-06-02/debate/main,https://data.oireachtas.ie/akn/ie/debateRecord/joint_committee_on_agriculture_fisheries_and_food/2010-06-02/debate/mul@/main.xml
2010-06-02,dail,debate,https://data.oireachtas.ie/akn/ie/debateRecord/joint_committee_on_education_and_science/2010-06-02/debate/main,https://data.oireachtas.ie/akn/ie/debateRecord/joint_committee_on_education_and_science/2010-06-02/debate/mul@/main.xml
2010-06-02,dail,debate,https://data.oireachtas.ie/akn/ie/debateRecord/select_committee_on_education_and_science/2010-06-02/debate/main,https://data.oireachtas.ie/akn/ie/debateRecord/select_committee_on_education_and_science/2010-06-02/debate/mul@/main.xml
2010-06-02,dail,debate,https://data.oireachtas.ie/akn/ie/debateRecord/select_committee_on_enterprise_trade_and_employment/2010-06-02/debate/main,https://data.oireachtas.ie/akn/ie/debateRecord/select_committee_on_enterprise_trade_and_employment/2010-06-02/debate/mul@/main.xml
2010-06-02,dail,debate,https://data.oireachtas.ie/akn/ie/debateRecord/joint_committee_on_economic_regulatory_affairs/2010-06-02/debate/main,https://data.oireachtas.ie/akn/ie/debateRecord/joint_committee_on_economic_regulatory_affairs/2010-06-02/debate/mul@/main.xml
2010-06-02,dail,debate,https://data.oireachtas.ie/akn/ie/debateRecord/joint_administration_committee/2010-06-02/debate/main,https://data.oireachtas.ie/akn/ie/debateRecord/joint_administration_committee/2010-06-02/debate/mul@/main.xml
2010-06-02,dail,debate,https://data.oireachtas.ie/akn/ie/debateRecord/joint_committee_on_finance_and_the_public_service/2010-06-02/debate/main,https://data.oireachtas.ie/akn/ie/debateRecord/joint_committee_on_finance_and_the_public_service/2010-06-02/debate/mul@/main.xml
2010-06-02,dail,debate,https://data.oireachtas.ie/akn/ie/debateRecord/select_committee_on_transport/2010-06-02/debate/main,https://data.oireachtas.ie/akn/ie/debateRecord/select_committee_on_transport/2010-06-02/debate/mul@/main.xml
2010-06-02,dail,debate,https://data.oireachtas.ie/akn/ie/debateRecord/joint_committee_on_arts_sport_tourism_community_rural_and_gaeltacht_affairs/2010-06-02/debate/main,https://data.oireachtas.ie/akn/ie/debateRecord/joint_committee_on_arts_sport_tourism_community_rural_and_gaeltacht_affairs/2010-06-02/debate/mul@/main.xml
2010-06-02,dail,debate,https://data.oireachtas.ie/akn/ie/debateRecord/joint_committee_on_transport/2010-06-02/debate/main,https://data.oireachtas.ie/akn/ie/debateRecord/joint_committee_on_transport/2010-06-02/debate/mul@/main.xml
2010-06-02,dail,debate,https://data.oireachtas.ie/akn/ie/debateRecord/dail/2010-06-02/debate/main,https://data.oireachtas.ie/akn/ie/debateRecord/dail/2010-06-02/debate/mul@/main.xml
2010-06-02,seanad,debate,https://data.oireachtas.ie/akn/ie/debateRecord/seanad/2010-06-02/debate/main,https://data.oireachtas.ie/akn/ie/debateRecord/seanad/2010-06-02/debate/mul@/main.xml
2010-06-01,dail,debate,https://data.oireachtas.ie/akn/ie/debateRecord/joint_committee_on_the_environment_heritage_and_local_government/2010-06-01/debate/main,https://data.oireachtas.ie/akn/ie/debateRecord/joint_committee_on_the_environment_heritage_and_local_government/2010-06-01/debate/mul@/main.xml
2010-06-01,seanad,debate,https://data.oireachtas.ie/akn/ie/debateRecord/seanad/2010-06-01/debate/main,https://data.oireachtas.ie/akn/ie/debateRecord/seanad/2010-06-01/debate/mul@/main.xml
2010-06-01,dail,debate,https://data.oireachtas.ie/akn/ie/debateRecord/joint_committee_on_health_and_children/2010-06-01/debate/main,https://data.oireachtas.ie/akn/ie/debateRecord/joint_committee_on_health_and_children/2010-06-01/debate/mul@/main.xml
2010-06-01,dail,debate,https://data.oireachtas.ie/akn/ie/debateRecord/dail/2010-06-01/debate/main,https://data.oireachtas.ie/akn/ie/debateRecord/dail/2010-06-01/debate/mul@/main.xml
2010-05-27,dail,debate,https://data.oireachtas.ie/akn/ie/debateRecord/select_committee_on_justice_equality_defence_and_womens_rights/2010-05-27/debate/main,https://data.oireachtas.ie/akn/ie/debateRecord/select_committee_on_justice_equality_defence_and_womens_rights/2010-05-27/debate/mul@/main.xml
2010-05-27,dail,debate,https://data.oireachtas.ie/akn/ie/debateRecord/joint_committee_on_economic_regulatory_affairs/2010-05-27/debate/main,https://data.oireachtas.ie/akn/ie/debateRecord/joint_committee_on_economic_regulatory_affairs/2010-05-27/debate/mul@/main.xml
2010-05-27,dail,debate,https://data.oireachtas.ie/akn/ie/debateRecord/dail/2010-05-27/debate/main,https://data.oireachtas.ie/akn/ie/debateRecord/dail/2010-05-27/debate/mul@/main.xml
2010-05-26,dail,debate,https://data.oireachtas.ie/akn/ie/debateRecord/joint_committee_on_european_affairs/2010-05-26/debate/main,https://data.oireachtas.ie/akn/ie/debateRecord/joint_committee_on_european_affairs/2010-05-26/debate/mul@/main.xml
2010-05-26,dail,debate,https://data.oireachtas.ie/akn/ie/debateRecord/joint_committee_on_foreign_affairs/2010-05-26/debate/main,https://data.oireachtas.ie/akn/ie/debateRecord/joint_committee_on_foreign_affairs/2010-05-26/debate/mul@/main.xml
2010-05-26,dail,debate,https://data.oireachtas.ie/akn/ie/debateRecord/joint_committee_on_communications_energy_and_natural_resources/2010-05-26/debate/main,https://data.oireachtas.ie/akn/ie/debateRecord/joint_committee_on_communications_energy_and_natural_resources/2010-05-26/debate/mul@/main.xml
2010-05-26,dail,debate,https://data.oireachtas.ie/akn/ie/debateRecord/joint_committee_on_agriculture_fisheries_and_food/2010-05-26/debate/main,https://data.oireachtas.ie/akn/ie/debateRecord/joint_committee_on_agriculture_fisheries_and_food/2010-05-26/debate/mul@/main.xml
2010-05-26,dail,debate,https://data.oireachtas.ie/akn/ie/debateRecord/joint_committee_on_social_and_family_affairs/2010-05-26/debate/main,https://data.oireachtas.ie/akn/ie/debateRecord/joint_committee_on_social_and_family_affairs/2010-05-26/debate/mul@/main.xml
2010-05-26,dail,debate,https://data.oireachtas.ie/akn/ie/debateRecord/joint_committee_on_climate_change_and_energy_security/2010-05-26/debate/main,https://data.oireachtas.ie/akn/ie/debateRecord/joint_committee_on_climate_change_and_energy_security/2010-05-26/debate/mul@/main.xml
2010-05-26,seanad,debate,https://data.oireachtas.ie/akn/ie/debateRecord/seanad/2010-05-26/debate/main,https://data.oireachtas.ie/akn/ie/debateRecord/seanad/2010-05-26/debate/mul@/main.xml
2010-05-26,dail,debate,https://data.oireachtas.ie/akn/ie/debateRecord/dail/2010-05-26/debate/main,https://data.oireachtas.ie/akn/ie/debateRecord/dail/2010-05-26/debate/mul@/main.xml
2010-05-25,dail,debate,https://data.oireachtas.ie/akn/ie/debateRecord/joint_committee_on_enterprise_trade_and_employment/2010-05-25/debate/main,https://data.oireachtas.ie/akn/ie/debateRecord/joint_committee_on_enterprise_trade_and_employment/2010-05-25/debate/mul@/main.xml
2010-05-25,dail,debate,https://data.oireachtas.ie/akn/ie/debateRecord/joint_committee_on_the_environment_heritage_and_local_government/2010-05-25/debate/main,https://data.oireachtas.ie/akn/ie/debateRecord/joint_committee_on_the_environment_heritage_and_local_government/2010-05-25/debate/mul@/main.xml
2010-05-25,dail,debate,https://data.oireachtas.ie/akn/ie/debateRecord/joint_committee_on_economic_regulatory_affairs/2010-05-25/debate/main,https://data.oireachtas.ie/akn/ie/debateRecord/joint_committee_on_economic_regulatory_affairs/2010-05-25/debate/mul@/main.xml
2010-05-25,dail,debate,https://data.oireachtas.ie/akn/ie/debateRecord/joint_committee_on_european_scrutiny/2010-05-25/debate/main,https://data.oireachtas.ie/akn/ie/debateRecord/joint_committee_on_european_scrutiny/2010-05-25/debate/mul@/main.xml
2010-05-25,dail,debate,https://data.oireachtas.ie/akn/ie/debateRecord/joint_committee_on_european_affairs/2010-05-25/debate/main,https://data.oireachtas.ie/akn/ie/debateRecord/joint_committee_on_european_affairs/2010-05-25/debate/mul@/main.xml
2010-05-25,seanad,debate,https://data.oireachtas.ie/akn/ie/debateRecord/seanad/2010-05-25/debate/main,https://data.oireachtas.ie/akn/ie/debateRecord/seanad/2010-05-25/debate/mul@/main.xml
2010-05-25,dail,debate,https://data.oireachtas.ie/akn/ie/debateRecord/dail/2010-05-25/debate/main,https://data.oireachtas.ie/akn/ie/debateRecord/dail/2010-05-25/debate/mul@/main.xml
2010-05-20,dail,debate,https://data.oireachtas.ie/akn/ie/debateRecord/joint_committee_on_justice_equality_defence_and_womens_rights/2010-05-20/debate/main,https://data.oireachtas.ie/akn/ie/debateRecord/joint_committee_on_justice_equality_defence_and_womens_rights/2010-05-20/debate/mul@/main.xml
2010-05-20,dail,debate,https://data.oireachtas.ie/akn/ie/debateRecord/committee_of_public_accounts/2010-05-20/debate/main,https://data.oireachtas.ie/akn/ie/debateRecord/committee_of_public_accounts/2010-05-20/debate/mul@/main.xml
2010-05-20,dail,debate,https://data.oireachtas.ie/akn/ie/debateRecord/joint_committee_on_education_and_science/2010-05-20/debate/main,https://data.oireachtas.ie/akn/ie/debateRecord/joint_committee_on_education_and_science/2010-05-20/debate/mul@/main.xml
2010-05-20,dail,debate,https://data.oireachtas.ie/akn/ie/debateRecord/joint_committee_on_foreign_affairs/2010-05-20/debate/main,https://data.oireachtas.ie/akn/ie/debateRecord/joint_committee_on_foreign_affairs/2010-05-20/debate/mul@/main.xml
2010-05-20,seanad,debate,https://data.oireachtas.ie/akn/ie/debateRecord/seanad/2010-05-20/debate/main,https://data.oireachtas.ie/akn/ie/debateRecord/seanad/2010-05-20/debate/mul@/main.xml
2010-05-20,dail,debate,https://data.oireachtas.ie/akn/ie/debateRecord/dail/2010-05-20/debate/main,https://data.oireachtas.ie/akn/ie/debateRecord/dail/2010-05-20/debate/mul@/main.xml
2010-05-19,dail,debate,https://data.oireachtas.ie/akn/ie/debateRecord/select_committee_on_communications_energy_and_natural_resources/2010-05-19/debate/main,https://data.oireachtas.ie/akn/ie/debateRecord/select_committee_on_communications_energy_and_natural_resources/2010-05-19/debate/mul@/main.xml
2010-05-19,dail,debate,https://data.oireachtas.ie/akn/ie/debateRecord/joint_committee_on_arts_sport_tourism_community_rural_and_gaeltacht_affairs/2010-05-19/debate/main,https://data.oireachtas.ie/akn/ie/debateRecord/joint_committee_on_arts_sport_tourism_community_rural_and_gaeltacht_affairs/2010-05-19/debate/mul@/main.xml
2010-05-19,dail,debate,https://data.oireachtas.ie/akn/ie/debateRecord/joint_committee_on_transport/2010-05-19/debate/main,https://data.oireachtas.ie/akn/ie/debateRecord/joint_committee_on_transport/2010-05-19/debate/mul@/main.xml
2010-05-19,dail,debate,https://data.oireachtas.ie/akn/ie/debateRecord/joint_committee_on_european_affairs/2010-05-19/debate/main,https://data.oireachtas.ie/akn/ie/debateRecord/joint_committee_on_european_affairs/2010-05-19/debate/mul@/main.xml
2010-05-19,dail,debate,https://data.oireachtas.ie/akn/ie/debateRecord/dail/2010-05-19/debate/main,https://data.oireachtas.ie/akn/ie/debateRecord/dail/2010-05-19/debate/mul@/main.xml
2010-05-19,seanad,debate,https://data.oireachtas.ie/akn/ie/debateRecord/seanad/2010-05-19/debate/main,https://data.oireachtas.ie/akn/ie/debateRecord/seanad/2010-05-19/debate/mul@/main.xml
2010-05-18,dail,debate,https://data.oireachtas.ie/akn/ie/debateRecord/joint_committee_on_economic_regulatory_affairs/2010-05-18/debate/main,https://data.oireachtas.ie/akn/ie/debateRecord/joint_committee_on_economic_regulatory_affairs/2010-05-18/debate/mul@/main.xml
2010-05-18,dail,debate,https://data.oireachtas.ie/akn/ie/debateRecord/joint_committee_on_european_affairs/2010-05-18/debate/main,https://data.oireachtas.ie/akn/ie/debateRecord/joint_committee_on_european_affairs/2010-05-18/debate/mul@/main.xml
2010-05-18,seanad,debate,https://data.oireachtas.ie/akn/ie/debateRecord/seanad/2010-05-18/debate/main,https://data.oireachtas.ie/akn/ie/debateRecord/seanad/2010-05-18/debate/mul@/main.xml
2010-05-18,dail,debate,https://data.oireachtas.ie/akn/ie/debateRecord/dail/2010-05-18/debate/main,https://data.oireachtas.ie/akn/ie/debateRecord/dail/2010-05-18/debate/mul@/main.xml
2010-05-18,dail,debate,https://data.oireachtas.ie/akn/ie/debateRecord/select_committee_on_enterprise_trade_and_employment/2010-05-18/debate/main,https://data.oireachtas.ie/akn/ie/debateRecord/select_committee_on_enterprise_trade_and_employment/2010-05-18/debate/mul@/main.xml
2010-05-18,dail,debate,https://data.oireachtas.ie/akn/ie/debateRecord/joint_committee_on_the_environment_heritage_and_local_government/2010-05-18/debate/main,https://data.oireachtas.ie/akn/ie/debateRecord/joint_committee_on_the_environment_heritage_and_local_government/2010-05-18/debate/mul@/main.xml
2010-05-13,dail,debate,https://data.oireachtas.ie/akn/ie/debateRecord/committee_of_public_accounts/2010-05-13/debate/main,https://data.oireachtas.ie/akn/ie/debateRecord/committee_of_public_accounts/2010-05-13/debate/mul@/main.xml
2010-05-13,dail,debate,https://data.oireachtas.ie/akn/ie/debateRecord/joint_committee_on_finance_and_the_public_service/2010-05-13/debate/main,https://data.oireachtas.ie/akn/ie/debateRecord/joint_committee_on_finance_and_the_public_service/2010-05-13/debate/mul@/main.xml
2010-05-13,seanad,debate,https://data.oireachtas.ie/akn/ie/debateRecord/seanad/2010-05-13/debate/main,https://data.oireachtas.ie/akn/ie/debateRecord/seanad/2010-05-13/debate/mul@/main.xml
2010-05-13,dail,debate,https://data.oireachtas.ie/akn/ie/debateRecord/dail/2010-05-13/debate/main,https://data.oireachtas.ie/akn/ie/debateRecord/dail/2010-05-13/debate/mul@/main.xml
2010-05-12,dail,debate,https://data.oireachtas.ie/akn/ie/debateRecord/joint_committee_on_climate_change_and_energy_security/2010-05-12/debate/main,https://data.oireachtas.ie/akn/ie/debateRecord/joint_committee_on_climate_change_and_energy_security/2010-05-12/debate/mul@/main.xml
2010-05-12,dail,debate,https://data.oireachtas.ie/akn/ie/debateRecord/joint_committee_on_economic_regulatory_affairs/2010-05-12/debate/main,https://data.oireachtas.ie/akn/ie/debateRecord/joint_committee_on_economic_regulatory_affairs/2010-05-12/debate/mul@/main.xml
2010-05-12,dail,debate,https://data.oireachtas.ie/akn/ie/debateRecord/joint_committee_on_communications_energy_and_natural_resources/2010-05-12/debate/main,https://data.oireachtas.ie/akn/ie/debateRecord/joint_committee_on_communications_energy_and_natural_resources/2010-05-12/debate/mul@/main.xml
2010-05-12,dail,debate,https://data.oireachtas.ie/akn/ie/debateRecord/joint_committee_on_social_and_family_affairs/2010-05-12/debate/main,https://data.oireachtas.ie/akn/ie/debateRecord/joint_committee_on_social_and_family_affairs/2010-05-12/debate/mul@/main.xml
2010-05-12,seanad,debate,https://data.oireachtas.ie/akn/ie/debateRecord/seanad/2010-05-12/debate/main,https://data.oireachtas.ie/akn/ie/debateRecord/seanad/2010-05-12/debate/mul@/main.xml
2010-05-12,dail,debate,https://data.oireachtas.ie/akn/ie/debateRecord/joint_committee_on_agriculture_fisheries_and_food/2010-05-12/debate/main,https://data.oireachtas.ie/akn/ie/debateRecord/joint_committee_on_agriculture_fisheries_and_food/2010-05-12/debate/mul@/main.xml
2010-05-12,dail,debate,https://data.oireachtas.ie/akn/ie/debateRecord/joint_committee_on_european_affairs/2010-05-12/debate/main,https://data.oireachtas.ie/akn/ie/debateRecord/joint_committee_on_european_affairs/2010-05-12/debate/mul@/main.xml
2010-05-12,dail,debate,https://data.oireachtas.ie/akn/ie/debateRecord/dail/2010-05-12/debate/main,https://data.oireachtas.ie/akn/ie/debateRecord/dail/2010-05-12/debate/mul@/main.xml
2010-05-11,dail,debate,https://data.oireachtas.ie/akn/ie/debateRecord/joint_committee_on_enterprise_trade_and_employment/2010-05-11/debate/main,https://data.oireachtas.ie/akn/ie/debateRecord/joint_committee_on_enterprise_trade_and_employment/2010-05-11/debate/mul@/main.xml
2010-05-11,dail,debate,https://data.oireachtas.ie/akn/ie/debateRecord/joint_committee_on_european_scrutiny/2010-05-11/debate/main,https://data.oireachtas.ie/akn/ie/debateRecord/joint_committee_on_european_scrutiny/2010-05-11/debate/mul@/main.xml
2010-05-11,dail,debate,https://data.oireachtas.ie/akn/ie/debateRecord/joint_committee_on_economic_regulatory_affairs/2010-05-11/debate/main,https://data.oireachtas.ie/akn/ie/debateRecord/joint_committee_on_economic_regulatory_affairs/2010-05-11/debate/mul@/main.xml
2010-05-11,seanad,debate,https://data.oireachtas.ie/akn/ie/debateRecord/seanad/2010-05-11/debate/main,https://data.oireachtas.ie/akn/ie/debateRecord/seanad/2010-05-11/debate/mul@/main.xml
2010-05-11,dail,debate,https://data.oireachtas.ie/akn/ie/debateRecord/joint_committee_on_the_environment_heritage_and_local_government/2010-05-11/debate/main,https://data.oireachtas.ie/akn/ie/debateRecord/joint_committee_on_the_environment_heritage_and_local_government/2010-05-11/debate/mul@/main.xml
2010-05-11,dail,debate,https://data.oireachtas.ie/akn/ie/debateRecord/dail/2010-05-11/debate/main,https://data.oireachtas.ie/akn/ie/debateRecord/dail/2010-05-11/debate/mul@/main.xml
2010-05-06,dail,debate,https://data.oireachtas.ie/akn/ie/debateRecord/joint_committee_on_agriculture_fisheries_and_food/2010-05-06/debate/main,https://data.oireachtas.ie/akn/ie/debateRecord/joint_committee_on_agriculture_fisheries_and_food/2010-05-06/debate/mul@/main.xml
2010-05-06,dail,debate,https://data.oireachtas.ie/akn/ie/debateRecord/committee_of_public_accounts/2010-05-06/debate/main,https://data.oireachtas.ie/akn/ie/debateRecord/committee_of_public_accounts/2010-05-06/debate/mul@/main.xml
2010-05-06,dail,debate,https://data.oireachtas.ie/akn/ie/debateRecord/joint_committee_on_european_affairs/2010-05-06/debate/main,https://data.oireachtas.ie/akn/ie/debateRecord/joint_committee_on_european_affairs/2010-05-06/debate/mul@/main.xml
2010-05-06,seanad,debate,https://data.oireachtas.ie/akn/ie/debateRecord/seanad/2010-05-06/debate/main,https://data.oireachtas.ie/akn/ie/debateRecord/seanad/2010-05-06/debate/mul@/main.xml
2010-05-06,dail,debate,https://data.oireachtas.ie/akn/ie/debateRecord/joint_committee_on_foreign_affairs/2010-05-06/debate/main,https://data.oireachtas.ie/akn/ie/debateRecord/joint_committee_on_foreign_affairs/2010-05-06/debate/mul@/main.xml
2010-05-06,dail,debate,https://data.oireachtas.ie/akn/ie/debateRecord/dail/2010-05-06/debate/main,https://data.oireachtas.ie/akn/ie/debateRecord/dail/2010-05-06/debate/mul@/main.xml
2010-05-05,dail,debate,https://data.oireachtas.ie/akn/ie/debateRecord/joint_committee_on_finance_and_the_public_service/2010-05-05/debate/main,https://data.oireachtas.ie/akn/ie/debateRecord/joint_committee_on_finance_and_the_public_service/2010-05-05/debate/mul@/main.xml
2010-05-05,dail,debate,https://data.oireachtas.ie/akn/ie/debateRecord/joint_committee_on_education_and_science/2010-05-05/debate/main,https://data.oireachtas.ie/akn/ie/debateRecord/joint_committee_on_education_and_science/2010-05-05/debate/mul@/main.xml
2010-05-05,dail,debate,https://data.oireachtas.ie/akn/ie/debateRecord/joint_committee_on_european_affairs/2010-05-05/debate/main,https://data.oireachtas.ie/akn/ie/debateRecord/joint_committee_on_european_affairs/2010-05-05/debate/mul@/main.xml
2010-05-05,dail,debate,https://data.oireachtas.ie/akn/ie/debateRecord/joint_committee_on_arts_sport_tourism_community_rural_and_gaeltacht_affairs/2010-05-05/debate/main,https://data.oireachtas.ie/akn/ie/debateRecord/joint_committee_on_arts_sport_tourism_community_rural_and_gaeltacht_affairs/2010-05-05/debate/mul@/main.xml
2010-05-05,dail,debate,https://data.oireachtas.ie/akn/ie/debateRecord/joint_committee_on_transport/2010-05-05/debate/main,https://data.oireachtas.ie/akn/ie/debateRecord/joint_committee_on_transport/2010-05-05/debate/mul@/main.xml
2010-05-05,dail,debate,https://data.oireachtas.ie/akn/ie/debateRecord/joint_committee_on_economic_regulatory_affairs/2010-05-05/debate/main,https://data.oireachtas.ie/akn/ie/debateRecord/joint_committee_on_economic_regulatory_affairs/2010-05-05/debate/mul@/main.xml
2010-05-05,dail,debate,https://data.oireachtas.ie/akn/ie/debateRecord/dail/2010-05-05/debate/main,https://data.oireachtas.ie/akn/ie/debateRecord/dail/2010-05-05/debate/mul@/main.xml
2010-05-05,seanad,debate,https://data.oireachtas.ie/akn/ie/debateRecord/seanad/2010-05-05/debate/main,https://data.oireachtas.ie/akn/ie/debateRecord/seanad/2010-05-05/debate/mul@/main.xml
2010-04-29,dail,debate,https://data.oireachtas.ie/akn/ie/debateRecord/joint_committee_on_enterprise_trade_and_employment/2010-04-29/debate/main,https://data.oireachtas.ie/akn/ie/debateRecord/joint_committee_on_enterprise_trade_and_employment/2010-04-29/debate/mul@/main.xml
2010-04-29,dail,debate,https://data.oireachtas.ie/akn/ie/debateRecord/joint_committee_on_the_implementation_of_the_good_friday_agreement/2010-04-29/debate/main,https://data.oireachtas.ie/akn/ie/debateRecord/joint_committee_on_the_implementation_of_the_good_friday_agreement/2010-04-29/debate/mul@/main.xml
2010-04-29,dail,debate,https://data.oireachtas.ie/akn/ie/debateRecord/committee_of_public_accounts/2010-04-29/debate/main,https://data.oireachtas.ie/akn/ie/debateRecord/committee_of_public_accounts/2010-04-29/debate/mul@/main.xml
2010-04-29,dail,debate,https://data.oireachtas.ie/akn/ie/debateRecord/joint_committee_on_foreign_affairs/2010-04-29/debate/main,https://data.oireachtas.ie/akn/ie/debateRecord/joint_committee_on_foreign_affairs/2010-04-29/debate/mul@/main.xml
2010-04-29,seanad,debate,https://data.oireachtas.ie/akn/ie/debateRecord/seanad/2010-04-29/debate/main,https://data.oireachtas.ie/akn/ie/debateRecord/seanad/2010-04-29/debate/mul@/main.xml
2010-04-29,dail,debate,https://data.oireachtas.ie/akn/ie/debateRecord/dail/2010-04-29/debate/main,https://data.oireachtas.ie/akn/ie/debateRecord/dail/2010-04-29/debate/mul@/main.xml
2010-04-28,dail,debate,https://data.oireachtas.ie/akn/ie/debateRecord/joint_committee_on_the_constitution/2010-04-28/debate/main,https://data.oireachtas.ie/akn/ie/debateRecord/joint_committee_on_the_constitution/2010-04-28/debate/mul@/main.xml
2010-04-28,dail,debate,https://data.oireachtas.ie/akn/ie/debateRecord/joint_committee_on_european_affairs/2010-04-28/debate/main,https://data.oireachtas.ie/akn/ie/debateRecord/joint_committee_on_european_affairs/2010-04-28/debate/mul@/main.xml
2010-04-28,dail,debate,https://data.oireachtas.ie/akn/ie/debateRecord/joint_committee_on_communications_energy_and_natural_resources/2010-04-28/debate/main,https://data.oireachtas.ie/akn/ie/debateRecord/joint_committee_on_communications_energy_and_natural_resources/2010-04-28/debate/mul@/main.xml
2010-04-28,dail,debate,https://data.oireachtas.ie/akn/ie/debateRecord/joint_committee_on_social_and_family_affairs/2010-04-28/debate/main,https://data.oireachtas.ie/akn/ie/debateRecord/joint_committee_on_social_and_family_affairs/2010-04-28/debate/mul@/main.xml
2010-04-28,dail,debate,https://data.oireachtas.ie/akn/ie/debateRecord/joint_committee_on_justice_equality_defence_and_womens_rights/2010-04-28/debate/main,https://data.oireachtas.ie/akn/ie/debateRecord/joint_committee_on_justice_equality_defence_and_womens_rights/2010-04-28/debate/mul@/main.xml
2010-04-28,dail,debate,https://data.oireachtas.ie/akn/ie/debateRecord/joint_committee_on_climate_change_and_energy_security/2010-04-28/debate/main,https://data.oireachtas.ie/akn/ie/debateRecord/joint_committee_on_climate_change_and_energy_security/2010-04-28/debate/mul@/main.xml
2010-04-28,dail,debate,https://data.oireachtas.ie/akn/ie/debateRecord/joint_committee_on_foreign_affairs/2010-04-28/debate/main,https://data.oireachtas.ie/akn/ie/debateRecord/joint_committee_on_foreign_affairs/2010-04-28/debate/mul@/main.xml
2010-04-28,dail,debate,https://data.oireachtas.ie/akn/ie/debateRecord/dail/2010-04-28/debate/main,https://data.oireachtas.ie/akn/ie/debateRecord/dail/2010-04-28/debate/mul@/main.xml
2010-04-28,seanad,debate,https://data.oireachtas.ie/akn/ie/debateRecord/seanad/2010-04-28/debate/main,https://data.oireachtas.ie/akn/ie/debateRecord/seanad/2010-04-28/debate/mul@/main.xml
2010-04-27,dail,debate,https://data.oireachtas.ie/akn/ie/debateRecord/joint_committee_on_economic_regulatory_affairs/2010-04-27/debate/main,https://data.oireachtas.ie/akn/ie/debateRecord/joint_committee_on_economic_regulatory_affairs/2010-04-27/debate/mul@/main.xml
2010-04-27,dail,debate,https://data.oireachtas.ie/akn/ie/debateRecord/joint_committee_on_enterprise_trade_and_employment/2010-04-27/debate/main,https://data.oireachtas.ie/akn/ie/debateRecord/joint_committee_on_enterprise_trade_and_employment/2010-04-27/debate/mul@/main.xml
2010-04-27,dail,debate,https://data.oireachtas.ie/akn/ie/debateRecord/joint_committee_on_the_environment_heritage_and_local_government/2010-04-27/debate/main,https://data.oireachtas.ie/akn/ie/debateRecord/joint_committee_on_the_environment_heritage_and_local_government/2010-04-27/debate/mul@/main.xml
2010-04-27,dail,debate,https://data.oireachtas.ie/akn/ie/debateRecord/dail/2010-04-27/debate/main,https://data.oireachtas.ie/akn/ie/debateRecord/dail/2010-04-27/debate/mul@/main.xml
2010-04-27,seanad,debate,https://data.oireachtas.ie/akn/ie/debateRecord/seanad/2010-04-27/debate/main,https://data.oireachtas.ie/akn/ie/debateRecord/seanad/2010-04-27/debate/mul@/main.xml
2010-04-22,dail,debate,https://data.oireachtas.ie/akn/ie/debateRecord/committee_of_public_accounts/2010-04-22/debate/main,https://data.oireachtas.ie/akn/ie/debateRecord/committee_of_public_accounts/2010-04-22/debate/mul@/main.xml
2010-04-22,dail,debate,https://data.oireachtas.ie/akn/ie/debateRecord/joint_committee_on_education_and_science/2010-04-22/debate/main,https://data.oireachtas.ie/akn/ie/debateRecord/joint_committee_on_education_and_science/2010-04-22/debate/mul@/main.xml
2010-04-22,dail,debate,https://data.oireachtas.ie/akn/ie/debateRecord/joint_committee_on_european_affairs/2010-04-22/debate/main,https://data.oireachtas.ie/akn/ie/debateRecord/joint_committee_on_european_affairs/2010-04-22/debate/mul@/main.xml
2010-04-22,dail,debate,https://data.oireachtas.ie/akn/ie/debateRecord/dail/2010-04-22/debate/main,https://data.oireachtas.ie/akn/ie/debateRecord/dail/2010-04-22/debate/mul@/main.xml
2010-04-22,seanad,debate,https://data.oireachtas.ie/akn/ie/debateRecord/seanad/2010-04-22/debate/main,https://data.oireachtas.ie/akn/ie/debateRecord/seanad/2010-04-22/debate/mul@/main.xml
2010-04-21,dail,debate,https://data.oireachtas.ie/akn/ie/debateRecord/joint_administration_committee/2010-04-21/debate/main,https://data.oireachtas.ie/akn/ie/debateRecord/joint_administration_committee/2010-04-21/debate/mul@/main.xml
2010-04-21,dail,debate,https://data.oireachtas.ie/akn/ie/debateRecord/joint_committee_on_arts_sport_tourism_community_rural_and_gaeltacht_affairs/2010-04-21/debate/main,https://data.oireachtas.ie/akn/ie/debateRecord/joint_committee_on_arts_sport_tourism_community_rural_and_gaeltacht_affairs/2010-04-21/debate/mul@/main.xml
2010-04-21,dail,debate,https://data.oireachtas.ie/akn/ie/debateRecord/joint_committee_on_transport/2010-04-21/debate/main,https://data.oireachtas.ie/akn/ie/debateRecord/joint_committee_on_transport/2010-04-21/debate/mul@/main.xml
2010-04-21,dail,debate,https://data.oireachtas.ie/akn/ie/debateRecord/joint_committee_on_communications_energy_and_natural_resources/2010-04-21/debate/main,https://data.oireachtas.ie/akn/ie/debateRecord/joint_committee_on_communications_energy_and_natural_resources/2010-04-21/debate/mul@/main.xml
2010-04-21,dail,debate,https://data.oireachtas.ie/akn/ie/debateRecord/joint_committee_on_agriculture_fisheries_and_food/2010-04-21/debate/main,https://data.oireachtas.ie/akn/ie/debateRecord/joint_committee_on_agriculture_fisheries_and_food/2010-04-21/debate/mul@/main.xml
2010-04-21,dail,debate,https://data.oireachtas.ie/akn/ie/debateRecord/joint_committee_on_social_and_family_affairs/2010-04-21/debate/main,https://data.oireachtas.ie/akn/ie/debateRecord/joint_committee_on_social_and_family_affairs/2010-04-21/debate/mul@/main.xml
2010-04-21,dail,debate,https://data.oireachtas.ie/akn/ie/debateRecord/select_committee_on_social_and_family_affairs/2010-04-21/debate/main,https://data.oireachtas.ie/akn/ie/debateRecord/select_committee_on_social_and_family_affairs/2010-04-21/debate/mul@/main.xml
2010-04-21,dail,debate,https://data.oireachtas.ie/akn/ie/debateRecord/dail/2010-04-21/debate/main,https://data.oireachtas.ie/akn/ie/debateRecord/dail/2010-04-21/debate/mul@/main.xml
2010-04-21,seanad,debate,https://data.oireachtas.ie/akn/ie/debateRecord/seanad/2010-04-21/debate/main,https://data.oireachtas.ie/akn/ie/debateRecord/seanad/2010-04-21/debate/mul@/main.xml
2010-04-20,dail,debate,https://data.oireachtas.ie/akn/ie/debateRecord/select_committee_on_the_environment_heritage_and_local_government/2010-04-20/debate/main,https://data.oireachtas.ie/akn/ie/debateRecord/select_committee_on_the_environment_heritage_and_local_government/2010-04-20/debate/mul@/main.xml
2010-04-20,dail,debate,https://data.oireachtas.ie/akn/ie/debateRecord/joint_committee_on_health_and_children/2010-04-20/debate/main,https://data.oireachtas.ie/akn/ie/debateRecord/joint_committee_on_health_and_children/2010-04-20/debate/mul@/main.xml
2010-04-20,dail,debate,https://data.oireachtas.ie/akn/ie/debateRecord/joint_committee_on_european_scrutiny/2010-04-20/debate/main,https://data.oireachtas.ie/akn/ie/debateRecord/joint_committee_on_european_scrutiny/2010-04-20/debate/mul@/main.xml
2010-04-20,dail,debate,https://data.oireachtas.ie/akn/ie/debateRecord/joint_committee_on_economic_regulatory_affairs/2010-04-20/debate/main,https://data.oireachtas.ie/akn/ie/debateRecord/joint_committee_on_economic_regulatory_affairs/2010-04-20/debate/mul@/main.xml
2010-04-20,dail,debate,https://data.oireachtas.ie/akn/ie/debateRecord/dail/2010-04-20/debate/main,https://data.oireachtas.ie/akn/ie/debateRecord/dail/2010-04-20/debate/mul@/main.xml
2010-04-20,seanad,debate,https://data.oireachtas.ie/akn/ie/debateRecord/seanad/2010-04-20/debate/main,https://data.oireachtas.ie/akn/ie/debateRecord/seanad/2010-04-20/debate/mul@/main.xml
2010-04-14,dail,debate,https://data.oireachtas.ie/akn/ie/debateRecord/joint_committee_on_economic_regulatory_affairs/2010-04-14/debate/main,https://data.oireachtas.ie/akn/ie/debateRecord/joint_committee_on_economic_regulatory_affairs/2010-04-14/debate/mul@/main.xml
2010-04-14,dail,debate,https://data.oireachtas.ie/akn/ie/debateRecord/joint_administration_committee/2010-04-14/debate/main,https://data.oireachtas.ie/akn/ie/debateRecord/joint_administration_committee/2010-04-14/debate/mul@/main.xml
2010-04-14,dail,debate,https://data.oireachtas.ie/akn/ie/debateRecord/joint_committee_on_agriculture_fisheries_and_food/2010-04-14/debate/main,https://data.oireachtas.ie/akn/ie/debateRecord/joint_committee_on_agriculture_fisheries_and_food/2010-04-14/debate/mul@/main.xml
2010-04-13,dail,debate,https://data.oireachtas.ie/akn/ie/debateRecord/joint_committee_on_finance_and_the_public_service/2010-04-13/debate/main,https://data.oireachtas.ie/akn/ie/debateRecord/joint_committee_on_finance_and_the_public_service/2010-04-13/debate/mul@/main.xml
2010-04-13,dail,debate,https://data.oireachtas.ie/akn/ie/debateRecord/joint_committee_on_european_affairs/2010-04-13/debate/main,https://data.oireachtas.ie/akn/ie/debateRecord/joint_committee_on_european_affairs/2010-04-13/debate/mul@/main.xml
2010-04-13,dail,debate,https://data.oireachtas.ie/akn/ie/debateRecord/joint_committee_on_foreign_affairs/2010-04-13/debate/main,https://data.oireachtas.ie/akn/ie/debateRecord/joint_committee_on_foreign_affairs/2010-04-13/debate/mul@/main.xml
2010-04-13,dail,debate,https://data.oireachtas.ie/akn/ie/debateRecord/joint_committee_on_enterprise_trade_and_employment/2010-04-13/debate/main,https://data.oireachtas.ie/akn/ie/debateRecord/joint_committee_on_enterprise_trade_and_employment/2010-04-13/debate/mul@/main.xml
2010-04-07,dail,debate,https://data.oireachtas.ie/akn/ie/debateRecord/joint_committee_on_transport/2010-04-07/debate/main,https://data.oireachtas.ie/akn/ie/debateRecord/joint_committee_on_transport/2010-04-07/debate/mul@/main.xml
2010-04-01,dail,debate,https://data.oireachtas.ie/akn/ie/debateRecord/committee_of_public_accounts/2010-04-01/debate/main,https://data.oireachtas.ie/akn/ie/debateRecord/committee_of_public_accounts/2010-04-01/debate/mul@/main.xml
2010-04-01,dail,debate,https://data.oireachtas.ie/akn/ie/debateRecord/dail/2010-04-01/debate/main,https://data.oireachtas.ie/akn/ie/debateRecord/dail/2010-04-01/debate/mul@/main.xml
2010-04-01,seanad,debate,https://data.oireachtas.ie/akn/ie/debateRecord/seanad/2010-04-01/debate/main,https://data.oireachtas.ie/akn/ie/debateRecord/seanad/2010-04-01/debate/mul@/main.xml
2010-03-31,dail,debate,https://data.oireachtas.ie/akn/ie/debateRecord/joint_committee_on_the_constitution/2010-03-31/debate/main,https://data.oireachtas.ie/akn/ie/debateRecord/joint_committee_on_the_constitution/2010-03-31/debate/mul@/main.xml
2010-03-31,dail,debate,https://data.oireachtas.ie/akn/ie/debateRecord/joint_committee_on_arts_sport_tourism_community_rural_and_gaeltacht_affairs/2010-03-31/debate/main,https://data.oireachtas.ie/akn/ie/debateRecord/joint_committee_on_arts_sport_tourism_community_rural_and_gaeltacht_affairs/2010-03-31/debate/mul@/main.xml
2010-03-31,dail,debate,https://data.oireachtas.ie/akn/ie/debateRecord/joint_committee_on_agriculture_fisheries_and_food/2010-03-31/debate/main,https://data.oireachtas.ie/akn/ie/debateRecord/joint_committee_on_agriculture_fisheries_and_food/2010-03-31/debate/mul@/main.xml
2010-03-31,dail,debate,https://data.oireachtas.ie/akn/ie/debateRecord/joint_committee_on_communications_energy_and_natural_resources/2010-03-31/debate/main,https://data.oireachtas.ie/akn/ie/debateRecord/joint_committee_on_communications_energy_and_natural_resources/2010-03-31/debate/mul@/main.xml
2010-03-31,dail,debate,https://data.oireachtas.ie/akn/ie/debateRecord/joint_committee_on_social_and_family_affairs/2010-03-31/debate/main,https://data.oireachtas.ie/akn/ie/debateRecord/joint_committee_on_social_and_family_affairs/2010-03-31/debate/mul@/main.xml
2010-03-31,dail,debate,https://data.oireachtas.ie/akn/ie/debateRecord/joint_committee_on_finance_and_the_public_service/2010-03-31/debate/main,https://data.oireachtas.ie/akn/ie/debateRecord/joint_committee_on_finance_and_the_public_service/2010-03-31/debate/mul@/main.xml
2010-03-31,dail,debate,https://data.oireachtas.ie/akn/ie/debateRecord/joint_committee_on_justice_equality_defence_and_womens_rights/2010-03-31/debate/main,https://data.oireachtas.ie/akn/ie/debateRecord/joint_committee_on_justice_equality_defence_and_womens_rights/2010-03-31/debate/mul@/main.xml
2010-03-31,dail,debate,https://data.oireachtas.ie/akn/ie/debateRecord/dail/2010-03-31/debate/main,https://data.oireachtas.ie/akn/ie/debateRecord/dail/2010-03-31/debate/mul@/main.xml
2010-03-31,seanad,debate,https://data.oireachtas.ie/akn/ie/debateRecord/seanad/2010-03-31/debate/main,https://data.oireachtas.ie/akn/ie/debateRecord/seanad/2010-03-31/debate/mul@/main.xml
2010-03-30,dail,debate,https://data.oireachtas.ie/akn/ie/debateRecord/joint_committee_on_economic_regulatory_affairs/2010-03-30/debate/main,https://data.oireachtas.ie/akn/ie/debateRecord/joint_committee_on_economic_regulatory_affairs/2010-03-30/debate/mul@/main.xml
2010-03-30,dail,debate,https://data.oireachtas.ie/akn/ie/debateRecord/select_committee_on_health_and_children/2010-03-30/debate/main,https://data.oireachtas.ie/akn/ie/debateRecord/select_committee_on_health_and_children/2010-03-30/debate/mul@/main.xml
2010-03-30,dail,debate,https://data.oireachtas.ie/akn/ie/debateRecord/joint_committee_on_the_environment_heritage_and_local_government/2010-03-30/debate/main,https://data.oireachtas.ie/akn/ie/debateRecord/joint_committee_on_the_environment_heritage_and_local_government/2010-03-30/debate/mul@/main.xml
2010-03-30,dail,debate,https://data.oireachtas.ie/akn/ie/debateRecord/joint_committee_on_enterprise_trade_and_employment/2010-03-30/debate/main,https://data.oireachtas.ie/akn/ie/debateRecord/joint_committee_on_enterprise_trade_and_employment/2010-03-30/debate/mul@/main.xml
2010-03-30,dail,debate,https://data.oireachtas.ie/akn/ie/debateRecord/joint_committee_on_european_affairs/2010-03-30/debate/main,https://data.oireachtas.ie/akn/ie/debateRecord/joint_committee_on_european_affairs/2010-03-30/debate/mul@/main.xml
2010-03-30,seanad,debate,https://data.oireachtas.ie/akn/ie/debateRecord/seanad/2010-03-30/debate/main,https://data.oireachtas.ie/akn/ie/debateRecord/seanad/2010-03-30/debate/mul@/main.xml
2010-03-30,dail,debate,https://data.oireachtas.ie/akn/ie/debateRecord/dail/2010-03-30/debate/main,https://data.oireachtas.ie/akn/ie/debateRecord/dail/2010-03-30/debate/mul@/main.xml
2010-03-25,dail,debate,https://data.oireachtas.ie/akn/ie/debateRecord/joint_committee_on_the_implementation_of_the_good_friday_agreement/2010-03-25/debate/main,https://data.oireachtas.ie/akn/ie/debateRecord/joint_committee_on_the_implementation_of_the_good_friday_agreement/2010-03-25/debate/mul@/main.xml
2010-03-25,dail,debate,https://data.oireachtas.ie/akn/ie/debateRecord/joint_committee_on_european_affairs/2010-03-25/debate/main,https://data.oireachtas.ie/akn/ie/debateRecord/joint_committee_on_european_affairs/2010-03-25/debate/mul@/main.xml
2010-03-25,dail,debate,https://data.oireachtas.ie/akn/ie/debateRecord/committee_of_public_accounts/2010-03-25/debate/main,https://data.oireachtas.ie/akn/ie/debateRecord/committee_of_public_accounts/2010-03-25/debate/mul@/main.xml
2010-03-25,seanad,debate,https://data.oireachtas.ie/akn/ie/debateRecord/seanad/2010-03-25/debate/main,https://data.oireachtas.ie/akn/ie/debateRecord/seanad/2010-03-25/debate/mul@/main.xml
2010-03-25,dail,debate,https://data.oireachtas.ie/akn/ie/debateRecord/dail/2010-03-25/debate/main,https://data.oireachtas.ie/akn/ie/debateRecord/dail/2010-03-25/debate/mul@/main.xml
2010-03-24,dail,debate,https://data.oireachtas.ie/akn/ie/debateRecord/joint_committee_on_climate_change_and_energy_security/2010-03-24/debate/main,https://data.oireachtas.ie/akn/ie/debateRecord/joint_committee_on_climate_change_and_energy_security/2010-03-24/debate/mul@/main.xml
2010-03-24,dail,debate,https://data.oireachtas.ie/akn/ie/debateRecord/joint_committee_on_foreign_affairs/2010-03-24/debate/main,https://data.oireachtas.ie/akn/ie/debateRecord/joint_committee_on_foreign_affairs/2010-03-24/debate/mul@/main.xml
2010-03-24,dail,debate,https://data.oireachtas.ie/akn/ie/debateRecord/joint_committee_on_agriculture_fisheries_and_food/2010-03-24/debate/main,https://data.oireachtas.ie/akn/ie/debateRecord/joint_committee_on_agriculture_fisheries_and_food/2010-03-24/debate/mul@/main.xml
2010-03-24,dail,debate,https://data.oireachtas.ie/akn/ie/debateRecord/select_committee_on_justice_equality_defence_and_womens_rights/2010-03-24/debate/main,https://data.oireachtas.ie/akn/ie/debateRecord/select_committee_on_justice_equality_defence_and_womens_rights/2010-03-24/debate/mul@/main.xml
2010-03-24,dail,debate,https://data.oireachtas.ie/akn/ie/debateRecord/joint_committee_on_communications_energy_and_natural_resources/2010-03-24/debate/main,https://data.oireachtas.ie/akn/ie/debateRecord/joint_committee_on_communications_energy_and_natural_resources/2010-03-24/debate/mul@/main.xml
2010-03-24,dail,debate,https://data.oireachtas.ie/akn/ie/debateRecord/joint_committee_on_transport/2010-03-24/debate/main,https://data.oireachtas.ie/akn/ie/debateRecord/joint_committee_on_transport/2010-03-24/debate/mul@/main.xml
2010-03-24,dail,debate,https://data.oireachtas.ie/akn/ie/debateRecord/joint_committee_on_european_affairs/2010-03-24/debate/main,https://data.oireachtas.ie/akn/ie/debateRecord/joint_committee_on_european_affairs/2010-03-24/debate/mul@/main.xml
2010-03-24,dail,debate,https://data.oireachtas.ie/akn/ie/debateRecord/joint_committee_on_arts_sport_tourism_community_rural_and_gaeltacht_affairs/2010-03-24/debate/main,https://data.oireachtas.ie/akn/ie/debateRecord/joint_committee_on_arts_sport_tourism_community_rural_and_gaeltacht_affairs/2010-03-24/debate/mul@/main.xml
2010-03-24,dail,debate,https://data.oireachtas.ie/akn/ie/debateRecord/dail/2010-03-24/debate/main,https://data.oireachtas.ie/akn/ie/debateRecord/dail/2010-03-24/debate/mul@/main.xml
2010-03-24,seanad,debate,https://data.oireachtas.ie/akn/ie/debateRecord/seanad/2010-03-24/debate/main,https://data.oireachtas.ie/akn/ie/debateRecord/seanad/2010-03-24/debate/mul@/main.xml
2010-03-23,dail,debate,https://data.oireachtas.ie/akn/ie/debateRecord/joint_committee_on_european_scrutiny/2010-03-23/debate/main,https://data.oireachtas.ie/akn/ie/debateRecord/joint_committee_on_european_scrutiny/2010-03-23/debate/mul@/main.xml
2010-03-23,dail,debate,https://data.oireachtas.ie/akn/ie/debateRecord/joint_committee_on_health_and_children/2010-03-23/debate/main,https://data.oireachtas.ie/akn/ie/debateRecord/joint_committee_on_health_and_children/2010-03-23/debate/mul@/main.xml
2010-03-23,dail,debate,https://data.oireachtas.ie/akn/ie/debateRecord/joint_committee_on_enterprise_trade_and_employment/2010-03-23/debate/main,https://data.oireachtas.ie/akn/ie/debateRecord/joint_committee_on_enterprise_trade_and_employment/2010-03-23/debate/mul@/main.xml
2010-03-23,dail,debate,https://data.oireachtas.ie/akn/ie/debateRecord/joint_committee_on_the_environment_heritage_and_local_government/2010-03-23/debate/main,https://data.oireachtas.ie/akn/ie/debateRecord/joint_committee_on_the_environment_heritage_and_local_government/2010-03-23/debate/mul@/main.xml
2010-03-23,dail,debate,https://data.oireachtas.ie/akn/ie/debateRecord/joint_committee_on_economic_regulatory_affairs/2010-03-23/debate/main,https://data.oireachtas.ie/akn/ie/debateRecord/joint_committee_on_economic_regulatory_affairs/2010-03-23/debate/mul@/main.xml
2010-03-23,seanad,debate,https://data.oireachtas.ie/akn/ie/debateRecord/seanad/2010-03-23/debate/main,https://data.oireachtas.ie/akn/ie/debateRecord/seanad/2010-03-23/debate/mul@/main.xml
2010-03-23,dail,debate,https://data.oireachtas.ie/akn/ie/debateRecord/dail/2010-03-23/debate/main,https://data.oireachtas.ie/akn/ie/debateRecord/dail/2010-03-23/debate/mul@/main.xml
2010-03-11,dail,debate,https://data.oireachtas.ie/akn/ie/debateRecord/joint_committee_on_education_and_science/2010-03-11/debate/main,https://data.oireachtas.ie/akn/ie/debateRecord/joint_committee_on_education_and_science/2010-03-11/debate/mul@/main.xml
2010-03-11,dail,debate,https://data.oireachtas.ie/akn/ie/debateRecord/joint_committee_on_european_affairs/2010-03-11/debate/main,https://data.oireachtas.ie/akn/ie/debateRecord/joint_committee_on_european_affairs/2010-03-11/debate/mul@/main.xml
2010-03-11,dail,debate,https://data.oireachtas.ie/akn/ie/debateRecord/committee_of_public_accounts/2010-03-11/debate/main,https://data.oireachtas.ie/akn/ie/debateRecord/committee_of_public_accounts/2010-03-11/debate/mul@/main.xml
2010-03-11,seanad,debate,https://data.oireachtas.ie/akn/ie/debateRecord/seanad/2010-03-11/debate/main,https://data.oireachtas.ie/akn/ie/debateRecord/seanad/2010-03-11/debate/mul@/main.xml
2010-03-11,dail,debate,https://data.oireachtas.ie/akn/ie/debateRecord/dail/2010-03-11/debate/main,https://data.oireachtas.ie/akn/ie/debateRecord/dail/2010-03-11/debate/mul@/main.xml
2010-03-10,dail,debate,https://data.oireachtas.ie/akn/ie/debateRecord/select_committee_on_communications_energy_and_natural_resources/2010-03-10/debate/main,https://data.oireachtas.ie/akn/ie/debateRecord/select_committee_on_communications_energy_and_natural_resources/2010-03-10/debate/mul@/main.xml
2010-03-10,dail,debate,https://data.oireachtas.ie/akn/ie/debateRecord/joint_committee_on_arts_sport_tourism_community_rural_and_gaeltacht_affairs/2010-03-10/debate/main,https://data.oireachtas.ie/akn/ie/debateRecord/joint_committee_on_arts_sport_tourism_community_rural_and_gaeltacht_affairs/2010-03-10/debate/mul@/main.xml
2010-03-10,dail,debate,https://data.oireachtas.ie/akn/ie/debateRecord/joint_committee_on_justice_equality_defence_and_womens_rights/2010-03-10/debate/main,https://data.oireachtas.ie/akn/ie/debateRecord/joint_committee_on_justice_equality_defence_and_womens_rights/2010-03-10/debate/mul@/main.xml
2010-03-10,dail,debate,https://data.oireachtas.ie/akn/ie/debateRecord/joint_committee_on_agriculture_fisheries_and_food/2010-03-10/debate/main,https://data.oireachtas.ie/akn/ie/debateRecord/joint_committee_on_agriculture_fisheries_and_food/2010-03-10/debate/mul@/main.xml
2010-03-10,dail,debate,https://data.oireachtas.ie/akn/ie/debateRecord/joint_committee_on_the_constitution/2010-03-10/debate/main,https://data.oireachtas.ie/akn/ie/debateRecord/joint_committee_on_the_constitution/2010-03-10/debate/mul@/main.xml
2010-03-10,seanad,debate,https://data.oireachtas.ie/akn/ie/debateRecord/seanad/2010-03-10/debate/main,https://data.oireachtas.ie/akn/ie/debateRecord/seanad/2010-03-10/debate/mul@/main.xml
2010-03-10,dail,debate,https://data.oireachtas.ie/akn/ie/debateRecord/dail/2010-03-10/debate/main,https://data.oireachtas.ie/akn/ie/debateRecord/dail/2010-03-10/debate/mul@/main.xml
2010-03-09,dail,debate,https://data.oireachtas.ie/akn/ie/debateRecord/joint_committee_on_the_environment_heritage_and_local_government/2010-03-09/debate/main,https://data.oireachtas.ie/akn/ie/debateRecord/joint_committee_on_the_environment_heritage_and_local_government/2010-03-09/debate/mul@/main.xml
2010-03-09,dail,debate,https://data.oireachtas.ie/akn/ie/debateRecord/joint_committee_on_economic_regulatory_affairs/2010-03-09/debate/main,https://data.oireachtas.ie/akn/ie/debateRecord/joint_committee_on_economic_regulatory_affairs/2010-03-09/debate/mul@/main.xml
2010-03-09,dail,debate,https://data.oireachtas.ie/akn/ie/debateRecord/joint_committee_on_european_scrutiny/2010-03-09/debate/main,https://data.oireachtas.ie/akn/ie/debateRecord/joint_committee_on_european_scrutiny/2010-03-09/debate/mul@/main.xml
2010-03-09,dail,debate,https://data.oireachtas.ie/akn/ie/debateRecord/select_committee_on_finance_and_the_public_service/2010-03-09/debate/main,https://data.oireachtas.ie/akn/ie/debateRecord/select_committee_on_finance_and_the_public_service/2010-03-09/debate/mul@/main.xml
2010-03-09,seanad,debate,https://data.oireachtas.ie/akn/ie/debateRecord/seanad/2010-03-09/debate/main,https://data.oireachtas.ie/akn/ie/debateRecord/seanad/2010-03-09/debate/mul@/main.xml
2010-03-09,dail,debate,https://data.oireachtas.ie/akn/ie/debateRecord/joint_committee_on_european_affairs/2010-03-09/debate/main,https://data.oireachtas.ie/akn/ie/debateRecord/joint_committee_on_european_affairs/2010-03-09/debate/mul@/main.xml
2010-03-09,dail,debate,https://data.oireachtas.ie/akn/ie/debateRecord/joint_committee_on_health_and_children/2010-03-09/debate/main,https://data.oireachtas.ie/akn/ie/debateRecord/joint_committee_on_health_and_children/2010-03-09/debate/mul@/main.xml
2010-03-09,dail,debate,https://data.oireachtas.ie/akn/ie/debateRecord/dail/2010-03-09/debate/main,https://data.oireachtas.ie/akn/ie/debateRecord/dail/2010-03-09/debate/mul@/main.xml
2010-03-04,dail,debate,https://data.oireachtas.ie/akn/ie/debateRecord/joint_committee_on_enterprise_trade_and_employment/2010-03-04/debate/main,https://data.oireachtas.ie/akn/ie/debateRecord/joint_committee_on_enterprise_trade_and_employment/2010-03-04/debate/mul@/main.xml
2010-03-04,dail,debate,https://data.oireachtas.ie/akn/ie/debateRecord/joint_committee_on_communications_energy_and_natural_resources/2010-03-04/debate/main,https://data.oireachtas.ie/akn/ie/debateRecord/joint_committee_on_communications_energy_and_natural_resources/2010-03-04/debate/mul@/main.xml
2010-03-04,dail,debate,https://data.oireachtas.ie/akn/ie/debateRecord/select_committee_on_transport/2010-03-04/debate/main,https://data.oireachtas.ie/akn/ie/debateRecord/select_committee_on_transport/2010-03-04/debate/mul@/main.xml
2010-03-04,dail,debate,https://data.oireachtas.ie/akn/ie/debateRecord/committee_of_public_accounts/2010-03-04/debate/main,https://data.oireachtas.ie/akn/ie/debateRecord/committee_of_public_accounts/2010-03-04/debate/mul@/main.xml
2010-03-04,dail,debate,https://data.oireachtas.ie/akn/ie/debateRecord/dail/2010-03-04/debate/main,https://data.oireachtas.ie/akn/ie/debateRecord/dail/2010-03-04/debate/mul@/main.xml
2010-03-04,seanad,debate,https://data.oireachtas.ie/akn/ie/debateRecord/seanad/2010-03-04/debate/main,https://data.oireachtas.ie/akn/ie/debateRecord/seanad/2010-03-04/debate/mul@/main.xml
2010-03-03,dail,debate,https://data.oireachtas.ie/akn/ie/debateRecord/joint_committee_on_agriculture_fisheries_and_food/2010-03-03/debate/main,https://data.oireachtas.ie/akn/ie/debateRecord/joint_committee_on_agriculture_fisheries_and_food/2010-03-03/debate/mul@/main.xml
2010-03-03,dail,debate,https://data.oireachtas.ie/akn/ie/debateRecord/joint_committee_on_climate_change_and_energy_security/2010-03-03/debate/main,https://data.oireachtas.ie/akn/ie/debateRecord/joint_committee_on_climate_change_and_energy_security/2010-03-03/debate/mul@/main.xml
2010-03-03,dail,debate,https://data.oireachtas.ie/akn/ie/debateRecord/joint_committee_on_the_constitution/2010-03-03/debate/main,https://data.oireachtas.ie/akn/ie/debateRecord/joint_committee_on_the_constitution/2010-03-03/debate/mul@/main.xml
2010-03-03,dail,debate,https://data.oireachtas.ie/akn/ie/debateRecord/joint_committee_on_social_and_family_affairs/2010-03-03/debate/main,https://data.oireachtas.ie/akn/ie/debateRecord/joint_committee_on_social_and_family_affairs/2010-03-03/debate/mul@/main.xml
2010-03-03,dail,debate,https://data.oireachtas.ie/akn/ie/debateRecord/select_committee_on_health_and_children/2010-03-03/debate/main,https://data.oireachtas.ie/akn/ie/debateRecord/select_committee_on_health_and_children/2010-03-03/debate/mul@/main.xml
2010-03-03,dail,debate,https://data.oireachtas.ie/akn/ie/debateRecord/joint_committee_on_communications_energy_and_natural_resources/2010-03-03/debate/main,https://data.oireachtas.ie/akn/ie/debateRecord/joint_committee_on_communications_energy_and_natural_resources/2010-03-03/debate/mul@/main.xml
2010-03-03,seanad,debate,https://data.oireachtas.ie/akn/ie/debateRecord/seanad/2010-03-03/debate/main,https://data.oireachtas.ie/akn/ie/debateRecord/seanad/2010-03-03/debate/mul@/main.xml
2010-03-03,dail,debate,https://data.oireachtas.ie/akn/ie/debateRecord/dail/2010-03-03/debate/main,https://data.oireachtas.ie/akn/ie/debateRecord/dail/2010-03-03/debate/mul@/main.xml
2010-03-02,dail,debate,https://data.oireachtas.ie/akn/ie/debateRecord/joint_committee_on_the_environment_heritage_and_local_government/2010-03-02/debate/main,https://data.oireachtas.ie/akn/ie/debateRecord/joint_committee_on_the_environment_heritage_and_local_government/2010-03-02/debate/mul@/main.xml
2010-03-02,dail,debate,https://data.oireachtas.ie/akn/ie/debateRecord/select_committee_on_health_and_children/2010-03-02/debate/main,https://data.oireachtas.ie/akn/ie/debateRecord/select_committee_on_health_and_children/2010-03-02/debate/mul@/main.xml
2010-03-02,dail,debate,https://data.oireachtas.ie/akn/ie/debateRecord/joint_committee_on_finance_and_the_public_service/2010-03-02/debate/main,https://data.oireachtas.ie/akn/ie/debateRecord/joint_committee_on_finance_and_the_public_service/2010-03-02/debate/mul@/main.xml
2010-03-02,dail,debate,https://data.oireachtas.ie/akn/ie/debateRecord/joint_committee_on_economic_regulatory_affairs/2010-03-02/debate/main,https://data.oireachtas.ie/akn/ie/debateRecord/joint_committee_on_economic_regulatory_affairs/2010-03-02/debate/mul@/main.xml
2010-03-02,dail,debate,https://data.oireachtas.ie/akn/ie/debateRecord/joint_committee_on_european_affairs/2010-03-02/debate/main,https://data.oireachtas.ie/akn/ie/debateRecord/joint_committee_on_european_affairs/2010-03-02/debate/mul@/main.xml
2010-03-02,seanad,debate,https://data.oireachtas.ie/akn/ie/debateRecord/seanad/2010-03-02/debate/main,https://data.oireachtas.ie/akn/ie/debateRecord/seanad/2010-03-02/debate/mul@/main.xml
2010-03-02,dail,debate,https://data.oireachtas.ie/akn/ie/debateRecord/dail/2010-03-02/debate/main,https://data.oireachtas.ie/akn/ie/debateRecord/dail/2010-03-02/debate/mul@/main.xml
2010-02-25,dail,debate,https://data.oireachtas.ie/akn/ie/debateRecord/joint_committee_on_education_and_science/2010-02-25/debate/main,https://data.oireachtas.ie/akn/ie/debateRecord/joint_committee_on_education_and_science/2010-02-25/debate/mul@/main.xml
2010-02-25,dail,debate,https://data.oireachtas.ie/akn/ie/debateRecord/committee_of_public_accounts/2010-02-25/debate/main,https://data.oireachtas.ie/akn/ie/debateRecord/committee_of_public_accounts/2010-02-25/debate/mul@/main.xml
2010-02-25,dail,debate,https://data.oireachtas.ie/akn/ie/debateRecord/joint_committee_on_finance_and_the_public_service/2010-02-25/debate/main,https://data.oireachtas.ie/akn/ie/debateRecord/joint_committee_on_finance_and_the_public_service/2010-02-25/debate/mul@/main.xml
2010-02-25,dail,debate,https://data.oireachtas.ie/akn/ie/debateRecord/select_committee_on_finance_and_the_public_service/2010-02-25/debate/main,https://data.oireachtas.ie/akn/ie/debateRecord/select_committee_on_finance_and_the_public_service/2010-02-25/debate/mul@/main.xml
2010-02-25,seanad,debate,https://data.oireachtas.ie/akn/ie/debateRecord/seanad/2010-02-25/debate/main,https://data.oireachtas.ie/akn/ie/debateRecord/seanad/2010-02-25/debate/mul@/main.xml
2010-02-25,dail,debate,https://data.oireachtas.ie/akn/ie/debateRecord/dail/2010-02-25/debate/main,https://data.oireachtas.ie/akn/ie/debateRecord/dail/2010-02-25/debate/mul@/main.xml
2010-02-24,dail,debate,https://data.oireachtas.ie/akn/ie/debateRecord/joint_committee_on_the_constitution/2010-02-24/debate/main,https://data.oireachtas.ie/akn/ie/debateRecord/joint_committee_on_the_constitution/2010-02-24/debate/mul@/main.xml
2010-02-24,dail,debate,https://data.oireachtas.ie/akn/ie/debateRecord/joint_committee_on_health_and_children/2010-02-24/debate/main,https://data.oireachtas.ie/akn/ie/debateRecord/joint_committee_on_health_and_children/2010-02-24/debate/mul@/main.xml
2010-02-24,dail,debate,https://data.oireachtas.ie/akn/ie/debateRecord/select_committee_on_finance_and_the_public_service/2010-02-24/debate/main,https://data.oireachtas.ie/akn/ie/debateRecord/select_committee_on_finance_and_the_public_service/2010-02-24/debate/mul@/main.xml
2010-02-24,dail,debate,https://data.oireachtas.ie/akn/ie/debateRecord/select_committee_on_communications_energy_and_natural_resources/2010-02-24/debate/main,https://data.oireachtas.ie/akn/ie/debateRecord/select_committee_on_communications_energy_and_natural_resources/2010-02-24/debate/mul@/main.xml
2010-02-24,dail,debate,https://data.oireachtas.ie/akn/ie/debateRecord/joint_committee_on_transport/2010-02-24/debate/main,https://data.oireachtas.ie/akn/ie/debateRecord/joint_committee_on_transport/2010-02-24/debate/mul@/main.xml
2010-02-24,dail,debate,https://data.oireachtas.ie/akn/ie/debateRecord/joint_committee_on_arts_sport_tourism_community_rural_and_gaeltacht_affairs/2010-02-24/debate/main,https://data.oireachtas.ie/akn/ie/debateRecord/joint_committee_on_arts_sport_tourism_community_rural_and_gaeltacht_affairs/2010-02-24/debate/mul@/main.xml
2010-02-24,seanad,debate,https://data.oireachtas.ie/akn/ie/debateRecord/seanad/2010-02-24/debate/main,https://data.oireachtas.ie/akn/ie/debateRecord/seanad/2010-02-24/debate/mul@/main.xml
2010-02-24,dail,debate,https://data.oireachtas.ie/akn/ie/debateRecord/dail/2010-02-24/debate/main,https://data.oireachtas.ie/akn/ie/debateRecord/dail/2010-02-24/debate/mul@/main.xml
2010-02-23,dail,debate,https://data.oireachtas.ie/akn/ie/debateRecord/joint_committee_on_the_environment_heritage_and_local_government/2010-02-23/debate/main,https://data.oireachtas.ie/akn/ie/debateRecord/joint_committee_on_the_environment_heritage_and_local_government/2010-02-23/debate/mul@/main.xml
2010-02-23,dail,debate,https://data.oireachtas.ie/akn/ie/debateRecord/joint_committee_on_european_scrutiny/2010-02-23/debate/main,https://data.oireachtas.ie/akn/ie/debateRecord/joint_committee_on_european_scrutiny/2010-02-23/debate/mul@/main.xml
2010-02-23,dail,debate,https://data.oireachtas.ie/akn/ie/debateRecord/joint_committee_on_economic_regulatory_affairs/2010-02-23/debate/main,https://data.oireachtas.ie/akn/ie/debateRecord/joint_committee_on_economic_regulatory_affairs/2010-02-23/debate/mul@/main.xml
2010-02-23,dail,debate,https://data.oireachtas.ie/akn/ie/debateRecord/select_committee_on_finance_and_the_public_service/2010-02-23/debate/main,https://data.oireachtas.ie/akn/ie/debateRecord/select_committee_on_finance_and_the_public_service/2010-02-23/debate/mul@/main.xml
2010-02-23,dail,debate,https://data.oireachtas.ie/akn/ie/debateRecord/joint_committee_on_health_and_children/2010-02-23/debate/main,https://data.oireachtas.ie/akn/ie/debateRecord/joint_committee_on_health_and_children/2010-02-23/debate/mul@/main.xml
2010-02-23,seanad,debate,https://data.oireachtas.ie/akn/ie/debateRecord/seanad/2010-02-23/debate/main,https://data.oireachtas.ie/akn/ie/debateRecord/seanad/2010-02-23/debate/mul@/main.xml
2010-02-23,dail,debate,https://data.oireachtas.ie/akn/ie/debateRecord/dail/2010-02-23/debate/main,https://data.oireachtas.ie/akn/ie/debateRecord/dail/2010-02-23/debate/mul@/main.xml
2010-02-18,dail,debate,https://data.oireachtas.ie/akn/ie/debateRecord/committee_of_public_accounts/2010-02-18/debate/main,https://data.oireachtas.ie/akn/ie/debateRecord/committee_of_public_accounts/2010-02-18/debate/mul@/main.xml
2010-02-18,seanad,debate,https://data.oireachtas.ie/akn/ie/debateRecord/seanad/2010-02-18/debate/main,https://data.oireachtas.ie/akn/ie/debateRecord/seanad/2010-02-18/debate/mul@/main.xml
2010-02-18,dail,debate,https://data.oireachtas.ie/akn/ie/debateRecord/select_committee_on_health_and_children/2010-02-18/debate/main,https://data.oireachtas.ie/akn/ie/debateRecord/select_committee_on_health_and_children/2010-02-18/debate/mul@/main.xml
2010-02-18,dail,debate,https://data.oireachtas.ie/akn/ie/debateRecord/dail/2010-02-18/debate/main,https://data.oireachtas.ie/akn/ie/debateRecord/dail/2010-02-18/debate/mul@/main.xml
2010-02-17,dail,debate,https://data.oireachtas.ie/akn/ie/debateRecord/joint_committee_on_social_and_family_affairs/2010-02-17/debate/main,https://data.oireachtas.ie/akn/ie/debateRecord/joint_committee_on_social_and_family_affairs/2010-02-17/debate/mul@/main.xml
2010-02-17,dail,debate,https://data.oireachtas.ie/akn/ie/debateRecord/select_committee_on_health_and_children/2010-02-17/debate/main,https://data.oireachtas.ie/akn/ie/debateRecord/select_committee_on_health_and_children/2010-02-17/debate/mul@/main.xml
2010-02-17,dail,debate,https://data.oireachtas.ie/akn/ie/debateRecord/joint_committee_on_justice_equality_defence_and_womens_rights/2010-02-17/debate/main,https://data.oireachtas.ie/akn/ie/debateRecord/joint_committee_on_justice_equality_defence_and_womens_rights/2010-02-17/debate/mul@/main.xml
2010-02-17,dail,debate,https://data.oireachtas.ie/akn/ie/debateRecord/joint_committee_on_european_affairs/2010-02-17/debate/main,https://data.oireachtas.ie/akn/ie/debateRecord/joint_committee_on_european_affairs/2010-02-17/debate/mul@/main.xml
2010-02-17,dail,debate,https://data.oireachtas.ie/akn/ie/debateRecord/joint_administration_committee/2010-02-17/debate/main,https://data.oireachtas.ie/akn/ie/debateRecord/joint_administration_committee/2010-02-17/debate/mul@/main.xml
2010-02-17,dail,debate,https://data.oireachtas.ie/akn/ie/debateRecord/joint_committee_on_arts_sport_tourism_community_rural_and_gaeltacht_affairs/2010-02-17/debate/main,https://data.oireachtas.ie/akn/ie/debateRecord/joint_committee_on_arts_sport_tourism_community_rural_and_gaeltacht_affairs/2010-02-17/debate/mul@/main.xml
2010-02-17,dail,debate,https://data.oireachtas.ie/akn/ie/debateRecord/joint_committee_on_agriculture_fisheries_and_food/2010-02-17/debate/main,https://data.oireachtas.ie/akn/ie/debateRecord/joint_committee_on_agriculture_fisheries_and_food/2010-02-17/debate/mul@/main.xml
2010-02-17,seanad,debate,https://data.oireachtas.ie/akn/ie/debateRecord/seanad/2010-02-17/debate/main,https://data.oireachtas.ie/akn/ie/debateRecord/seanad/2010-02-17/debate/mul@/main.xml
2010-02-17,dail,debate,https://data.oireachtas.ie/akn/ie/debateRecord/dail/2010-02-17/debate/main,https://data.oireachtas.ie/akn/ie/debateRecord/dail/2010-02-17/debate/mul@/main.xml
2010-02-16,dail,debate,https://data.oireachtas.ie/akn/ie/debateRecord/joint_committee_on_enterprise_trade_and_employment/2010-02-16/debate/main,https://data.oireachtas.ie/akn/ie/debateRecord/joint_committee_on_enterprise_trade_and_employment/2010-02-16/debate/mul@/main.xml
2010-02-16,dail,debate,https://data.oireachtas.ie/akn/ie/debateRecord/joint_committee_on_economic_regulatory_affairs/2010-02-16/debate/main,https://data.oireachtas.ie/akn/ie/debateRecord/joint_committee_on_economic_regulatory_affairs/2010-02-16/debate/mul@/main.xml
2010-02-16,dail,debate,https://data.oireachtas.ie/akn/ie/debateRecord/joint_committee_on_the_environment_heritage_and_local_government/2010-02-16/debate/main,https://data.oireachtas.ie/akn/ie/debateRecord/joint_committee_on_the_environment_heritage_and_local_government/2010-02-16/debate/mul@/main.xml
2010-02-16,dail,debate,https://data.oireachtas.ie/akn/ie/debateRecord/dail/2010-02-16/debate/main,https://data.oireachtas.ie/akn/ie/debateRecord/dail/2010-02-16/debate/mul@/main.xml
2010-02-16,seanad,debate,https://data.oireachtas.ie/akn/ie/debateRecord/seanad/2010-02-16/debate/main,https://data.oireachtas.ie/akn/ie/debateRecord/seanad/2010-02-16/debate/mul@/main.xml
2010-02-11,dail,debate,https://data.oireachtas.ie/akn/ie/debateRecord/joint_committee_on_education_and_science/2010-02-11/debate/main,https://data.oireachtas.ie/akn/ie/debateRecord/joint_committee_on_education_and_science/2010-02-11/debate/mul@/main.xml
2010-02-11,dail,debate,https://data.oireachtas.ie/akn/ie/debateRecord/committee_of_public_accounts/2010-02-11/debate/main,https://data.oireachtas.ie/akn/ie/debateRecord/committee_of_public_accounts/2010-02-11/debate/mul@/main.xml
2010-02-11,dail,debate,https://data.oireachtas.ie/akn/ie/debateRecord/joint_committee_on_foreign_affairs/2010-02-11/debate/main,https://data.oireachtas.ie/akn/ie/debateRecord/joint_committee_on_foreign_affairs/2010-02-11/debate/mul@/main.xml
2010-02-11,seanad,debate,https://data.oireachtas.ie/akn/ie/debateRecord/seanad/2010-02-11/debate/main,https://data.oireachtas.ie/akn/ie/debateRecord/seanad/2010-02-11/debate/mul@/main.xml
2010-02-11,dail,debate,https://data.oireachtas.ie/akn/ie/debateRecord/dail/2010-02-11/debate/main,https://data.oireachtas.ie/akn/ie/debateRecord/dail/2010-02-11/debate/mul@/main.xml
2010-02-10,dail,debate,https://data.oireachtas.ie/akn/ie/debateRecord/joint_committee_on_the_constitution/2010-02-10/debate/main,https://data.oireachtas.ie/akn/ie/debateRecord/joint_committee_on_the_constitution/2010-02-10/debate/mul@/main.xml
2010-02-10,dail,debate,https://data.oireachtas.ie/akn/ie/debateRecord/joint_committee_on_arts_sport_tourism_community_rural_and_gaeltacht_affairs/2010-02-10/debate/main,https://data.oireachtas.ie/akn/ie/debateRecord/joint_committee_on_arts_sport_tourism_community_rural_and_gaeltacht_affairs/2010-02-10/debate/mul@/main.xml
2010-02-10,dail,debate,https://data.oireachtas.ie/akn/ie/debateRecord/joint_committee_on_communications_energy_and_natural_resources/2010-02-10/debate/main,https://data.oireachtas.ie/akn/ie/debateRecord/joint_committee_on_communications_energy_and_natural_resources/2010-02-10/debate/mul@/main.xml
2010-02-10,seanad,debate,https://data.oireachtas.ie/akn/ie/debateRecord/seanad/2010-02-10/debate/main,https://data.oireachtas.ie/akn/ie/debateRecord/seanad/2010-02-10/debate/mul@/main.xml
2010-02-10,dail,debate,https://data.oireachtas.ie/akn/ie/debateRecord/dail/2010-02-10/debate/main,https://data.oireachtas.ie/akn/ie/debateRecord/dail/2010-02-10/debate/mul@/main.xml
2010-02-09,dail,debate,https://data.oireachtas.ie/akn/ie/debateRecord/joint_committee_on_european_affairs/2010-02-09/debate/main,https://data.oireachtas.ie/akn/ie/debateRecord/joint_committee_on_european_affairs/2010-02-09/debate/mul@/main.xml
2010-02-09,dail,debate,https://data.oireachtas.ie/akn/ie/debateRecord/joint_committee_on_health_and_children/2010-02-09/debate/main,https://data.oireachtas.ie/akn/ie/debateRecord/joint_committee_on_health_and_children/2010-02-09/debate/mul@/main.xml
2010-02-09,dail,debate,https://data.oireachtas.ie/akn/ie/debateRecord/joint_committee_on_european_scrutiny/2010-02-09/debate/main,https://data.oireachtas.ie/akn/ie/debateRecord/joint_committee_on_european_scrutiny/2010-02-09/debate/mul@/main.xml
2010-02-09,dail,debate,https://data.oireachtas.ie/akn/ie/debateRecord/select_committee_on_the_environment_heritage_and_local_government/2010-02-09/debate/main,https://data.oireachtas.ie/akn/ie/debateRecord/select_committee_on_the_environment_heritage_and_local_government/2010-02-09/debate/mul@/main.xml
2010-02-09,seanad,debate,https://data.oireachtas.ie/akn/ie/debateRecord/seanad/2010-02-09/debate/main,https://data.oireachtas.ie/akn/ie/debateRecord/seanad/2010-02-09/debate/mul@/main.xml
2010-02-09,dail,debate,https://data.oireachtas.ie/akn/ie/debateRecord/dail/2010-02-09/debate/main,https://data.oireachtas.ie/akn/ie/debateRecord/dail/2010-02-09/debate/mul@/main.xml
2010-02-04,dail,debate,https://data.oireachtas.ie/akn/ie/debateRecord/committee_of_public_accounts/2010-02-04/debate/main,https://data.oireachtas.ie/akn/ie/debateRecord/committee_of_public_accounts/2010-02-04/debate/mul@/main.xml
2010-02-04,dail,debate,https://data.oireachtas.ie/akn/ie/debateRecord/joint_committee_on_european_affairs/2010-02-04/debate/main,https://data.oireachtas.ie/akn/ie/debateRecord/joint_committee_on_european_affairs/2010-02-04/debate/mul@/main.xml
2010-02-04,dail,debate,https://data.oireachtas.ie/akn/ie/debateRecord/joint_committee_on_the_implementation_of_the_good_friday_agreement/2010-02-04/debate/main,https://data.oireachtas.ie/akn/ie/debateRecord/joint_committee_on_the_implementation_of_the_good_friday_agreement/2010-02-04/debate/mul@/main.xml
2010-02-04,dail,debate,https://data.oireachtas.ie/akn/ie/debateRecord/joint_committee_on_agriculture_fisheries_and_food/2010-02-04/debate/main,https://data.oireachtas.ie/akn/ie/debateRecord/joint_committee_on_agriculture_fisheries_and_food/2010-02-04/debate/mul@/main.xml
2010-02-04,seanad,debate,https://data.oireachtas.ie/akn/ie/debateRecord/seanad/2010-02-04/debate/main,https://data.oireachtas.ie/akn/ie/debateRecord/seanad/2010-02-04/debate/mul@/main.xml
2010-02-04,dail,debate,https://data.oireachtas.ie/akn/ie/debateRecord/dail/2010-02-04/debate/main,https://data.oireachtas.ie/akn/ie/debateRecord/dail/2010-02-04/debate/mul@/main.xml
2010-02-03,dail,debate,https://data.oireachtas.ie/akn/ie/debateRecord/joint_committee_on_the_environment_heritage_and_local_government/2010-02-03/debate/main,https://data.oireachtas.ie/akn/ie/debateRecord/joint_committee_on_the_environment_heritage_and_local_government/2010-02-03/debate/mul@/main.xml
2010-02-03,dail,debate,https://data.oireachtas.ie/akn/ie/debateRecord/select_committee_on_social_and_family_affairs/2010-02-03/debate/main,https://data.oireachtas.ie/akn/ie/debateRecord/select_committee_on_social_and_family_affairs/2010-02-03/debate/mul@/main.xml
2010-02-03,dail,debate,https://data.oireachtas.ie/akn/ie/debateRecord/joint_committee_on_climate_change_and_energy_security/2010-02-03/debate/main,https://data.oireachtas.ie/akn/ie/debateRecord/joint_committee_on_climate_change_and_energy_security/2010-02-03/debate/mul@/main.xml
2010-02-03,dail,debate,https://data.oireachtas.ie/akn/ie/debateRecord/joint_committee_on_social_and_family_affairs/2010-02-03/debate/main,https://data.oireachtas.ie/akn/ie/debateRecord/joint_committee_on_social_and_family_affairs/2010-02-03/debate/mul@/main.xml
2010-02-03,dail,debate,https://data.oireachtas.ie/akn/ie/debateRecord/joint_committee_on_foreign_affairs/2010-02-03/debate/main,https://data.oireachtas.ie/akn/ie/debateRecord/joint_committee_on_foreign_affairs/2010-02-03/debate/mul@/main.xml
2010-02-03,dail,debate,https://data.oireachtas.ie/akn/ie/debateRecord/dail/2010-02-03/debate/main,https://data.oireachtas.ie/akn/ie/debateRecord/dail/2010-02-03/debate/mul@/main.xml
2010-02-03,seanad,debate,https://data.oireachtas.ie/akn/ie/debateRecord/seanad/2010-02-03/debate/main,https://data.oireachtas.ie/akn/ie/debateRecord/seanad/2010-02-03/debate/mul@/main.xml
2010-02-02,dail,debate,https://data.oireachtas.ie/akn/ie/debateRecord/joint_committee_on_the_constitution/2010-02-02/debate/main,https://data.oireachtas.ie/akn/ie/debateRecord/joint_committee_on_the_constitution/2010-02-02/debate/mul@/main.xml
2010-02-02,dail,debate,https://data.oireachtas.ie/akn/ie/debateRecord/joint_committee_on_economic_regulatory_affairs/2010-02-02/debate/main,https://data.oireachtas.ie/akn/ie/debateRecord/joint_committee_on_economic_regulatory_affairs/2010-02-02/debate/mul@/main.xml
2010-02-02,dail,debate,https://data.oireachtas.ie/akn/ie/debateRecord/joint_committee_on_european_affairs/2010-02-02/debate/main,https://data.oireachtas.ie/akn/ie/debateRecord/joint_committee_on_european_affairs/2010-02-02/debate/mul@/main.xml
2010-02-02,dail,debate,https://data.oireachtas.ie/akn/ie/debateRecord/joint_committee_on_enterprise_trade_and_employment/2010-02-02/debate/main,https://data.oireachtas.ie/akn/ie/debateRecord/joint_committee_on_enterprise_trade_and_employment/2010-02-02/debate/mul@/main.xml
2010-02-02,dail,debate,https://data.oireachtas.ie/akn/ie/debateRecord/joint_committee_on_arts_sport_tourism_community_rural_and_gaeltacht_affairs/2010-02-02/debate/main,https://data.oireachtas.ie/akn/ie/debateRecord/joint_committee_on_arts_sport_tourism_community_rural_and_gaeltacht_affairs/2010-02-02/debate/mul@/main.xml
2010-02-02,seanad,debate,https://data.oireachtas.ie/akn/ie/debateRecord/seanad/2010-02-02/debate/main,https://data.oireachtas.ie/akn/ie/debateRecord/seanad/2010-02-02/debate/mul@/main.xml
2010-02-02,dail,debate,https://data.oireachtas.ie/akn/ie/debateRecord/dail/2010-02-02/debate/main,https://data.oireachtas.ie/akn/ie/debateRecord/dail/2010-02-02/debate/mul@/main.xml
2010-01-28,dail,debate,https://data.oireachtas.ie/akn/ie/debateRecord/committee_of_public_accounts/2010-01-28/debate/main,https://data.oireachtas.ie/akn/ie/debateRecord/committee_of_public_accounts/2010-01-28/debate/mul@/main.xml
2010-01-28,dail,debate,https://data.oireachtas.ie/akn/ie/debateRecord/joint_committee_on_education_and_science/2010-01-28/debate/main,https://data.oireachtas.ie/akn/ie/debateRecord/joint_committee_on_education_and_science/2010-01-28/debate/mul@/main.xml
2010-01-28,dail,debate,https://data.oireachtas.ie/akn/ie/debateRecord/select_committee_on_justice_equality_defence_and_womens_rights/2010-01-28/debate/main,https://data.oireachtas.ie/akn/ie/debateRecord/select_committee_on_justice_equality_defence_and_womens_rights/2010-01-28/debate/mul@/main.xml
2010-01-28,dail,debate,https://data.oireachtas.ie/akn/ie/debateRecord/joint_committee_on_foreign_affairs/2010-01-28/debate/main,https://data.oireachtas.ie/akn/ie/debateRecord/joint_committee_on_foreign_affairs/2010-01-28/debate/mul@/main.xml
2010-01-28,dail,debate,https://data.oireachtas.ie/akn/ie/debateRecord/joint_committee_on_european_scrutiny/2010-01-28/debate/main,https://data.oireachtas.ie/akn/ie/debateRecord/joint_committee_on_european_scrutiny/2010-01-28/debate/mul@/main.xml
2010-01-28,dail,debate,https://data.oireachtas.ie/akn/ie/debateRecord/dail/2010-01-28/debate/main,https://data.oireachtas.ie/akn/ie/debateRecord/dail/2010-01-28/debate/mul@/main.xml
2010-01-28,seanad,debate,https://data.oireachtas.ie/akn/ie/debateRecord/seanad/2010-01-28/debate/main,https://data.oireachtas.ie/akn/ie/debateRecord/seanad/2010-01-28/debate/mul@/main.xml
2010-01-27,dail,debate,https://data.oireachtas.ie/akn/ie/debateRecord/joint_committee_on_agriculture_fisheries_and_food/2010-01-27/debate/main,https://data.oireachtas.ie/akn/ie/debateRecord/joint_committee_on_agriculture_fisheries_and_food/2010-01-27/debate/mul@/main.xml
2010-01-27,dail,debate,https://data.oireachtas.ie/akn/ie/debateRecord/joint_committee_on_the_constitution/2010-01-27/debate/main,https://data.oireachtas.ie/akn/ie/debateRecord/joint_committee_on_the_constitution/2010-01-27/debate/mul@/main.xml
2010-01-27,dail,debate,https://data.oireachtas.ie/akn/ie/debateRecord/joint_committee_on_arts_sport_tourism_community_rural_and_gaeltacht_affairs/2010-01-27/debate/main,https://data.oireachtas.ie/akn/ie/debateRecord/joint_committee_on_arts_sport_tourism_community_rural_and_gaeltacht_affairs/2010-01-27/debate/mul@/main.xml
2010-01-27,dail,debate,https://data.oireachtas.ie/akn/ie/debateRecord/joint_committee_on_communications_energy_and_natural_resources/2010-01-27/debate/main,https://data.oireachtas.ie/akn/ie/debateRecord/joint_committee_on_communications_energy_and_natural_resources/2010-01-27/debate/mul@/main.xml
2010-01-27,dail,debate,https://data.oireachtas.ie/akn/ie/debateRecord/joint_committee_on_justice_equality_defence_and_womens_rights/2010-01-27/debate/main,https://data.oireachtas.ie/akn/ie/debateRecord/joint_committee_on_justice_equality_defence_and_womens_rights/2010-01-27/debate/mul@/main.xml
2010-01-27,seanad,debate,https://data.oireachtas.ie/akn/ie/debateRecord/seanad/2010-01-27/debate/main,https://data.oireachtas.ie/akn/ie/debateRecord/seanad/2010-01-27/debate/mul@/main.xml
2010-01-27,dail,debate,https://data.oireachtas.ie/akn/ie/debateRecord/joint_committee_on_foreign_affairs/2010-01-27/debate/main,https://data.oireachtas.ie/akn/ie/debateRecord/joint_committee_on_foreign_affairs/2010-01-27/debate/mul@/main.xml
2010-01-27,dail,debate,https://data.oireachtas.ie/akn/ie/debateRecord/dail/2010-01-27/debate/main,https://data.oireachtas.ie/akn/ie/debateRecord/dail/2010-01-27/debate/mul@/main.xml
2010-01-26,dail,debate,https://data.oireachtas.ie/akn/ie/debateRecord/joint_committee_on_european_affairs/2010-01-26/debate/main,https://data.oireachtas.ie/akn/ie/debateRecord/joint_committee_on_european_affairs/2010-01-26/debate/mul@/main.xml
2010-01-26,seanad,debate,https://data.oireachtas.ie/akn/ie/debateRecord/seanad/2010-01-26/debate/main,https://data.oireachtas.ie/akn/ie/debateRecord/seanad/2010-01-26/debate/mul@/main.xml
2010-01-26,dail,debate,https://data.oireachtas.ie/akn/ie/debateRecord/dail/2010-01-26/debate/main,https://data.oireachtas.ie/akn/ie/debateRecord/dail/2010-01-26/debate/mul@/main.xml
2010-01-22,dail,debate,https://data.oireachtas.ie/akn/ie/debateRecord/joint_committee_on_european_affairs/2010-01-22/debate/main,https://data.oireachtas.ie/akn/ie/debateRecord/joint_committee_on_european_affairs/2010-01-22/debate/mul@/main.xml
2010-01-21,dail,debate,https://data.oireachtas.ie/akn/ie/debateRecord/joint_committee_on_european_affairs/2010-01-21/debate/main,https://data.oireachtas.ie/akn/ie/debateRecord/joint_committee_on_european_affairs/2010-01-21/debate/mul@/main.xml
2010-01-21,dail,debate,https://data.oireachtas.ie/akn/ie/debateRecord/committee_of_public_accounts/2010-01-21/debate/main,https://data.oireachtas.ie/akn/ie/debateRecord/committee_of_public_accounts/2010-01-21/debate/mul@/main.xml
2010-01-21,seanad,debate,https://data.oireachtas.ie/akn/ie/debateRecord/seanad/2010-01-21/debate/main,https://data.oireachtas.ie/akn/ie/debateRecord/seanad/2010-01-21/debate/mul@/main.xml
2010-01-21,dail,debate,https://data.oireachtas.ie/akn/ie/debateRecord/dail/2010-01-21/debate/main,https://data.oireachtas.ie/akn/ie/debateRecord/dail/2010-01-21/debate/mul@/main.xml
2010-01-20,dail,debate,https://data.oireachtas.ie/akn/ie/debateRecord/joint_committee_on_social_and_family_affairs/2010-01-20/debate/main,https://data.oireachtas.ie/akn/ie/debateRecord/joint_committee_on_social_and_family_affairs/2010-01-20/debate/mul@/main.xml
2010-01-20,dail,debate,https://data.oireachtas.ie/akn/ie/debateRecord/joint_committee_on_climate_change_and_energy_security/2010-01-20/debate/main,https://data.oireachtas.ie/akn/ie/debateRecord/joint_committee_on_climate_change_and_energy_security/2010-01-20/debate/mul@/main.xml
2010-01-20,dail,debate,https://data.oireachtas.ie/akn/ie/debateRecord/joint_committee_on_arts_sport_tourism_community_rural_and_gaeltacht_affairs/2010-01-20/debate/main,https://data.oireachtas.ie/akn/ie/debateRecord/joint_committee_on_arts_sport_tourism_community_rural_and_gaeltacht_affairs/2010-01-20/debate/mul@/main.xml
2010-01-20,dail,debate,https://data.oireachtas.ie/akn/ie/debateRecord/joint_committee_on_transport/2010-01-20/debate/main,https://data.oireachtas.ie/akn/ie/debateRecord/joint_committee_on_transport/2010-01-20/debate/mul@/main.xml
2010-01-20,dail,debate,https://data.oireachtas.ie/akn/ie/debateRecord/joint_committee_on_agriculture_fisheries_and_food/2010-01-20/debate/main,https://data.oireachtas.ie/akn/ie/debateRecord/joint_committee_on_agriculture_fisheries_and_food/2010-01-20/debate/mul@/main.xml
2010-01-20,seanad,debate,https://data.oireachtas.ie/akn/ie/debateRecord/seanad/2010-01-20/debate/main,https://data.oireachtas.ie/akn/ie/debateRecord/seanad/2010-01-20/debate/mul@/main.xml
2010-01-20,dail,debate,https://data.oireachtas.ie/akn/ie/debateRecord/dail/2010-01-20/debate/main,https://data.oireachtas.ie/akn/ie/debateRecord/dail/2010-01-20/debate/mul@/main.xml
2010-01-19,dail,debate,https://data.oireachtas.ie/akn/ie/debateRecord/joint_committee_on_the_environment_heritage_and_local_government/2010-01-19/debate/main,https://data.oireachtas.ie/akn/ie/debateRecord/joint_committee_on_the_environment_heritage_and_local_government/2010-01-19/debate/mul@/main.xml
2010-01-19,dail,debate,https://data.oireachtas.ie/akn/ie/debateRecord/joint_committee_on_economic_regulatory_affairs/2010-01-19/debate/main,https://data.oireachtas.ie/akn/ie/debateRecord/joint_committee_on_economic_regulatory_affairs/2010-01-19/debate/mul@/main.xml
2010-01-19,dail,debate,https://data.oireachtas.ie/akn/ie/debateRecord/joint_committee_on_enterprise_trade_and_employment/2010-01-19/debate/main,https://data.oireachtas.ie/akn/ie/debateRecord/joint_committee_on_enterprise_trade_and_employment/2010-01-19/debate/mul@/main.xml
2010-01-19,dail,debate,https://data.oireachtas.ie/akn/ie/debateRecord/dail/2010-01-19/debate/main,https://data.oireachtas.ie/akn/ie/debateRecord/dail/2010-01-19/debate/mul@/main.xml
2010-01-14,dail,debate,https://data.oireachtas.ie/akn/ie/debateRecord/select_committee_on_justice_equality_defence_and_womens_rights/2010-01-14/debate/main,https://data.oireachtas.ie/akn/ie/debateRecord/select_committee_on_justice_equality_defence_and_womens_rights/2010-01-14/debate/mul@/main.xml
2010-01-13,dail,debate,https://data.oireachtas.ie/akn/ie/debateRecord/joint_committee_on_justice_equality_defence_and_womens_rights/2010-01-13/debate/main,https://data.oireachtas.ie/akn/ie/debateRecord/joint_committee_on_justice_equality_defence_and_womens_rights/2010-01-13/debate/mul@/main.xml
2010-01-13,dail,debate,https://data.oireachtas.ie/akn/ie/debateRecord/joint_committee_on_agriculture_fisheries_and_food/2010-01-13/debate/main,https://data.oireachtas.ie/akn/ie/debateRecord/joint_committee_on_agriculture_fisheries_and_food/2010-01-13/debate/mul@/main.xml
2010-01-13,dail,debate,https://data.oireachtas.ie/akn/ie/debateRecord/joint_committee_on_the_constitution/2010-01-13/debate/main,https://data.oireachtas.ie/akn/ie/debateRecord/joint_committee_on_the_constitution/2010-01-13/debate/mul@/main.xml
2010-01-13,dail,debate,https://data.oireachtas.ie/akn/ie/debateRecord/joint_committee_on_transport/2010-01-13/debate/main,https://data.oireachtas.ie/akn/ie/debateRecord/joint_committee_on_transport/2010-01-13/debate/mul@/main.xml
2010-01-12,dail,debate,https://data.oireachtas.ie/akn/ie/debateRecord/joint_committee_on_european_scrutiny/2010-01-12/debate/main,https://data.oireachtas.ie/akn/ie/debateRecord/joint_committee_on_european_scrutiny/2010-01-12/debate/mul@/main.xml
2010-01-12,dail,debate,https://data.oireachtas.ie/akn/ie/debateRecord/joint_committee_on_the_environment_heritage_and_local_government/2010-01-12/debate/main,https://data.oireachtas.ie/akn/ie/debateRecord/joint_committee_on_the_environment_heritage_and_local_government/2010-01-12/debate/mul@/main.xml
2010-01-12,dail,debate,https://data.oireachtas.ie/akn/ie/debateRecord/joint_committee_on_european_affairs/2010-01-12/debate/main,https://data.oireachtas.ie/akn/ie/debateRecord/joint_committee_on_european_affairs/2010-01-12/debate/mul@/main.xml
