date,house,debateType,debate_uri,xml_uri
2019-12-18,dail,debate,https://data.oireachtas.ie/akn/ie/debateRecord/joint_committee_on_climate_action/2019-12-18/debate/main,https://data.oireachtas.ie/akn/ie/debateRecord/joint_committee_on_climate_action/2019-12-18/debate/mul@/main.xml
2019-12-18,dail,debate,https://data.oireachtas.ie/akn/ie/debateRecord/joint_committee_on_children_and_youth_affairs/2019-12-18/debate/main,https://data.oireachtas.ie/akn/ie/debateRecord/joint_committee_on_children_and_youth_affairs/2019-12-18/debate/mul@/main.xml
2019-12-18,dail,debate,https://data.oireachtas.ie/akn/ie/debateRecord/joint_committee_on_health/2019-12-18/debate/main,https://data.oireachtas.ie/akn/ie/debateRecord/joint_committee_on_health/2019-12-18/debate/mul@/main.xml
2019-12-18,dail,debate,https://data.oireachtas.ie/akn/ie/debateRecord/joint_committee_on_justice_and_equality/2019-12-18/debate/main,https://data.oireachtas.ie/akn/ie/debateRecord/joint_committee_on_justice_and_equality/2019-12-18/debate/mul@/main.xml
2019-12-18,dail,debate,https://data.oireachtas.ie/akn/ie/debateRecord/joint_committee_on_transport_tourism_and_sport/2019-12-18/debate/main,https://data.oireachtas.ie/akn/ie/debateRecord/joint_committee_on_transport_tourism_and_sport/2019-12-18/debate/mul@/main.xml
2019-12-18,seanad,debate,https://data.oireachtas.ie/akn/ie/debateRecord/seanad/2019-12-18/debate/main,https://data.oireachtas.ie/akn/ie/debateRecord/seanad/2019-12-18/debate/mul@/main.xml
2019-12-18,dail,debate,https://data.oireachtas.ie/akn/ie/debateRecord/dail/2019-12-18/debate/main,https://data.oireachtas.ie/akn/ie/debateRecord/dail/2019-12-18/debate/mul@/main.xml
2019-12-17,dail,debate,https://data.oireachtas.ie/akn/ie/debateRecord/joint_committee_on_agriculture_food_and_the_marine/2019-12-17/debate/main,https://data.oireachtas.ie/akn/ie/debateRecord/joint_committee_on_agriculture_food_and_the_marine/2019-12-17/debate/mul@/main.xml
2019-12-17,dail,debate,https://data.oireachtas.ie/akn/ie/debateRecord/joint_committee_on_education_and_skills/2019-12-17/debate/main,https://data.oireachtas.ie/akn/ie/debateRecord/joint_committee_on_education_and_skills/2019-12-17/debate/mul@/main.xml
2019-12-17,dail,debate,https://data.oireachtas.ie/akn/ie/debateRecord/joint_committee_on_foreign_affairs_and_trade_and_defence/2019-12-17/debate/main,https://data.oireachtas.ie/akn/ie/debateRecord/joint_committee_on_foreign_affairs_and_trade_and_defence/2019-12-17/debate/mul@/main.xml
2019-12-17,dail,debate,https://data.oireachtas.ie/akn/ie/debateRecord/joint_committee_on_health/2019-12-17/debate/main,https://data.oireachtas.ie/akn/ie/debateRecord/joint_committee_on_health/2019-12-17/debate/mul@/main.xml
2019-12-17,dail,debate,https://data.oireachtas.ie/akn/ie/debateRecord/comhchoiste_na_gaeilge_na_gaeltachta_agus_na_noilean/2019-12-17/debate/main,https://data.oireachtas.ie/akn/ie/debateRecord/comhchoiste_na_gaeilge_na_gaeltachta_agus_na_noilean/2019-12-17/debate/mul@/main.xml
2019-12-17,dail,debate,https://data.oireachtas.ie/akn/ie/debateRecord/joint_committee_on_key_issues_affecting_the_traveller_community/2019-12-17/debate/main,https://data.oireachtas.ie/akn/ie/debateRecord/joint_committee_on_key_issues_affecting_the_traveller_community/2019-12-17/debate/mul@/main.xml
2019-12-17,seanad,debate,https://data.oireachtas.ie/akn/ie/debateRecord/seanad/2019-12-17/debate/main,https://data.oireachtas.ie/akn/ie/debateRecord/seanad/2019-12-17/debate/mul@/main.xml
2019-12-17,dail,debate,https://data.oireachtas.ie/akn/ie/debateRecord/dail/2019-12-17/debate/main,https://data.oireachtas.ie/akn/ie/debateRecord/dail/2019-12-17/debate/mul@/main.xml
2019-12-12,dail,debate,https://data.oireachtas.ie/akn/ie/debateRecord/committee_of_public_accounts/2019-12-12/debate/main,https://data.oireachtas.ie/akn/ie/debateRecord/committee_of_public_accounts/2019-12-12/debate/mul@/main.xml
2019-12-12,dail,debate,https://data.oireachtas.ie/akn/ie/debateRecord/select_committee_on_education_and_skills/2019-12-12/debate/main,https://data.oireachtas.ie/akn/ie/debateRecord/select_committee_on_education_and_skills/2019-12-12/debate/mul@/main.xml
2019-12-12,dail,debate,https://data.oireachtas.ie/akn/ie/debateRecord/select_committee_on_foreign_affairs_and_trade_and_defence/2019-12-12/debate/main,https://data.oireachtas.ie/akn/ie/debateRecord/select_committee_on_foreign_affairs_and_trade_and_defence/2019-12-12/debate/mul@/main.xml
2019-12-12,dail,debate,https://data.oireachtas.ie/akn/ie/debateRecord/select_committee_on_finance_public_expenditure_and_reform_and_taoiseach/2019-12-12/debate/main,https://data.oireachtas.ie/akn/ie/debateRecord/select_committee_on_finance_public_expenditure_and_reform_and_taoiseach/2019-12-12/debate/mul@/main.xml
2019-12-12,dail,debate,https://data.oireachtas.ie/akn/ie/debateRecord/joint_committee_on_housing_planning_and_local_government/2019-12-12/debate/main,https://data.oireachtas.ie/akn/ie/debateRecord/joint_committee_on_housing_planning_and_local_government/2019-12-12/debate/mul@/main.xml
2019-12-12,seanad,debate,https://data.oireachtas.ie/akn/ie/debateRecord/seanad/2019-12-12/debate/main,https://data.oireachtas.ie/akn/ie/debateRecord/seanad/2019-12-12/debate/mul@/main.xml
2019-12-12,dail,debate,https://data.oireachtas.ie/akn/ie/debateRecord/dail/2019-12-12/debate/main,https://data.oireachtas.ie/akn/ie/debateRecord/dail/2019-12-12/debate/mul@/main.xml
2019-12-11,seanad,debate,https://data.oireachtas.ie/akn/ie/debateRecord/seanad/2019-12-11/debate/main,https://data.oireachtas.ie/akn/ie/debateRecord/seanad/2019-12-11/debate/mul@/main.xml
2019-12-11,dail,debate,https://data.oireachtas.ie/akn/ie/debateRecord/select_committee_on_business_enterprise_and_innovation/2019-12-11/debate/main,https://data.oireachtas.ie/akn/ie/debateRecord/select_committee_on_business_enterprise_and_innovation/2019-12-11/debate/mul@/main.xml
2019-12-11,dail,debate,https://data.oireachtas.ie/akn/ie/debateRecord/joint_committee_on_justice_and_equality/2019-12-11/debate/main,https://data.oireachtas.ie/akn/ie/debateRecord/joint_committee_on_justice_and_equality/2019-12-11/debate/mul@/main.xml
2019-12-11,dail,debate,https://data.oireachtas.ie/akn/ie/debateRecord/joint_committee_on_culture_heritage_and_the_gaeltacht/2019-12-11/debate/main,https://data.oireachtas.ie/akn/ie/debateRecord/joint_committee_on_culture_heritage_and_the_gaeltacht/2019-12-11/debate/mul@/main.xml
2019-12-11,dail,debate,https://data.oireachtas.ie/akn/ie/debateRecord/joint_committee_on_transport_tourism_and_sport/2019-12-11/debate/main,https://data.oireachtas.ie/akn/ie/debateRecord/joint_committee_on_transport_tourism_and_sport/2019-12-11/debate/mul@/main.xml
2019-12-11,dail,debate,https://data.oireachtas.ie/akn/ie/debateRecord/joint_committee_on_climate_action/2019-12-11/debate/main,https://data.oireachtas.ie/akn/ie/debateRecord/joint_committee_on_climate_action/2019-12-11/debate/mul@/main.xml
2019-12-11,dail,debate,https://data.oireachtas.ie/akn/ie/debateRecord/joint_committee_on_health/2019-12-11/debate/main,https://data.oireachtas.ie/akn/ie/debateRecord/joint_committee_on_health/2019-12-11/debate/mul@/main.xml
2019-12-11,dail,debate,https://data.oireachtas.ie/akn/ie/debateRecord/dail/2019-12-11/debate/main,https://data.oireachtas.ie/akn/ie/debateRecord/dail/2019-12-11/debate/mul@/main.xml
2019-12-10,seanad,debate,https://data.oireachtas.ie/akn/ie/debateRecord/seanad/2019-12-10/debate/main,https://data.oireachtas.ie/akn/ie/debateRecord/seanad/2019-12-10/debate/mul@/main.xml
2019-12-10,dail,debate,https://data.oireachtas.ie/akn/ie/debateRecord/joint_committee_on_agriculture_food_and_the_marine/2019-12-10/debate/main,https://data.oireachtas.ie/akn/ie/debateRecord/joint_committee_on_agriculture_food_and_the_marine/2019-12-10/debate/mul@/main.xml
2019-12-10,dail,debate,https://data.oireachtas.ie/akn/ie/debateRecord/select_committee_on_agriculture_food_and_the_marine/2019-12-10/debate/main,https://data.oireachtas.ie/akn/ie/debateRecord/select_committee_on_agriculture_food_and_the_marine/2019-12-10/debate/mul@/main.xml
2019-12-10,dail,debate,https://data.oireachtas.ie/akn/ie/debateRecord/joint_committee_on_communications_climate_action_and_environment/2019-12-10/debate/main,https://data.oireachtas.ie/akn/ie/debateRecord/joint_committee_on_communications_climate_action_and_environment/2019-12-10/debate/mul@/main.xml
2019-12-10,dail,debate,https://data.oireachtas.ie/akn/ie/debateRecord/select_committee_on_finance_public_expenditure_and_reform_and_taoiseach/2019-12-10/debate/main,https://data.oireachtas.ie/akn/ie/debateRecord/select_committee_on_finance_public_expenditure_and_reform_and_taoiseach/2019-12-10/debate/mul@/main.xml
2019-12-10,dail,debate,https://data.oireachtas.ie/akn/ie/debateRecord/joint_committee_on_key_issues_affecting_the_traveller_community/2019-12-10/debate/main,https://data.oireachtas.ie/akn/ie/debateRecord/joint_committee_on_key_issues_affecting_the_traveller_community/2019-12-10/debate/mul@/main.xml
2019-12-10,dail,debate,https://data.oireachtas.ie/akn/ie/debateRecord/dail/2019-12-10/debate/main,https://data.oireachtas.ie/akn/ie/debateRecord/dail/2019-12-10/debate/mul@/main.xml
2019-12-05,dail,debate,https://data.oireachtas.ie/akn/ie/debateRecord/committee_of_public_accounts/2019-12-05/debate/main,https://data.oireachtas.ie/akn/ie/debateRecord/committee_of_public_accounts/2019-12-05/debate/mul@/main.xml
2019-12-05,dail,debate,https://data.oireachtas.ie/akn/ie/debateRecord/joint_committee_on_education_and_skills/2019-12-05/debate/main,https://data.oireachtas.ie/akn/ie/debateRecord/joint_committee_on_education_and_skills/2019-12-05/debate/mul@/main.xml
2019-12-05,dail,debate,https://data.oireachtas.ie/akn/ie/debateRecord/joint_committee_on_finance_public_expenditure_and_reform_and_taoiseach/2019-12-05/debate/main,https://data.oireachtas.ie/akn/ie/debateRecord/joint_committee_on_finance_public_expenditure_and_reform_and_taoiseach/2019-12-05/debate/mul@/main.xml
2019-12-05,dail,debate,https://data.oireachtas.ie/akn/ie/debateRecord/joint_committee_on_housing_planning_and_local_government/2019-12-05/debate/main,https://data.oireachtas.ie/akn/ie/debateRecord/joint_committee_on_housing_planning_and_local_government/2019-12-05/debate/mul@/main.xml
2019-12-05,dail,debate,https://data.oireachtas.ie/akn/ie/debateRecord/joint_committee_on_employment_affairs_and_social_protection/2019-12-05/debate/main,https://data.oireachtas.ie/akn/ie/debateRecord/joint_committee_on_employment_affairs_and_social_protection/2019-12-05/debate/mul@/main.xml
2019-12-05,dail,debate,https://data.oireachtas.ie/akn/ie/debateRecord/dail/2019-12-05/debate/main,https://data.oireachtas.ie/akn/ie/debateRecord/dail/2019-12-05/debate/mul@/main.xml
2019-12-05,seanad,debate,https://data.oireachtas.ie/akn/ie/debateRecord/seanad/2019-12-05/debate/main,https://data.oireachtas.ie/akn/ie/debateRecord/seanad/2019-12-05/debate/mul@/main.xml
2019-12-04,dail,debate,https://data.oireachtas.ie/akn/ie/debateRecord/joint_committee_on_climate_action/2019-12-04/debate/main,https://data.oireachtas.ie/akn/ie/debateRecord/joint_committee_on_climate_action/2019-12-04/debate/mul@/main.xml
2019-12-04,dail,debate,https://data.oireachtas.ie/akn/ie/debateRecord/committee_on_budgetary_oversight/2019-12-04/debate/main,https://data.oireachtas.ie/akn/ie/debateRecord/committee_on_budgetary_oversight/2019-12-04/debate/mul@/main.xml
2019-12-04,dail,debate,https://data.oireachtas.ie/akn/ie/debateRecord/committee_on_public_petitions/2019-12-04/debate/main,https://data.oireachtas.ie/akn/ie/debateRecord/committee_on_public_petitions/2019-12-04/debate/mul@/main.xml
2019-12-04,dail,debate,https://data.oireachtas.ie/akn/ie/debateRecord/joint_committee_on_children_and_youth_affairs/2019-12-04/debate/main,https://data.oireachtas.ie/akn/ie/debateRecord/joint_committee_on_children_and_youth_affairs/2019-12-04/debate/mul@/main.xml
2019-12-04,dail,debate,https://data.oireachtas.ie/akn/ie/debateRecord/joint_committee_on_health/2019-12-04/debate/main,https://data.oireachtas.ie/akn/ie/debateRecord/joint_committee_on_health/2019-12-04/debate/mul@/main.xml
2019-12-04,dail,debate,https://data.oireachtas.ie/akn/ie/debateRecord/select_committee_on_health/2019-12-04/debate/main,https://data.oireachtas.ie/akn/ie/debateRecord/select_committee_on_health/2019-12-04/debate/mul@/main.xml
2019-12-04,dail,debate,https://data.oireachtas.ie/akn/ie/debateRecord/joint_committee_on_justice_and_equality/2019-12-04/debate/main,https://data.oireachtas.ie/akn/ie/debateRecord/joint_committee_on_justice_and_equality/2019-12-04/debate/mul@/main.xml
2019-12-04,dail,debate,https://data.oireachtas.ie/akn/ie/debateRecord/select_committee_on_justice_and_equality/2019-12-04/debate/main,https://data.oireachtas.ie/akn/ie/debateRecord/select_committee_on_justice_and_equality/2019-12-04/debate/mul@/main.xml
2019-12-04,dail,debate,https://data.oireachtas.ie/akn/ie/debateRecord/dail/2019-12-04/debate/main,https://data.oireachtas.ie/akn/ie/debateRecord/dail/2019-12-04/debate/mul@/main.xml
2019-12-04,dail,debate,https://data.oireachtas.ie/akn/ie/debateRecord/select_committee_on_transport_tourism_and_sport/2019-12-04/debate/main,https://data.oireachtas.ie/akn/ie/debateRecord/select_committee_on_transport_tourism_and_sport/2019-12-04/debate/mul@/main.xml
2019-12-04,seanad,debate,https://data.oireachtas.ie/akn/ie/debateRecord/seanad/2019-12-04/debate/main,https://data.oireachtas.ie/akn/ie/debateRecord/seanad/2019-12-04/debate/mul@/main.xml
2019-12-03,dail,debate,https://data.oireachtas.ie/akn/ie/debateRecord/dail/2019-12-03/debate/main,https://data.oireachtas.ie/akn/ie/debateRecord/dail/2019-12-03/debate/mul@/main.xml
2019-12-03,dail,debate,https://data.oireachtas.ie/akn/ie/debateRecord/joint_committee_on_agriculture_food_and_the_marine/2019-12-03/debate/main,https://data.oireachtas.ie/akn/ie/debateRecord/joint_committee_on_agriculture_food_and_the_marine/2019-12-03/debate/mul@/main.xml
2019-12-03,dail,debate,https://data.oireachtas.ie/akn/ie/debateRecord/joint_committee_on_communications_climate_action_and_environment/2019-12-03/debate/main,https://data.oireachtas.ie/akn/ie/debateRecord/joint_committee_on_communications_climate_action_and_environment/2019-12-03/debate/mul@/main.xml
2019-12-03,dail,debate,https://data.oireachtas.ie/akn/ie/debateRecord/select_committee_on_children_and_youth_affairs/2019-12-03/debate/main,https://data.oireachtas.ie/akn/ie/debateRecord/select_committee_on_children_and_youth_affairs/2019-12-03/debate/mul@/main.xml
2019-12-03,dail,debate,https://data.oireachtas.ie/akn/ie/debateRecord/joint_committee_on_finance_public_expenditure_and_reform_and_taoiseach/2019-12-03/debate/main,https://data.oireachtas.ie/akn/ie/debateRecord/joint_committee_on_finance_public_expenditure_and_reform_and_taoiseach/2019-12-03/debate/mul@/main.xml
2019-12-03,dail,debate,https://data.oireachtas.ie/akn/ie/debateRecord/joint_committee_on_key_issues_affecting_the_traveller_community/2019-12-03/debate/main,https://data.oireachtas.ie/akn/ie/debateRecord/joint_committee_on_key_issues_affecting_the_traveller_community/2019-12-03/debate/mul@/main.xml
2019-12-03,dail,debate,https://data.oireachtas.ie/akn/ie/debateRecord/comhchoiste_na_gaeilge_na_gaeltachta_agus_na_noilean/2019-12-03/debate/main,https://data.oireachtas.ie/akn/ie/debateRecord/comhchoiste_na_gaeilge_na_gaeltachta_agus_na_noilean/2019-12-03/debate/mul@/main.xml
2019-12-03,seanad,debate,https://data.oireachtas.ie/akn/ie/debateRecord/seanad/2019-12-03/debate/main,https://data.oireachtas.ie/akn/ie/debateRecord/seanad/2019-12-03/debate/mul@/main.xml
2019-11-28,dail,debate,https://data.oireachtas.ie/akn/ie/debateRecord/joint_committee_on_foreign_affairs_and_trade_and_defence/2019-11-28/debate/main,https://data.oireachtas.ie/akn/ie/debateRecord/joint_committee_on_foreign_affairs_and_trade_and_defence/2019-11-28/debate/mul@/main.xml
2019-11-28,dail,debate,https://data.oireachtas.ie/akn/ie/debateRecord/select_committee_on_foreign_affairs_and_trade_and_defence/2019-11-28/debate/main,https://data.oireachtas.ie/akn/ie/debateRecord/select_committee_on_foreign_affairs_and_trade_and_defence/2019-11-28/debate/mul@/main.xml
2019-11-28,dail,debate,https://data.oireachtas.ie/akn/ie/debateRecord/joint_committee_on_finance_public_expenditure_and_reform_and_taoiseach/2019-11-28/debate/main,https://data.oireachtas.ie/akn/ie/debateRecord/joint_committee_on_finance_public_expenditure_and_reform_and_taoiseach/2019-11-28/debate/mul@/main.xml
2019-11-28,dail,debate,https://data.oireachtas.ie/akn/ie/debateRecord/committee_of_public_accounts/2019-11-28/debate/main,https://data.oireachtas.ie/akn/ie/debateRecord/committee_of_public_accounts/2019-11-28/debate/mul@/main.xml
2019-11-28,dail,debate,https://data.oireachtas.ie/akn/ie/debateRecord/dail/2019-11-28/debate/main,https://data.oireachtas.ie/akn/ie/debateRecord/dail/2019-11-28/debate/mul@/main.xml
2019-11-28,dail,debate,https://data.oireachtas.ie/akn/ie/debateRecord/select_committee_on_employment_affairs_and_social_protection/2019-11-28/debate/main,https://data.oireachtas.ie/akn/ie/debateRecord/select_committee_on_employment_affairs_and_social_protection/2019-11-28/debate/mul@/main.xml
2019-11-28,seanad,debate,https://data.oireachtas.ie/akn/ie/debateRecord/seanad/2019-11-28/debate/main,https://data.oireachtas.ie/akn/ie/debateRecord/seanad/2019-11-28/debate/mul@/main.xml
2019-11-27,dail,debate,https://data.oireachtas.ie/akn/ie/debateRecord/dail/2019-11-27/debate/main,https://data.oireachtas.ie/akn/ie/debateRecord/dail/2019-11-27/debate/mul@/main.xml
2019-11-27,dail,debate,https://data.oireachtas.ie/akn/ie/debateRecord/joint_committee_on_climate_action/2019-11-27/debate/main,https://data.oireachtas.ie/akn/ie/debateRecord/joint_committee_on_climate_action/2019-11-27/debate/mul@/main.xml
2019-11-27,dail,debate,https://data.oireachtas.ie/akn/ie/debateRecord/joint_committee_on_health/2019-11-27/debate/main,https://data.oireachtas.ie/akn/ie/debateRecord/joint_committee_on_health/2019-11-27/debate/mul@/main.xml
2019-11-27,dail,debate,https://data.oireachtas.ie/akn/ie/debateRecord/joint_committee_on_housing_planning_and_local_government/2019-11-27/debate/main,https://data.oireachtas.ie/akn/ie/debateRecord/joint_committee_on_housing_planning_and_local_government/2019-11-27/debate/mul@/main.xml
2019-11-27,dail,debate,https://data.oireachtas.ie/akn/ie/debateRecord/select_committee_on_housing_planning_and_local_government/2019-11-27/debate/main,https://data.oireachtas.ie/akn/ie/debateRecord/select_committee_on_housing_planning_and_local_government/2019-11-27/debate/mul@/main.xml
2019-11-27,dail,debate,https://data.oireachtas.ie/akn/ie/debateRecord/joint_committee_on_justice_and_equality/2019-11-27/debate/main,https://data.oireachtas.ie/akn/ie/debateRecord/joint_committee_on_justice_and_equality/2019-11-27/debate/mul@/main.xml
2019-11-27,dail,debate,https://data.oireachtas.ie/akn/ie/debateRecord/joint_committee_on_rural_and_community_development/2019-11-27/debate/main,https://data.oireachtas.ie/akn/ie/debateRecord/joint_committee_on_rural_and_community_development/2019-11-27/debate/mul@/main.xml
2019-11-27,dail,debate,https://data.oireachtas.ie/akn/ie/debateRecord/joint_committee_on_culture_heritage_and_the_gaeltacht/2019-11-27/debate/main,https://data.oireachtas.ie/akn/ie/debateRecord/joint_committee_on_culture_heritage_and_the_gaeltacht/2019-11-27/debate/mul@/main.xml
2019-11-27,dail,debate,https://data.oireachtas.ie/akn/ie/debateRecord/joint_committee_on_transport_tourism_and_sport/2019-11-27/debate/main,https://data.oireachtas.ie/akn/ie/debateRecord/joint_committee_on_transport_tourism_and_sport/2019-11-27/debate/mul@/main.xml
2019-11-27,seanad,debate,https://data.oireachtas.ie/akn/ie/debateRecord/seanad/2019-11-27/debate/main,https://data.oireachtas.ie/akn/ie/debateRecord/seanad/2019-11-27/debate/mul@/main.xml
2019-11-26,dail,debate,https://data.oireachtas.ie/akn/ie/debateRecord/joint_committee_on_agriculture_food_and_the_marine/2019-11-26/debate/main,https://data.oireachtas.ie/akn/ie/debateRecord/joint_committee_on_agriculture_food_and_the_marine/2019-11-26/debate/mul@/main.xml
2019-11-26,dail,debate,https://data.oireachtas.ie/akn/ie/debateRecord/select_committee_on_communications_climate_action_and_environment/2019-11-26/debate/main,https://data.oireachtas.ie/akn/ie/debateRecord/select_committee_on_communications_climate_action_and_environment/2019-11-26/debate/mul@/main.xml
2019-11-26,dail,debate,https://data.oireachtas.ie/akn/ie/debateRecord/joint_committee_on_communications_climate_action_and_environment/2019-11-26/debate/main,https://data.oireachtas.ie/akn/ie/debateRecord/joint_committee_on_communications_climate_action_and_environment/2019-11-26/debate/mul@/main.xml
2019-11-26,dail,debate,https://data.oireachtas.ie/akn/ie/debateRecord/joint_committee_on_education_and_skills/2019-11-26/debate/main,https://data.oireachtas.ie/akn/ie/debateRecord/joint_committee_on_education_and_skills/2019-11-26/debate/mul@/main.xml
2019-11-26,dail,debate,https://data.oireachtas.ie/akn/ie/debateRecord/select_committee_on_finance_public_expenditure_and_reform_and_taoiseach/2019-11-26/debate/main,https://data.oireachtas.ie/akn/ie/debateRecord/select_committee_on_finance_public_expenditure_and_reform_and_taoiseach/2019-11-26/debate/mul@/main.xml
2019-11-26,dail,debate,https://data.oireachtas.ie/akn/ie/debateRecord/joint_committee_on_business_enterprise_and_innovation/2019-11-26/debate/main,https://data.oireachtas.ie/akn/ie/debateRecord/joint_committee_on_business_enterprise_and_innovation/2019-11-26/debate/mul@/main.xml
2019-11-26,dail,debate,https://data.oireachtas.ie/akn/ie/debateRecord/joint_committee_on_key_issues_affecting_the_traveller_community/2019-11-26/debate/main,https://data.oireachtas.ie/akn/ie/debateRecord/joint_committee_on_key_issues_affecting_the_traveller_community/2019-11-26/debate/mul@/main.xml
2019-11-26,dail,debate,https://data.oireachtas.ie/akn/ie/debateRecord/dail/2019-11-26/debate/main,https://data.oireachtas.ie/akn/ie/debateRecord/dail/2019-11-26/debate/mul@/main.xml
2019-11-26,seanad,debate,https://data.oireachtas.ie/akn/ie/debateRecord/seanad/2019-11-26/debate/main,https://data.oireachtas.ie/akn/ie/debateRecord/seanad/2019-11-26/debate/mul@/main.xml
2019-11-21,dail,debate,https://data.oireachtas.ie/akn/ie/debateRecord/committee_of_public_accounts/2019-11-21/debate/main,https://data.oireachtas.ie/akn/ie/debateRecord/committee_of_public_accounts/2019-11-21/debate/mul@/main.xml
2019-11-21,dail,debate,https://data.oireachtas.ie/akn/ie/debateRecord/dail/2019-11-21/debate/main,https://data.oireachtas.ie/akn/ie/debateRecord/dail/2019-11-21/debate/mul@/main.xml
2019-11-21,dail,debate,https://data.oireachtas.ie/akn/ie/debateRecord/select_committee_on_foreign_affairs_and_trade_and_defence/2019-11-21/debate/main,https://data.oireachtas.ie/akn/ie/debateRecord/select_committee_on_foreign_affairs_and_trade_and_defence/2019-11-21/debate/mul@/main.xml
2019-11-21,dail,debate,https://data.oireachtas.ie/akn/ie/debateRecord/joint_committee_on_finance_public_expenditure_and_reform_and_taoiseach/2019-11-21/debate/main,https://data.oireachtas.ie/akn/ie/debateRecord/joint_committee_on_finance_public_expenditure_and_reform_and_taoiseach/2019-11-21/debate/mul@/main.xml
2019-11-21,dail,debate,https://data.oireachtas.ie/akn/ie/debateRecord/joint_committee_on_health/2019-11-21/debate/main,https://data.oireachtas.ie/akn/ie/debateRecord/joint_committee_on_health/2019-11-21/debate/mul@/main.xml
2019-11-21,dail,debate,https://data.oireachtas.ie/akn/ie/debateRecord/joint_committee_on_employment_affairs_and_social_protection/2019-11-21/debate/main,https://data.oireachtas.ie/akn/ie/debateRecord/joint_committee_on_employment_affairs_and_social_protection/2019-11-21/debate/mul@/main.xml
2019-11-21,dail,debate,https://data.oireachtas.ie/akn/ie/debateRecord/select_committee_on_employment_affairs_and_social_protection/2019-11-21/debate/main,https://data.oireachtas.ie/akn/ie/debateRecord/select_committee_on_employment_affairs_and_social_protection/2019-11-21/debate/mul@/main.xml
2019-11-21,seanad,debate,https://data.oireachtas.ie/akn/ie/debateRecord/seanad/2019-11-21/debate/main,https://data.oireachtas.ie/akn/ie/debateRecord/seanad/2019-11-21/debate/mul@/main.xml
2019-11-20,dail,debate,https://data.oireachtas.ie/akn/ie/debateRecord/joint_committee_on_climate_action/2019-11-20/debate/main,https://data.oireachtas.ie/akn/ie/debateRecord/joint_committee_on_climate_action/2019-11-20/debate/mul@/main.xml
2019-11-20,dail,debate,https://data.oireachtas.ie/akn/ie/debateRecord/dail/2019-11-20/debate/main,https://data.oireachtas.ie/akn/ie/debateRecord/dail/2019-11-20/debate/mul@/main.xml
2019-11-20,dail,debate,https://data.oireachtas.ie/akn/ie/debateRecord/committee_on_public_petitions/2019-11-20/debate/main,https://data.oireachtas.ie/akn/ie/debateRecord/committee_on_public_petitions/2019-11-20/debate/mul@/main.xml
2019-11-20,dail,debate,https://data.oireachtas.ie/akn/ie/debateRecord/joint_committee_on_children_and_youth_affairs/2019-11-20/debate/main,https://data.oireachtas.ie/akn/ie/debateRecord/joint_committee_on_children_and_youth_affairs/2019-11-20/debate/mul@/main.xml
2019-11-20,dail,debate,https://data.oireachtas.ie/akn/ie/debateRecord/joint_committee_on_health/2019-11-20/debate/main,https://data.oireachtas.ie/akn/ie/debateRecord/joint_committee_on_health/2019-11-20/debate/mul@/main.xml
2019-11-20,dail,debate,https://data.oireachtas.ie/akn/ie/debateRecord/select_committee_on_justice_and_equality/2019-11-20/debate/main,https://data.oireachtas.ie/akn/ie/debateRecord/select_committee_on_justice_and_equality/2019-11-20/debate/mul@/main.xml
2019-11-20,dail,debate,https://data.oireachtas.ie/akn/ie/debateRecord/joint_committee_on_transport_tourism_and_sport/2019-11-20/debate/main,https://data.oireachtas.ie/akn/ie/debateRecord/joint_committee_on_transport_tourism_and_sport/2019-11-20/debate/mul@/main.xml
2019-11-20,seanad,debate,https://data.oireachtas.ie/akn/ie/debateRecord/seanad/2019-11-20/debate/main,https://data.oireachtas.ie/akn/ie/debateRecord/seanad/2019-11-20/debate/mul@/main.xml
2019-11-19,dail,debate,https://data.oireachtas.ie/akn/ie/debateRecord/select_committee_on_housing_planning_and_local_government/2019-11-19/debate/main,https://data.oireachtas.ie/akn/ie/debateRecord/select_committee_on_housing_planning_and_local_government/2019-11-19/debate/mul@/main.xml
2019-11-19,dail,debate,https://data.oireachtas.ie/akn/ie/debateRecord/dail/2019-11-19/debate/main,https://data.oireachtas.ie/akn/ie/debateRecord/dail/2019-11-19/debate/mul@/main.xml
2019-11-19,dail,debate,https://data.oireachtas.ie/akn/ie/debateRecord/joint_committee_on_agriculture_food_and_the_marine/2019-11-19/debate/main,https://data.oireachtas.ie/akn/ie/debateRecord/joint_committee_on_agriculture_food_and_the_marine/2019-11-19/debate/mul@/main.xml
2019-11-19,dail,debate,https://data.oireachtas.ie/akn/ie/debateRecord/joint_committee_on_education_and_skills/2019-11-19/debate/main,https://data.oireachtas.ie/akn/ie/debateRecord/joint_committee_on_education_and_skills/2019-11-19/debate/mul@/main.xml
2019-11-19,dail,debate,https://data.oireachtas.ie/akn/ie/debateRecord/joint_committee_on_finance_public_expenditure_and_reform_and_taoiseach/2019-11-19/debate/main,https://data.oireachtas.ie/akn/ie/debateRecord/joint_committee_on_finance_public_expenditure_and_reform_and_taoiseach/2019-11-19/debate/mul@/main.xml
2019-11-19,dail,debate,https://data.oireachtas.ie/akn/ie/debateRecord/joint_committee_on_key_issues_affecting_the_traveller_community/2019-11-19/debate/main,https://data.oireachtas.ie/akn/ie/debateRecord/joint_committee_on_key_issues_affecting_the_traveller_community/2019-11-19/debate/mul@/main.xml
2019-11-19,dail,debate,https://data.oireachtas.ie/akn/ie/debateRecord/comhchoiste_na_gaeilge_na_gaeltachta_agus_na_noilean/2019-11-19/debate/main,https://data.oireachtas.ie/akn/ie/debateRecord/comhchoiste_na_gaeilge_na_gaeltachta_agus_na_noilean/2019-11-19/debate/mul@/main.xml
2019-11-19,seanad,debate,https://data.oireachtas.ie/akn/ie/debateRecord/seanad/2019-11-19/debate/main,https://data.oireachtas.ie/akn/ie/debateRecord/seanad/2019-11-19/debate/mul@/main.xml
2019-11-14,dail,debate,https://data.oireachtas.ie/akn/ie/debateRecord/committee_of_public_accounts/2019-11-14/debate/main,https://data.oireachtas.ie/akn/ie/debateRecord/committee_of_public_accounts/2019-11-14/debate/mul@/main.xml
2019-11-14,dail,debate,https://data.oireachtas.ie/akn/ie/debateRecord/joint_committee_on_foreign_affairs_and_trade_and_defence/2019-11-14/debate/main,https://data.oireachtas.ie/akn/ie/debateRecord/joint_committee_on_foreign_affairs_and_trade_and_defence/2019-11-14/debate/mul@/main.xml
2019-11-14,dail,debate,https://data.oireachtas.ie/akn/ie/debateRecord/dail/2019-11-14/debate/main,https://data.oireachtas.ie/akn/ie/debateRecord/dail/2019-11-14/debate/mul@/main.xml
2019-11-13,dail,debate,https://data.oireachtas.ie/akn/ie/debateRecord/joint_committee_on_climate_action/2019-11-13/debate/main,https://data.oireachtas.ie/akn/ie/debateRecord/joint_committee_on_climate_action/2019-11-13/debate/mul@/main.xml
2019-11-13,dail,debate,https://data.oireachtas.ie/akn/ie/debateRecord/dail/2019-11-13/debate/main,https://data.oireachtas.ie/akn/ie/debateRecord/dail/2019-11-13/debate/mul@/main.xml
2019-11-13,dail,debate,https://data.oireachtas.ie/akn/ie/debateRecord/joint_committee_on_european_union_affairs/2019-11-13/debate/main,https://data.oireachtas.ie/akn/ie/debateRecord/joint_committee_on_european_union_affairs/2019-11-13/debate/mul@/main.xml
2019-11-13,dail,debate,https://data.oireachtas.ie/akn/ie/debateRecord/joint_committee_on_health/2019-11-13/debate/main,https://data.oireachtas.ie/akn/ie/debateRecord/joint_committee_on_health/2019-11-13/debate/mul@/main.xml
2019-11-13,dail,debate,https://data.oireachtas.ie/akn/ie/debateRecord/joint_committee_on_housing_planning_and_local_government/2019-11-13/debate/main,https://data.oireachtas.ie/akn/ie/debateRecord/joint_committee_on_housing_planning_and_local_government/2019-11-13/debate/mul@/main.xml
2019-11-13,dail,debate,https://data.oireachtas.ie/akn/ie/debateRecord/joint_committee_on_business_enterprise_and_innovation/2019-11-13/debate/main,https://data.oireachtas.ie/akn/ie/debateRecord/joint_committee_on_business_enterprise_and_innovation/2019-11-13/debate/mul@/main.xml
2019-11-13,dail,debate,https://data.oireachtas.ie/akn/ie/debateRecord/joint_committee_on_justice_and_equality/2019-11-13/debate/main,https://data.oireachtas.ie/akn/ie/debateRecord/joint_committee_on_justice_and_equality/2019-11-13/debate/mul@/main.xml
2019-11-13,dail,debate,https://data.oireachtas.ie/akn/ie/debateRecord/joint_committee_on_rural_and_community_development/2019-11-13/debate/main,https://data.oireachtas.ie/akn/ie/debateRecord/joint_committee_on_rural_and_community_development/2019-11-13/debate/mul@/main.xml
2019-11-13,dail,debate,https://data.oireachtas.ie/akn/ie/debateRecord/joint_committee_on_culture_heritage_and_the_gaeltacht/2019-11-13/debate/main,https://data.oireachtas.ie/akn/ie/debateRecord/joint_committee_on_culture_heritage_and_the_gaeltacht/2019-11-13/debate/mul@/main.xml
2019-11-13,seanad,debate,https://data.oireachtas.ie/akn/ie/debateRecord/seanad/2019-11-13/debate/main,https://data.oireachtas.ie/akn/ie/debateRecord/seanad/2019-11-13/debate/mul@/main.xml
2019-11-12,dail,debate,https://data.oireachtas.ie/akn/ie/debateRecord/joint_committee_on_agriculture_food_and_the_marine/2019-11-12/debate/main,https://data.oireachtas.ie/akn/ie/debateRecord/joint_committee_on_agriculture_food_and_the_marine/2019-11-12/debate/mul@/main.xml
2019-11-12,dail,debate,https://data.oireachtas.ie/akn/ie/debateRecord/committee_on_budgetary_oversight/2019-11-12/debate/main,https://data.oireachtas.ie/akn/ie/debateRecord/committee_on_budgetary_oversight/2019-11-12/debate/mul@/main.xml
2019-11-12,dail,debate,https://data.oireachtas.ie/akn/ie/debateRecord/joint_committee_on_communications_climate_action_and_environment/2019-11-12/debate/main,https://data.oireachtas.ie/akn/ie/debateRecord/joint_committee_on_communications_climate_action_and_environment/2019-11-12/debate/mul@/main.xml
2019-11-12,dail,debate,https://data.oireachtas.ie/akn/ie/debateRecord/joint_committee_on_finance_public_expenditure_and_reform_and_taoiseach/2019-11-12/debate/main,https://data.oireachtas.ie/akn/ie/debateRecord/joint_committee_on_finance_public_expenditure_and_reform_and_taoiseach/2019-11-12/debate/mul@/main.xml
2019-11-12,dail,debate,https://data.oireachtas.ie/akn/ie/debateRecord/joint_committee_on_housing_planning_and_local_government/2019-11-12/debate/main,https://data.oireachtas.ie/akn/ie/debateRecord/joint_committee_on_housing_planning_and_local_government/2019-11-12/debate/mul@/main.xml
2019-11-12,dail,debate,https://data.oireachtas.ie/akn/ie/debateRecord/joint_committee_on_key_issues_affecting_the_traveller_community/2019-11-12/debate/main,https://data.oireachtas.ie/akn/ie/debateRecord/joint_committee_on_key_issues_affecting_the_traveller_community/2019-11-12/debate/mul@/main.xml
2019-11-12,dail,debate,https://data.oireachtas.ie/akn/ie/debateRecord/dail/2019-11-12/debate/main,https://data.oireachtas.ie/akn/ie/debateRecord/dail/2019-11-12/debate/mul@/main.xml
2019-11-12,seanad,debate,https://data.oireachtas.ie/akn/ie/debateRecord/seanad/2019-11-12/debate/main,https://data.oireachtas.ie/akn/ie/debateRecord/seanad/2019-11-12/debate/mul@/main.xml
2019-11-07,dail,debate,https://data.oireachtas.ie/akn/ie/debateRecord/committee_of_public_accounts/2019-11-07/debate/main,https://data.oireachtas.ie/akn/ie/debateRecord/committee_of_public_accounts/2019-11-07/debate/mul@/main.xml
2019-11-07,dail,debate,https://data.oireachtas.ie/akn/ie/debateRecord/dail/2019-11-07/debate/main,https://data.oireachtas.ie/akn/ie/debateRecord/dail/2019-11-07/debate/mul@/main.xml
2019-11-07,dail,debate,https://data.oireachtas.ie/akn/ie/debateRecord/joint_committee_on_housing_planning_and_local_government/2019-11-07/debate/main,https://data.oireachtas.ie/akn/ie/debateRecord/joint_committee_on_housing_planning_and_local_government/2019-11-07/debate/mul@/main.xml
2019-11-07,dail,debate,https://data.oireachtas.ie/akn/ie/debateRecord/joint_committee_on_employment_affairs_and_social_protection/2019-11-07/debate/main,https://data.oireachtas.ie/akn/ie/debateRecord/joint_committee_on_employment_affairs_and_social_protection/2019-11-07/debate/mul@/main.xml
2019-11-07,dail,debate,https://data.oireachtas.ie/akn/ie/debateRecord/joint_committee_on_communications_climate_action_and_environment/2019-11-07/debate/main,https://data.oireachtas.ie/akn/ie/debateRecord/joint_committee_on_communications_climate_action_and_environment/2019-11-07/debate/mul@/main.xml
2019-11-07,dail,debate,https://data.oireachtas.ie/akn/ie/debateRecord/joint_committee_on_the_implementation_of_the_good_friday_agreement/2019-11-07/debate/main,https://data.oireachtas.ie/akn/ie/debateRecord/joint_committee_on_the_implementation_of_the_good_friday_agreement/2019-11-07/debate/mul@/main.xml
2019-11-06,dail,debate,https://data.oireachtas.ie/akn/ie/debateRecord/dail/2019-11-06/debate/main,https://data.oireachtas.ie/akn/ie/debateRecord/dail/2019-11-06/debate/mul@/main.xml
2019-11-06,dail,debate,https://data.oireachtas.ie/akn/ie/debateRecord/joint_committee_on_climate_action/2019-11-06/debate/main,https://data.oireachtas.ie/akn/ie/debateRecord/joint_committee_on_climate_action/2019-11-06/debate/mul@/main.xml
2019-11-06,dail,debate,https://data.oireachtas.ie/akn/ie/debateRecord/committee_on_public_petitions/2019-11-06/debate/main,https://data.oireachtas.ie/akn/ie/debateRecord/committee_on_public_petitions/2019-11-06/debate/mul@/main.xml
2019-11-06,dail,debate,https://data.oireachtas.ie/akn/ie/debateRecord/joint_committee_on_children_and_youth_affairs/2019-11-06/debate/main,https://data.oireachtas.ie/akn/ie/debateRecord/joint_committee_on_children_and_youth_affairs/2019-11-06/debate/mul@/main.xml
2019-11-06,dail,debate,https://data.oireachtas.ie/akn/ie/debateRecord/select_committee_on_finance_public_expenditure_and_reform_and_taoiseach/2019-11-06/debate/main,https://data.oireachtas.ie/akn/ie/debateRecord/select_committee_on_finance_public_expenditure_and_reform_and_taoiseach/2019-11-06/debate/mul@/main.xml
2019-11-06,dail,debate,https://data.oireachtas.ie/akn/ie/debateRecord/joint_committee_on_health/2019-11-06/debate/main,https://data.oireachtas.ie/akn/ie/debateRecord/joint_committee_on_health/2019-11-06/debate/mul@/main.xml
2019-11-06,dail,debate,https://data.oireachtas.ie/akn/ie/debateRecord/joint_committee_on_justice_and_equality/2019-11-06/debate/main,https://data.oireachtas.ie/akn/ie/debateRecord/joint_committee_on_justice_and_equality/2019-11-06/debate/mul@/main.xml
2019-11-06,dail,debate,https://data.oireachtas.ie/akn/ie/debateRecord/select_committee_on_justice_and_equality/2019-11-06/debate/main,https://data.oireachtas.ie/akn/ie/debateRecord/select_committee_on_justice_and_equality/2019-11-06/debate/mul@/main.xml
2019-11-06,dail,debate,https://data.oireachtas.ie/akn/ie/debateRecord/joint_committee_on_rural_and_community_development/2019-11-06/debate/main,https://data.oireachtas.ie/akn/ie/debateRecord/joint_committee_on_rural_and_community_development/2019-11-06/debate/mul@/main.xml
2019-11-06,dail,debate,https://data.oireachtas.ie/akn/ie/debateRecord/joint_committee_on_transport_tourism_and_sport/2019-11-06/debate/main,https://data.oireachtas.ie/akn/ie/debateRecord/joint_committee_on_transport_tourism_and_sport/2019-11-06/debate/mul@/main.xml
2019-11-06,seanad,debate,https://data.oireachtas.ie/akn/ie/debateRecord/seanad/2019-11-06/debate/main,https://data.oireachtas.ie/akn/ie/debateRecord/seanad/2019-11-06/debate/mul@/main.xml
2019-11-05,dail,debate,https://data.oireachtas.ie/akn/ie/debateRecord/committee_of_public_accounts/2019-11-05/debate/main,https://data.oireachtas.ie/akn/ie/debateRecord/committee_of_public_accounts/2019-11-05/debate/mul@/main.xml
2019-11-05,dail,debate,https://data.oireachtas.ie/akn/ie/debateRecord/dail/2019-11-05/debate/main,https://data.oireachtas.ie/akn/ie/debateRecord/dail/2019-11-05/debate/mul@/main.xml
2019-11-05,dail,debate,https://data.oireachtas.ie/akn/ie/debateRecord/joint_committee_on_agriculture_food_and_the_marine/2019-11-05/debate/main,https://data.oireachtas.ie/akn/ie/debateRecord/joint_committee_on_agriculture_food_and_the_marine/2019-11-05/debate/mul@/main.xml
2019-11-05,dail,debate,https://data.oireachtas.ie/akn/ie/debateRecord/select_committee_on_finance_public_expenditure_and_reform_and_taoiseach/2019-11-05/debate/main,https://data.oireachtas.ie/akn/ie/debateRecord/select_committee_on_finance_public_expenditure_and_reform_and_taoiseach/2019-11-05/debate/mul@/main.xml
2019-11-05,dail,debate,https://data.oireachtas.ie/akn/ie/debateRecord/joint_committee_on_housing_planning_and_local_government/2019-11-05/debate/main,https://data.oireachtas.ie/akn/ie/debateRecord/joint_committee_on_housing_planning_and_local_government/2019-11-05/debate/mul@/main.xml
2019-11-05,dail,debate,https://data.oireachtas.ie/akn/ie/debateRecord/joint_committee_on_key_issues_affecting_the_traveller_community/2019-11-05/debate/main,https://data.oireachtas.ie/akn/ie/debateRecord/joint_committee_on_key_issues_affecting_the_traveller_community/2019-11-05/debate/mul@/main.xml
2019-11-05,dail,debate,https://data.oireachtas.ie/akn/ie/debateRecord/comhchoiste_na_gaeilge_na_gaeltachta_agus_na_noilean/2019-11-05/debate/main,https://data.oireachtas.ie/akn/ie/debateRecord/comhchoiste_na_gaeilge_na_gaeltachta_agus_na_noilean/2019-11-05/debate/mul@/main.xml
2019-11-05,seanad,debate,https://data.oireachtas.ie/akn/ie/debateRecord/seanad/2019-11-05/debate/main,https://data.oireachtas.ie/akn/ie/debateRecord/seanad/2019-11-05/debate/mul@/main.xml
2019-10-24,dail,debate,https://data.oireachtas.ie/akn/ie/debateRecord/joint_committee_on_the_implementation_of_the_good_friday_agreement/2019-10-24/debate/main,https://data.oireachtas.ie/akn/ie/debateRecord/joint_committee_on_the_implementation_of_the_good_friday_agreement/2019-10-24/debate/mul@/main.xml
2019-10-24,dail,debate,https://data.oireachtas.ie/akn/ie/debateRecord/committee_of_public_accounts/2019-10-24/debate/main,https://data.oireachtas.ie/akn/ie/debateRecord/committee_of_public_accounts/2019-10-24/debate/mul@/main.xml
2019-10-24,dail,debate,https://data.oireachtas.ie/akn/ie/debateRecord/joint_committee_on_finance_public_expenditure_and_reform_and_taoiseach/2019-10-24/debate/main,https://data.oireachtas.ie/akn/ie/debateRecord/joint_committee_on_finance_public_expenditure_and_reform_and_taoiseach/2019-10-24/debate/mul@/main.xml
2019-10-24,dail,debate,https://data.oireachtas.ie/akn/ie/debateRecord/joint_committee_on_housing_planning_and_local_government/2019-10-24/debate/main,https://data.oireachtas.ie/akn/ie/debateRecord/joint_committee_on_housing_planning_and_local_government/2019-10-24/debate/mul@/main.xml
2019-10-24,dail,debate,https://data.oireachtas.ie/akn/ie/debateRecord/select_committee_on_business_enterprise_and_innovation/2019-10-24/debate/main,https://data.oireachtas.ie/akn/ie/debateRecord/select_committee_on_business_enterprise_and_innovation/2019-10-24/debate/mul@/main.xml
2019-10-24,dail,debate,https://data.oireachtas.ie/akn/ie/debateRecord/joint_committee_on_employment_affairs_and_social_protection/2019-10-24/debate/main,https://data.oireachtas.ie/akn/ie/debateRecord/joint_committee_on_employment_affairs_and_social_protection/2019-10-24/debate/mul@/main.xml
2019-10-24,dail,debate,https://data.oireachtas.ie/akn/ie/debateRecord/dail/2019-10-24/debate/main,https://data.oireachtas.ie/akn/ie/debateRecord/dail/2019-10-24/debate/mul@/main.xml
2019-10-23,dail,debate,https://data.oireachtas.ie/akn/ie/debateRecord/joint_committee_on_climate_action/2019-10-23/debate/main,https://data.oireachtas.ie/akn/ie/debateRecord/joint_committee_on_climate_action/2019-10-23/debate/mul@/main.xml
2019-10-23,dail,debate,https://data.oireachtas.ie/akn/ie/debateRecord/committee_on_public_petitions/2019-10-23/debate/main,https://data.oireachtas.ie/akn/ie/debateRecord/committee_on_public_petitions/2019-10-23/debate/mul@/main.xml
2019-10-23,dail,debate,https://data.oireachtas.ie/akn/ie/debateRecord/select_committee_on_children_and_youth_affairs/2019-10-23/debate/main,https://data.oireachtas.ie/akn/ie/debateRecord/select_committee_on_children_and_youth_affairs/2019-10-23/debate/mul@/main.xml
2019-10-23,dail,debate,https://data.oireachtas.ie/akn/ie/debateRecord/joint_committee_on_health/2019-10-23/debate/main,https://data.oireachtas.ie/akn/ie/debateRecord/joint_committee_on_health/2019-10-23/debate/mul@/main.xml
2019-10-23,dail,debate,https://data.oireachtas.ie/akn/ie/debateRecord/joint_committee_on_business_enterprise_and_innovation/2019-10-23/debate/main,https://data.oireachtas.ie/akn/ie/debateRecord/joint_committee_on_business_enterprise_and_innovation/2019-10-23/debate/mul@/main.xml
2019-10-23,dail,debate,https://data.oireachtas.ie/akn/ie/debateRecord/joint_committee_on_justice_and_equality/2019-10-23/debate/main,https://data.oireachtas.ie/akn/ie/debateRecord/joint_committee_on_justice_and_equality/2019-10-23/debate/mul@/main.xml
2019-10-23,dail,debate,https://data.oireachtas.ie/akn/ie/debateRecord/joint_committee_on_transport_tourism_and_sport/2019-10-23/debate/main,https://data.oireachtas.ie/akn/ie/debateRecord/joint_committee_on_transport_tourism_and_sport/2019-10-23/debate/mul@/main.xml
2019-10-23,dail,debate,https://data.oireachtas.ie/akn/ie/debateRecord/seanad_special_committee_on_the_withdrawal_of_the_united_kingdom_from_the_european_union/2019-10-23/debate/main,https://data.oireachtas.ie/akn/ie/debateRecord/seanad_special_committee_on_the_withdrawal_of_the_united_kingdom_from_the_european_union/2019-10-23/debate/mul@/main.xml
2019-10-23,dail,debate,https://data.oireachtas.ie/akn/ie/debateRecord/dail/2019-10-23/debate/main,https://data.oireachtas.ie/akn/ie/debateRecord/dail/2019-10-23/debate/mul@/main.xml
2019-10-23,seanad,debate,https://data.oireachtas.ie/akn/ie/debateRecord/seanad/2019-10-23/debate/main,https://data.oireachtas.ie/akn/ie/debateRecord/seanad/2019-10-23/debate/mul@/main.xml
2019-10-22,dail,debate,https://data.oireachtas.ie/akn/ie/debateRecord/joint_committee_on_agriculture_food_and_the_marine/2019-10-22/debate/main,https://data.oireachtas.ie/akn/ie/debateRecord/joint_committee_on_agriculture_food_and_the_marine/2019-10-22/debate/mul@/main.xml
2019-10-22,dail,debate,https://data.oireachtas.ie/akn/ie/debateRecord/joint_committee_on_education_and_skills/2019-10-22/debate/main,https://data.oireachtas.ie/akn/ie/debateRecord/joint_committee_on_education_and_skills/2019-10-22/debate/mul@/main.xml
2019-10-22,dail,debate,https://data.oireachtas.ie/akn/ie/debateRecord/joint_committee_on_housing_planning_and_local_government/2019-10-22/debate/main,https://data.oireachtas.ie/akn/ie/debateRecord/joint_committee_on_housing_planning_and_local_government/2019-10-22/debate/mul@/main.xml
2019-10-22,dail,debate,https://data.oireachtas.ie/akn/ie/debateRecord/joint_committee_on_key_issues_affecting_the_traveller_community/2019-10-22/debate/main,https://data.oireachtas.ie/akn/ie/debateRecord/joint_committee_on_key_issues_affecting_the_traveller_community/2019-10-22/debate/mul@/main.xml
2019-10-22,dail,debate,https://data.oireachtas.ie/akn/ie/debateRecord/dail/2019-10-22/debate/main,https://data.oireachtas.ie/akn/ie/debateRecord/dail/2019-10-22/debate/mul@/main.xml
2019-10-22,seanad,debate,https://data.oireachtas.ie/akn/ie/debateRecord/seanad/2019-10-22/debate/main,https://data.oireachtas.ie/akn/ie/debateRecord/seanad/2019-10-22/debate/mul@/main.xml
2019-10-22,dail,debate,https://data.oireachtas.ie/akn/ie/debateRecord/comhchoiste_na_gaeilge_na_gaeltachta_agus_na_noilean/2019-10-22/debate/main,https://data.oireachtas.ie/akn/ie/debateRecord/comhchoiste_na_gaeilge_na_gaeltachta_agus_na_noilean/2019-10-22/debate/mul@/main.xml
2019-10-17,dail,debate,https://data.oireachtas.ie/akn/ie/debateRecord/committee_of_public_accounts/2019-10-17/debate/main,https://data.oireachtas.ie/akn/ie/debateRecord/committee_of_public_accounts/2019-10-17/debate/mul@/main.xml
2019-10-17,dail,debate,https://data.oireachtas.ie/akn/ie/debateRecord/dail/2019-10-17/debate/main,https://data.oireachtas.ie/akn/ie/debateRecord/dail/2019-10-17/debate/mul@/main.xml
2019-10-17,dail,debate,https://data.oireachtas.ie/akn/ie/debateRecord/joint_committee_on_foreign_affairs_and_trade_and_defence/2019-10-17/debate/main,https://data.oireachtas.ie/akn/ie/debateRecord/joint_committee_on_foreign_affairs_and_trade_and_defence/2019-10-17/debate/mul@/main.xml
2019-10-16,dail,debate,https://data.oireachtas.ie/akn/ie/debateRecord/joint_committee_on_health/2019-10-16/debate/main,https://data.oireachtas.ie/akn/ie/debateRecord/joint_committee_on_health/2019-10-16/debate/mul@/main.xml
2019-10-16,dail,debate,https://data.oireachtas.ie/akn/ie/debateRecord/joint_committee_on_rural_and_community_development/2019-10-16/debate/main,https://data.oireachtas.ie/akn/ie/debateRecord/joint_committee_on_rural_and_community_development/2019-10-16/debate/mul@/main.xml
2019-10-16,dail,debate,https://data.oireachtas.ie/akn/ie/debateRecord/joint_committee_on_european_union_affairs/2019-10-16/debate/main,https://data.oireachtas.ie/akn/ie/debateRecord/joint_committee_on_european_union_affairs/2019-10-16/debate/mul@/main.xml
2019-10-16,dail,debate,https://data.oireachtas.ie/akn/ie/debateRecord/joint_committee_on_housing_planning_and_local_government/2019-10-16/debate/main,https://data.oireachtas.ie/akn/ie/debateRecord/joint_committee_on_housing_planning_and_local_government/2019-10-16/debate/mul@/main.xml
2019-10-16,dail,debate,https://data.oireachtas.ie/akn/ie/debateRecord/joint_committee_on_climate_action/2019-10-16/debate/main,https://data.oireachtas.ie/akn/ie/debateRecord/joint_committee_on_climate_action/2019-10-16/debate/mul@/main.xml
2019-10-16,dail,debate,https://data.oireachtas.ie/akn/ie/debateRecord/joint_committee_on_justice_and_equality/2019-10-16/debate/main,https://data.oireachtas.ie/akn/ie/debateRecord/joint_committee_on_justice_and_equality/2019-10-16/debate/mul@/main.xml
2019-10-16,dail,debate,https://data.oireachtas.ie/akn/ie/debateRecord/joint_committee_on_culture_heritage_and_the_gaeltacht/2019-10-16/debate/main,https://data.oireachtas.ie/akn/ie/debateRecord/joint_committee_on_culture_heritage_and_the_gaeltacht/2019-10-16/debate/mul@/main.xml
2019-10-16,dail,debate,https://data.oireachtas.ie/akn/ie/debateRecord/dail/2019-10-16/debate/main,https://data.oireachtas.ie/akn/ie/debateRecord/dail/2019-10-16/debate/mul@/main.xml
2019-10-16,seanad,debate,https://data.oireachtas.ie/akn/ie/debateRecord/seanad/2019-10-16/debate/main,https://data.oireachtas.ie/akn/ie/debateRecord/seanad/2019-10-16/debate/mul@/main.xml
2019-10-15,dail,debate,https://data.oireachtas.ie/akn/ie/debateRecord/joint_committee_on_communications_climate_action_and_environment/2019-10-15/debate/main,https://data.oireachtas.ie/akn/ie/debateRecord/joint_committee_on_communications_climate_action_and_environment/2019-10-15/debate/mul@/main.xml
2019-10-15,dail,debate,https://data.oireachtas.ie/akn/ie/debateRecord/joint_committee_on_housing_planning_and_local_government/2019-10-15/debate/main,https://data.oireachtas.ie/akn/ie/debateRecord/joint_committee_on_housing_planning_and_local_government/2019-10-15/debate/mul@/main.xml
2019-10-15,dail,debate,https://data.oireachtas.ie/akn/ie/debateRecord/joint_committee_on_business_enterprise_and_innovation/2019-10-15/debate/main,https://data.oireachtas.ie/akn/ie/debateRecord/joint_committee_on_business_enterprise_and_innovation/2019-10-15/debate/mul@/main.xml
2019-10-15,dail,debate,https://data.oireachtas.ie/akn/ie/debateRecord/joint_committee_on_key_issues_affecting_the_traveller_community/2019-10-15/debate/main,https://data.oireachtas.ie/akn/ie/debateRecord/joint_committee_on_key_issues_affecting_the_traveller_community/2019-10-15/debate/mul@/main.xml
2019-10-15,dail,debate,https://data.oireachtas.ie/akn/ie/debateRecord/dail/2019-10-15/debate/main,https://data.oireachtas.ie/akn/ie/debateRecord/dail/2019-10-15/debate/mul@/main.xml
2019-10-15,seanad,debate,https://data.oireachtas.ie/akn/ie/debateRecord/seanad/2019-10-15/debate/main,https://data.oireachtas.ie/akn/ie/debateRecord/seanad/2019-10-15/debate/mul@/main.xml
2019-10-10,dail,debate,https://data.oireachtas.ie/akn/ie/debateRecord/committee_of_public_accounts/2019-10-10/debate/main,https://data.oireachtas.ie/akn/ie/debateRecord/committee_of_public_accounts/2019-10-10/debate/mul@/main.xml
2019-10-10,dail,debate,https://data.oireachtas.ie/akn/ie/debateRecord/select_committee_on_finance_public_expenditure_and_reform_and_taoiseach/2019-10-10/debate/main,https://data.oireachtas.ie/akn/ie/debateRecord/select_committee_on_finance_public_expenditure_and_reform_and_taoiseach/2019-10-10/debate/mul@/main.xml
2019-10-10,dail,debate,https://data.oireachtas.ie/akn/ie/debateRecord/joint_committee_on_housing_planning_and_local_government/2019-10-10/debate/main,https://data.oireachtas.ie/akn/ie/debateRecord/joint_committee_on_housing_planning_and_local_government/2019-10-10/debate/mul@/main.xml
2019-10-10,dail,debate,https://data.oireachtas.ie/akn/ie/debateRecord/joint_committee_on_employment_affairs_and_social_protection/2019-10-10/debate/main,https://data.oireachtas.ie/akn/ie/debateRecord/joint_committee_on_employment_affairs_and_social_protection/2019-10-10/debate/mul@/main.xml
2019-10-10,seanad,debate,https://data.oireachtas.ie/akn/ie/debateRecord/seanad/2019-10-10/debate/main,https://data.oireachtas.ie/akn/ie/debateRecord/seanad/2019-10-10/debate/mul@/main.xml
2019-10-10,dail,debate,https://data.oireachtas.ie/akn/ie/debateRecord/dail/2019-10-10/debate/main,https://data.oireachtas.ie/akn/ie/debateRecord/dail/2019-10-10/debate/mul@/main.xml
2019-10-09,dail,debate,https://data.oireachtas.ie/akn/ie/debateRecord/joint_committee_on_climate_action/2019-10-09/debate/main,https://data.oireachtas.ie/akn/ie/debateRecord/joint_committee_on_climate_action/2019-10-09/debate/mul@/main.xml
2019-10-09,dail,debate,https://data.oireachtas.ie/akn/ie/debateRecord/joint_committee_on_children_and_youth_affairs/2019-10-09/debate/main,https://data.oireachtas.ie/akn/ie/debateRecord/joint_committee_on_children_and_youth_affairs/2019-10-09/debate/mul@/main.xml
2019-10-09,dail,debate,https://data.oireachtas.ie/akn/ie/debateRecord/joint_committee_on_health/2019-10-09/debate/main,https://data.oireachtas.ie/akn/ie/debateRecord/joint_committee_on_health/2019-10-09/debate/mul@/main.xml
2019-10-09,dail,debate,https://data.oireachtas.ie/akn/ie/debateRecord/joint_committee_on_justice_and_equality/2019-10-09/debate/main,https://data.oireachtas.ie/akn/ie/debateRecord/joint_committee_on_justice_and_equality/2019-10-09/debate/mul@/main.xml
2019-10-09,dail,debate,https://data.oireachtas.ie/akn/ie/debateRecord/seanad_special_committee_on_the_withdrawal_of_the_united_kingdom_from_the_european_union/2019-10-09/debate/main,https://data.oireachtas.ie/akn/ie/debateRecord/seanad_special_committee_on_the_withdrawal_of_the_united_kingdom_from_the_european_union/2019-10-09/debate/mul@/main.xml
2019-10-09,seanad,debate,https://data.oireachtas.ie/akn/ie/debateRecord/seanad/2019-10-09/debate/main,https://data.oireachtas.ie/akn/ie/debateRecord/seanad/2019-10-09/debate/mul@/main.xml
2019-10-09,dail,debate,https://data.oireachtas.ie/akn/ie/debateRecord/dail/2019-10-09/debate/main,https://data.oireachtas.ie/akn/ie/debateRecord/dail/2019-10-09/debate/mul@/main.xml
2019-10-08,dail,debate,https://data.oireachtas.ie/akn/ie/debateRecord/joint_committee_on_key_issues_affecting_the_traveller_community/2019-10-08/debate/main,https://data.oireachtas.ie/akn/ie/debateRecord/joint_committee_on_key_issues_affecting_the_traveller_community/2019-10-08/debate/mul@/main.xml
2019-10-08,seanad,debate,https://data.oireachtas.ie/akn/ie/debateRecord/seanad/2019-10-08/debate/main,https://data.oireachtas.ie/akn/ie/debateRecord/seanad/2019-10-08/debate/mul@/main.xml
2019-10-08,dail,debate,https://data.oireachtas.ie/akn/ie/debateRecord/dail/2019-10-08/debate/main,https://data.oireachtas.ie/akn/ie/debateRecord/dail/2019-10-08/debate/mul@/main.xml
2019-10-03,dail,debate,https://data.oireachtas.ie/akn/ie/debateRecord/committee_of_public_accounts/2019-10-03/debate/main,https://data.oireachtas.ie/akn/ie/debateRecord/committee_of_public_accounts/2019-10-03/debate/mul@/main.xml
2019-10-03,dail,debate,https://data.oireachtas.ie/akn/ie/debateRecord/joint_committee_on_foreign_affairs_and_trade_and_defence/2019-10-03/debate/main,https://data.oireachtas.ie/akn/ie/debateRecord/joint_committee_on_foreign_affairs_and_trade_and_defence/2019-10-03/debate/mul@/main.xml
2019-10-03,dail,debate,https://data.oireachtas.ie/akn/ie/debateRecord/select_committee_on_foreign_affairs_and_trade_and_defence/2019-10-03/debate/main,https://data.oireachtas.ie/akn/ie/debateRecord/select_committee_on_foreign_affairs_and_trade_and_defence/2019-10-03/debate/mul@/main.xml
2019-10-03,dail,debate,https://data.oireachtas.ie/akn/ie/debateRecord/joint_committee_on_finance_public_expenditure_and_reform_and_taoiseach/2019-10-03/debate/main,https://data.oireachtas.ie/akn/ie/debateRecord/joint_committee_on_finance_public_expenditure_and_reform_and_taoiseach/2019-10-03/debate/mul@/main.xml
2019-10-03,seanad,debate,https://data.oireachtas.ie/akn/ie/debateRecord/seanad/2019-10-03/debate/main,https://data.oireachtas.ie/akn/ie/debateRecord/seanad/2019-10-03/debate/mul@/main.xml
2019-10-03,dail,debate,https://data.oireachtas.ie/akn/ie/debateRecord/dail/2019-10-03/debate/main,https://data.oireachtas.ie/akn/ie/debateRecord/dail/2019-10-03/debate/mul@/main.xml
2019-10-02,dail,debate,https://data.oireachtas.ie/akn/ie/debateRecord/joint_committee_on_climate_action/2019-10-02/debate/main,https://data.oireachtas.ie/akn/ie/debateRecord/joint_committee_on_climate_action/2019-10-02/debate/mul@/main.xml
2019-10-02,dail,debate,https://data.oireachtas.ie/akn/ie/debateRecord/joint_committee_on_european_union_affairs/2019-10-02/debate/main,https://data.oireachtas.ie/akn/ie/debateRecord/joint_committee_on_european_union_affairs/2019-10-02/debate/mul@/main.xml
2019-10-02,dail,debate,https://data.oireachtas.ie/akn/ie/debateRecord/joint_committee_on_health/2019-10-02/debate/main,https://data.oireachtas.ie/akn/ie/debateRecord/joint_committee_on_health/2019-10-02/debate/mul@/main.xml
2019-10-02,dail,debate,https://data.oireachtas.ie/akn/ie/debateRecord/joint_committee_on_housing_planning_and_local_government/2019-10-02/debate/main,https://data.oireachtas.ie/akn/ie/debateRecord/joint_committee_on_housing_planning_and_local_government/2019-10-02/debate/mul@/main.xml
2019-10-02,dail,debate,https://data.oireachtas.ie/akn/ie/debateRecord/joint_committee_on_justice_and_equality/2019-10-02/debate/main,https://data.oireachtas.ie/akn/ie/debateRecord/joint_committee_on_justice_and_equality/2019-10-02/debate/mul@/main.xml
2019-10-02,dail,debate,https://data.oireachtas.ie/akn/ie/debateRecord/joint_committee_on_culture_heritage_and_the_gaeltacht/2019-10-02/debate/main,https://data.oireachtas.ie/akn/ie/debateRecord/joint_committee_on_culture_heritage_and_the_gaeltacht/2019-10-02/debate/mul@/main.xml
2019-10-02,dail,debate,https://data.oireachtas.ie/akn/ie/debateRecord/joint_committee_on_transport_tourism_and_sport/2019-10-02/debate/main,https://data.oireachtas.ie/akn/ie/debateRecord/joint_committee_on_transport_tourism_and_sport/2019-10-02/debate/mul@/main.xml
2019-10-02,seanad,debate,https://data.oireachtas.ie/akn/ie/debateRecord/seanad/2019-10-02/debate/main,https://data.oireachtas.ie/akn/ie/debateRecord/seanad/2019-10-02/debate/mul@/main.xml
2019-10-02,dail,debate,https://data.oireachtas.ie/akn/ie/debateRecord/dail/2019-10-02/debate/main,https://data.oireachtas.ie/akn/ie/debateRecord/dail/2019-10-02/debate/mul@/main.xml
2019-10-01,dail,debate,https://data.oireachtas.ie/akn/ie/debateRecord/joint_committee_on_agriculture_food_and_the_marine/2019-10-01/debate/main,https://data.oireachtas.ie/akn/ie/debateRecord/joint_committee_on_agriculture_food_and_the_marine/2019-10-01/debate/mul@/main.xml
2019-10-01,dail,debate,https://data.oireachtas.ie/akn/ie/debateRecord/joint_committee_on_finance_public_expenditure_and_reform_and_taoiseach/2019-10-01/debate/main,https://data.oireachtas.ie/akn/ie/debateRecord/joint_committee_on_finance_public_expenditure_and_reform_and_taoiseach/2019-10-01/debate/mul@/main.xml
2019-10-01,dail,debate,https://data.oireachtas.ie/akn/ie/debateRecord/joint_committee_on_business_enterprise_and_innovation/2019-10-01/debate/main,https://data.oireachtas.ie/akn/ie/debateRecord/joint_committee_on_business_enterprise_and_innovation/2019-10-01/debate/mul@/main.xml
2019-10-01,seanad,debate,https://data.oireachtas.ie/akn/ie/debateRecord/seanad/2019-10-01/debate/main,https://data.oireachtas.ie/akn/ie/debateRecord/seanad/2019-10-01/debate/mul@/main.xml
2019-10-01,dail,debate,https://data.oireachtas.ie/akn/ie/debateRecord/dail/2019-10-01/debate/main,https://data.oireachtas.ie/akn/ie/debateRecord/dail/2019-10-01/debate/mul@/main.xml
2019-09-26,dail,debate,https://data.oireachtas.ie/akn/ie/debateRecord/committee_of_public_accounts/2019-09-26/debate/main,https://data.oireachtas.ie/akn/ie/debateRecord/committee_of_public_accounts/2019-09-26/debate/mul@/main.xml
2019-09-26,dail,debate,https://data.oireachtas.ie/akn/ie/debateRecord/joint_committee_on_climate_action/2019-09-26/debate/main,https://data.oireachtas.ie/akn/ie/debateRecord/joint_committee_on_climate_action/2019-09-26/debate/mul@/main.xml
2019-09-26,dail,debate,https://data.oireachtas.ie/akn/ie/debateRecord/joint_committee_on_the_implementation_of_the_good_friday_agreement/2019-09-26/debate/main,https://data.oireachtas.ie/akn/ie/debateRecord/joint_committee_on_the_implementation_of_the_good_friday_agreement/2019-09-26/debate/mul@/main.xml
2019-09-26,dail,debate,https://data.oireachtas.ie/akn/ie/debateRecord/joint_committee_on_housing_planning_and_local_government/2019-09-26/debate/main,https://data.oireachtas.ie/akn/ie/debateRecord/joint_committee_on_housing_planning_and_local_government/2019-09-26/debate/mul@/main.xml
2019-09-26,dail,debate,https://data.oireachtas.ie/akn/ie/debateRecord/joint_committee_on_employment_affairs_and_social_protection/2019-09-26/debate/main,https://data.oireachtas.ie/akn/ie/debateRecord/joint_committee_on_employment_affairs_and_social_protection/2019-09-26/debate/mul@/main.xml
2019-09-26,seanad,debate,https://data.oireachtas.ie/akn/ie/debateRecord/seanad/2019-09-26/debate/main,https://data.oireachtas.ie/akn/ie/debateRecord/seanad/2019-09-26/debate/mul@/main.xml
2019-09-26,dail,debate,https://data.oireachtas.ie/akn/ie/debateRecord/dail/2019-09-26/debate/main,https://data.oireachtas.ie/akn/ie/debateRecord/dail/2019-09-26/debate/mul@/main.xml
2019-09-25,dail,debate,https://data.oireachtas.ie/akn/ie/debateRecord/joint_committee_on_climate_action/2019-09-25/debate/main,https://data.oireachtas.ie/akn/ie/debateRecord/joint_committee_on_climate_action/2019-09-25/debate/mul@/main.xml
2019-09-25,dail,debate,https://data.oireachtas.ie/akn/ie/debateRecord/committee_on_public_petitions/2019-09-25/debate/main,https://data.oireachtas.ie/akn/ie/debateRecord/committee_on_public_petitions/2019-09-25/debate/mul@/main.xml
2019-09-25,dail,debate,https://data.oireachtas.ie/akn/ie/debateRecord/joint_committee_on_children_and_youth_affairs/2019-09-25/debate/main,https://data.oireachtas.ie/akn/ie/debateRecord/joint_committee_on_children_and_youth_affairs/2019-09-25/debate/mul@/main.xml
2019-09-25,dail,debate,https://data.oireachtas.ie/akn/ie/debateRecord/joint_committee_on_health/2019-09-25/debate/main,https://data.oireachtas.ie/akn/ie/debateRecord/joint_committee_on_health/2019-09-25/debate/mul@/main.xml
2019-09-25,dail,debate,https://data.oireachtas.ie/akn/ie/debateRecord/select_committee_on_health/2019-09-25/debate/main,https://data.oireachtas.ie/akn/ie/debateRecord/select_committee_on_health/2019-09-25/debate/mul@/main.xml
2019-09-25,dail,debate,https://data.oireachtas.ie/akn/ie/debateRecord/joint_committee_on_justice_and_equality/2019-09-25/debate/main,https://data.oireachtas.ie/akn/ie/debateRecord/joint_committee_on_justice_and_equality/2019-09-25/debate/mul@/main.xml
2019-09-25,dail,debate,https://data.oireachtas.ie/akn/ie/debateRecord/joint_committee_on_transport_tourism_and_sport/2019-09-25/debate/main,https://data.oireachtas.ie/akn/ie/debateRecord/joint_committee_on_transport_tourism_and_sport/2019-09-25/debate/mul@/main.xml
2019-09-25,dail,debate,https://data.oireachtas.ie/akn/ie/debateRecord/seanad_special_committee_on_the_withdrawal_of_the_united_kingdom_from_the_european_union/2019-09-25/debate/main,https://data.oireachtas.ie/akn/ie/debateRecord/seanad_special_committee_on_the_withdrawal_of_the_united_kingdom_from_the_european_union/2019-09-25/debate/mul@/main.xml
2019-09-25,seanad,debate,https://data.oireachtas.ie/akn/ie/debateRecord/seanad/2019-09-25/debate/main,https://data.oireachtas.ie/akn/ie/debateRecord/seanad/2019-09-25/debate/mul@/main.xml
2019-09-25,dail,debate,https://data.oireachtas.ie/akn/ie/debateRecord/dail/2019-09-25/debate/main,https://data.oireachtas.ie/akn/ie/debateRecord/dail/2019-09-25/debate/mul@/main.xml
2019-09-24,dail,debate,https://data.oireachtas.ie/akn/ie/debateRecord/joint_committee_on_agriculture_food_and_the_marine/2019-09-24/debate/main,https://data.oireachtas.ie/akn/ie/debateRecord/joint_committee_on_agriculture_food_and_the_marine/2019-09-24/debate/mul@/main.xml
2019-09-24,dail,debate,https://data.oireachtas.ie/akn/ie/debateRecord/committee_on_budgetary_oversight/2019-09-24/debate/main,https://data.oireachtas.ie/akn/ie/debateRecord/committee_on_budgetary_oversight/2019-09-24/debate/mul@/main.xml
2019-09-24,dail,debate,https://data.oireachtas.ie/akn/ie/debateRecord/joint_committee_on_education_and_skills/2019-09-24/debate/main,https://data.oireachtas.ie/akn/ie/debateRecord/joint_committee_on_education_and_skills/2019-09-24/debate/mul@/main.xml
2019-09-24,dail,debate,https://data.oireachtas.ie/akn/ie/debateRecord/joint_committee_on_european_union_affairs/2019-09-24/debate/main,https://data.oireachtas.ie/akn/ie/debateRecord/joint_committee_on_european_union_affairs/2019-09-24/debate/mul@/main.xml
2019-09-24,dail,debate,https://data.oireachtas.ie/akn/ie/debateRecord/comhchoiste_na_gaeilge_na_gaeltachta_agus_na_noilean/2019-09-24/debate/main,https://data.oireachtas.ie/akn/ie/debateRecord/comhchoiste_na_gaeilge_na_gaeltachta_agus_na_noilean/2019-09-24/debate/mul@/main.xml
2019-09-24,dail,debate,https://data.oireachtas.ie/akn/ie/debateRecord/joint_committee_on_key_issues_affecting_the_traveller_community/2019-09-24/debate/main,https://data.oireachtas.ie/akn/ie/debateRecord/joint_committee_on_key_issues_affecting_the_traveller_community/2019-09-24/debate/mul@/main.xml
2019-09-24,seanad,debate,https://data.oireachtas.ie/akn/ie/debateRecord/seanad/2019-09-24/debate/main,https://data.oireachtas.ie/akn/ie/debateRecord/seanad/2019-09-24/debate/mul@/main.xml
2019-09-24,dail,debate,https://data.oireachtas.ie/akn/ie/debateRecord/dail/2019-09-24/debate/main,https://data.oireachtas.ie/akn/ie/debateRecord/dail/2019-09-24/debate/mul@/main.xml
2019-09-19,dail,debate,https://data.oireachtas.ie/akn/ie/debateRecord/committee_of_public_accounts/2019-09-19/debate/main,https://data.oireachtas.ie/akn/ie/debateRecord/committee_of_public_accounts/2019-09-19/debate/mul@/main.xml
2019-09-19,dail,debate,https://data.oireachtas.ie/akn/ie/debateRecord/dail/2019-09-19/debate/main,https://data.oireachtas.ie/akn/ie/debateRecord/dail/2019-09-19/debate/mul@/main.xml
2019-09-18,dail,debate,https://data.oireachtas.ie/akn/ie/debateRecord/joint_committee_on_health/2019-09-18/debate/main,https://data.oireachtas.ie/akn/ie/debateRecord/joint_committee_on_health/2019-09-18/debate/mul@/main.xml
2019-09-18,dail,debate,https://data.oireachtas.ie/akn/ie/debateRecord/joint_committee_on_housing_planning_and_local_government/2019-09-18/debate/main,https://data.oireachtas.ie/akn/ie/debateRecord/joint_committee_on_housing_planning_and_local_government/2019-09-18/debate/mul@/main.xml
2019-09-18,dail,debate,https://data.oireachtas.ie/akn/ie/debateRecord/joint_committee_on_justice_and_equality/2019-09-18/debate/main,https://data.oireachtas.ie/akn/ie/debateRecord/joint_committee_on_justice_and_equality/2019-09-18/debate/mul@/main.xml
2019-09-18,dail,debate,https://data.oireachtas.ie/akn/ie/debateRecord/joint_committee_on_culture_heritage_and_the_gaeltacht/2019-09-18/debate/main,https://data.oireachtas.ie/akn/ie/debateRecord/joint_committee_on_culture_heritage_and_the_gaeltacht/2019-09-18/debate/mul@/main.xml
2019-09-18,dail,debate,https://data.oireachtas.ie/akn/ie/debateRecord/joint_committee_on_transport_tourism_and_sport/2019-09-18/debate/main,https://data.oireachtas.ie/akn/ie/debateRecord/joint_committee_on_transport_tourism_and_sport/2019-09-18/debate/mul@/main.xml
2019-09-18,dail,debate,https://data.oireachtas.ie/akn/ie/debateRecord/dail/2019-09-18/debate/main,https://data.oireachtas.ie/akn/ie/debateRecord/dail/2019-09-18/debate/mul@/main.xml
2019-09-17,dail,debate,https://data.oireachtas.ie/akn/ie/debateRecord/joint_committee_on_communications_climate_action_and_environment/2019-09-17/debate/main,https://data.oireachtas.ie/akn/ie/debateRecord/joint_committee_on_communications_climate_action_and_environment/2019-09-17/debate/mul@/main.xml
2019-09-17,dail,debate,https://data.oireachtas.ie/akn/ie/debateRecord/committee_on_budgetary_oversight/2019-09-17/debate/main,https://data.oireachtas.ie/akn/ie/debateRecord/committee_on_budgetary_oversight/2019-09-17/debate/mul@/main.xml
2019-09-17,dail,debate,https://data.oireachtas.ie/akn/ie/debateRecord/dail/2019-09-17/debate/main,https://data.oireachtas.ie/akn/ie/debateRecord/dail/2019-09-17/debate/mul@/main.xml
2019-09-12,dail,debate,https://data.oireachtas.ie/akn/ie/debateRecord/joint_committee_on_education_and_skills/2019-09-12/debate/main,https://data.oireachtas.ie/akn/ie/debateRecord/joint_committee_on_education_and_skills/2019-09-12/debate/mul@/main.xml
2019-09-11,dail,debate,https://data.oireachtas.ie/akn/ie/debateRecord/committee_on_budgetary_oversight/2019-09-11/debate/main,https://data.oireachtas.ie/akn/ie/debateRecord/committee_on_budgetary_oversight/2019-09-11/debate/mul@/main.xml
2019-09-06,dail,debate,https://data.oireachtas.ie/akn/ie/debateRecord/dail/2019-09-06/debate/main,https://data.oireachtas.ie/akn/ie/debateRecord/dail/2019-09-06/debate/mul@/main.xml
2019-07-31,dail,debate,https://data.oireachtas.ie/akn/ie/debateRecord/joint_committee_on_children_and_youth_affairs/2019-07-31/debate/main,https://data.oireachtas.ie/akn/ie/debateRecord/joint_committee_on_children_and_youth_affairs/2019-07-31/debate/mul@/main.xml
2019-07-23,dail,debate,https://data.oireachtas.ie/akn/ie/debateRecord/dail/2019-07-23/debate/main,https://data.oireachtas.ie/akn/ie/debateRecord/dail/2019-07-23/debate/mul@/main.xml
2019-07-17,dail,debate,https://data.oireachtas.ie/akn/ie/debateRecord/joint_committee_on_transport_tourism_and_sport/2019-07-17/debate/main,https://data.oireachtas.ie/akn/ie/debateRecord/joint_committee_on_transport_tourism_and_sport/2019-07-17/debate/mul@/main.xml
2019-07-16,dail,debate,https://data.oireachtas.ie/akn/ie/debateRecord/joint_committee_on_communications_climate_action_and_environment/2019-07-16/debate/main,https://data.oireachtas.ie/akn/ie/debateRecord/joint_committee_on_communications_climate_action_and_environment/2019-07-16/debate/mul@/main.xml
2019-07-12,seanad,debate,https://data.oireachtas.ie/akn/ie/debateRecord/seanad/2019-07-12/debate/main,https://data.oireachtas.ie/akn/ie/debateRecord/seanad/2019-07-12/debate/mul@/main.xml
2019-07-11,dail,debate,https://data.oireachtas.ie/akn/ie/debateRecord/committee_of_public_accounts/2019-07-11/debate/main,https://data.oireachtas.ie/akn/ie/debateRecord/committee_of_public_accounts/2019-07-11/debate/mul@/main.xml
2019-07-11,dail,debate,https://data.oireachtas.ie/akn/ie/debateRecord/joint_committee_on_communications_climate_action_and_environment/2019-07-11/debate/main,https://data.oireachtas.ie/akn/ie/debateRecord/joint_committee_on_communications_climate_action_and_environment/2019-07-11/debate/mul@/main.xml
2019-07-11,dail,debate,https://data.oireachtas.ie/akn/ie/debateRecord/joint_committee_on_foreign_affairs_and_trade_and_defence/2019-07-11/debate/main,https://data.oireachtas.ie/akn/ie/debateRecord/joint_committee_on_foreign_affairs_and_trade_and_defence/2019-07-11/debate/mul@/main.xml
2019-07-11,dail,debate,https://data.oireachtas.ie/akn/ie/debateRecord/joint_committee_on_finance_public_expenditure_and_reform_and_taoiseach/2019-07-11/debate/main,https://data.oireachtas.ie/akn/ie/debateRecord/joint_committee_on_finance_public_expenditure_and_reform_and_taoiseach/2019-07-11/debate/mul@/main.xml
2019-07-11,dail,debate,https://data.oireachtas.ie/akn/ie/debateRecord/select_committee_on_finance_public_expenditure_and_reform_and_taoiseach/2019-07-11/debate/main,https://data.oireachtas.ie/akn/ie/debateRecord/select_committee_on_finance_public_expenditure_and_reform_and_taoiseach/2019-07-11/debate/mul@/main.xml
2019-07-11,seanad,debate,https://data.oireachtas.ie/akn/ie/debateRecord/seanad/2019-07-11/debate/main,https://data.oireachtas.ie/akn/ie/debateRecord/seanad/2019-07-11/debate/mul@/main.xml
2019-07-11,dail,debate,https://data.oireachtas.ie/akn/ie/debateRecord/dail/2019-07-11/debate/main,https://data.oireachtas.ie/akn/ie/debateRecord/dail/2019-07-11/debate/mul@/main.xml
2019-07-10,dail,debate,https://data.oireachtas.ie/akn/ie/debateRecord/joint_committee_on_climate_action/2019-07-10/debate/main,https://data.oireachtas.ie/akn/ie/debateRecord/joint_committee_on_climate_action/2019-07-10/debate/mul@/main.xml
2019-07-10,dail,debate,https://data.oireachtas.ie/akn/ie/debateRecord/joint_committee_on_communications_climate_action_and_environment/2019-07-10/debate/main,https://data.oireachtas.ie/akn/ie/debateRecord/joint_committee_on_communications_climate_action_and_environment/2019-07-10/debate/mul@/main.xml
2019-07-10,dail,debate,https://data.oireachtas.ie/akn/ie/debateRecord/joint_committee_on_european_union_affairs/2019-07-10/debate/main,https://data.oireachtas.ie/akn/ie/debateRecord/joint_committee_on_european_union_affairs/2019-07-10/debate/mul@/main.xml
2019-07-10,dail,debate,https://data.oireachtas.ie/akn/ie/debateRecord/joint_committee_on_health/2019-07-10/debate/main,https://data.oireachtas.ie/akn/ie/debateRecord/joint_committee_on_health/2019-07-10/debate/mul@/main.xml
2019-07-10,dail,debate,https://data.oireachtas.ie/akn/ie/debateRecord/joint_committee_on_housing_planning_and_local_government/2019-07-10/debate/main,https://data.oireachtas.ie/akn/ie/debateRecord/joint_committee_on_housing_planning_and_local_government/2019-07-10/debate/mul@/main.xml
2019-07-10,dail,debate,https://data.oireachtas.ie/akn/ie/debateRecord/joint_committee_on_justice_and_equality/2019-07-10/debate/main,https://data.oireachtas.ie/akn/ie/debateRecord/joint_committee_on_justice_and_equality/2019-07-10/debate/mul@/main.xml
2019-07-10,dail,debate,https://data.oireachtas.ie/akn/ie/debateRecord/select_committee_on_justice_and_equality/2019-07-10/debate/main,https://data.oireachtas.ie/akn/ie/debateRecord/select_committee_on_justice_and_equality/2019-07-10/debate/mul@/main.xml
2019-07-10,dail,debate,https://data.oireachtas.ie/akn/ie/debateRecord/joint_committee_on_transport_tourism_and_sport/2019-07-10/debate/main,https://data.oireachtas.ie/akn/ie/debateRecord/joint_committee_on_transport_tourism_and_sport/2019-07-10/debate/mul@/main.xml
2019-07-10,seanad,debate,https://data.oireachtas.ie/akn/ie/debateRecord/seanad/2019-07-10/debate/main,https://data.oireachtas.ie/akn/ie/debateRecord/seanad/2019-07-10/debate/mul@/main.xml
2019-07-10,dail,debate,https://data.oireachtas.ie/akn/ie/debateRecord/dail/2019-07-10/debate/main,https://data.oireachtas.ie/akn/ie/debateRecord/dail/2019-07-10/debate/mul@/main.xml
2019-07-09,dail,debate,https://data.oireachtas.ie/akn/ie/debateRecord/joint_committee_on_children_and_youth_affairs/2019-07-09/debate/main,https://data.oireachtas.ie/akn/ie/debateRecord/joint_committee_on_children_and_youth_affairs/2019-07-09/debate/mul@/main.xml
2019-07-09,dail,debate,https://data.oireachtas.ie/akn/ie/debateRecord/joint_committee_on_finance_public_expenditure_and_reform_and_taoiseach/2019-07-09/debate/main,https://data.oireachtas.ie/akn/ie/debateRecord/joint_committee_on_finance_public_expenditure_and_reform_and_taoiseach/2019-07-09/debate/mul@/main.xml
2019-07-09,dail,debate,https://data.oireachtas.ie/akn/ie/debateRecord/seanad_public_consultation_committee/2019-07-09/debate/main,https://data.oireachtas.ie/akn/ie/debateRecord/seanad_public_consultation_committee/2019-07-09/debate/mul@/main.xml
2019-07-09,dail,debate,https://data.oireachtas.ie/akn/ie/debateRecord/joint_committee_on_employment_affairs_and_social_protection/2019-07-09/debate/main,https://data.oireachtas.ie/akn/ie/debateRecord/joint_committee_on_employment_affairs_and_social_protection/2019-07-09/debate/mul@/main.xml
2019-07-09,dail,debate,https://data.oireachtas.ie/akn/ie/debateRecord/joint_committee_on_agriculture_food_and_the_marine/2019-07-09/debate/main,https://data.oireachtas.ie/akn/ie/debateRecord/joint_committee_on_agriculture_food_and_the_marine/2019-07-09/debate/mul@/main.xml
2019-07-09,dail,debate,https://data.oireachtas.ie/akn/ie/debateRecord/committee_on_budgetary_oversight/2019-07-09/debate/main,https://data.oireachtas.ie/akn/ie/debateRecord/committee_on_budgetary_oversight/2019-07-09/debate/mul@/main.xml
2019-07-09,dail,debate,https://data.oireachtas.ie/akn/ie/debateRecord/joint_committee_on_communications_climate_action_and_environment/2019-07-09/debate/main,https://data.oireachtas.ie/akn/ie/debateRecord/joint_committee_on_communications_climate_action_and_environment/2019-07-09/debate/mul@/main.xml
2019-07-09,seanad,debate,https://data.oireachtas.ie/akn/ie/debateRecord/seanad/2019-07-09/debate/main,https://data.oireachtas.ie/akn/ie/debateRecord/seanad/2019-07-09/debate/mul@/main.xml
2019-07-09,dail,debate,https://data.oireachtas.ie/akn/ie/debateRecord/dail/2019-07-09/debate/main,https://data.oireachtas.ie/akn/ie/debateRecord/dail/2019-07-09/debate/mul@/main.xml
2019-07-04,dail,debate,https://data.oireachtas.ie/akn/ie/debateRecord/committee_of_public_accounts/2019-07-04/debate/main,https://data.oireachtas.ie/akn/ie/debateRecord/committee_of_public_accounts/2019-07-04/debate/mul@/main.xml
2019-07-04,dail,debate,https://data.oireachtas.ie/akn/ie/debateRecord/joint_committee_on_finance_public_expenditure_and_reform_and_taoiseach/2019-07-04/debate/main,https://data.oireachtas.ie/akn/ie/debateRecord/joint_committee_on_finance_public_expenditure_and_reform_and_taoiseach/2019-07-04/debate/mul@/main.xml
2019-07-04,dail,debate,https://data.oireachtas.ie/akn/ie/debateRecord/joint_committee_on_the_implementation_of_the_good_friday_agreement/2019-07-04/debate/main,https://data.oireachtas.ie/akn/ie/debateRecord/joint_committee_on_the_implementation_of_the_good_friday_agreement/2019-07-04/debate/mul@/main.xml
2019-07-04,dail,debate,https://data.oireachtas.ie/akn/ie/debateRecord/joint_committee_on_health/2019-07-04/debate/main,https://data.oireachtas.ie/akn/ie/debateRecord/joint_committee_on_health/2019-07-04/debate/mul@/main.xml
2019-07-04,dail,debate,https://data.oireachtas.ie/akn/ie/debateRecord/joint_committee_on_housing_planning_and_local_government/2019-07-04/debate/main,https://data.oireachtas.ie/akn/ie/debateRecord/joint_committee_on_housing_planning_and_local_government/2019-07-04/debate/mul@/main.xml
2019-07-04,dail,debate,https://data.oireachtas.ie/akn/ie/debateRecord/joint_committee_on_employment_affairs_and_social_protection/2019-07-04/debate/main,https://data.oireachtas.ie/akn/ie/debateRecord/joint_committee_on_employment_affairs_and_social_protection/2019-07-04/debate/mul@/main.xml
2019-07-04,seanad,debate,https://data.oireachtas.ie/akn/ie/debateRecord/seanad/2019-07-04/debate/main,https://data.oireachtas.ie/akn/ie/debateRecord/seanad/2019-07-04/debate/mul@/main.xml
2019-07-04,dail,debate,https://data.oireachtas.ie/akn/ie/debateRecord/dail/2019-07-04/debate/main,https://data.oireachtas.ie/akn/ie/debateRecord/dail/2019-07-04/debate/mul@/main.xml
2019-07-03,dail,debate,https://data.oireachtas.ie/akn/ie/debateRecord/committee_on_budgetary_oversight/2019-07-03/debate/main,https://data.oireachtas.ie/akn/ie/debateRecord/committee_on_budgetary_oversight/2019-07-03/debate/mul@/main.xml
2019-07-03,dail,debate,https://data.oireachtas.ie/akn/ie/debateRecord/joint_committee_on_communications_climate_action_and_environment/2019-07-03/debate/main,https://data.oireachtas.ie/akn/ie/debateRecord/joint_committee_on_communications_climate_action_and_environment/2019-07-03/debate/mul@/main.xml
2019-07-03,dail,debate,https://data.oireachtas.ie/akn/ie/debateRecord/committee_on_public_petitions/2019-07-03/debate/main,https://data.oireachtas.ie/akn/ie/debateRecord/committee_on_public_petitions/2019-07-03/debate/mul@/main.xml
2019-07-03,dail,debate,https://data.oireachtas.ie/akn/ie/debateRecord/joint_committee_on_health/2019-07-03/debate/main,https://data.oireachtas.ie/akn/ie/debateRecord/joint_committee_on_health/2019-07-03/debate/mul@/main.xml
2019-07-03,dail,debate,https://data.oireachtas.ie/akn/ie/debateRecord/select_committee_on_health/2019-07-03/debate/main,https://data.oireachtas.ie/akn/ie/debateRecord/select_committee_on_health/2019-07-03/debate/mul@/main.xml
2019-07-03,dail,debate,https://data.oireachtas.ie/akn/ie/debateRecord/joint_committee_on_transport_tourism_and_sport/2019-07-03/debate/main,https://data.oireachtas.ie/akn/ie/debateRecord/joint_committee_on_transport_tourism_and_sport/2019-07-03/debate/mul@/main.xml
2019-07-03,seanad,debate,https://data.oireachtas.ie/akn/ie/debateRecord/seanad/2019-07-03/debate/main,https://data.oireachtas.ie/akn/ie/debateRecord/seanad/2019-07-03/debate/mul@/main.xml
2019-07-03,dail,debate,https://data.oireachtas.ie/akn/ie/debateRecord/dail/2019-07-03/debate/main,https://data.oireachtas.ie/akn/ie/debateRecord/dail/2019-07-03/debate/mul@/main.xml
2019-07-02,dail,debate,https://data.oireachtas.ie/akn/ie/debateRecord/joint_committee_on_agriculture_food_and_the_marine/2019-07-02/debate/main,https://data.oireachtas.ie/akn/ie/debateRecord/joint_committee_on_agriculture_food_and_the_marine/2019-07-02/debate/mul@/main.xml
2019-07-02,dail,debate,https://data.oireachtas.ie/akn/ie/debateRecord/joint_committee_on_foreign_affairs_and_trade_and_defence/2019-07-02/debate/main,https://data.oireachtas.ie/akn/ie/debateRecord/joint_committee_on_foreign_affairs_and_trade_and_defence/2019-07-02/debate/mul@/main.xml
2019-07-02,dail,debate,https://data.oireachtas.ie/akn/ie/debateRecord/select_committee_on_finance_public_expenditure_and_reform_and_taoiseach/2019-07-02/debate/main,https://data.oireachtas.ie/akn/ie/debateRecord/select_committee_on_finance_public_expenditure_and_reform_and_taoiseach/2019-07-02/debate/mul@/main.xml
2019-07-02,dail,debate,https://data.oireachtas.ie/akn/ie/debateRecord/joint_committee_on_housing_planning_and_local_government/2019-07-02/debate/main,https://data.oireachtas.ie/akn/ie/debateRecord/joint_committee_on_housing_planning_and_local_government/2019-07-02/debate/mul@/main.xml
2019-07-02,dail,debate,https://data.oireachtas.ie/akn/ie/debateRecord/joint_committee_on_culture_heritage_and_the_gaeltacht/2019-07-02/debate/main,https://data.oireachtas.ie/akn/ie/debateRecord/joint_committee_on_culture_heritage_and_the_gaeltacht/2019-07-02/debate/mul@/main.xml
2019-07-02,dail,debate,https://data.oireachtas.ie/akn/ie/debateRecord/comhchoiste_na_gaeilge_na_gaeltachta_agus_na_noilean/2019-07-02/debate/main,https://data.oireachtas.ie/akn/ie/debateRecord/comhchoiste_na_gaeilge_na_gaeltachta_agus_na_noilean/2019-07-02/debate/mul@/main.xml
2019-07-02,seanad,debate,https://data.oireachtas.ie/akn/ie/debateRecord/seanad/2019-07-02/debate/main,https://data.oireachtas.ie/akn/ie/debateRecord/seanad/2019-07-02/debate/mul@/main.xml
2019-07-02,dail,debate,https://data.oireachtas.ie/akn/ie/debateRecord/dail/2019-07-02/debate/main,https://data.oireachtas.ie/akn/ie/debateRecord/dail/2019-07-02/debate/mul@/main.xml
2019-06-27,dail,debate,https://data.oireachtas.ie/akn/ie/debateRecord/committee_of_public_accounts/2019-06-27/debate/main,https://data.oireachtas.ie/akn/ie/debateRecord/committee_of_public_accounts/2019-06-27/debate/mul@/main.xml
2019-06-27,dail,debate,https://data.oireachtas.ie/akn/ie/debateRecord/joint_committee_on_foreign_affairs_and_trade_and_defence/2019-06-27/debate/main,https://data.oireachtas.ie/akn/ie/debateRecord/joint_committee_on_foreign_affairs_and_trade_and_defence/2019-06-27/debate/mul@/main.xml
2019-06-27,dail,debate,https://data.oireachtas.ie/akn/ie/debateRecord/select_committee_on_justice_and_equality/2019-06-27/debate/main,https://data.oireachtas.ie/akn/ie/debateRecord/select_committee_on_justice_and_equality/2019-06-27/debate/mul@/main.xml
2019-06-27,seanad,debate,https://data.oireachtas.ie/akn/ie/debateRecord/seanad/2019-06-27/debate/main,https://data.oireachtas.ie/akn/ie/debateRecord/seanad/2019-06-27/debate/mul@/main.xml
2019-06-27,dail,debate,https://data.oireachtas.ie/akn/ie/debateRecord/dail/2019-06-27/debate/main,https://data.oireachtas.ie/akn/ie/debateRecord/dail/2019-06-27/debate/mul@/main.xml
2019-06-26,dail,debate,https://data.oireachtas.ie/akn/ie/debateRecord/joint_committee_on_climate_action/2019-06-26/debate/main,https://data.oireachtas.ie/akn/ie/debateRecord/joint_committee_on_climate_action/2019-06-26/debate/mul@/main.xml
2019-06-26,dail,debate,https://data.oireachtas.ie/akn/ie/debateRecord/joint_committee_on_communications_climate_action_and_environment/2019-06-26/debate/main,https://data.oireachtas.ie/akn/ie/debateRecord/joint_committee_on_communications_climate_action_and_environment/2019-06-26/debate/mul@/main.xml
2019-06-26,dail,debate,https://data.oireachtas.ie/akn/ie/debateRecord/joint_committee_on_european_union_affairs/2019-06-26/debate/main,https://data.oireachtas.ie/akn/ie/debateRecord/joint_committee_on_european_union_affairs/2019-06-26/debate/mul@/main.xml
2019-06-26,dail,debate,https://data.oireachtas.ie/akn/ie/debateRecord/joint_committee_on_health/2019-06-26/debate/main,https://data.oireachtas.ie/akn/ie/debateRecord/joint_committee_on_health/2019-06-26/debate/mul@/main.xml
2019-06-26,dail,debate,https://data.oireachtas.ie/akn/ie/debateRecord/select_committee_on_housing_planning_and_local_government/2019-06-26/debate/main,https://data.oireachtas.ie/akn/ie/debateRecord/select_committee_on_housing_planning_and_local_government/2019-06-26/debate/mul@/main.xml
2019-06-26,dail,debate,https://data.oireachtas.ie/akn/ie/debateRecord/joint_committee_on_justice_and_equality/2019-06-26/debate/main,https://data.oireachtas.ie/akn/ie/debateRecord/joint_committee_on_justice_and_equality/2019-06-26/debate/mul@/main.xml
2019-06-26,dail,debate,https://data.oireachtas.ie/akn/ie/debateRecord/joint_committee_on_transport_tourism_and_sport/2019-06-26/debate/main,https://data.oireachtas.ie/akn/ie/debateRecord/joint_committee_on_transport_tourism_and_sport/2019-06-26/debate/mul@/main.xml
2019-06-26,seanad,debate,https://data.oireachtas.ie/akn/ie/debateRecord/seanad/2019-06-26/debate/main,https://data.oireachtas.ie/akn/ie/debateRecord/seanad/2019-06-26/debate/mul@/main.xml
2019-06-26,dail,debate,https://data.oireachtas.ie/akn/ie/debateRecord/dail/2019-06-26/debate/main,https://data.oireachtas.ie/akn/ie/debateRecord/dail/2019-06-26/debate/mul@/main.xml
2019-06-25,dail,debate,https://data.oireachtas.ie/akn/ie/debateRecord/joint_committee_on_communications_climate_action_and_environment/2019-06-25/debate/main,https://data.oireachtas.ie/akn/ie/debateRecord/joint_committee_on_communications_climate_action_and_environment/2019-06-25/debate/mul@/main.xml
2019-06-25,dail,debate,https://data.oireachtas.ie/akn/ie/debateRecord/joint_committee_on_business_enterprise_and_innovation/2019-06-25/debate/main,https://data.oireachtas.ie/akn/ie/debateRecord/joint_committee_on_business_enterprise_and_innovation/2019-06-25/debate/mul@/main.xml
2019-06-25,seanad,debate,https://data.oireachtas.ie/akn/ie/debateRecord/seanad/2019-06-25/debate/main,https://data.oireachtas.ie/akn/ie/debateRecord/seanad/2019-06-25/debate/mul@/main.xml
2019-06-25,dail,debate,https://data.oireachtas.ie/akn/ie/debateRecord/committee_on_budgetary_oversight/2019-06-25/debate/main,https://data.oireachtas.ie/akn/ie/debateRecord/committee_on_budgetary_oversight/2019-06-25/debate/mul@/main.xml
2019-06-25,dail,debate,https://data.oireachtas.ie/akn/ie/debateRecord/dail/2019-06-25/debate/main,https://data.oireachtas.ie/akn/ie/debateRecord/dail/2019-06-25/debate/mul@/main.xml
2019-06-20,dail,debate,https://data.oireachtas.ie/akn/ie/debateRecord/committee_of_public_accounts/2019-06-20/debate/main,https://data.oireachtas.ie/akn/ie/debateRecord/committee_of_public_accounts/2019-06-20/debate/mul@/main.xml
2019-06-20,dail,debate,https://data.oireachtas.ie/akn/ie/debateRecord/joint_committee_on_housing_planning_and_local_government/2019-06-20/debate/main,https://data.oireachtas.ie/akn/ie/debateRecord/joint_committee_on_housing_planning_and_local_government/2019-06-20/debate/mul@/main.xml
2019-06-20,dail,debate,https://data.oireachtas.ie/akn/ie/debateRecord/joint_committee_on_employment_affairs_and_social_protection/2019-06-20/debate/main,https://data.oireachtas.ie/akn/ie/debateRecord/joint_committee_on_employment_affairs_and_social_protection/2019-06-20/debate/mul@/main.xml
2019-06-20,dail,debate,https://data.oireachtas.ie/akn/ie/debateRecord/select_committee_on_finance_public_expenditure_and_reform_and_taoiseach/2019-06-20/debate/main,https://data.oireachtas.ie/akn/ie/debateRecord/select_committee_on_finance_public_expenditure_and_reform_and_taoiseach/2019-06-20/debate/mul@/main.xml
2019-06-20,dail,debate,https://data.oireachtas.ie/akn/ie/debateRecord/joint_committee_on_the_implementation_of_the_good_friday_agreement/2019-06-20/debate/main,https://data.oireachtas.ie/akn/ie/debateRecord/joint_committee_on_the_implementation_of_the_good_friday_agreement/2019-06-20/debate/mul@/main.xml
2019-06-20,seanad,debate,https://data.oireachtas.ie/akn/ie/debateRecord/seanad/2019-06-20/debate/main,https://data.oireachtas.ie/akn/ie/debateRecord/seanad/2019-06-20/debate/mul@/main.xml
2019-06-20,dail,debate,https://data.oireachtas.ie/akn/ie/debateRecord/dail/2019-06-20/debate/main,https://data.oireachtas.ie/akn/ie/debateRecord/dail/2019-06-20/debate/mul@/main.xml
2019-06-19,dail,debate,https://data.oireachtas.ie/akn/ie/debateRecord/seanad_special_committee_on_the_withdrawal_of_the_united_kingdom_from_the_european_union/2019-06-19/debate/main,https://data.oireachtas.ie/akn/ie/debateRecord/seanad_special_committee_on_the_withdrawal_of_the_united_kingdom_from_the_european_union/2019-06-19/debate/mul@/main.xml
2019-06-19,dail,debate,https://data.oireachtas.ie/akn/ie/debateRecord/joint_committee_on_climate_action/2019-06-19/debate/main,https://data.oireachtas.ie/akn/ie/debateRecord/joint_committee_on_climate_action/2019-06-19/debate/mul@/main.xml
2019-06-19,dail,debate,https://data.oireachtas.ie/akn/ie/debateRecord/committee_on_budgetary_oversight/2019-06-19/debate/main,https://data.oireachtas.ie/akn/ie/debateRecord/committee_on_budgetary_oversight/2019-06-19/debate/mul@/main.xml
2019-06-19,dail,debate,https://data.oireachtas.ie/akn/ie/debateRecord/joint_committee_on_communications_climate_action_and_environment/2019-06-19/debate/main,https://data.oireachtas.ie/akn/ie/debateRecord/joint_committee_on_communications_climate_action_and_environment/2019-06-19/debate/mul@/main.xml
2019-06-19,dail,debate,https://data.oireachtas.ie/akn/ie/debateRecord/committee_on_public_petitions/2019-06-19/debate/main,https://data.oireachtas.ie/akn/ie/debateRecord/committee_on_public_petitions/2019-06-19/debate/mul@/main.xml
2019-06-19,dail,debate,https://data.oireachtas.ie/akn/ie/debateRecord/joint_committee_on_children_and_youth_affairs/2019-06-19/debate/main,https://data.oireachtas.ie/akn/ie/debateRecord/joint_committee_on_children_and_youth_affairs/2019-06-19/debate/mul@/main.xml
2019-06-19,dail,debate,https://data.oireachtas.ie/akn/ie/debateRecord/joint_committee_on_health/2019-06-19/debate/main,https://data.oireachtas.ie/akn/ie/debateRecord/joint_committee_on_health/2019-06-19/debate/mul@/main.xml
2019-06-19,dail,debate,https://data.oireachtas.ie/akn/ie/debateRecord/joint_committee_on_justice_and_equality/2019-06-19/debate/main,https://data.oireachtas.ie/akn/ie/debateRecord/joint_committee_on_justice_and_equality/2019-06-19/debate/mul@/main.xml
2019-06-19,dail,debate,https://data.oireachtas.ie/akn/ie/debateRecord/select_committee_on_justice_and_equality/2019-06-19/debate/main,https://data.oireachtas.ie/akn/ie/debateRecord/select_committee_on_justice_and_equality/2019-06-19/debate/mul@/main.xml
2019-06-19,dail,debate,https://data.oireachtas.ie/akn/ie/debateRecord/joint_committee_on_transport_tourism_and_sport/2019-06-19/debate/main,https://data.oireachtas.ie/akn/ie/debateRecord/joint_committee_on_transport_tourism_and_sport/2019-06-19/debate/mul@/main.xml
2019-06-19,seanad,debate,https://data.oireachtas.ie/akn/ie/debateRecord/seanad/2019-06-19/debate/main,https://data.oireachtas.ie/akn/ie/debateRecord/seanad/2019-06-19/debate/mul@/main.xml
2019-06-19,dail,debate,https://data.oireachtas.ie/akn/ie/debateRecord/dail/2019-06-19/debate/main,https://data.oireachtas.ie/akn/ie/debateRecord/dail/2019-06-19/debate/mul@/main.xml
2019-06-18,dail,debate,https://data.oireachtas.ie/akn/ie/debateRecord/comhchoiste_na_gaeilge_na_gaeltachta_agus_na_noilean/2019-06-18/debate/main,https://data.oireachtas.ie/akn/ie/debateRecord/comhchoiste_na_gaeilge_na_gaeltachta_agus_na_noilean/2019-06-18/debate/mul@/main.xml
2019-06-18,dail,debate,https://data.oireachtas.ie/akn/ie/debateRecord/joint_committee_on_agriculture_food_and_the_marine/2019-06-18/debate/main,https://data.oireachtas.ie/akn/ie/debateRecord/joint_committee_on_agriculture_food_and_the_marine/2019-06-18/debate/mul@/main.xml
2019-06-18,dail,debate,https://data.oireachtas.ie/akn/ie/debateRecord/committee_on_budgetary_oversight/2019-06-18/debate/main,https://data.oireachtas.ie/akn/ie/debateRecord/committee_on_budgetary_oversight/2019-06-18/debate/mul@/main.xml
2019-06-18,dail,debate,https://data.oireachtas.ie/akn/ie/debateRecord/joint_committee_on_education_and_skills/2019-06-18/debate/main,https://data.oireachtas.ie/akn/ie/debateRecord/joint_committee_on_education_and_skills/2019-06-18/debate/mul@/main.xml
2019-06-18,dail,debate,https://data.oireachtas.ie/akn/ie/debateRecord/joint_committee_on_housing_planning_and_local_government/2019-06-18/debate/main,https://data.oireachtas.ie/akn/ie/debateRecord/joint_committee_on_housing_planning_and_local_government/2019-06-18/debate/mul@/main.xml
2019-06-18,seanad,debate,https://data.oireachtas.ie/akn/ie/debateRecord/seanad/2019-06-18/debate/main,https://data.oireachtas.ie/akn/ie/debateRecord/seanad/2019-06-18/debate/mul@/main.xml
2019-06-18,dail,debate,https://data.oireachtas.ie/akn/ie/debateRecord/dail/2019-06-18/debate/main,https://data.oireachtas.ie/akn/ie/debateRecord/dail/2019-06-18/debate/mul@/main.xml
2019-06-13,dail,debate,https://data.oireachtas.ie/akn/ie/debateRecord/committee_of_public_accounts/2019-06-13/debate/main,https://data.oireachtas.ie/akn/ie/debateRecord/committee_of_public_accounts/2019-06-13/debate/mul@/main.xml
2019-06-13,dail,debate,https://data.oireachtas.ie/akn/ie/debateRecord/joint_committee_on_communications_climate_action_and_environment/2019-06-13/debate/main,https://data.oireachtas.ie/akn/ie/debateRecord/joint_committee_on_communications_climate_action_and_environment/2019-06-13/debate/mul@/main.xml
2019-06-13,dail,debate,https://data.oireachtas.ie/akn/ie/debateRecord/joint_committee_on_education_and_skills/2019-06-13/debate/main,https://data.oireachtas.ie/akn/ie/debateRecord/joint_committee_on_education_and_skills/2019-06-13/debate/mul@/main.xml
2019-06-13,dail,debate,https://data.oireachtas.ie/akn/ie/debateRecord/joint_committee_on_finance_public_expenditure_and_reform_and_taoiseach/2019-06-13/debate/main,https://data.oireachtas.ie/akn/ie/debateRecord/joint_committee_on_finance_public_expenditure_and_reform_and_taoiseach/2019-06-13/debate/mul@/main.xml
2019-06-13,dail,debate,https://data.oireachtas.ie/akn/ie/debateRecord/select_committee_on_foreign_affairs_and_trade_and_defence/2019-06-13/debate/main,https://data.oireachtas.ie/akn/ie/debateRecord/select_committee_on_foreign_affairs_and_trade_and_defence/2019-06-13/debate/mul@/main.xml
2019-06-13,seanad,debate,https://data.oireachtas.ie/akn/ie/debateRecord/seanad/2019-06-13/debate/main,https://data.oireachtas.ie/akn/ie/debateRecord/seanad/2019-06-13/debate/mul@/main.xml
2019-06-13,dail,debate,https://data.oireachtas.ie/akn/ie/debateRecord/dail/2019-06-13/debate/main,https://data.oireachtas.ie/akn/ie/debateRecord/dail/2019-06-13/debate/mul@/main.xml
2019-06-12,dail,debate,https://data.oireachtas.ie/akn/ie/debateRecord/joint_committee_on_communications_climate_action_and_environment/2019-06-12/debate/main,https://data.oireachtas.ie/akn/ie/debateRecord/joint_committee_on_communications_climate_action_and_environment/2019-06-12/debate/mul@/main.xml
2019-06-12,dail,debate,https://data.oireachtas.ie/akn/ie/debateRecord/joint_committee_on_european_union_affairs/2019-06-12/debate/main,https://data.oireachtas.ie/akn/ie/debateRecord/joint_committee_on_european_union_affairs/2019-06-12/debate/mul@/main.xml
2019-06-12,dail,debate,https://data.oireachtas.ie/akn/ie/debateRecord/joint_committee_on_health/2019-06-12/debate/main,https://data.oireachtas.ie/akn/ie/debateRecord/joint_committee_on_health/2019-06-12/debate/mul@/main.xml
2019-06-12,dail,debate,https://data.oireachtas.ie/akn/ie/debateRecord/joint_committee_on_housing_planning_and_local_government/2019-06-12/debate/main,https://data.oireachtas.ie/akn/ie/debateRecord/joint_committee_on_housing_planning_and_local_government/2019-06-12/debate/mul@/main.xml
2019-06-12,dail,debate,https://data.oireachtas.ie/akn/ie/debateRecord/joint_committee_on_justice_and_equality/2019-06-12/debate/main,https://data.oireachtas.ie/akn/ie/debateRecord/joint_committee_on_justice_and_equality/2019-06-12/debate/mul@/main.xml
2019-06-12,dail,debate,https://data.oireachtas.ie/akn/ie/debateRecord/joint_committee_on_rural_and_community_development/2019-06-12/debate/main,https://data.oireachtas.ie/akn/ie/debateRecord/joint_committee_on_rural_and_community_development/2019-06-12/debate/mul@/main.xml
2019-06-12,dail,debate,https://data.oireachtas.ie/akn/ie/debateRecord/joint_committee_on_culture_heritage_and_the_gaeltacht/2019-06-12/debate/main,https://data.oireachtas.ie/akn/ie/debateRecord/joint_committee_on_culture_heritage_and_the_gaeltacht/2019-06-12/debate/mul@/main.xml
2019-06-12,seanad,debate,https://data.oireachtas.ie/akn/ie/debateRecord/seanad/2019-06-12/debate/main,https://data.oireachtas.ie/akn/ie/debateRecord/seanad/2019-06-12/debate/mul@/main.xml
2019-06-12,dail,debate,https://data.oireachtas.ie/akn/ie/debateRecord/dail/2019-06-12/debate/main,https://data.oireachtas.ie/akn/ie/debateRecord/dail/2019-06-12/debate/mul@/main.xml
2019-06-11,dail,debate,https://data.oireachtas.ie/akn/ie/debateRecord/committee_on_budgetary_oversight/2019-06-11/debate/main,https://data.oireachtas.ie/akn/ie/debateRecord/committee_on_budgetary_oversight/2019-06-11/debate/mul@/main.xml
2019-06-11,dail,debate,https://data.oireachtas.ie/akn/ie/debateRecord/joint_committee_on_communications_climate_action_and_environment/2019-06-11/debate/main,https://data.oireachtas.ie/akn/ie/debateRecord/joint_committee_on_communications_climate_action_and_environment/2019-06-11/debate/mul@/main.xml
2019-06-11,dail,debate,https://data.oireachtas.ie/akn/ie/debateRecord/joint_committee_on_children_and_youth_affairs/2019-06-11/debate/main,https://data.oireachtas.ie/akn/ie/debateRecord/joint_committee_on_children_and_youth_affairs/2019-06-11/debate/mul@/main.xml
2019-06-11,dail,debate,https://data.oireachtas.ie/akn/ie/debateRecord/joint_committee_on_business_enterprise_and_innovation/2019-06-11/debate/main,https://data.oireachtas.ie/akn/ie/debateRecord/joint_committee_on_business_enterprise_and_innovation/2019-06-11/debate/mul@/main.xml
2019-06-11,seanad,debate,https://data.oireachtas.ie/akn/ie/debateRecord/seanad/2019-06-11/debate/main,https://data.oireachtas.ie/akn/ie/debateRecord/seanad/2019-06-11/debate/mul@/main.xml
2019-06-11,dail,debate,https://data.oireachtas.ie/akn/ie/debateRecord/dail/2019-06-11/debate/main,https://data.oireachtas.ie/akn/ie/debateRecord/dail/2019-06-11/debate/mul@/main.xml
2019-06-05,dail,debate,https://data.oireachtas.ie/akn/ie/debateRecord/joint_committee_on_communications_climate_action_and_environment/2019-06-05/debate/main,https://data.oireachtas.ie/akn/ie/debateRecord/joint_committee_on_communications_climate_action_and_environment/2019-06-05/debate/mul@/main.xml
2019-05-30,dail,debate,https://data.oireachtas.ie/akn/ie/debateRecord/committee_of_public_accounts/2019-05-30/debate/main,https://data.oireachtas.ie/akn/ie/debateRecord/committee_of_public_accounts/2019-05-30/debate/mul@/main.xml
2019-05-30,dail,debate,https://data.oireachtas.ie/akn/ie/debateRecord/joint_committee_on_education_and_skills/2019-05-30/debate/main,https://data.oireachtas.ie/akn/ie/debateRecord/joint_committee_on_education_and_skills/2019-05-30/debate/mul@/main.xml
2019-05-30,dail,debate,https://data.oireachtas.ie/akn/ie/debateRecord/working_group_of_committee_chairmen/2019-05-30/debate/main,https://data.oireachtas.ie/akn/ie/debateRecord/working_group_of_committee_chairmen/2019-05-30/debate/mul@/main.xml
2019-05-30,seanad,debate,https://data.oireachtas.ie/akn/ie/debateRecord/seanad/2019-05-30/debate/main,https://data.oireachtas.ie/akn/ie/debateRecord/seanad/2019-05-30/debate/mul@/main.xml
2019-05-30,dail,debate,https://data.oireachtas.ie/akn/ie/debateRecord/joint_committee_on_foreign_affairs_and_trade_and_defence/2019-05-30/debate/main,https://data.oireachtas.ie/akn/ie/debateRecord/joint_committee_on_foreign_affairs_and_trade_and_defence/2019-05-30/debate/mul@/main.xml
2019-05-30,dail,debate,https://data.oireachtas.ie/akn/ie/debateRecord/joint_committee_on_finance_public_expenditure_and_reform_and_taoiseach/2019-05-30/debate/main,https://data.oireachtas.ie/akn/ie/debateRecord/joint_committee_on_finance_public_expenditure_and_reform_and_taoiseach/2019-05-30/debate/mul@/main.xml
2019-05-30,dail,debate,https://data.oireachtas.ie/akn/ie/debateRecord/dail/2019-05-30/debate/main,https://data.oireachtas.ie/akn/ie/debateRecord/dail/2019-05-30/debate/mul@/main.xml
2019-05-29,dail,debate,https://data.oireachtas.ie/akn/ie/debateRecord/joint_committee_on_health/2019-05-29/debate/main,https://data.oireachtas.ie/akn/ie/debateRecord/joint_committee_on_health/2019-05-29/debate/mul@/main.xml
2019-05-29,dail,debate,https://data.oireachtas.ie/akn/ie/debateRecord/joint_committee_on_justice_and_equality/2019-05-29/debate/main,https://data.oireachtas.ie/akn/ie/debateRecord/joint_committee_on_justice_and_equality/2019-05-29/debate/mul@/main.xml
2019-05-29,dail,debate,https://data.oireachtas.ie/akn/ie/debateRecord/joint_committee_on_transport_tourism_and_sport/2019-05-29/debate/main,https://data.oireachtas.ie/akn/ie/debateRecord/joint_committee_on_transport_tourism_and_sport/2019-05-29/debate/mul@/main.xml
2019-05-29,seanad,debate,https://data.oireachtas.ie/akn/ie/debateRecord/seanad/2019-05-29/debate/main,https://data.oireachtas.ie/akn/ie/debateRecord/seanad/2019-05-29/debate/mul@/main.xml
2019-05-29,dail,debate,https://data.oireachtas.ie/akn/ie/debateRecord/joint_committee_on_rural_and_community_development/2019-05-29/debate/main,https://data.oireachtas.ie/akn/ie/debateRecord/joint_committee_on_rural_and_community_development/2019-05-29/debate/mul@/main.xml
2019-05-29,dail,debate,https://data.oireachtas.ie/akn/ie/debateRecord/joint_committee_on_culture_heritage_and_the_gaeltacht/2019-05-29/debate/main,https://data.oireachtas.ie/akn/ie/debateRecord/joint_committee_on_culture_heritage_and_the_gaeltacht/2019-05-29/debate/mul@/main.xml
2019-05-29,dail,debate,https://data.oireachtas.ie/akn/ie/debateRecord/joint_committee_on_european_union_affairs/2019-05-29/debate/main,https://data.oireachtas.ie/akn/ie/debateRecord/joint_committee_on_european_union_affairs/2019-05-29/debate/mul@/main.xml
2019-05-29,dail,debate,https://data.oireachtas.ie/akn/ie/debateRecord/joint_committee_on_housing_planning_and_local_government/2019-05-29/debate/main,https://data.oireachtas.ie/akn/ie/debateRecord/joint_committee_on_housing_planning_and_local_government/2019-05-29/debate/mul@/main.xml
2019-05-29,dail,debate,https://data.oireachtas.ie/akn/ie/debateRecord/dail/2019-05-29/debate/main,https://data.oireachtas.ie/akn/ie/debateRecord/dail/2019-05-29/debate/mul@/main.xml
2019-05-28,dail,debate,https://data.oireachtas.ie/akn/ie/debateRecord/joint_committee_on_children_and_youth_affairs/2019-05-28/debate/main,https://data.oireachtas.ie/akn/ie/debateRecord/joint_committee_on_children_and_youth_affairs/2019-05-28/debate/mul@/main.xml
2019-05-28,dail,debate,https://data.oireachtas.ie/akn/ie/debateRecord/joint_committee_on_business_enterprise_and_innovation/2019-05-28/debate/main,https://data.oireachtas.ie/akn/ie/debateRecord/joint_committee_on_business_enterprise_and_innovation/2019-05-28/debate/mul@/main.xml
2019-05-28,seanad,debate,https://data.oireachtas.ie/akn/ie/debateRecord/seanad/2019-05-28/debate/main,https://data.oireachtas.ie/akn/ie/debateRecord/seanad/2019-05-28/debate/mul@/main.xml
2019-05-28,dail,debate,https://data.oireachtas.ie/akn/ie/debateRecord/joint_committee_on_finance_public_expenditure_and_reform_and_taoiseach/2019-05-28/debate/main,https://data.oireachtas.ie/akn/ie/debateRecord/joint_committee_on_finance_public_expenditure_and_reform_and_taoiseach/2019-05-28/debate/mul@/main.xml
2019-05-28,dail,debate,https://data.oireachtas.ie/akn/ie/debateRecord/joint_committee_on_agriculture_food_and_the_marine/2019-05-28/debate/main,https://data.oireachtas.ie/akn/ie/debateRecord/joint_committee_on_agriculture_food_and_the_marine/2019-05-28/debate/mul@/main.xml
2019-05-28,dail,debate,https://data.oireachtas.ie/akn/ie/debateRecord/committee_on_budgetary_oversight/2019-05-28/debate/main,https://data.oireachtas.ie/akn/ie/debateRecord/committee_on_budgetary_oversight/2019-05-28/debate/mul@/main.xml
2019-05-28,dail,debate,https://data.oireachtas.ie/akn/ie/debateRecord/dail/2019-05-28/debate/main,https://data.oireachtas.ie/akn/ie/debateRecord/dail/2019-05-28/debate/mul@/main.xml
2019-05-22,dail,debate,https://data.oireachtas.ie/akn/ie/debateRecord/joint_committee_on_communications_climate_action_and_environment/2019-05-22/debate/main,https://data.oireachtas.ie/akn/ie/debateRecord/joint_committee_on_communications_climate_action_and_environment/2019-05-22/debate/mul@/main.xml
2019-05-22,dail,debate,https://data.oireachtas.ie/akn/ie/debateRecord/joint_committee_on_justice_and_equality/2019-05-22/debate/main,https://data.oireachtas.ie/akn/ie/debateRecord/joint_committee_on_justice_and_equality/2019-05-22/debate/mul@/main.xml
2019-05-22,dail,debate,https://data.oireachtas.ie/akn/ie/debateRecord/joint_committee_on_health/2019-05-22/debate/main,https://data.oireachtas.ie/akn/ie/debateRecord/joint_committee_on_health/2019-05-22/debate/mul@/main.xml
2019-05-22,seanad,debate,https://data.oireachtas.ie/akn/ie/debateRecord/seanad/2019-05-22/debate/main,https://data.oireachtas.ie/akn/ie/debateRecord/seanad/2019-05-22/debate/mul@/main.xml
2019-05-22,dail,debate,https://data.oireachtas.ie/akn/ie/debateRecord/dail/2019-05-22/debate/main,https://data.oireachtas.ie/akn/ie/debateRecord/dail/2019-05-22/debate/mul@/main.xml
2019-05-21,dail,debate,https://data.oireachtas.ie/akn/ie/debateRecord/comhchoiste_na_gaeilge_na_gaeltachta_agus_na_noilean/2019-05-21/debate/main,https://data.oireachtas.ie/akn/ie/debateRecord/comhchoiste_na_gaeilge_na_gaeltachta_agus_na_noilean/2019-05-21/debate/mul@/main.xml
2019-05-21,dail,debate,https://data.oireachtas.ie/akn/ie/debateRecord/joint_committee_on_agriculture_food_and_the_marine/2019-05-21/debate/main,https://data.oireachtas.ie/akn/ie/debateRecord/joint_committee_on_agriculture_food_and_the_marine/2019-05-21/debate/mul@/main.xml
2019-05-21,dail,debate,https://data.oireachtas.ie/akn/ie/debateRecord/joint_committee_on_finance_public_expenditure_and_reform_and_taoiseach/2019-05-21/debate/main,https://data.oireachtas.ie/akn/ie/debateRecord/joint_committee_on_finance_public_expenditure_and_reform_and_taoiseach/2019-05-21/debate/mul@/main.xml
2019-05-21,seanad,debate,https://data.oireachtas.ie/akn/ie/debateRecord/seanad/2019-05-21/debate/main,https://data.oireachtas.ie/akn/ie/debateRecord/seanad/2019-05-21/debate/mul@/main.xml
2019-05-21,dail,debate,https://data.oireachtas.ie/akn/ie/debateRecord/dail/2019-05-21/debate/main,https://data.oireachtas.ie/akn/ie/debateRecord/dail/2019-05-21/debate/mul@/main.xml
2019-05-16,dail,debate,https://data.oireachtas.ie/akn/ie/debateRecord/committee_of_public_accounts/2019-05-16/debate/main,https://data.oireachtas.ie/akn/ie/debateRecord/committee_of_public_accounts/2019-05-16/debate/mul@/main.xml
2019-05-16,dail,debate,https://data.oireachtas.ie/akn/ie/debateRecord/joint_committee_on_climate_action/2019-05-16/debate/main,https://data.oireachtas.ie/akn/ie/debateRecord/joint_committee_on_climate_action/2019-05-16/debate/mul@/main.xml
2019-05-16,dail,debate,https://data.oireachtas.ie/akn/ie/debateRecord/select_committee_on_foreign_affairs_and_trade_and_defence/2019-05-16/debate/main,https://data.oireachtas.ie/akn/ie/debateRecord/select_committee_on_foreign_affairs_and_trade_and_defence/2019-05-16/debate/mul@/main.xml
2019-05-16,seanad,debate,https://data.oireachtas.ie/akn/ie/debateRecord/seanad/2019-05-16/debate/main,https://data.oireachtas.ie/akn/ie/debateRecord/seanad/2019-05-16/debate/mul@/main.xml
2019-05-16,dail,debate,https://data.oireachtas.ie/akn/ie/debateRecord/dail/2019-05-16/debate/main,https://data.oireachtas.ie/akn/ie/debateRecord/dail/2019-05-16/debate/mul@/main.xml
2019-05-15,dail,debate,https://data.oireachtas.ie/akn/ie/debateRecord/select_committee_on_justice_and_equality/2019-05-15/debate/main,https://data.oireachtas.ie/akn/ie/debateRecord/select_committee_on_justice_and_equality/2019-05-15/debate/mul@/main.xml
2019-05-15,dail,debate,https://data.oireachtas.ie/akn/ie/debateRecord/joint_committee_on_rural_and_community_development/2019-05-15/debate/main,https://data.oireachtas.ie/akn/ie/debateRecord/joint_committee_on_rural_and_community_development/2019-05-15/debate/mul@/main.xml
2019-05-15,dail,debate,https://data.oireachtas.ie/akn/ie/debateRecord/joint_committee_on_transport_tourism_and_sport/2019-05-15/debate/main,https://data.oireachtas.ie/akn/ie/debateRecord/joint_committee_on_transport_tourism_and_sport/2019-05-15/debate/mul@/main.xml
2019-05-15,dail,debate,https://data.oireachtas.ie/akn/ie/debateRecord/joint_committee_on_children_and_youth_affairs/2019-05-15/debate/main,https://data.oireachtas.ie/akn/ie/debateRecord/joint_committee_on_children_and_youth_affairs/2019-05-15/debate/mul@/main.xml
2019-05-15,dail,debate,https://data.oireachtas.ie/akn/ie/debateRecord/joint_committee_on_health/2019-05-15/debate/main,https://data.oireachtas.ie/akn/ie/debateRecord/joint_committee_on_health/2019-05-15/debate/mul@/main.xml
2019-05-15,dail,debate,https://data.oireachtas.ie/akn/ie/debateRecord/joint_committee_on_housing_planning_and_local_government/2019-05-15/debate/main,https://data.oireachtas.ie/akn/ie/debateRecord/joint_committee_on_housing_planning_and_local_government/2019-05-15/debate/mul@/main.xml
2019-05-15,dail,debate,https://data.oireachtas.ie/akn/ie/debateRecord/joint_committee_on_business_enterprise_and_innovation/2019-05-15/debate/main,https://data.oireachtas.ie/akn/ie/debateRecord/joint_committee_on_business_enterprise_and_innovation/2019-05-15/debate/mul@/main.xml
2019-05-15,seanad,debate,https://data.oireachtas.ie/akn/ie/debateRecord/seanad/2019-05-15/debate/main,https://data.oireachtas.ie/akn/ie/debateRecord/seanad/2019-05-15/debate/mul@/main.xml
2019-05-15,dail,debate,https://data.oireachtas.ie/akn/ie/debateRecord/dail/2019-05-15/debate/main,https://data.oireachtas.ie/akn/ie/debateRecord/dail/2019-05-15/debate/mul@/main.xml
2019-05-14,dail,debate,https://data.oireachtas.ie/akn/ie/debateRecord/joint_committee_on_agriculture_food_and_the_marine/2019-05-14/debate/main,https://data.oireachtas.ie/akn/ie/debateRecord/joint_committee_on_agriculture_food_and_the_marine/2019-05-14/debate/mul@/main.xml
2019-05-14,dail,debate,https://data.oireachtas.ie/akn/ie/debateRecord/committee_on_budgetary_oversight/2019-05-14/debate/main,https://data.oireachtas.ie/akn/ie/debateRecord/committee_on_budgetary_oversight/2019-05-14/debate/mul@/main.xml
2019-05-14,dail,debate,https://data.oireachtas.ie/akn/ie/debateRecord/joint_committee_on_communications_climate_action_and_environment/2019-05-14/debate/main,https://data.oireachtas.ie/akn/ie/debateRecord/joint_committee_on_communications_climate_action_and_environment/2019-05-14/debate/mul@/main.xml
2019-05-14,seanad,debate,https://data.oireachtas.ie/akn/ie/debateRecord/seanad/2019-05-14/debate/main,https://data.oireachtas.ie/akn/ie/debateRecord/seanad/2019-05-14/debate/mul@/main.xml
2019-05-14,dail,debate,https://data.oireachtas.ie/akn/ie/debateRecord/dail/2019-05-14/debate/main,https://data.oireachtas.ie/akn/ie/debateRecord/dail/2019-05-14/debate/mul@/main.xml
2019-05-09,dail,debate,https://data.oireachtas.ie/akn/ie/debateRecord/committee_of_public_accounts/2019-05-09/debate/main,https://data.oireachtas.ie/akn/ie/debateRecord/committee_of_public_accounts/2019-05-09/debate/mul@/main.xml
2019-05-09,dail,debate,https://data.oireachtas.ie/akn/ie/debateRecord/joint_committee_on_foreign_affairs_and_trade_and_defence/2019-05-09/debate/main,https://data.oireachtas.ie/akn/ie/debateRecord/joint_committee_on_foreign_affairs_and_trade_and_defence/2019-05-09/debate/mul@/main.xml
2019-05-09,seanad,debate,https://data.oireachtas.ie/akn/ie/debateRecord/seanad/2019-05-09/debate/main,https://data.oireachtas.ie/akn/ie/debateRecord/seanad/2019-05-09/debate/mul@/main.xml
2019-05-09,dail,debate,https://data.oireachtas.ie/akn/ie/debateRecord/joint_committee_on_finance_public_expenditure_and_reform_and_taoiseach/2019-05-09/debate/main,https://data.oireachtas.ie/akn/ie/debateRecord/joint_committee_on_finance_public_expenditure_and_reform_and_taoiseach/2019-05-09/debate/mul@/main.xml
2019-05-09,dail,debate,https://data.oireachtas.ie/akn/ie/debateRecord/joint_committee_on_justice_and_equality/2019-05-09/debate/main,https://data.oireachtas.ie/akn/ie/debateRecord/joint_committee_on_justice_and_equality/2019-05-09/debate/mul@/main.xml
2019-05-09,dail,debate,https://data.oireachtas.ie/akn/ie/debateRecord/joint_committee_on_employment_affairs_and_social_protection/2019-05-09/debate/main,https://data.oireachtas.ie/akn/ie/debateRecord/joint_committee_on_employment_affairs_and_social_protection/2019-05-09/debate/mul@/main.xml
2019-05-09,dail,debate,https://data.oireachtas.ie/akn/ie/debateRecord/joint_committee_on_agriculture_food_and_the_marine/2019-05-09/debate/main,https://data.oireachtas.ie/akn/ie/debateRecord/joint_committee_on_agriculture_food_and_the_marine/2019-05-09/debate/mul@/main.xml
2019-05-09,dail,debate,https://data.oireachtas.ie/akn/ie/debateRecord/joint_committee_on_climate_action/2019-05-09/debate/main,https://data.oireachtas.ie/akn/ie/debateRecord/joint_committee_on_climate_action/2019-05-09/debate/mul@/main.xml
2019-05-09,dail,debate,https://data.oireachtas.ie/akn/ie/debateRecord/joint_committee_on_european_union_affairs/2019-05-09/debate/main,https://data.oireachtas.ie/akn/ie/debateRecord/joint_committee_on_european_union_affairs/2019-05-09/debate/mul@/main.xml
2019-05-09,dail,debate,https://data.oireachtas.ie/akn/ie/debateRecord/joint_committee_on_the_implementation_of_the_good_friday_agreement/2019-05-09/debate/main,https://data.oireachtas.ie/akn/ie/debateRecord/joint_committee_on_the_implementation_of_the_good_friday_agreement/2019-05-09/debate/mul@/main.xml
2019-05-09,dail,debate,https://data.oireachtas.ie/akn/ie/debateRecord/joint_committee_on_housing_planning_and_local_government/2019-05-09/debate/main,https://data.oireachtas.ie/akn/ie/debateRecord/joint_committee_on_housing_planning_and_local_government/2019-05-09/debate/mul@/main.xml
2019-05-09,dail,debate,https://data.oireachtas.ie/akn/ie/debateRecord/dail/2019-05-09/debate/main,https://data.oireachtas.ie/akn/ie/debateRecord/dail/2019-05-09/debate/mul@/main.xml
2019-05-08,seanad,debate,https://data.oireachtas.ie/akn/ie/debateRecord/seanad/2019-05-08/debate/main,https://data.oireachtas.ie/akn/ie/debateRecord/seanad/2019-05-08/debate/mul@/main.xml
2019-05-08,dail,debate,https://data.oireachtas.ie/akn/ie/debateRecord/committee_on_budgetary_oversight/2019-05-08/debate/main,https://data.oireachtas.ie/akn/ie/debateRecord/committee_on_budgetary_oversight/2019-05-08/debate/mul@/main.xml
2019-05-08,dail,debate,https://data.oireachtas.ie/akn/ie/debateRecord/joint_committee_on_children_and_youth_affairs/2019-05-08/debate/main,https://data.oireachtas.ie/akn/ie/debateRecord/joint_committee_on_children_and_youth_affairs/2019-05-08/debate/mul@/main.xml
2019-05-08,dail,debate,https://data.oireachtas.ie/akn/ie/debateRecord/joint_committee_on_justice_and_equality/2019-05-08/debate/main,https://data.oireachtas.ie/akn/ie/debateRecord/joint_committee_on_justice_and_equality/2019-05-08/debate/mul@/main.xml
2019-05-08,dail,debate,https://data.oireachtas.ie/akn/ie/debateRecord/seanad_special_committee_on_the_withdrawal_of_the_united_kingdom_from_the_european_union/2019-05-08/debate/main,https://data.oireachtas.ie/akn/ie/debateRecord/seanad_special_committee_on_the_withdrawal_of_the_united_kingdom_from_the_european_union/2019-05-08/debate/mul@/main.xml
2019-05-08,dail,debate,https://data.oireachtas.ie/akn/ie/debateRecord/committee_on_public_petitions/2019-05-08/debate/main,https://data.oireachtas.ie/akn/ie/debateRecord/committee_on_public_petitions/2019-05-08/debate/mul@/main.xml
2019-05-08,dail,debate,https://data.oireachtas.ie/akn/ie/debateRecord/joint_committee_on_health/2019-05-08/debate/main,https://data.oireachtas.ie/akn/ie/debateRecord/joint_committee_on_health/2019-05-08/debate/mul@/main.xml
2019-05-08,dail,debate,https://data.oireachtas.ie/akn/ie/debateRecord/dail/2019-05-08/debate/main,https://data.oireachtas.ie/akn/ie/debateRecord/dail/2019-05-08/debate/mul@/main.xml
2019-04-18,dail,debate,https://data.oireachtas.ie/akn/ie/debateRecord/committee_of_public_accounts/2019-04-18/debate/main,https://data.oireachtas.ie/akn/ie/debateRecord/committee_of_public_accounts/2019-04-18/debate/mul@/main.xml
2019-04-18,dail,debate,https://data.oireachtas.ie/akn/ie/debateRecord/joint_committee_on_foreign_affairs_and_trade_and_defence/2019-04-18/debate/main,https://data.oireachtas.ie/akn/ie/debateRecord/joint_committee_on_foreign_affairs_and_trade_and_defence/2019-04-18/debate/mul@/main.xml
2019-04-18,dail,debate,https://data.oireachtas.ie/akn/ie/debateRecord/committee_on_budgetary_oversight/2019-04-18/debate/main,https://data.oireachtas.ie/akn/ie/debateRecord/committee_on_budgetary_oversight/2019-04-18/debate/mul@/main.xml
2019-04-18,dail,debate,https://data.oireachtas.ie/akn/ie/debateRecord/joint_committee_on_finance_public_expenditure_and_reform_and_taoiseach/2019-04-18/debate/main,https://data.oireachtas.ie/akn/ie/debateRecord/joint_committee_on_finance_public_expenditure_and_reform_and_taoiseach/2019-04-18/debate/mul@/main.xml
2019-04-18,seanad,debate,https://data.oireachtas.ie/akn/ie/debateRecord/seanad/2019-04-18/debate/main,https://data.oireachtas.ie/akn/ie/debateRecord/seanad/2019-04-18/debate/mul@/main.xml
2019-04-18,dail,debate,https://data.oireachtas.ie/akn/ie/debateRecord/dail/2019-04-18/debate/main,https://data.oireachtas.ie/akn/ie/debateRecord/dail/2019-04-18/debate/mul@/main.xml
2019-04-17,dail,debate,https://data.oireachtas.ie/akn/ie/debateRecord/joint_committee_on_european_union_affairs/2019-04-17/debate/main,https://data.oireachtas.ie/akn/ie/debateRecord/joint_committee_on_european_union_affairs/2019-04-17/debate/mul@/main.xml
2019-04-17,dail,debate,https://data.oireachtas.ie/akn/ie/debateRecord/select_committee_on_health/2019-04-17/debate/main,https://data.oireachtas.ie/akn/ie/debateRecord/select_committee_on_health/2019-04-17/debate/mul@/main.xml
2019-04-17,dail,debate,https://data.oireachtas.ie/akn/ie/debateRecord/select_committee_on_business_enterprise_and_innovation/2019-04-17/debate/main,https://data.oireachtas.ie/akn/ie/debateRecord/select_committee_on_business_enterprise_and_innovation/2019-04-17/debate/mul@/main.xml
2019-04-17,dail,debate,https://data.oireachtas.ie/akn/ie/debateRecord/joint_committee_on_justice_and_equality/2019-04-17/debate/main,https://data.oireachtas.ie/akn/ie/debateRecord/joint_committee_on_justice_and_equality/2019-04-17/debate/mul@/main.xml
2019-04-17,seanad,debate,https://data.oireachtas.ie/akn/ie/debateRecord/seanad/2019-04-17/debate/main,https://data.oireachtas.ie/akn/ie/debateRecord/seanad/2019-04-17/debate/mul@/main.xml
2019-04-17,dail,debate,https://data.oireachtas.ie/akn/ie/debateRecord/dail/2019-04-17/debate/main,https://data.oireachtas.ie/akn/ie/debateRecord/dail/2019-04-17/debate/mul@/main.xml
2019-04-16,dail,debate,https://data.oireachtas.ie/akn/ie/debateRecord/joint_committee_on_transport_tourism_and_sport/2019-04-16/debate/main,https://data.oireachtas.ie/akn/ie/debateRecord/joint_committee_on_transport_tourism_and_sport/2019-04-16/debate/mul@/main.xml
2019-04-16,dail,debate,https://data.oireachtas.ie/akn/ie/debateRecord/joint_committee_on_agriculture_food_and_the_marine/2019-04-16/debate/main,https://data.oireachtas.ie/akn/ie/debateRecord/joint_committee_on_agriculture_food_and_the_marine/2019-04-16/debate/mul@/main.xml
2019-04-16,dail,debate,https://data.oireachtas.ie/akn/ie/debateRecord/joint_committee_on_communications_climate_action_and_environment/2019-04-16/debate/main,https://data.oireachtas.ie/akn/ie/debateRecord/joint_committee_on_communications_climate_action_and_environment/2019-04-16/debate/mul@/main.xml
2019-04-16,seanad,debate,https://data.oireachtas.ie/akn/ie/debateRecord/seanad/2019-04-16/debate/main,https://data.oireachtas.ie/akn/ie/debateRecord/seanad/2019-04-16/debate/mul@/main.xml
2019-04-16,dail,debate,https://data.oireachtas.ie/akn/ie/debateRecord/dail/2019-04-16/debate/main,https://data.oireachtas.ie/akn/ie/debateRecord/dail/2019-04-16/debate/mul@/main.xml
2019-04-11,dail,debate,https://data.oireachtas.ie/akn/ie/debateRecord/committee_of_public_accounts/2019-04-11/debate/main,https://data.oireachtas.ie/akn/ie/debateRecord/committee_of_public_accounts/2019-04-11/debate/mul@/main.xml
2019-04-11,seanad,debate,https://data.oireachtas.ie/akn/ie/debateRecord/seanad/2019-04-11/debate/main,https://data.oireachtas.ie/akn/ie/debateRecord/seanad/2019-04-11/debate/mul@/main.xml
2019-04-11,dail,debate,https://data.oireachtas.ie/akn/ie/debateRecord/joint_committee_on_employment_affairs_and_social_protection/2019-04-11/debate/main,https://data.oireachtas.ie/akn/ie/debateRecord/joint_committee_on_employment_affairs_and_social_protection/2019-04-11/debate/mul@/main.xml
2019-04-11,dail,debate,https://data.oireachtas.ie/akn/ie/debateRecord/joint_committee_on_finance_public_expenditure_and_reform_and_taoiseach/2019-04-11/debate/main,https://data.oireachtas.ie/akn/ie/debateRecord/joint_committee_on_finance_public_expenditure_and_reform_and_taoiseach/2019-04-11/debate/mul@/main.xml
2019-04-11,dail,debate,https://data.oireachtas.ie/akn/ie/debateRecord/joint_committee_on_the_implementation_of_the_good_friday_agreement/2019-04-11/debate/main,https://data.oireachtas.ie/akn/ie/debateRecord/joint_committee_on_the_implementation_of_the_good_friday_agreement/2019-04-11/debate/mul@/main.xml
2019-04-11,dail,debate,https://data.oireachtas.ie/akn/ie/debateRecord/select_committee_on_housing_planning_and_local_government/2019-04-11/debate/main,https://data.oireachtas.ie/akn/ie/debateRecord/select_committee_on_housing_planning_and_local_government/2019-04-11/debate/mul@/main.xml
2019-04-11,dail,debate,https://data.oireachtas.ie/akn/ie/debateRecord/dail/2019-04-11/debate/main,https://data.oireachtas.ie/akn/ie/debateRecord/dail/2019-04-11/debate/mul@/main.xml
2019-04-10,dail,debate,https://data.oireachtas.ie/akn/ie/debateRecord/select_committee_on_justice_and_equality/2019-04-10/debate/main,https://data.oireachtas.ie/akn/ie/debateRecord/select_committee_on_justice_and_equality/2019-04-10/debate/mul@/main.xml
2019-04-10,dail,debate,https://data.oireachtas.ie/akn/ie/debateRecord/joint_committee_on_transport_tourism_and_sport/2019-04-10/debate/main,https://data.oireachtas.ie/akn/ie/debateRecord/joint_committee_on_transport_tourism_and_sport/2019-04-10/debate/mul@/main.xml
2019-04-10,dail,debate,https://data.oireachtas.ie/akn/ie/debateRecord/committee_on_budgetary_oversight/2019-04-10/debate/main,https://data.oireachtas.ie/akn/ie/debateRecord/committee_on_budgetary_oversight/2019-04-10/debate/mul@/main.xml
2019-04-10,dail,debate,https://data.oireachtas.ie/akn/ie/debateRecord/committee_on_public_petitions/2019-04-10/debate/main,https://data.oireachtas.ie/akn/ie/debateRecord/committee_on_public_petitions/2019-04-10/debate/mul@/main.xml
2019-04-10,dail,debate,https://data.oireachtas.ie/akn/ie/debateRecord/joint_committee_on_children_and_youth_affairs/2019-04-10/debate/main,https://data.oireachtas.ie/akn/ie/debateRecord/joint_committee_on_children_and_youth_affairs/2019-04-10/debate/mul@/main.xml
2019-04-10,dail,debate,https://data.oireachtas.ie/akn/ie/debateRecord/select_committee_on_health/2019-04-10/debate/main,https://data.oireachtas.ie/akn/ie/debateRecord/select_committee_on_health/2019-04-10/debate/mul@/main.xml
2019-04-10,dail,debate,https://data.oireachtas.ie/akn/ie/debateRecord/joint_committee_on_justice_and_equality/2019-04-10/debate/main,https://data.oireachtas.ie/akn/ie/debateRecord/joint_committee_on_justice_and_equality/2019-04-10/debate/mul@/main.xml
2019-04-10,seanad,debate,https://data.oireachtas.ie/akn/ie/debateRecord/seanad/2019-04-10/debate/main,https://data.oireachtas.ie/akn/ie/debateRecord/seanad/2019-04-10/debate/mul@/main.xml
2019-04-10,dail,debate,https://data.oireachtas.ie/akn/ie/debateRecord/dail/2019-04-10/debate/main,https://data.oireachtas.ie/akn/ie/debateRecord/dail/2019-04-10/debate/mul@/main.xml
2019-04-09,dail,debate,https://data.oireachtas.ie/akn/ie/debateRecord/comhchoiste_na_gaeilge_na_gaeltachta_agus_na_noilean/2019-04-09/debate/main,https://data.oireachtas.ie/akn/ie/debateRecord/comhchoiste_na_gaeilge_na_gaeltachta_agus_na_noilean/2019-04-09/debate/mul@/main.xml
2019-04-09,seanad,debate,https://data.oireachtas.ie/akn/ie/debateRecord/seanad/2019-04-09/debate/main,https://data.oireachtas.ie/akn/ie/debateRecord/seanad/2019-04-09/debate/mul@/main.xml
2019-04-09,dail,debate,https://data.oireachtas.ie/akn/ie/debateRecord/joint_committee_on_agriculture_food_and_the_marine/2019-04-09/debate/main,https://data.oireachtas.ie/akn/ie/debateRecord/joint_committee_on_agriculture_food_and_the_marine/2019-04-09/debate/mul@/main.xml
2019-04-09,dail,debate,https://data.oireachtas.ie/akn/ie/debateRecord/joint_committee_on_education_and_skills/2019-04-09/debate/main,https://data.oireachtas.ie/akn/ie/debateRecord/joint_committee_on_education_and_skills/2019-04-09/debate/mul@/main.xml
2019-04-09,dail,debate,https://data.oireachtas.ie/akn/ie/debateRecord/joint_committee_on_finance_public_expenditure_and_reform_and_taoiseach/2019-04-09/debate/main,https://data.oireachtas.ie/akn/ie/debateRecord/joint_committee_on_finance_public_expenditure_and_reform_and_taoiseach/2019-04-09/debate/mul@/main.xml
2019-04-09,dail,debate,https://data.oireachtas.ie/akn/ie/debateRecord/dail/2019-04-09/debate/main,https://data.oireachtas.ie/akn/ie/debateRecord/dail/2019-04-09/debate/mul@/main.xml
2019-04-04,dail,debate,https://data.oireachtas.ie/akn/ie/debateRecord/committee_of_public_accounts/2019-04-04/debate/main,https://data.oireachtas.ie/akn/ie/debateRecord/committee_of_public_accounts/2019-04-04/debate/mul@/main.xml
2019-04-04,dail,debate,https://data.oireachtas.ie/akn/ie/debateRecord/joint_committee_on_foreign_affairs_and_trade_and_defence/2019-04-04/debate/main,https://data.oireachtas.ie/akn/ie/debateRecord/joint_committee_on_foreign_affairs_and_trade_and_defence/2019-04-04/debate/mul@/main.xml
2019-04-04,dail,debate,https://data.oireachtas.ie/akn/ie/debateRecord/joint_committee_on_employment_affairs_and_social_protection/2019-04-04/debate/main,https://data.oireachtas.ie/akn/ie/debateRecord/joint_committee_on_employment_affairs_and_social_protection/2019-04-04/debate/mul@/main.xml
2019-04-04,dail,debate,https://data.oireachtas.ie/akn/ie/debateRecord/joint_committee_on_finance_public_expenditure_and_reform_and_taoiseach/2019-04-04/debate/main,https://data.oireachtas.ie/akn/ie/debateRecord/joint_committee_on_finance_public_expenditure_and_reform_and_taoiseach/2019-04-04/debate/mul@/main.xml
2019-04-04,dail,debate,https://data.oireachtas.ie/akn/ie/debateRecord/joint_committee_on_the_implementation_of_the_good_friday_agreement/2019-04-04/debate/main,https://data.oireachtas.ie/akn/ie/debateRecord/joint_committee_on_the_implementation_of_the_good_friday_agreement/2019-04-04/debate/mul@/main.xml
2019-04-04,seanad,debate,https://data.oireachtas.ie/akn/ie/debateRecord/seanad/2019-04-04/debate/main,https://data.oireachtas.ie/akn/ie/debateRecord/seanad/2019-04-04/debate/mul@/main.xml
2019-04-04,dail,debate,https://data.oireachtas.ie/akn/ie/debateRecord/dail/2019-04-04/debate/main,https://data.oireachtas.ie/akn/ie/debateRecord/dail/2019-04-04/debate/mul@/main.xml
2019-04-03,dail,debate,https://data.oireachtas.ie/akn/ie/debateRecord/select_committee_on_rural_and_community_development/2019-04-03/debate/main,https://data.oireachtas.ie/akn/ie/debateRecord/select_committee_on_rural_and_community_development/2019-04-03/debate/mul@/main.xml
2019-04-03,dail,debate,https://data.oireachtas.ie/akn/ie/debateRecord/joint_committee_on_culture_heritage_and_the_gaeltacht/2019-04-03/debate/main,https://data.oireachtas.ie/akn/ie/debateRecord/joint_committee_on_culture_heritage_and_the_gaeltacht/2019-04-03/debate/mul@/main.xml
2019-04-03,dail,debate,https://data.oireachtas.ie/akn/ie/debateRecord/joint_committee_on_transport_tourism_and_sport/2019-04-03/debate/main,https://data.oireachtas.ie/akn/ie/debateRecord/joint_committee_on_transport_tourism_and_sport/2019-04-03/debate/mul@/main.xml
2019-04-03,dail,debate,https://data.oireachtas.ie/akn/ie/debateRecord/joint_committee_on_european_union_affairs/2019-04-03/debate/main,https://data.oireachtas.ie/akn/ie/debateRecord/joint_committee_on_european_union_affairs/2019-04-03/debate/mul@/main.xml
2019-04-03,dail,debate,https://data.oireachtas.ie/akn/ie/debateRecord/joint_committee_on_health/2019-04-03/debate/main,https://data.oireachtas.ie/akn/ie/debateRecord/joint_committee_on_health/2019-04-03/debate/mul@/main.xml
2019-04-03,dail,debate,https://data.oireachtas.ie/akn/ie/debateRecord/joint_committee_on_housing_planning_and_local_government/2019-04-03/debate/main,https://data.oireachtas.ie/akn/ie/debateRecord/joint_committee_on_housing_planning_and_local_government/2019-04-03/debate/mul@/main.xml
2019-04-03,dail,debate,https://data.oireachtas.ie/akn/ie/debateRecord/joint_committee_on_justice_and_equality/2019-04-03/debate/main,https://data.oireachtas.ie/akn/ie/debateRecord/joint_committee_on_justice_and_equality/2019-04-03/debate/mul@/main.xml
2019-04-03,seanad,debate,https://data.oireachtas.ie/akn/ie/debateRecord/seanad/2019-04-03/debate/main,https://data.oireachtas.ie/akn/ie/debateRecord/seanad/2019-04-03/debate/mul@/main.xml
2019-04-03,dail,debate,https://data.oireachtas.ie/akn/ie/debateRecord/dail/2019-04-03/debate/main,https://data.oireachtas.ie/akn/ie/debateRecord/dail/2019-04-03/debate/mul@/main.xml
2019-04-02,dail,debate,https://data.oireachtas.ie/akn/ie/debateRecord/select_committee_on_agriculture_food_and_the_marine/2019-04-02/debate/main,https://data.oireachtas.ie/akn/ie/debateRecord/select_committee_on_agriculture_food_and_the_marine/2019-04-02/debate/mul@/main.xml
2019-04-02,dail,debate,https://data.oireachtas.ie/akn/ie/debateRecord/select_committee_on_communications_climate_action_and_environment/2019-04-02/debate/main,https://data.oireachtas.ie/akn/ie/debateRecord/select_committee_on_communications_climate_action_and_environment/2019-04-02/debate/mul@/main.xml
2019-04-02,dail,debate,https://data.oireachtas.ie/akn/ie/debateRecord/joint_committee_on_communications_climate_action_and_environment/2019-04-02/debate/main,https://data.oireachtas.ie/akn/ie/debateRecord/joint_committee_on_communications_climate_action_and_environment/2019-04-02/debate/mul@/main.xml
2019-04-02,dail,debate,https://data.oireachtas.ie/akn/ie/debateRecord/joint_committee_on_finance_public_expenditure_and_reform_and_taoiseach/2019-04-02/debate/main,https://data.oireachtas.ie/akn/ie/debateRecord/joint_committee_on_finance_public_expenditure_and_reform_and_taoiseach/2019-04-02/debate/mul@/main.xml
2019-04-02,dail,debate,https://data.oireachtas.ie/akn/ie/debateRecord/joint_committee_on_business_enterprise_and_innovation/2019-04-02/debate/main,https://data.oireachtas.ie/akn/ie/debateRecord/joint_committee_on_business_enterprise_and_innovation/2019-04-02/debate/mul@/main.xml
2019-04-02,dail,debate,https://data.oireachtas.ie/akn/ie/debateRecord/joint_committee_on_employment_affairs_and_social_protection/2019-04-02/debate/main,https://data.oireachtas.ie/akn/ie/debateRecord/joint_committee_on_employment_affairs_and_social_protection/2019-04-02/debate/mul@/main.xml
2019-04-02,seanad,debate,https://data.oireachtas.ie/akn/ie/debateRecord/seanad/2019-04-02/debate/main,https://data.oireachtas.ie/akn/ie/debateRecord/seanad/2019-04-02/debate/mul@/main.xml
2019-04-02,dail,debate,https://data.oireachtas.ie/akn/ie/debateRecord/dail/2019-04-02/debate/main,https://data.oireachtas.ie/akn/ie/debateRecord/dail/2019-04-02/debate/mul@/main.xml
2019-03-28,dail,debate,https://data.oireachtas.ie/akn/ie/debateRecord/committee_of_public_accounts/2019-03-28/debate/main,https://data.oireachtas.ie/akn/ie/debateRecord/committee_of_public_accounts/2019-03-28/debate/mul@/main.xml
2019-03-28,dail,debate,https://data.oireachtas.ie/akn/ie/debateRecord/joint_committee_on_employment_affairs_and_social_protection/2019-03-28/debate/main,https://data.oireachtas.ie/akn/ie/debateRecord/joint_committee_on_employment_affairs_and_social_protection/2019-03-28/debate/mul@/main.xml
2019-03-28,dail,debate,https://data.oireachtas.ie/akn/ie/debateRecord/joint_committee_on_climate_action/2019-03-28/debate/main,https://data.oireachtas.ie/akn/ie/debateRecord/joint_committee_on_climate_action/2019-03-28/debate/mul@/main.xml
2019-03-28,dail,debate,https://data.oireachtas.ie/akn/ie/debateRecord/select_committee_on_foreign_affairs_and_trade_and_defence/2019-03-28/debate/main,https://data.oireachtas.ie/akn/ie/debateRecord/select_committee_on_foreign_affairs_and_trade_and_defence/2019-03-28/debate/mul@/main.xml
2019-03-28,dail,debate,https://data.oireachtas.ie/akn/ie/debateRecord/select_committee_on_finance_public_expenditure_and_reform_and_taoiseach/2019-03-28/debate/main,https://data.oireachtas.ie/akn/ie/debateRecord/select_committee_on_finance_public_expenditure_and_reform_and_taoiseach/2019-03-28/debate/mul@/main.xml
2019-03-28,dail,debate,https://data.oireachtas.ie/akn/ie/debateRecord/joint_committee_on_housing_planning_and_local_government/2019-03-28/debate/main,https://data.oireachtas.ie/akn/ie/debateRecord/joint_committee_on_housing_planning_and_local_government/2019-03-28/debate/mul@/main.xml
2019-03-28,seanad,debate,https://data.oireachtas.ie/akn/ie/debateRecord/seanad/2019-03-28/debate/main,https://data.oireachtas.ie/akn/ie/debateRecord/seanad/2019-03-28/debate/mul@/main.xml
2019-03-28,dail,debate,https://data.oireachtas.ie/akn/ie/debateRecord/dail/2019-03-28/debate/main,https://data.oireachtas.ie/akn/ie/debateRecord/dail/2019-03-28/debate/mul@/main.xml
2019-03-27,dail,debate,https://data.oireachtas.ie/akn/ie/debateRecord/joint_committee_on_climate_action/2019-03-27/debate/main,https://data.oireachtas.ie/akn/ie/debateRecord/joint_committee_on_climate_action/2019-03-27/debate/mul@/main.xml
2019-03-27,dail,debate,https://data.oireachtas.ie/akn/ie/debateRecord/committee_on_public_petitions/2019-03-27/debate/main,https://data.oireachtas.ie/akn/ie/debateRecord/committee_on_public_petitions/2019-03-27/debate/mul@/main.xml
2019-03-27,dail,debate,https://data.oireachtas.ie/akn/ie/debateRecord/joint_committee_on_children_and_youth_affairs/2019-03-27/debate/main,https://data.oireachtas.ie/akn/ie/debateRecord/joint_committee_on_children_and_youth_affairs/2019-03-27/debate/mul@/main.xml
2019-03-27,dail,debate,https://data.oireachtas.ie/akn/ie/debateRecord/select_committee_on_business_enterprise_and_innovation/2019-03-27/debate/main,https://data.oireachtas.ie/akn/ie/debateRecord/select_committee_on_business_enterprise_and_innovation/2019-03-27/debate/mul@/main.xml
2019-03-27,dail,debate,https://data.oireachtas.ie/akn/ie/debateRecord/joint_committee_on_justice_and_equality/2019-03-27/debate/main,https://data.oireachtas.ie/akn/ie/debateRecord/joint_committee_on_justice_and_equality/2019-03-27/debate/mul@/main.xml
2019-03-27,dail,debate,https://data.oireachtas.ie/akn/ie/debateRecord/select_committee_on_employment_affairs_and_social_protection/2019-03-27/debate/main,https://data.oireachtas.ie/akn/ie/debateRecord/select_committee_on_employment_affairs_and_social_protection/2019-03-27/debate/mul@/main.xml
2019-03-27,dail,debate,https://data.oireachtas.ie/akn/ie/debateRecord/joint_committee_on_transport_tourism_and_sport/2019-03-27/debate/main,https://data.oireachtas.ie/akn/ie/debateRecord/joint_committee_on_transport_tourism_and_sport/2019-03-27/debate/mul@/main.xml
2019-03-27,seanad,debate,https://data.oireachtas.ie/akn/ie/debateRecord/seanad/2019-03-27/debate/main,https://data.oireachtas.ie/akn/ie/debateRecord/seanad/2019-03-27/debate/mul@/main.xml
2019-03-27,dail,debate,https://data.oireachtas.ie/akn/ie/debateRecord/dail/2019-03-27/debate/main,https://data.oireachtas.ie/akn/ie/debateRecord/dail/2019-03-27/debate/mul@/main.xml
2019-03-26,dail,debate,https://data.oireachtas.ie/akn/ie/debateRecord/select_committee_on_agriculture_food_and_the_marine/2019-03-26/debate/main,https://data.oireachtas.ie/akn/ie/debateRecord/select_committee_on_agriculture_food_and_the_marine/2019-03-26/debate/mul@/main.xml
2019-03-26,dail,debate,https://data.oireachtas.ie/akn/ie/debateRecord/joint_committee_on_education_and_skills/2019-03-26/debate/main,https://data.oireachtas.ie/akn/ie/debateRecord/joint_committee_on_education_and_skills/2019-03-26/debate/mul@/main.xml
2019-03-26,dail,debate,https://data.oireachtas.ie/akn/ie/debateRecord/joint_committee_on_finance_public_expenditure_and_reform_and_taoiseach/2019-03-26/debate/main,https://data.oireachtas.ie/akn/ie/debateRecord/joint_committee_on_finance_public_expenditure_and_reform_and_taoiseach/2019-03-26/debate/mul@/main.xml
2019-03-26,dail,debate,https://data.oireachtas.ie/akn/ie/debateRecord/comhchoiste_na_gaeilge_na_gaeltachta_agus_na_noilean/2019-03-26/debate/main,https://data.oireachtas.ie/akn/ie/debateRecord/comhchoiste_na_gaeilge_na_gaeltachta_agus_na_noilean/2019-03-26/debate/mul@/main.xml
2019-03-26,seanad,debate,https://data.oireachtas.ie/akn/ie/debateRecord/seanad/2019-03-26/debate/main,https://data.oireachtas.ie/akn/ie/debateRecord/seanad/2019-03-26/debate/mul@/main.xml
2019-03-26,dail,debate,https://data.oireachtas.ie/akn/ie/debateRecord/dail/2019-03-26/debate/main,https://data.oireachtas.ie/akn/ie/debateRecord/dail/2019-03-26/debate/mul@/main.xml
2019-03-14,seanad,debate,https://data.oireachtas.ie/akn/ie/debateRecord/seanad/2019-03-14/debate/main,https://data.oireachtas.ie/akn/ie/debateRecord/seanad/2019-03-14/debate/mul@/main.xml
2019-03-13,dail,debate,https://data.oireachtas.ie/akn/ie/debateRecord/committee_on_budgetary_oversight/2019-03-13/debate/main,https://data.oireachtas.ie/akn/ie/debateRecord/committee_on_budgetary_oversight/2019-03-13/debate/mul@/main.xml
2019-03-13,dail,debate,https://data.oireachtas.ie/akn/ie/debateRecord/joint_committee_on_children_and_youth_affairs/2019-03-13/debate/main,https://data.oireachtas.ie/akn/ie/debateRecord/joint_committee_on_children_and_youth_affairs/2019-03-13/debate/mul@/main.xml
2019-03-13,dail,debate,https://data.oireachtas.ie/akn/ie/debateRecord/joint_committee_on_health/2019-03-13/debate/main,https://data.oireachtas.ie/akn/ie/debateRecord/joint_committee_on_health/2019-03-13/debate/mul@/main.xml
2019-03-13,dail,debate,https://data.oireachtas.ie/akn/ie/debateRecord/select_committee_on_business_enterprise_and_innovation/2019-03-13/debate/main,https://data.oireachtas.ie/akn/ie/debateRecord/select_committee_on_business_enterprise_and_innovation/2019-03-13/debate/mul@/main.xml
2019-03-13,dail,debate,https://data.oireachtas.ie/akn/ie/debateRecord/joint_committee_on_justice_and_equality/2019-03-13/debate/main,https://data.oireachtas.ie/akn/ie/debateRecord/joint_committee_on_justice_and_equality/2019-03-13/debate/mul@/main.xml
2019-03-13,seanad,debate,https://data.oireachtas.ie/akn/ie/debateRecord/seanad/2019-03-13/debate/main,https://data.oireachtas.ie/akn/ie/debateRecord/seanad/2019-03-13/debate/mul@/main.xml
2019-03-13,dail,debate,https://data.oireachtas.ie/akn/ie/debateRecord/dail/2019-03-13/debate/main,https://data.oireachtas.ie/akn/ie/debateRecord/dail/2019-03-13/debate/mul@/main.xml
2019-03-12,dail,debate,https://data.oireachtas.ie/akn/ie/debateRecord/joint_committee_on_agriculture_food_and_the_marine/2019-03-12/debate/main,https://data.oireachtas.ie/akn/ie/debateRecord/joint_committee_on_agriculture_food_and_the_marine/2019-03-12/debate/mul@/main.xml
2019-03-12,dail,debate,https://data.oireachtas.ie/akn/ie/debateRecord/joint_committee_on_education_and_skills/2019-03-12/debate/main,https://data.oireachtas.ie/akn/ie/debateRecord/joint_committee_on_education_and_skills/2019-03-12/debate/mul@/main.xml
2019-03-12,dail,debate,https://data.oireachtas.ie/akn/ie/debateRecord/joint_committee_on_finance_public_expenditure_and_reform_and_taoiseach/2019-03-12/debate/main,https://data.oireachtas.ie/akn/ie/debateRecord/joint_committee_on_finance_public_expenditure_and_reform_and_taoiseach/2019-03-12/debate/mul@/main.xml
2019-03-12,dail,debate,https://data.oireachtas.ie/akn/ie/debateRecord/comhchoiste_na_gaeilge_na_gaeltachta_agus_na_noilean/2019-03-12/debate/main,https://data.oireachtas.ie/akn/ie/debateRecord/comhchoiste_na_gaeilge_na_gaeltachta_agus_na_noilean/2019-03-12/debate/mul@/main.xml
2019-03-12,seanad,debate,https://data.oireachtas.ie/akn/ie/debateRecord/seanad/2019-03-12/debate/main,https://data.oireachtas.ie/akn/ie/debateRecord/seanad/2019-03-12/debate/mul@/main.xml
2019-03-12,dail,debate,https://data.oireachtas.ie/akn/ie/debateRecord/dail/2019-03-12/debate/main,https://data.oireachtas.ie/akn/ie/debateRecord/dail/2019-03-12/debate/mul@/main.xml
2019-03-07,dail,debate,https://data.oireachtas.ie/akn/ie/debateRecord/committee_of_public_accounts/2019-03-07/debate/main,https://data.oireachtas.ie/akn/ie/debateRecord/committee_of_public_accounts/2019-03-07/debate/mul@/main.xml
2019-03-07,dail,debate,https://data.oireachtas.ie/akn/ie/debateRecord/joint_committee_on_finance_public_expenditure_and_reform_and_taoiseach/2019-03-07/debate/main,https://data.oireachtas.ie/akn/ie/debateRecord/joint_committee_on_finance_public_expenditure_and_reform_and_taoiseach/2019-03-07/debate/mul@/main.xml
2019-03-07,dail,debate,https://data.oireachtas.ie/akn/ie/debateRecord/select_committee_on_finance_public_expenditure_and_reform_and_taoiseach/2019-03-07/debate/main,https://data.oireachtas.ie/akn/ie/debateRecord/select_committee_on_finance_public_expenditure_and_reform_and_taoiseach/2019-03-07/debate/mul@/main.xml
2019-03-07,seanad,debate,https://data.oireachtas.ie/akn/ie/debateRecord/seanad/2019-03-07/debate/main,https://data.oireachtas.ie/akn/ie/debateRecord/seanad/2019-03-07/debate/mul@/main.xml
2019-03-07,dail,debate,https://data.oireachtas.ie/akn/ie/debateRecord/dail/2019-03-07/debate/main,https://data.oireachtas.ie/akn/ie/debateRecord/dail/2019-03-07/debate/mul@/main.xml
2019-03-06,dail,debate,https://data.oireachtas.ie/akn/ie/debateRecord/select_committee_on_children_and_youth_affairs/2019-03-06/debate/main,https://data.oireachtas.ie/akn/ie/debateRecord/select_committee_on_children_and_youth_affairs/2019-03-06/debate/mul@/main.xml
2019-03-06,dail,debate,https://data.oireachtas.ie/akn/ie/debateRecord/joint_committee_on_health/2019-03-06/debate/main,https://data.oireachtas.ie/akn/ie/debateRecord/joint_committee_on_health/2019-03-06/debate/mul@/main.xml
2019-03-06,dail,debate,https://data.oireachtas.ie/akn/ie/debateRecord/joint_committee_on_housing_planning_and_local_government/2019-03-06/debate/main,https://data.oireachtas.ie/akn/ie/debateRecord/joint_committee_on_housing_planning_and_local_government/2019-03-06/debate/mul@/main.xml
2019-03-06,dail,debate,https://data.oireachtas.ie/akn/ie/debateRecord/select_committee_on_housing_planning_and_local_government/2019-03-06/debate/main,https://data.oireachtas.ie/akn/ie/debateRecord/select_committee_on_housing_planning_and_local_government/2019-03-06/debate/mul@/main.xml
2019-03-06,dail,debate,https://data.oireachtas.ie/akn/ie/debateRecord/joint_committee_on_justice_and_equality/2019-03-06/debate/main,https://data.oireachtas.ie/akn/ie/debateRecord/joint_committee_on_justice_and_equality/2019-03-06/debate/mul@/main.xml
2019-03-06,dail,debate,https://data.oireachtas.ie/akn/ie/debateRecord/joint_committee_on_rural_and_community_development/2019-03-06/debate/main,https://data.oireachtas.ie/akn/ie/debateRecord/joint_committee_on_rural_and_community_development/2019-03-06/debate/mul@/main.xml
2019-03-06,dail,debate,https://data.oireachtas.ie/akn/ie/debateRecord/select_committee_on_culture_heritage_and_the_gaeltacht/2019-03-06/debate/main,https://data.oireachtas.ie/akn/ie/debateRecord/select_committee_on_culture_heritage_and_the_gaeltacht/2019-03-06/debate/mul@/main.xml
2019-03-06,dail,debate,https://data.oireachtas.ie/akn/ie/debateRecord/select_committee_on_transport_tourism_and_sport/2019-03-06/debate/main,https://data.oireachtas.ie/akn/ie/debateRecord/select_committee_on_transport_tourism_and_sport/2019-03-06/debate/mul@/main.xml
2019-03-06,seanad,debate,https://data.oireachtas.ie/akn/ie/debateRecord/seanad/2019-03-06/debate/main,https://data.oireachtas.ie/akn/ie/debateRecord/seanad/2019-03-06/debate/mul@/main.xml
2019-03-06,dail,debate,https://data.oireachtas.ie/akn/ie/debateRecord/dail/2019-03-06/debate/main,https://data.oireachtas.ie/akn/ie/debateRecord/dail/2019-03-06/debate/mul@/main.xml
2019-03-05,dail,debate,https://data.oireachtas.ie/akn/ie/debateRecord/joint_committee_on_agriculture_food_and_the_marine/2019-03-05/debate/main,https://data.oireachtas.ie/akn/ie/debateRecord/joint_committee_on_agriculture_food_and_the_marine/2019-03-05/debate/mul@/main.xml
2019-03-05,dail,debate,https://data.oireachtas.ie/akn/ie/debateRecord/joint_committee_on_communications_climate_action_and_environment/2019-03-05/debate/main,https://data.oireachtas.ie/akn/ie/debateRecord/joint_committee_on_communications_climate_action_and_environment/2019-03-05/debate/mul@/main.xml
2019-03-05,dail,debate,https://data.oireachtas.ie/akn/ie/debateRecord/joint_committee_on_foreign_affairs_and_trade_and_defence/2019-03-05/debate/main,https://data.oireachtas.ie/akn/ie/debateRecord/joint_committee_on_foreign_affairs_and_trade_and_defence/2019-03-05/debate/mul@/main.xml
2019-03-05,dail,debate,https://data.oireachtas.ie/akn/ie/debateRecord/select_committee_on_foreign_affairs_and_trade_and_defence/2019-03-05/debate/main,https://data.oireachtas.ie/akn/ie/debateRecord/select_committee_on_foreign_affairs_and_trade_and_defence/2019-03-05/debate/mul@/main.xml
2019-03-05,seanad,debate,https://data.oireachtas.ie/akn/ie/debateRecord/seanad/2019-03-05/debate/main,https://data.oireachtas.ie/akn/ie/debateRecord/seanad/2019-03-05/debate/mul@/main.xml
2019-03-05,dail,debate,https://data.oireachtas.ie/akn/ie/debateRecord/dail/2019-03-05/debate/main,https://data.oireachtas.ie/akn/ie/debateRecord/dail/2019-03-05/debate/mul@/main.xml
2019-02-28,dail,debate,https://data.oireachtas.ie/akn/ie/debateRecord/committee_of_public_accounts/2019-02-28/debate/main,https://data.oireachtas.ie/akn/ie/debateRecord/committee_of_public_accounts/2019-02-28/debate/mul@/main.xml
2019-02-28,dail,debate,https://data.oireachtas.ie/akn/ie/debateRecord/select_committee_on_employment_affairs_and_social_protection/2019-02-28/debate/main,https://data.oireachtas.ie/akn/ie/debateRecord/select_committee_on_employment_affairs_and_social_protection/2019-02-28/debate/mul@/main.xml
2019-02-28,dail,debate,https://data.oireachtas.ie/akn/ie/debateRecord/select_committee_on_finance_public_expenditure_and_reform_and_taoiseach/2019-02-28/debate/main,https://data.oireachtas.ie/akn/ie/debateRecord/select_committee_on_finance_public_expenditure_and_reform_and_taoiseach/2019-02-28/debate/mul@/main.xml
2019-02-28,seanad,debate,https://data.oireachtas.ie/akn/ie/debateRecord/seanad/2019-02-28/debate/main,https://data.oireachtas.ie/akn/ie/debateRecord/seanad/2019-02-28/debate/mul@/main.xml
2019-02-28,dail,debate,https://data.oireachtas.ie/akn/ie/debateRecord/dail/2019-02-28/debate/main,https://data.oireachtas.ie/akn/ie/debateRecord/dail/2019-02-28/debate/mul@/main.xml
2019-02-27,seanad,debate,https://data.oireachtas.ie/akn/ie/debateRecord/seanad/2019-02-27/debate/main,https://data.oireachtas.ie/akn/ie/debateRecord/seanad/2019-02-27/debate/mul@/main.xml
2019-02-27,dail,debate,https://data.oireachtas.ie/akn/ie/debateRecord/joint_committee_on_transport_tourism_and_sport/2019-02-27/debate/main,https://data.oireachtas.ie/akn/ie/debateRecord/joint_committee_on_transport_tourism_and_sport/2019-02-27/debate/mul@/main.xml
2019-02-27,dail,debate,https://data.oireachtas.ie/akn/ie/debateRecord/committee_on_public_petitions/2019-02-27/debate/main,https://data.oireachtas.ie/akn/ie/debateRecord/committee_on_public_petitions/2019-02-27/debate/mul@/main.xml
2019-02-27,dail,debate,https://data.oireachtas.ie/akn/ie/debateRecord/joint_committee_on_children_and_youth_affairs/2019-02-27/debate/main,https://data.oireachtas.ie/akn/ie/debateRecord/joint_committee_on_children_and_youth_affairs/2019-02-27/debate/mul@/main.xml
2019-02-27,dail,debate,https://data.oireachtas.ie/akn/ie/debateRecord/joint_committee_on_health/2019-02-27/debate/main,https://data.oireachtas.ie/akn/ie/debateRecord/joint_committee_on_health/2019-02-27/debate/mul@/main.xml
2019-02-27,dail,debate,https://data.oireachtas.ie/akn/ie/debateRecord/joint_committee_on_justice_and_equality/2019-02-27/debate/main,https://data.oireachtas.ie/akn/ie/debateRecord/joint_committee_on_justice_and_equality/2019-02-27/debate/mul@/main.xml
2019-02-27,dail,debate,https://data.oireachtas.ie/akn/ie/debateRecord/dail/2019-02-27/debate/main,https://data.oireachtas.ie/akn/ie/debateRecord/dail/2019-02-27/debate/mul@/main.xml
2019-02-26,dail,debate,https://data.oireachtas.ie/akn/ie/debateRecord/joint_committee_on_agriculture_food_and_the_marine/2019-02-26/debate/main,https://data.oireachtas.ie/akn/ie/debateRecord/joint_committee_on_agriculture_food_and_the_marine/2019-02-26/debate/mul@/main.xml
2019-02-26,dail,debate,https://data.oireachtas.ie/akn/ie/debateRecord/select_committee_on_education_and_skills/2019-02-26/debate/main,https://data.oireachtas.ie/akn/ie/debateRecord/select_committee_on_education_and_skills/2019-02-26/debate/mul@/main.xml
2019-02-26,dail,debate,https://data.oireachtas.ie/akn/ie/debateRecord/joint_committee_on_finance_public_expenditure_and_reform_and_taoiseach/2019-02-26/debate/main,https://data.oireachtas.ie/akn/ie/debateRecord/joint_committee_on_finance_public_expenditure_and_reform_and_taoiseach/2019-02-26/debate/mul@/main.xml
2019-02-26,dail,debate,https://data.oireachtas.ie/akn/ie/debateRecord/comhchoiste_na_gaeilge_na_gaeltachta_agus_na_noilean/2019-02-26/debate/main,https://data.oireachtas.ie/akn/ie/debateRecord/comhchoiste_na_gaeilge_na_gaeltachta_agus_na_noilean/2019-02-26/debate/mul@/main.xml
2019-02-26,seanad,debate,https://data.oireachtas.ie/akn/ie/debateRecord/seanad/2019-02-26/debate/main,https://data.oireachtas.ie/akn/ie/debateRecord/seanad/2019-02-26/debate/mul@/main.xml
2019-02-26,dail,debate,https://data.oireachtas.ie/akn/ie/debateRecord/dail/2019-02-26/debate/main,https://data.oireachtas.ie/akn/ie/debateRecord/dail/2019-02-26/debate/mul@/main.xml
2019-02-21,dail,debate,https://data.oireachtas.ie/akn/ie/debateRecord/committee_of_public_accounts/2019-02-21/debate/main,https://data.oireachtas.ie/akn/ie/debateRecord/committee_of_public_accounts/2019-02-21/debate/mul@/main.xml
2019-02-21,dail,debate,https://data.oireachtas.ie/akn/ie/debateRecord/select_committee_on_finance_public_expenditure_and_reform_and_taoiseach/2019-02-21/debate/main,https://data.oireachtas.ie/akn/ie/debateRecord/select_committee_on_finance_public_expenditure_and_reform_and_taoiseach/2019-02-21/debate/mul@/main.xml
2019-02-21,dail,debate,https://data.oireachtas.ie/akn/ie/debateRecord/select_committee_on_employment_affairs_and_social_protection/2019-02-21/debate/main,https://data.oireachtas.ie/akn/ie/debateRecord/select_committee_on_employment_affairs_and_social_protection/2019-02-21/debate/mul@/main.xml
2019-02-21,dail,debate,https://data.oireachtas.ie/akn/ie/debateRecord/joint_committee_on_the_implementation_of_the_good_friday_agreement/2019-02-21/debate/main,https://data.oireachtas.ie/akn/ie/debateRecord/joint_committee_on_the_implementation_of_the_good_friday_agreement/2019-02-21/debate/mul@/main.xml
2019-02-21,dail,debate,https://data.oireachtas.ie/akn/ie/debateRecord/dail/2019-02-21/debate/main,https://data.oireachtas.ie/akn/ie/debateRecord/dail/2019-02-21/debate/mul@/main.xml
2019-02-20,dail,debate,https://data.oireachtas.ie/akn/ie/debateRecord/joint_committee_on_european_union_affairs/2019-02-20/debate/main,https://data.oireachtas.ie/akn/ie/debateRecord/joint_committee_on_european_union_affairs/2019-02-20/debate/mul@/main.xml
2019-02-20,dail,debate,https://data.oireachtas.ie/akn/ie/debateRecord/select_committee_on_health/2019-02-20/debate/main,https://data.oireachtas.ie/akn/ie/debateRecord/select_committee_on_health/2019-02-20/debate/mul@/main.xml
2019-02-20,dail,debate,https://data.oireachtas.ie/akn/ie/debateRecord/joint_committee_on_housing_planning_and_local_government/2019-02-20/debate/main,https://data.oireachtas.ie/akn/ie/debateRecord/joint_committee_on_housing_planning_and_local_government/2019-02-20/debate/mul@/main.xml
2019-02-20,dail,debate,https://data.oireachtas.ie/akn/ie/debateRecord/joint_committee_on_justice_and_equality/2019-02-20/debate/main,https://data.oireachtas.ie/akn/ie/debateRecord/joint_committee_on_justice_and_equality/2019-02-20/debate/mul@/main.xml
2019-02-20,dail,debate,https://data.oireachtas.ie/akn/ie/debateRecord/select_committee_on_justice_and_equality/2019-02-20/debate/main,https://data.oireachtas.ie/akn/ie/debateRecord/select_committee_on_justice_and_equality/2019-02-20/debate/mul@/main.xml
2019-02-20,dail,debate,https://data.oireachtas.ie/akn/ie/debateRecord/joint_committee_on_rural_and_community_development/2019-02-20/debate/main,https://data.oireachtas.ie/akn/ie/debateRecord/joint_committee_on_rural_and_community_development/2019-02-20/debate/mul@/main.xml
2019-02-20,dail,debate,https://data.oireachtas.ie/akn/ie/debateRecord/joint_committee_on_culture_heritage_and_the_gaeltacht/2019-02-20/debate/main,https://data.oireachtas.ie/akn/ie/debateRecord/joint_committee_on_culture_heritage_and_the_gaeltacht/2019-02-20/debate/mul@/main.xml
2019-02-20,dail,debate,https://data.oireachtas.ie/akn/ie/debateRecord/joint_committee_on_employment_affairs_and_social_protection/2019-02-20/debate/main,https://data.oireachtas.ie/akn/ie/debateRecord/joint_committee_on_employment_affairs_and_social_protection/2019-02-20/debate/mul@/main.xml
2019-02-20,dail,debate,https://data.oireachtas.ie/akn/ie/debateRecord/joint_committee_on_foreign_affairs_and_trade_and_defence/2019-02-20/debate/main,https://data.oireachtas.ie/akn/ie/debateRecord/joint_committee_on_foreign_affairs_and_trade_and_defence/2019-02-20/debate/mul@/main.xml
2019-02-20,seanad,debate,https://data.oireachtas.ie/akn/ie/debateRecord/seanad/2019-02-20/debate/main,https://data.oireachtas.ie/akn/ie/debateRecord/seanad/2019-02-20/debate/mul@/main.xml
2019-02-20,dail,debate,https://data.oireachtas.ie/akn/ie/debateRecord/dail/2019-02-20/debate/main,https://data.oireachtas.ie/akn/ie/debateRecord/dail/2019-02-20/debate/mul@/main.xml
2019-02-19,dail,debate,https://data.oireachtas.ie/akn/ie/debateRecord/joint_committee_on_agriculture_food_and_the_marine/2019-02-19/debate/main,https://data.oireachtas.ie/akn/ie/debateRecord/joint_committee_on_agriculture_food_and_the_marine/2019-02-19/debate/mul@/main.xml
2019-02-19,dail,debate,https://data.oireachtas.ie/akn/ie/debateRecord/joint_committee_on_communications_climate_action_and_environment/2019-02-19/debate/main,https://data.oireachtas.ie/akn/ie/debateRecord/joint_committee_on_communications_climate_action_and_environment/2019-02-19/debate/mul@/main.xml
2019-02-19,dail,debate,https://data.oireachtas.ie/akn/ie/debateRecord/joint_committee_on_children_and_youth_affairs/2019-02-19/debate/main,https://data.oireachtas.ie/akn/ie/debateRecord/joint_committee_on_children_and_youth_affairs/2019-02-19/debate/mul@/main.xml
2019-02-19,dail,debate,https://data.oireachtas.ie/akn/ie/debateRecord/joint_committee_on_business_enterprise_and_innovation/2019-02-19/debate/main,https://data.oireachtas.ie/akn/ie/debateRecord/joint_committee_on_business_enterprise_and_innovation/2019-02-19/debate/mul@/main.xml
2019-02-19,seanad,debate,https://data.oireachtas.ie/akn/ie/debateRecord/seanad/2019-02-19/debate/main,https://data.oireachtas.ie/akn/ie/debateRecord/seanad/2019-02-19/debate/mul@/main.xml
2019-02-19,dail,debate,https://data.oireachtas.ie/akn/ie/debateRecord/dail/2019-02-19/debate/main,https://data.oireachtas.ie/akn/ie/debateRecord/dail/2019-02-19/debate/mul@/main.xml
2019-02-14,dail,debate,https://data.oireachtas.ie/akn/ie/debateRecord/committee_of_public_accounts/2019-02-14/debate/main,https://data.oireachtas.ie/akn/ie/debateRecord/committee_of_public_accounts/2019-02-14/debate/mul@/main.xml
2019-02-14,dail,debate,https://data.oireachtas.ie/akn/ie/debateRecord/joint_committee_on_foreign_affairs_and_trade_and_defence/2019-02-14/debate/main,https://data.oireachtas.ie/akn/ie/debateRecord/joint_committee_on_foreign_affairs_and_trade_and_defence/2019-02-14/debate/mul@/main.xml
2019-02-14,dail,debate,https://data.oireachtas.ie/akn/ie/debateRecord/joint_committee_on_the_implementation_of_the_good_friday_agreement/2019-02-14/debate/main,https://data.oireachtas.ie/akn/ie/debateRecord/joint_committee_on_the_implementation_of_the_good_friday_agreement/2019-02-14/debate/mul@/main.xml
2019-02-14,dail,debate,https://data.oireachtas.ie/akn/ie/debateRecord/joint_committee_on_housing_planning_and_local_government/2019-02-14/debate/main,https://data.oireachtas.ie/akn/ie/debateRecord/joint_committee_on_housing_planning_and_local_government/2019-02-14/debate/mul@/main.xml
2019-02-14,dail,debate,https://data.oireachtas.ie/akn/ie/debateRecord/joint_committee_on_employment_affairs_and_social_protection/2019-02-14/debate/main,https://data.oireachtas.ie/akn/ie/debateRecord/joint_committee_on_employment_affairs_and_social_protection/2019-02-14/debate/mul@/main.xml
2019-02-14,seanad,debate,https://data.oireachtas.ie/akn/ie/debateRecord/seanad/2019-02-14/debate/main,https://data.oireachtas.ie/akn/ie/debateRecord/seanad/2019-02-14/debate/mul@/main.xml
2019-02-14,dail,debate,https://data.oireachtas.ie/akn/ie/debateRecord/dail/2019-02-14/debate/main,https://data.oireachtas.ie/akn/ie/debateRecord/dail/2019-02-14/debate/mul@/main.xml
2019-02-13,dail,debate,https://data.oireachtas.ie/akn/ie/debateRecord/joint_committee_on_children_and_youth_affairs/2019-02-13/debate/main,https://data.oireachtas.ie/akn/ie/debateRecord/joint_committee_on_children_and_youth_affairs/2019-02-13/debate/mul@/main.xml
2019-02-13,dail,debate,https://data.oireachtas.ie/akn/ie/debateRecord/committee_on_public_petitions/2019-02-13/debate/main,https://data.oireachtas.ie/akn/ie/debateRecord/committee_on_public_petitions/2019-02-13/debate/mul@/main.xml
2019-02-13,dail,debate,https://data.oireachtas.ie/akn/ie/debateRecord/joint_committee_on_health/2019-02-13/debate/main,https://data.oireachtas.ie/akn/ie/debateRecord/joint_committee_on_health/2019-02-13/debate/mul@/main.xml
2019-02-13,dail,debate,https://data.oireachtas.ie/akn/ie/debateRecord/joint_committee_on_justice_and_equality/2019-02-13/debate/main,https://data.oireachtas.ie/akn/ie/debateRecord/joint_committee_on_justice_and_equality/2019-02-13/debate/mul@/main.xml
2019-02-13,seanad,debate,https://data.oireachtas.ie/akn/ie/debateRecord/seanad/2019-02-13/debate/main,https://data.oireachtas.ie/akn/ie/debateRecord/seanad/2019-02-13/debate/mul@/main.xml
2019-02-13,dail,debate,https://data.oireachtas.ie/akn/ie/debateRecord/dail/2019-02-13/debate/main,https://data.oireachtas.ie/akn/ie/debateRecord/dail/2019-02-13/debate/mul@/main.xml
2019-02-12,dail,debate,https://data.oireachtas.ie/akn/ie/debateRecord/joint_committee_on_agriculture_food_and_the_marine/2019-02-12/debate/main,https://data.oireachtas.ie/akn/ie/debateRecord/joint_committee_on_agriculture_food_and_the_marine/2019-02-12/debate/mul@/main.xml
2019-02-12,dail,debate,https://data.oireachtas.ie/akn/ie/debateRecord/joint_committee_on_education_and_skills/2019-02-12/debate/main,https://data.oireachtas.ie/akn/ie/debateRecord/joint_committee_on_education_and_skills/2019-02-12/debate/mul@/main.xml
2019-02-12,dail,debate,https://data.oireachtas.ie/akn/ie/debateRecord/select_committee_on_foreign_affairs_and_trade_and_defence/2019-02-12/debate/main,https://data.oireachtas.ie/akn/ie/debateRecord/select_committee_on_foreign_affairs_and_trade_and_defence/2019-02-12/debate/mul@/main.xml
2019-02-12,dail,debate,https://data.oireachtas.ie/akn/ie/debateRecord/select_committee_on_finance_public_expenditure_and_reform_and_taoiseach/2019-02-12/debate/main,https://data.oireachtas.ie/akn/ie/debateRecord/select_committee_on_finance_public_expenditure_and_reform_and_taoiseach/2019-02-12/debate/mul@/main.xml
2019-02-12,dail,debate,https://data.oireachtas.ie/akn/ie/debateRecord/joint_committee_on_housing_planning_and_local_government/2019-02-12/debate/main,https://data.oireachtas.ie/akn/ie/debateRecord/joint_committee_on_housing_planning_and_local_government/2019-02-12/debate/mul@/main.xml
2019-02-12,dail,debate,https://data.oireachtas.ie/akn/ie/debateRecord/comhchoiste_na_gaeilge_na_gaeltachta_agus_na_noilean/2019-02-12/debate/main,https://data.oireachtas.ie/akn/ie/debateRecord/comhchoiste_na_gaeilge_na_gaeltachta_agus_na_noilean/2019-02-12/debate/mul@/main.xml
2019-02-12,seanad,debate,https://data.oireachtas.ie/akn/ie/debateRecord/seanad/2019-02-12/debate/main,https://data.oireachtas.ie/akn/ie/debateRecord/seanad/2019-02-12/debate/mul@/main.xml
2019-02-12,dail,debate,https://data.oireachtas.ie/akn/ie/debateRecord/dail/2019-02-12/debate/main,https://data.oireachtas.ie/akn/ie/debateRecord/dail/2019-02-12/debate/mul@/main.xml
2019-02-07,dail,debate,https://data.oireachtas.ie/akn/ie/debateRecord/committee_of_public_accounts/2019-02-07/debate/main,https://data.oireachtas.ie/akn/ie/debateRecord/committee_of_public_accounts/2019-02-07/debate/mul@/main.xml
2019-02-07,dail,debate,https://data.oireachtas.ie/akn/ie/debateRecord/joint_committee_on_foreign_affairs_and_trade_and_defence/2019-02-07/debate/main,https://data.oireachtas.ie/akn/ie/debateRecord/joint_committee_on_foreign_affairs_and_trade_and_defence/2019-02-07/debate/mul@/main.xml
2019-02-07,seanad,debate,https://data.oireachtas.ie/akn/ie/debateRecord/seanad/2019-02-07/debate/main,https://data.oireachtas.ie/akn/ie/debateRecord/seanad/2019-02-07/debate/mul@/main.xml
2019-02-07,dail,debate,https://data.oireachtas.ie/akn/ie/debateRecord/dail/2019-02-07/debate/main,https://data.oireachtas.ie/akn/ie/debateRecord/dail/2019-02-07/debate/mul@/main.xml
2019-02-06,dail,debate,https://data.oireachtas.ie/akn/ie/debateRecord/joint_committee_on_health/2019-02-06/debate/main,https://data.oireachtas.ie/akn/ie/debateRecord/joint_committee_on_health/2019-02-06/debate/mul@/main.xml
2019-02-06,dail,debate,https://data.oireachtas.ie/akn/ie/debateRecord/joint_committee_on_housing_planning_and_local_government/2019-02-06/debate/main,https://data.oireachtas.ie/akn/ie/debateRecord/joint_committee_on_housing_planning_and_local_government/2019-02-06/debate/mul@/main.xml
2019-02-06,dail,debate,https://data.oireachtas.ie/akn/ie/debateRecord/joint_committee_on_justice_and_equality/2019-02-06/debate/main,https://data.oireachtas.ie/akn/ie/debateRecord/joint_committee_on_justice_and_equality/2019-02-06/debate/mul@/main.xml
2019-02-06,dail,debate,https://data.oireachtas.ie/akn/ie/debateRecord/joint_committee_on_rural_and_community_development/2019-02-06/debate/main,https://data.oireachtas.ie/akn/ie/debateRecord/joint_committee_on_rural_and_community_development/2019-02-06/debate/mul@/main.xml
2019-02-06,dail,debate,https://data.oireachtas.ie/akn/ie/debateRecord/joint_committee_on_culture_heritage_and_the_gaeltacht/2019-02-06/debate/main,https://data.oireachtas.ie/akn/ie/debateRecord/joint_committee_on_culture_heritage_and_the_gaeltacht/2019-02-06/debate/mul@/main.xml
2019-02-06,dail,debate,https://data.oireachtas.ie/akn/ie/debateRecord/joint_committee_on_transport_tourism_and_sport/2019-02-06/debate/main,https://data.oireachtas.ie/akn/ie/debateRecord/joint_committee_on_transport_tourism_and_sport/2019-02-06/debate/mul@/main.xml
2019-02-06,dail,debate,https://data.oireachtas.ie/akn/ie/debateRecord/joint_committee_on_european_union_affairs/2019-02-06/debate/main,https://data.oireachtas.ie/akn/ie/debateRecord/joint_committee_on_european_union_affairs/2019-02-06/debate/mul@/main.xml
2019-02-06,seanad,debate,https://data.oireachtas.ie/akn/ie/debateRecord/seanad/2019-02-06/debate/main,https://data.oireachtas.ie/akn/ie/debateRecord/seanad/2019-02-06/debate/mul@/main.xml
2019-02-06,dail,debate,https://data.oireachtas.ie/akn/ie/debateRecord/dail/2019-02-06/debate/main,https://data.oireachtas.ie/akn/ie/debateRecord/dail/2019-02-06/debate/mul@/main.xml
2019-02-05,dail,debate,https://data.oireachtas.ie/akn/ie/debateRecord/committee_on_budgetary_oversight/2019-02-05/debate/main,https://data.oireachtas.ie/akn/ie/debateRecord/committee_on_budgetary_oversight/2019-02-05/debate/mul@/main.xml
2019-02-05,dail,debate,https://data.oireachtas.ie/akn/ie/debateRecord/joint_committee_on_finance_public_expenditure_and_reform_and_taoiseach/2019-02-05/debate/main,https://data.oireachtas.ie/akn/ie/debateRecord/joint_committee_on_finance_public_expenditure_and_reform_and_taoiseach/2019-02-05/debate/mul@/main.xml
2019-02-05,dail,debate,https://data.oireachtas.ie/akn/ie/debateRecord/joint_committee_on_business_enterprise_and_innovation/2019-02-05/debate/main,https://data.oireachtas.ie/akn/ie/debateRecord/joint_committee_on_business_enterprise_and_innovation/2019-02-05/debate/mul@/main.xml
2019-02-05,dail,debate,https://data.oireachtas.ie/akn/ie/debateRecord/select_committee_on_communications_climate_action_and_environment/2019-02-05/debate/main,https://data.oireachtas.ie/akn/ie/debateRecord/select_committee_on_communications_climate_action_and_environment/2019-02-05/debate/mul@/main.xml
2019-02-05,seanad,debate,https://data.oireachtas.ie/akn/ie/debateRecord/seanad/2019-02-05/debate/main,https://data.oireachtas.ie/akn/ie/debateRecord/seanad/2019-02-05/debate/mul@/main.xml
2019-02-05,dail,debate,https://data.oireachtas.ie/akn/ie/debateRecord/dail/2019-02-05/debate/main,https://data.oireachtas.ie/akn/ie/debateRecord/dail/2019-02-05/debate/mul@/main.xml
2019-01-31,dail,debate,https://data.oireachtas.ie/akn/ie/debateRecord/committee_of_public_accounts/2019-01-31/debate/main,https://data.oireachtas.ie/akn/ie/debateRecord/committee_of_public_accounts/2019-01-31/debate/mul@/main.xml
2019-01-31,dail,debate,https://data.oireachtas.ie/akn/ie/debateRecord/joint_committee_on_finance_public_expenditure_and_reform_and_taoiseach/2019-01-31/debate/main,https://data.oireachtas.ie/akn/ie/debateRecord/joint_committee_on_finance_public_expenditure_and_reform_and_taoiseach/2019-01-31/debate/mul@/main.xml
2019-01-31,dail,debate,https://data.oireachtas.ie/akn/ie/debateRecord/joint_committee_on_housing_planning_and_local_government/2019-01-31/debate/main,https://data.oireachtas.ie/akn/ie/debateRecord/joint_committee_on_housing_planning_and_local_government/2019-01-31/debate/mul@/main.xml
2019-01-31,dail,debate,https://data.oireachtas.ie/akn/ie/debateRecord/joint_committee_on_employment_affairs_and_social_protection/2019-01-31/debate/main,https://data.oireachtas.ie/akn/ie/debateRecord/joint_committee_on_employment_affairs_and_social_protection/2019-01-31/debate/mul@/main.xml
2019-01-31,seanad,debate,https://data.oireachtas.ie/akn/ie/debateRecord/seanad/2019-01-31/debate/main,https://data.oireachtas.ie/akn/ie/debateRecord/seanad/2019-01-31/debate/mul@/main.xml
2019-01-31,dail,debate,https://data.oireachtas.ie/akn/ie/debateRecord/dail/2019-01-31/debate/main,https://data.oireachtas.ie/akn/ie/debateRecord/dail/2019-01-31/debate/mul@/main.xml
2019-01-30,dail,debate,https://data.oireachtas.ie/akn/ie/debateRecord/select_committee_on_justice_and_equality/2019-01-30/debate/main,https://data.oireachtas.ie/akn/ie/debateRecord/select_committee_on_justice_and_equality/2019-01-30/debate/mul@/main.xml
2019-01-30,dail,debate,https://data.oireachtas.ie/akn/ie/debateRecord/joint_committee_on_culture_heritage_and_the_gaeltacht/2019-01-30/debate/main,https://data.oireachtas.ie/akn/ie/debateRecord/joint_committee_on_culture_heritage_and_the_gaeltacht/2019-01-30/debate/mul@/main.xml
2019-01-30,dail,debate,https://data.oireachtas.ie/akn/ie/debateRecord/joint_committee_on_transport_tourism_and_sport/2019-01-30/debate/main,https://data.oireachtas.ie/akn/ie/debateRecord/joint_committee_on_transport_tourism_and_sport/2019-01-30/debate/mul@/main.xml
2019-01-30,dail,debate,https://data.oireachtas.ie/akn/ie/debateRecord/committee_on_public_petitions/2019-01-30/debate/main,https://data.oireachtas.ie/akn/ie/debateRecord/committee_on_public_petitions/2019-01-30/debate/mul@/main.xml
2019-01-30,dail,debate,https://data.oireachtas.ie/akn/ie/debateRecord/joint_committee_on_children_and_youth_affairs/2019-01-30/debate/main,https://data.oireachtas.ie/akn/ie/debateRecord/joint_committee_on_children_and_youth_affairs/2019-01-30/debate/mul@/main.xml
2019-01-30,dail,debate,https://data.oireachtas.ie/akn/ie/debateRecord/joint_committee_on_health/2019-01-30/debate/main,https://data.oireachtas.ie/akn/ie/debateRecord/joint_committee_on_health/2019-01-30/debate/mul@/main.xml
2019-01-30,seanad,debate,https://data.oireachtas.ie/akn/ie/debateRecord/seanad/2019-01-30/debate/main,https://data.oireachtas.ie/akn/ie/debateRecord/seanad/2019-01-30/debate/mul@/main.xml
2019-01-30,dail,debate,https://data.oireachtas.ie/akn/ie/debateRecord/dail/2019-01-30/debate/main,https://data.oireachtas.ie/akn/ie/debateRecord/dail/2019-01-30/debate/mul@/main.xml
2019-01-29,dail,debate,https://data.oireachtas.ie/akn/ie/debateRecord/joint_committee_on_agriculture_food_and_the_marine/2019-01-29/debate/main,https://data.oireachtas.ie/akn/ie/debateRecord/joint_committee_on_agriculture_food_and_the_marine/2019-01-29/debate/mul@/main.xml
2019-01-29,dail,debate,https://data.oireachtas.ie/akn/ie/debateRecord/joint_committee_on_education_and_skills/2019-01-29/debate/main,https://data.oireachtas.ie/akn/ie/debateRecord/joint_committee_on_education_and_skills/2019-01-29/debate/mul@/main.xml
2019-01-29,dail,debate,https://data.oireachtas.ie/akn/ie/debateRecord/joint_committee_on_health/2019-01-29/debate/main,https://data.oireachtas.ie/akn/ie/debateRecord/joint_committee_on_health/2019-01-29/debate/mul@/main.xml
2019-01-29,seanad,debate,https://data.oireachtas.ie/akn/ie/debateRecord/seanad/2019-01-29/debate/main,https://data.oireachtas.ie/akn/ie/debateRecord/seanad/2019-01-29/debate/mul@/main.xml
2019-01-29,dail,debate,https://data.oireachtas.ie/akn/ie/debateRecord/dail/2019-01-29/debate/main,https://data.oireachtas.ie/akn/ie/debateRecord/dail/2019-01-29/debate/mul@/main.xml
2019-01-24,dail,debate,https://data.oireachtas.ie/akn/ie/debateRecord/select_committee_on_foreign_affairs_and_trade_and_defence/2019-01-24/debate/main,https://data.oireachtas.ie/akn/ie/debateRecord/select_committee_on_foreign_affairs_and_trade_and_defence/2019-01-24/debate/mul@/main.xml
2019-01-24,dail,debate,https://data.oireachtas.ie/akn/ie/debateRecord/committee_of_public_accounts/2019-01-24/debate/main,https://data.oireachtas.ie/akn/ie/debateRecord/committee_of_public_accounts/2019-01-24/debate/mul@/main.xml
2019-01-24,dail,debate,https://data.oireachtas.ie/akn/ie/debateRecord/joint_committee_on_finance_public_expenditure_and_reform_and_taoiseach/2019-01-24/debate/main,https://data.oireachtas.ie/akn/ie/debateRecord/joint_committee_on_finance_public_expenditure_and_reform_and_taoiseach/2019-01-24/debate/mul@/main.xml
2019-01-24,seanad,debate,https://data.oireachtas.ie/akn/ie/debateRecord/seanad/2019-01-24/debate/main,https://data.oireachtas.ie/akn/ie/debateRecord/seanad/2019-01-24/debate/mul@/main.xml
2019-01-24,dail,debate,https://data.oireachtas.ie/akn/ie/debateRecord/dail/2019-01-24/debate/main,https://data.oireachtas.ie/akn/ie/debateRecord/dail/2019-01-24/debate/mul@/main.xml
2019-01-23,dail,debate,https://data.oireachtas.ie/akn/ie/debateRecord/joint_committee_on_health/2019-01-23/debate/main,https://data.oireachtas.ie/akn/ie/debateRecord/joint_committee_on_health/2019-01-23/debate/mul@/main.xml
2019-01-23,dail,debate,https://data.oireachtas.ie/akn/ie/debateRecord/joint_committee_on_housing_planning_and_local_government/2019-01-23/debate/main,https://data.oireachtas.ie/akn/ie/debateRecord/joint_committee_on_housing_planning_and_local_government/2019-01-23/debate/mul@/main.xml
2019-01-23,dail,debate,https://data.oireachtas.ie/akn/ie/debateRecord/joint_committee_on_justice_and_equality/2019-01-23/debate/main,https://data.oireachtas.ie/akn/ie/debateRecord/joint_committee_on_justice_and_equality/2019-01-23/debate/mul@/main.xml
2019-01-23,dail,debate,https://data.oireachtas.ie/akn/ie/debateRecord/joint_committee_on_culture_heritage_and_the_gaeltacht/2019-01-23/debate/main,https://data.oireachtas.ie/akn/ie/debateRecord/joint_committee_on_culture_heritage_and_the_gaeltacht/2019-01-23/debate/mul@/main.xml
2019-01-23,dail,debate,https://data.oireachtas.ie/akn/ie/debateRecord/joint_committee_on_transport_tourism_and_sport/2019-01-23/debate/main,https://data.oireachtas.ie/akn/ie/debateRecord/joint_committee_on_transport_tourism_and_sport/2019-01-23/debate/mul@/main.xml
2019-01-23,dail,debate,https://data.oireachtas.ie/akn/ie/debateRecord/select_committee_on_transport_tourism_and_sport/2019-01-23/debate/main,https://data.oireachtas.ie/akn/ie/debateRecord/select_committee_on_transport_tourism_and_sport/2019-01-23/debate/mul@/main.xml
2019-01-23,dail,debate,https://data.oireachtas.ie/akn/ie/debateRecord/joint_committee_on_european_union_affairs/2019-01-23/debate/main,https://data.oireachtas.ie/akn/ie/debateRecord/joint_committee_on_european_union_affairs/2019-01-23/debate/mul@/main.xml
2019-01-23,seanad,debate,https://data.oireachtas.ie/akn/ie/debateRecord/seanad/2019-01-23/debate/main,https://data.oireachtas.ie/akn/ie/debateRecord/seanad/2019-01-23/debate/mul@/main.xml
2019-01-23,dail,debate,https://data.oireachtas.ie/akn/ie/debateRecord/dail/2019-01-23/debate/main,https://data.oireachtas.ie/akn/ie/debateRecord/dail/2019-01-23/debate/mul@/main.xml
2019-01-22,dail,debate,https://data.oireachtas.ie/akn/ie/debateRecord/joint_committee_on_agriculture_food_and_the_marine/2019-01-22/debate/main,https://data.oireachtas.ie/akn/ie/debateRecord/joint_committee_on_agriculture_food_and_the_marine/2019-01-22/debate/mul@/main.xml
2019-01-22,dail,debate,https://data.oireachtas.ie/akn/ie/debateRecord/committee_on_budgetary_oversight/2019-01-22/debate/main,https://data.oireachtas.ie/akn/ie/debateRecord/committee_on_budgetary_oversight/2019-01-22/debate/mul@/main.xml
2019-01-22,dail,debate,https://data.oireachtas.ie/akn/ie/debateRecord/joint_committee_on_communications_climate_action_and_environment/2019-01-22/debate/main,https://data.oireachtas.ie/akn/ie/debateRecord/joint_committee_on_communications_climate_action_and_environment/2019-01-22/debate/mul@/main.xml
2019-01-22,dail,debate,https://data.oireachtas.ie/akn/ie/debateRecord/joint_committee_on_rural_and_community_development/2019-01-22/debate/main,https://data.oireachtas.ie/akn/ie/debateRecord/joint_committee_on_rural_and_community_development/2019-01-22/debate/mul@/main.xml
2019-01-22,seanad,debate,https://data.oireachtas.ie/akn/ie/debateRecord/seanad/2019-01-22/debate/main,https://data.oireachtas.ie/akn/ie/debateRecord/seanad/2019-01-22/debate/mul@/main.xml
2019-01-22,dail,debate,https://data.oireachtas.ie/akn/ie/debateRecord/dail/2019-01-22/debate/main,https://data.oireachtas.ie/akn/ie/debateRecord/dail/2019-01-22/debate/mul@/main.xml
2019-01-21,dail,debate,https://data.oireachtas.ie/akn/ie/debateRecord/dail/2019-01-21/debate/main,https://data.oireachtas.ie/akn/ie/debateRecord/dail/2019-01-21/debate/mul@/main.xml
2019-01-21,seanad,debate,https://data.oireachtas.ie/akn/ie/debateRecord/seanad/2019-01-21/debate/main,https://data.oireachtas.ie/akn/ie/debateRecord/seanad/2019-01-21/debate/mul@/main.xml
2019-01-17,dail,debate,https://data.oireachtas.ie/akn/ie/debateRecord/committee_of_public_accounts/2019-01-17/debate/main,https://data.oireachtas.ie/akn/ie/debateRecord/committee_of_public_accounts/2019-01-17/debate/mul@/main.xml
2019-01-17,dail,debate,https://data.oireachtas.ie/akn/ie/debateRecord/joint_committee_on_employment_affairs_and_social_protection/2019-01-17/debate/main,https://data.oireachtas.ie/akn/ie/debateRecord/joint_committee_on_employment_affairs_and_social_protection/2019-01-17/debate/mul@/main.xml
2019-01-17,dail,debate,https://data.oireachtas.ie/akn/ie/debateRecord/dail/2019-01-17/debate/main,https://data.oireachtas.ie/akn/ie/debateRecord/dail/2019-01-17/debate/mul@/main.xml
2019-01-16,dail,debate,https://data.oireachtas.ie/akn/ie/debateRecord/joint_committee_on_climate_action/2019-01-16/debate/main,https://data.oireachtas.ie/akn/ie/debateRecord/joint_committee_on_climate_action/2019-01-16/debate/mul@/main.xml
2019-01-16,dail,debate,https://data.oireachtas.ie/akn/ie/debateRecord/committee_on_budgetary_oversight/2019-01-16/debate/main,https://data.oireachtas.ie/akn/ie/debateRecord/committee_on_budgetary_oversight/2019-01-16/debate/mul@/main.xml
2019-01-16,dail,debate,https://data.oireachtas.ie/akn/ie/debateRecord/joint_committee_on_health/2019-01-16/debate/main,https://data.oireachtas.ie/akn/ie/debateRecord/joint_committee_on_health/2019-01-16/debate/mul@/main.xml
2019-01-16,dail,debate,https://data.oireachtas.ie/akn/ie/debateRecord/joint_committee_on_justice_and_equality/2019-01-16/debate/main,https://data.oireachtas.ie/akn/ie/debateRecord/joint_committee_on_justice_and_equality/2019-01-16/debate/mul@/main.xml
2019-01-16,dail,debate,https://data.oireachtas.ie/akn/ie/debateRecord/select_committee_on_transport_tourism_and_sport/2019-01-16/debate/main,https://data.oireachtas.ie/akn/ie/debateRecord/select_committee_on_transport_tourism_and_sport/2019-01-16/debate/mul@/main.xml
2019-01-16,dail,debate,https://data.oireachtas.ie/akn/ie/debateRecord/dail/2019-01-16/debate/main,https://data.oireachtas.ie/akn/ie/debateRecord/dail/2019-01-16/debate/mul@/main.xml
2019-01-15,dail,debate,https://data.oireachtas.ie/akn/ie/debateRecord/committee_on_public_petitions/2019-01-15/debate/main,https://data.oireachtas.ie/akn/ie/debateRecord/committee_on_public_petitions/2019-01-15/debate/mul@/main.xml
2019-01-15,dail,debate,https://data.oireachtas.ie/akn/ie/debateRecord/comhchoiste_na_gaeilge_na_gaeltachta_agus_na_noilean/2019-01-15/debate/main,https://data.oireachtas.ie/akn/ie/debateRecord/comhchoiste_na_gaeilge_na_gaeltachta_agus_na_noilean/2019-01-15/debate/mul@/main.xml
2019-01-15,dail,debate,https://data.oireachtas.ie/akn/ie/debateRecord/dail/2019-01-15/debate/main,https://data.oireachtas.ie/akn/ie/debateRecord/dail/2019-01-15/debate/mul@/main.xml
