date,house,debate_uri,speech_number,speaker,member_name,text
2017-12-13,dail,https://data.oireachtas.ie/akn/ie/debateRecord/dail/2017-12-13/debate/main,280,Deputy Catherine Connolly,Deputy Catherine Connolly,"deputy catherine connolly
          the programme for government acknowledges the commission of investigation into 14 mother and baby homes and ancillary issues. in march of this year, the discovery of juvenile human remains in significant quantities in sub-surface chambers on the site of an historic sewage system was reported. following that discovery, an expert technical group was set up on 1 june. commendably, it reported with its options at the end of june and gave its full report at the end of september. it is now december and this is the first time that members have had sight of the report, notwithstanding that the report itself outlines that transparency is of the utmost importance, that a culture of transparency should be cultivated and so on. it also acknowledges that in spite of the good efforts of the minister, deputy zappone, no agency, department or organisation has an acknowledged role in co-ordinating the work. i ask the taoiseach to clarify why it has taken so long to publish the report, given that the options were available to him at the end of june and the full report at the end of september. i ask him to confirm that the issue will be tabled for discussion in the house in the interests of openness and transparency."
2017-12-12,seanad,https://data.oireachtas.ie/akn/ie/debateRecord/seanad/2017-12-12/debate/main,1,An Cathaoirleach,An Cathaoirleach,"an cathaoirleach
          i have received notice from senator john o’mahony that, on the motion for the commencement of the house today, he proposes to raise the following matter:
          the need for the minister for education and skills to provide an update on the status of the working group report on the future of gmit castlebar.
          i have also received notice from senator máire devine of the following matter:
          the need for the minister for children and youth affairs to provide an update on the commission of investigation into the mother and baby homes.
          i have also received notice from senator colm burke of the following matter:
          the need for the minister for housing, planning and local government to confirm that approval will be provided for cork city council to proceed with eight individual housing projects that were submitted to his department for approval in early september.
          i have also received notice from senator robbie gallagher of the following matter:
          the need for the minister for communications, climate action and environment to outline the current position on the proposal by eirgrid to construct the north-south interconnector and the status of the report of the independent expert group.
          i have also received notice from senator brian ó domhnaill of the following matter:
          the need for the minister for defence to address levels of remuneration and working conditions within the defence forces and give consideration to having the remuneration matter addressed outside the parameters of the public service pay commission.
          i have also received notice from senator aodhán ó ríordáin of the following matter:
          the need for the minister for health to address the shortage of speech therapists on the north side of dublin city.
          i have also received notice from senator victor boyhan of the following matter:
          the need for the minister for housing, planning and local government to consider whether local authority expenditure and income should be scrutinised by the committee of public accounts.
          i have also received notice from senator frank feighan of the following matter:
          the need for the minister for rural and community development to ensure sligo will be designated as a centre of growth for the north west in the national planning framework.
          i have also received notice from senator kieran o'donnell of the following matter:
          the need for the minister for communications, climate action and environment to outline the plans he has for a nationwide roll-out of a comprehensive fast charging point network for electric cars.
          i regard the matters raised by the senators as suitable for discussion. i have selected the matters raised by senators john o’mahony, máire devine, colm burke and robbie gallagher and they will be taken now. the other senators may give notice on another day of the matters they wish to raise. senator robbie gallagher has withdrawn his commencement matter which i had selected for discussion."
2017-12-12,seanad,https://data.oireachtas.ie/akn/ie/debateRecord/seanad/2017-12-12/debate/main,13,Minister for Children and Youth Affairs (Deputy Katherine Zappone),Minister for Children and Youth Affairs (Deputy Katherine Zappone),"minister for children and youth affairs (deputy katherine zappone)
            i welcome the opportunity to provide an update on the commission of investigation into mother and baby homes. the commission submitted a third interim report which i published last week, to which senator devine has just referred. the report, which is available on my department's website, outlined the practical challenges the commission faced in meeting its initial deadline of 17 february 2018 for the completion of its reports. in its report the commission requested that the deadline be extended by one year and as the house will be aware, the government has agreed to extend the timeframe for submission. the commission is now required to submit its three final reports by 17 february 2019.
             the commission advised that the confidential committee has to date met with 346 former residents or others with connections to the institutions under investigation. the commission stated that it would not be possible for the confidential committee to meet the almost 200 additional persons who have already applied to provide accounts of their experience and to complete its report by february 2018. the commission noted that its wide terms of reference has necessitated the collection and analysis of a vast range of documentary material relating to the institutions under investigation and that the analysis of all relevant records would not be completed until the middle of 2018. although the commission has heard evidence from 140 individuals, the process in respect of the authorities who ran these institutions cannot be completed until all of the documentary evidence has been analysed.
             in reaching the decision to grant the commission's extension request, the government accepted that additional time is required to facilitate the comprehensive statutory investigation into the matters of significant public concern referred to the commission. the government considers that the public interest is best served by allowing additional time for the commission to conclude all relevant lines of inquiry. facilitating former residents to provide accounts of their experience was one of the main reasons for establishing the commission. i know the commission will effectively use the additional time to ensure that many more witnesses have such an opportunity. the additional time will ensure that crucial questions can be fully addressed to provide the answers to which the former residents are entitled. 
             i want to thank the commission for this update on its important work. when i recently met the commission i was again reassured by its members' absolute commitment to establishing the full facts of what happened to women and children in these institutions. i have, however, asked the commission to make every effort to deliver its reports as soon as practicable. i understand that this extension of time delays the day which many former residents have been eagerly anticipating. i understand that fully and i know that many have expressed disappointment and frustration at this development. i acknowledge those who are with us in the house this afternoon. equally, it is important to state that a number of advocates have acknowledged that the extension is a pragmatic response to the challenges faced by the commission. 
             in the interim, i am proceeding with a number of measures to support former residents. following on from facilitated consultations held over 2017 with former residents, their families and supporters, i am making arrangements to establish a collaborative forum to support former residents in developing issues and solutions that are of concern to them. the collaborative forum is a progressive response to the theme of ""nothing about us without us"" which has emerged from the facilitated consultations. i am currently working with a facilitator on this matter and hope to make further announcements in the coming weeks. in addition, in recognition of ireland's absolute commitment to human rights, the government has decided to invite the un special rapporteur on the promotion of truth, justice, reparation and guarantees of non-recurrence, mr. pablo de greiff, to visit ireland. i will work with my colleague, the minister for foreign affairs and trade, to arrange this invitation. it is important to say that these developments have been welcomed by a number of advocates who recognise the progressive nature of the government's approach. 
             this morning, as senator devine pointed out, the government has agreed to publish the expert technical report on the tuam site. i will be making a more detailed statement on that report later this afternoon and the report will be available on my department's website soon. i want to thank the members of the expert technical group for their work on such a complex and sensitive issue. the group's report will help everyone to understand the nature of the options that are now open to us so we can make some well-informed decisions. the report is a detailed technical document running to over 250 pages and it will, understandably, take some time to absorb and fully process what it tells us. i want to take this opportunity to assure all interested parties that there will be public consultations with stakeholders before any decisions are made. my primary concern is to ensure that whatever action is taken respects the memory and dignity of the deceased children who lived their short lives in that institution."
2017-12-12,seanad,https://data.oireachtas.ie/akn/ie/debateRecord/seanad/2017-12-12/debate/main,50,Senator Trevor Ó Clochartaigh,Senator Trevor Ó Clochartaigh,"senator trevor ó clochartaigh
          ba mhaith liom tacaíocht a thabhairt don mhéid atá ráite go dtí seo maidir le cúrsaí tithíochta i gcomhthéacs na hagóide atá ar súil taobh amuigh de theach laighean inniu. tá an géarchéim tithíochta ag dul ó smacht ar fad. i concur with the thoughts expressed by senators on the issue of housing. i commend those who organised the protest that is taking place outside leinster house today. the nature of that protest is also commendable. those involved are raising the issue in a positive way rather than doing so in another manner.
           i am very concerned about reports in the media today about leaks of confidential information relating to the mother and baby home in tuam. it is disgraceful and appalling that information about dna sampling of human remains was leaked to newspapers and other media before the minister, deputy zappone, had an opportunity to discuss it with survivors. i note that the minister has apologised for this and has called on the taoiseach to sanction an investigation into it. while i agree that there is an absolute need for an investigation, i do not think it should be allowed to drag on. i know from my contacts with survivors of these institutions that they are very frustrated about the slow pace at which the investigation is moving. we now have a delay of another year in the investigation. many of these people are elderly or are not in the greatest of health. we have called on a number of occasions for a debate on this issue with the minister. i think it is more important than ever for such a debate to be arranged. when she comes to the house early in the new year, she might bring with her the department of the taoiseach report on who leaked this information. how did it come to be leaked in such an insensitive way?
           it is appalling that the survivors have had to hear about things like this through the media. we need a debate on this matter because it needs to be kept at the top of the agenda. i am aware that, correctly or incorrectly, there is a sense among survivors of similar scandals, such as the symphysiotomy scandal, that these matters tend to be kicked to touch. we do not want to see the can being kicked down the road while people get older and pass on. justice must be seen to be done in the case of the mother and baby homes. a debate on this issue is important in the interests of getting clarity on it. perhaps the leader could give us an update from the minister tomorrow. is this investigation going to happen through the department of the taoiseach? who is going to do it? has any further information come to light regarding the circumstances in which this sensitive information came to be leaked in such an appalling manner?"
2017-12-12,seanad,https://data.oireachtas.ie/akn/ie/debateRecord/seanad/2017-12-12/debate/main,60,Senator Jerry Buttimer,Senator Jerry Buttimer,"senator jerry buttimer
          it is good news for the city of dublin but few gave the new luas line a great welcome today.
          it is amazing how good news goes untold in the seanad but it is good to have it anyway. i will do that for the senator.
           senator reilly raised the issue of the hiqa bill in respect of our hospitals. we all want our hospitals to be licensed and to provide the best of care to patients. we will have that discussion when the legislation is taken.
           senator feighan also made reference to david davis and brexit. that has been well documented. a motion is going before the committee on procedure and privileges and we will have a further debate on brexit later in the term.
           senator ó clochartaigh raised the issue of a leak relating to the mother and baby homes inquiry. it is distressing that the leak happened but i did not know about it until i heard his comments. i note his remarks regarding what the taoiseach and the minister for children and youth affairs said. i am happy to schedule the debate he seeks in the new year. i agree with him that the survivors, and their families and friends, should not have to read information in a newspaper or discover it on television or radio. my mind boggles as to how information such as that can come out. it should not be leaked. this issue concerns the lives of people who have been severely traumatised, and their integrity. i share the senator's view. i welcome him to this side of the house as well. i hope he is coming closer to us and i wish him well in his new position."
2017-12-07,seanad,https://data.oireachtas.ie/akn/ie/debateRecord/seanad/2017-12-07/debate/main,1,An Cathaoirleach,An Cathaoirleach,"an cathaoirleach
          i have notice from senator maria byrne that, on the motion for the commencement of the house today, she proposes to raise the following matter:
          the need for the minister for housing, planning and local government to include limerick in the pyrite remediation scheme.
           i have also received notice from senator kevin humphreys
						of the following matter:
          the need for the minister for housing, planning and local government to provide an update on the cladding used on buildings in the republic of ireland, and the steps he has taken to ensure that a tragedy like grenfell towers does not take place.
           i have also received notice from senator gerard p. craughwell
						of the following matter:
          the need for the minister for education and skills to introduce fully funded compulsory occupational first aid courses for teachers and special needs assistants in primary and secondary schools.
           i have also received notice from senator brian ó domhnaill
						of the following matter:
          the need for the minister for transport, tourism and sport to provide an update on the current status of the capital funding to advance the a5-n2 road project.
           i have also received notice from senator frank feighan of the following matter:
          the need for the minister for rural and community development to ensure sligo is designated as a centre of growth for the north west in the national planning framework.
           i have also received notice from senator tim lombard
						of the following matter:
          the need for the minister of state at the department of education and skills to implement a protocol to ensure students repeating their leaving certificate examination have access to bus passes through the school transport system.
           i have also received notice from senator colm burke
						of the following matter:
          the need for the minister for housing, planning and local government to confirm that approval will be provided to cork city council to proceed with eight individual housing projects that were submitted to his department for approval in early september.
           i have also received notice from senator fintan warfield
						of the following matter:
          the need for the minister for health to outline his plans to commence sections 2 and 3 of the children and family relationships act 2015.
           i have also received notice from senator john o’mahony
						of the following matter:
          the need for the minister for education and skills to provide an update on the status of the working group report on the future of the galway-mayo institute of technology, gmit, castlebar.
           i have also received notice from senator gerald nash of the following matter:
          the need for the minister of state at the department of health, who has special responsibility for disability issues, to provide resources in the health service executive's national service plan 2018 for adult respite care places for young adults with disabilities in the counties of louth and meath.
           i have also received notice from senator máire devine
						of the following matter:
          the need for the minister for children and youth affairs to provide an update on the commission of investigation into mother and baby homes.
           i regard the matters raised by the senators as suitable for discussion. i have selected the matters raised by senators byrne, humphreys and craughwell and they will be taken now. senator ó domhnaill has withdrawn his commencement matter that i had selected. the other senators may give notice on another day."
2017-12-06,seanad,https://data.oireachtas.ie/akn/ie/debateRecord/seanad/2017-12-06/debate/main,24,Senator Victor Boyhan,Senator Victor Boyhan,"senator victor boyhan
          the minister for children and youth affairs, deputy zappone, published the third interim report of the commission of investigation into the mother and baby homes yesterday. i will not go into the report, which is available for us all to read, but i have some concern at the suggestion that this work will not be completed until 2019. that is too long to wait for many women, given their circumstances, their desire to have the truth told, to share their experiences and to have what happened to them and their children acknowledged publicly by the state. the state was aware of this in many cases. therefore, it is important that justice is delivered quickly for these people. many of these women are in their later years and have spent their entire lives seeking justice, the truth and the opportunity to tell their stories, but most of all to be believed.
           it is important to think of so many broken lives, broken families, broken dreams and aspirations for their loved ones. the state reneged on its responsibility to them and walked away. families failed. there is no point laying the blame on any one side of our society because we know it involved families and institutions of the state. we need to show compassion and some understanding of these women who were betrayed, and give them justice.
           i welcome the fact that the minister is setting up a new collaborative forum with a strong voice for former residents but there have been many fora, discussions and promises and these people keep being let down. time is terribly important for them. i acknowledge that the minister has agreed that a united nations special rapporteur be invited to ireland to assist in responding to the issues relating to the mother and baby homes. that is positive too, but we cannot delay any further. 
           when preparing for christmas, we can draw on the analogy of the christmas story, we are asked to believe, and many of us choose to believe, of the vulnerable mother and her baby. 
           that vulnerability is perhaps more raw at this time of year as we celebrate christmas and the message of christmas. my wish for these people is that they get justice swiftly and that they and their families and their babes, as they were then, get a hearing and get redress. we are told in the national newspapers today that the government may consider redress but that is not good enough. people deserve redress and we must hold out hope for this. parallel to these ongoing investigations and teasing out of the issues, i ask that the government start to focus now on making provision for redress for these people."
2017-12-06,seanad,https://data.oireachtas.ie/akn/ie/debateRecord/seanad/2017-12-06/debate/main,35,Senator Máire Devine,Senator Máire Devine,"senator máire devine
          i want to make reference to the interim report of the commission of investigation into mother and baby homes which senator boyhan mentioned. there has been a lot of mixed reaction and disappointment to the pushing out of this report. i have submitted a commencement matter for tomorrow through which i hope we can explore this issue further.
           i add my voice and that of this house to global condemnation of reports that the us president, donald trump, will today declare that jerusalem is the capital of israel. this is an extremely dangerous and worrying move. israel's claim that jerusalem is the complete and united capital of israel is in violation of international law. the status of jerusalem is one of the most sensitive issues in the region as east jerusalem is the future capital of the state of palestine, although it is still illegally occupied by israel. a unilateral move by the us will have grave consequences for the israeli-palestinian peace process which is already on life support. i remind members that in october 2014, this house formally recognised palestine as a state. we cannot allow the us president, mr. trump, to undermine that."
2017-12-06,seanad,https://data.oireachtas.ie/akn/ie/debateRecord/seanad/2017-12-06/debate/main,53,Senator Paudie Coffey,Senator Paudie Coffey,"senator paudie coffey
          i, too, welcome our esteemed guests to ireland.
           senator boyhan raised the issue of the mother and baby homes commission of investigation and its extension by one year to enable it to investigate 14 former homes. i agree with the senator that there is a lot of concern with regard to the victims and those who have suffered. the extension is being provided to enable indepth engagement with victims and their families to ensure that their personal experiences and stories are heard and properly taken into account. i agree with senator boyhan that compassion and justice must be to the fore of any investigation. i know that the minister for children and youth affairs, deputy zappone, is committed to a fair and just outcome to this investigation. as i said, the reason for the extension is to allow more indepth engagement. i understand that more people than anticipated have come forward. it is important for each victim and his or her family that their story is heard and properly investigated.
           senator kelleher raised the issue of carers and she spoke about the transgender equality network ireland report launched yesterday and the importance of recognition for marginalised groups in our society.
          i agree with senator kelleher who paid tribute to all those involved in producing this report and the advocates for the lgbt community, including senators buttimer and warfield. there is no doubt that challenges remain and that continued support is necessary. senator kelleher raised the question of hate crime legislation being required and a strategy for lgbt people. i will ask the minister to come before the house on this important issue. 
           senator conway-walsh raised the issue of the national children's hospital. she asked why it could not be named after a particular person, i think it was dr. kathleen lynn. the senator should put it down as a commencement matter and bring the minister to the house to respond directly to it. i do not know the details of the matter. the senator also expressed her concerns about carers. it is a matter to which the house will return in more detail for statements.
           senator coghlan welcomed the expansion of ballycroy national park in county mayo, which has almost doubled in size. i recognise it is an issue close to the senator's heart given his appreciation of local history and heritage, especially his experience with killarney national park. i agree that our heritage, history, tradition and culture is very significant in how we protect it and make it accessible for all to enjoy. senator paddy burke also welcomed these very positive developments for ballycroy national park.
           senator gallagher raised the matter of returning emigrants, a matter that is increasingly coming to the fore, especially as we approach christmas when we will welcome many of our emigrants home for the festive season. i hope that many will stay here. we hear about the difficulties and obstacles which returning emigrants face. the senator gave the example of the obstacles that a returning emigrant faces when renewing a driving licence in this country. we need a closer review of the issues and challenges faced by returning emigrants and i undertake to pass on to the cabinet the need to review the issues and challenges that they face across the board. it is something to which the house could return in a further, wider debate on emigrants, the diaspora and that area.
           senator devine raised the matter of mother and baby homes. she also condemned president trump's proposal to make jerusalem the capital of israel. i note the senator's serious views. i also note that the tánaiste and minister for foreign affairs and trade, deputy coveney, moved immediately to object to president trump's position and relayed this to the us embassy. senator leyden shared this concern, as indeed did senator ó ríordáin.
           senator mcfadden also raised the issue of carers and her very personal experience with a former member of this house, senator nicky mcfadden, who we sadly lost. our thoughts turn to people such as nicky at times like this but we also remember the compassion and care which senator mcfadden and her family gave to nicky during that very tough time in their lives. the carers issue is one to which we will return.
           senator grace o'sullivan has raised concerns about the government's handling of the climate action and development act of 2015. considerable time was allowed in the house this week and last to debate this issue with the various ministers. the senator will have an opportunity to seek assurance from ministers that there will be satisfactory compliance with irish obligations in climate action and development. there is no doubt that ireland is facing serious challenges in climate action. we are behind the curve and all sections of society, from policymakers, sectors and industries down to local authorities and citizens, need to change our mindset and how we think about climate action here if ireland is to achieve the targets and objectives which we have set ourselves.
           senator byrne welcomed a new company to shannon and the mid-west. when new economic activity comes to the regions, it is something that is always welcome, and that is what this airport materials company will do for the mid-west. senator byrne and others raised another important point about the schools minor works grants. senators paddy burke and murnane o'connor also spoke strongly on the need for these grants to be extended on a multi-annual basis. this is something with which i strongly agree as someone who spent eight years as the chairperson of a national school board of management. there is a level of uncertainty about these grants, and when the minister next comes before the house to speak on education, we will ask that he speak on the area of sustaining facilities and infrastructure to ensure that we have appropriate primary, secondary and third level educational facilities for students.
           senator ó ríordáin also expressed concern about president trump's proposal regarding jerusalem. we will invite the minister to the house to discuss the matter in greater detail. the minister for foreign affairs and trade is currently engaged in sensitive and critical negotiations on brexit. the senator also raised the interesting issue of rickshaws in dublin. those of us who reside here for a few days a week see the increase in rickshaw activity. the senator proposes that they be banned and says they are unregulated, which is a fair point. it is something that the joint committee on transport, tourism at sport could consider before bringing it back to the seanad for wider debate. alternatively, perhaps it is something that dublin city council might examine - senator ó ríordáin will know more about this than me - through its strategic policy committee on transport, and come to government with recommendations on whether the area can be regulated. i know that it concerns the senator and many people who live in dublin.
           senator ó céidigh is a forward-looking senator and he referred to the new challenges in the modern world of social media and the internet. i agree with him. never before have people in ireland been more accessible through social media and the internet. people, including children, are accessible morning, noon and night. we need to look in a holistic and comprehensive way at how we manage social media and internet interaction. the internet is very positive in terms of communication, learning, and the platforms it provides us, but there are also challenges, including access to pornography, online intimidation and cyberbullying. these are serious problems. when we were growing up, if there was an issue with bullying in school, a child went home to the safety of the house and family, but now if a child is being bullied at school, that bullying can follow him or her over the internet into his or her home and bedroom. i understand the senator's genuine concerns. it is something that this house should look at and debate in more detail to see if a legal provision could be arrived at to protect those who are vulnerable to cyberbullying, and the broader area of social media. i also note the senator's points about advertisements and marketing. it is a new area of which many of us might not be aware. it is something that we should return to and i will ask the minister for communications, climate action and environment to come to the house, perhaps early in the new year, for a deeper debate on the matter.
           senator ó donnghaile raised concerns about brexit. he sought statements in the house and asked for the minister for foreign affairs and trade. i am sure the senator will agree that the minister is very involved in the critical and sensitive negotiations with our eu 27 partners and also the uk. i am sure that the minister will be happy to come to the house at the earliest opportunity. i acknowledge all the support from parties and independents for the government position on brexit at this critical time. it is important, and the government has been clear from the outset about its position, that there should be no hard border between the republic and northern ireland. it is adhering to that view strongly. we feel it is supported by the vast majority of all citizens, not only in the republic but also on the island of ireland. we are determined to find a resolution and a way forward. i wish the taoiseach, the tánaiste, and the minister of state, deputy mcentee, the very best in these negotiations in coming days. they will be very sensitive days indeed.
           senator paddy burke asked that the minister for culture, heritage and the gaeltacht be invited to the house to investigate the displacement of species due to infrastructural development. this is something we can do. the matter comes up frequently in planning applications and appeals.
          the protection of species is important but so is the development of this country in a sustainable and coherent way. an oireachtas joint committee could discuss the issue in more detail. i will ask the minister if she can make time to come to this house to discuss the issue in more detail.
           senator davitt called for the minister for finance to come here to review how banks are issued with licences. he raised a number of concerns about the way banks have moved away from cash and claimed that many banks have become staffless and faceless. i understand his concerns. indeed, a number of constituents in my area of waterford recently raised serious concerns about cashless banking taking place in some towns and villages. i would ask the banks two questions. is the banking system fit for purpose? is it what our citizens need? we could examine the matter in more detail by either having an oireachtas joint committee discussion or inviting the minister to this house to debate the matter further.
           senator warfield expressed his concerns about the motion tabled in the dáil regarding the permanent structured co-operation, pesco, and whether the irish defence forces might be integrated into a wider eu military regime. i wish to put the following on the record. pesco has no implications for ireland's military neutrality. the pesco notification recognises the specific defence policies and constitutional positions of member states. it is important to note that the participation in any project under pesco will be decided by each member state case by case. therefore, pesco would not impact on our traditional policy of military neutrality. i have no problem inviting the minister for defence to the house to debate the matter in more detail and to address the concerns that the senator is quite entitled to raise.
           senator ned o'sullivan mentioned the work of the oireachtas joint committee on the eighth amendment of the constitution. all of the members of both house who have sat on the committee and who i believe have the best of intentions reflect various perspectives on such a sensitive issue. we await the report with interest. there will be adequate opportunity for all senators to express their views about the report. i support what has been expressed by the senator about the chairperson, our colleague, senator catherine noone. allegations of bias have been made against her. i contend that anybody who knows her will know that she is a diligent senator who is doing her work in the best possible manner. i believe that she is doing her work in a fair and unbiased way."
2017-12-05,seanad,https://data.oireachtas.ie/akn/ie/debateRecord/seanad/2017-12-05/debate/main,18,Senator Máire Devine,Senator Máire Devine,"senator máire devine
          i am asking today for an update on the commission of investigation into mother and baby homes. i appreciate that the minister, deputy katherine zappone, has published monthly updates on the website of the department of children and youth affairs and is planning to bring proposals resulting from the recent facilitated meetings across the country to cabinet. i am also aware that there will be more substantial news on the commission of investigation in the form of an interim report. could the deputy leader shed some light on this? it might be an idea to invite the minister to the house to give an update on this issue in its entirety. she was here before and that engagement was very useful to members and survivors alike. will the deputy leader please consider that?
           finally i applaud the group, mental health warriors, which held a successful protest on dame street last night demanding 24-7 mental health services and expressing alarm at the significant increase in self-harm and suicidal ideation among children. such issues are beginning at a much younger age. they are now quite frequently observable in primary schools and often end in tragedy, as we saw in the coroner's report on an 11 year-old girl last friday."
2017-11-30,dail,https://data.oireachtas.ie/akn/ie/debateRecord/dail/2017-11-30/debate/main,223,An Leas-Cheann Comhairle,An Leas-Cheann Comhairle,"an leas-cheann comhairle
          i wish to advise the house of the following matters in respect of which notice has been given under standing order 29a and the name of the member in each case: (1) deputies richard boyd barrett, eamon ryan, barry cowen and eoin ó broin - the recent tragic deaths of homeless persons and the crisis in dublin; (2) deputy éamon ó cuív - funding for traveller-specific issues highlighted in the traveller community survey; (3) deputy david cullinane - child psychology services in waterford; (4) deputy mary butler - the closure of the waterford ispcc branch on 1 december; (5) deputy kevin o'keeffe - staffing and respite care services at st. patricks community hospital, fermoy, county cork; (6) deputy thomas p. broughan - to discuss the problem of joyriding and anti-social behaviour in dublin bay north; (7) deputies john lahart and seán crowe - the funding of the tallaght drugs and alcohol task force; (8) deputy james lawless - the need to discuss decisions on the leixlip and celbridge local area plans; (9) deputy willie o'dea - to discuss the issues related to the cié defined benefit pensions scheme; (10) deputy frank o'rourke - to discuss the redeployment of garda resources in the run-up to christmas; (11) deputy dara calleary - the hiqa report on arás attracta, swinford, county mayo; (12) deputy donnchadh ó laoghaire - to discuss the advertisement of positions on community employment schemes; (13) deputy brian stanley - the need to discuss flood prevention measures in mountmellick and other areas of county laois; (14) deputy clare daly - to discuss the expert technical group's report on the mother and baby home site at tuam, county galway; (15) deputy louise o'reilly - to discuss the move from secondary to primary care in the health service; (16) deputy mattie mcgrath - to provide an update on the relocation of clonmel garda station; (17) deputy john brady - to discuss the downgrading of dart stations; and (18) deputy mick wallace - to discuss the pay and conditions of defence forces' personnel.
           the matters raised by deputies richard boyd barrett, eamon ryan, barry cowen and eoin ó broin; kevin o'keeffe and john brady have been selected for discussion."
2017-11-29,dail,https://data.oireachtas.ie/akn/ie/debateRecord/joint_committee_on_the_eighth_amendment_of_the_constitution/2017-11-29/debate/main,147,Deputy Catherine Murphy,Deputy Catherine Murphy,"deputy catherine murphy
          i thank mr. thompson for his presentation. i would like to acknowledge the fact that the legal and health care systems in the uk cater for a significant number of irish women, and has done so for decades. given our experience with mother and baby homes and magdalen laundries, we are not in a position to be shouting from the rooftop in terms of how women have been treated in this country.
           i want to ask mr. thompson about future proofing.
          i take the point mr. thompson has made in respect of being overly specific about conditions. obviously things have changed from a socioeconomic point of view. very often people are delaying pregnancies and are availing of assisted reproduction. sometimes there are twins or triplets in a multiple pregnancy. what impact has that had? mr. thompson made a point on a co-twin benefitting from the procedure. i presume that would happen in a situation where neither twin would be born alive without that intervention. in the area of future-proofing legislation, in mr. thompson's experience are there aspects of law which we must consider in that regard? the current situation is that there is an equal right to life. that right would probably extend to a situation wherein there were twins, neither of whom would survive without intervention. i am trying to think about this from a legal perspective."
2017-11-28,seanad,https://data.oireachtas.ie/akn/ie/debateRecord/seanad/2017-11-28/debate/main,94,Senator Trevor Ó Clochartaigh,Senator Trevor Ó Clochartaigh,"senator trevor ó clochartaigh
          gabhaim mo chuile dhea-ghuí ar an seanadóir landy freisin. is iomaí speáráil ar chúrsaí éagsúla a bhí anseo againn sa seanad, ach is fear uasal é. i wish to be associated with the comments regarding senator landy, with whom i had many a ding-dong across this parliamentary floor. i always found him a very able combatant in that regard and an absolute gentleman when i met him afterwards. he is also great craic and great company. he is a wonderful man and i wish him all the best.
           i have previously called for the minister for children and youth affairs to come to the house to update members on the progress of the work of the commission of investigation into mother and baby homes. i am acutely aware that many of the survivors are elderly and have many health and other issues they want to have addressed. some of them are living in unsuitable conditions and they seek practical supports, which are not being made available to them. they also are looking for the truth as to what happened to their siblings, mothers and loved ones connected to them. i hope we can have that debate.
           i have also raised on a number of occasions the issue of the st. anne's site, also known as lenaboy castle, in galway city. it is a former black and tans barracks. we know from historical documents that there are tunnels under this building and some of the land surrounding it. i understand that heritage and archaeology reports have been done on the site. we have asked for these to be made available but there appears to be some blockage in that regard. we want to ascertain whether there are burial grounds on the site. is the minister for housing, planning and local government aware of these reports, has he had sight of them and has he been consulted on the transfer of that building and land to galway city council, which has also been given €750,000 by the sisters of mercy as part of that deal? if, god forbid, there is need for an archaeological survey at this site, similar to that being carried out in tuam, will there be an associated cost and if so, will it fall on the state, galway city council or some other agency? i wish to ascertain whether the minister for housing, planning and local government has been made aware of these issues and whether he has received a report in this regard. if so, will he report to the house on it?"
2017-11-28,seanad,https://data.oireachtas.ie/akn/ie/debateRecord/seanad/2017-11-28/debate/main,145,Senator Jerry Buttimer,Senator Jerry Buttimer,"senator jerry buttimer
          i think the point the senator makes is a very good one.
           we need to continue such an initiative across the country. at that formative time in young people's lives, they are listening and hearing about road safety and it lands in their mind. i know from my time as a transition year teacher, it is a very important module in terms of road safety. i very much encourage the senator to pursue that, perhaps with the department.
           strangely, i agree with the point made by senator ó donnghaile on béal feirste and doire mar phríomhchathair chultúir na heorpa. i very much agree with senator ó donnghaile that there is a need for us to support belfast and derry as european capitals of culture.
          i know from cork, my home city which had the distinction of being the european capital of culture, that the title brings significant economic and tourism benefits to a city. in the case of belfast and derry, it would be a fantastic statement. i will support any initiative which would result in all of our island remaining part of the european union. while there are clearly disagreements about what will happen, we should champion this wonderful idea. i will be pleased to lend my support to it, having seen the benefits that the title of european capital of culture delivered for cork. 
           i am at a loss regarding the matter raised by senator murnane o'connor as it is an issue i am not familiar with. perhaps the senator will receive a timely response if she raises the issue as a commencement matter. i do not understand the issue, nor do i understand the reasons for it given the positive and proactive changes in the area of child care announced in the budget. 
           strangely, i also agree with senator ó clochartaigh on the pertinent point he made regarding mother and baby homes."
2017-11-15,dail,https://data.oireachtas.ie/akn/ie/debateRecord/joint_committee_on_the_eighth_amendment_of_the_constitution/2017-11-15/debate/main,458,Senator Lynn Ruane,Senator Lynn Ruane,"senator lynn ruane
          i thank the witnesses for their presentations. many of the questions i had have been answered so i have only two brief questions. i apologise for interrupting deputy fitzpatrick earlier on but i think it is a point that is worth noting. i probably should have waited my turn. in respect of adoption and whether it is decreasing or not, when we are having any conversation about women and the choices they have made, we need to look at it in the context of our history, the number of women we locked away and put in mother and baby homes and the number of illegal adoptions that took place in this country. if the research is not there, i am sure it would factor in along the way if research was ever done. it is important to say this because i do not think any of us would ever want to advocate that we want to go back to those figures. it just involves being mindful of those women and the fact that they probably would have chosen to rear their children had they been given the support to do so. that was the point i was trying to make.
           in respect of socio-economic matters, i know from throughout my time supporting mothers who already have children, particularly if they are at risk of homelessness or are in addiction, that they are always very cautious of seeking help, particularly from state bodies. there is some distrust there sometimes. if somebody is experiencing addiction, how does the counselling operate in this scenarios? women are sometimes petrified of being judged as mothers. they are worried that the children they already have might be taken off them if they raise the reason that a pregnancy is such a crisis. how do the witnesses deal with that and have they come up against it? is there a cohort of women who do not access services because it is a state organisation? how can we address that? a point was made that socio-economic inequality exists in respect of being able to travel for abortion with poorer women being more likely to turn to the abortion pill. what is the witnesses' take on the overall impact of the socio-economic status or circumstances of a woman on her options in a crisis pregnancy?"
2017-10-24,seanad,https://data.oireachtas.ie/akn/ie/debateRecord/seanad/2017-10-24/debate/main,10,Senator James Reilly,Senator James Reilly,"senator james reilly
            the issue i wish to raise here today is one i raised on the order of business last week and it was dealt with in the lower house as well. it is an issue that is not going to go away, namely, the inequity in our pension situation whereby at least 23,000 women are being disadvantaged by the pensions system in a manner which was brought about and exacerbated by legislation passed in 2012. i sought that the minister for employment affairs and social protection, deputy regina doherty, would come into the house to tell us how she is going to address the issue. i welcome the minister of state, deputy damien english, here today who is responding on behalf of the minister.
             the points i made last week are worth making again. we have a bad history in this country in terms of the manner in which we treat women. it is unjust to have a system in place that punishes women for their act of generosity. they took time out from work to rear children, who are the future of our nation, and to care for the elderly and the vulnerable. it is an injustice that cannot be allowed continue. i am acutely aware that this situation has been ongoing for some time and it will cost a considerable sum of money to correct. as far as i am concerned there are two phases to it. one is the ongoing injustice that comes every month with the pension and the injustice of back-payments that are due and should be paid. many of those affected are citizens who have stood by this country in the worst of times and they are coming to the last quarter of their lives. some of them may not have a huge amount of time left although we are all living longer, which is good news. however, it is not good news if we start treating a subsection of people in our elderly population differently. when we had very little money in this country in the heat of the crash we ensured that victims of symphisiotomy were compensated. i was there as minister for health to make it happen. we also addressed the magdalen laundries issue and established a commission of inquiry into the mother and baby home in tuam. those were all issues that primarily affect women. men are affected as well but not to the same extent.
             i wish to highlight one statistic that has emerged, namely, that 2.9% of men over 65 are living in consistent poverty while just 2.6% of women in that age group were living in consistent poverty. the percentage of women in that age group is a greater absolute number than the number of men. neither situation is something of which the government is proud or that we should allow continue. both situations must be addressed. it certainly does not indicate that women over the age of 65 are doing better than men in terms of their incomes. acknowledging that there is a big job of work to be done, what i wish to ask the minister today is how long the review will take and how long it will be before action will be taken. how long will it be before the correction of this injustice to pensioners is addressed? thankfully, we know unemployment is reducing in this country and, therefore, the burden on the exchequer from that point of view should be less. we know that the government is taking in more revenue. the least these women can expect is that the current situation is corrected as quickly as possible and a pathway is developed to address the outstanding back-payments, which is a considerable sum of money.
             a loud and clear message needs to go out from here today and i hope it is one the minister agrees with. i know in my heart she does. we cannot allow the injustice to continue just because we have difficulty in affording it. people can put up with a lot of hardship, and we do, when we are all being treated equally but in this republic of equal opportunities, people are not being treated equally.
            the individuals in question have done this country a great service and should not be punished any longer for doing so."
2017-10-24,seanad,https://data.oireachtas.ie/akn/ie/debateRecord/seanad/2017-10-24/debate/main,73,Senator Victor Boyhan,Senator Victor Boyhan,"senator victor boyhan
          the minister for children and youth affairs, deputy katherine zappone, is this week in receipt of the report from the expert technical group on the mother and baby home issues in tuam. the story has been covered by all the national media today. the department has confirmed that the minister is in receipt of this critical and highly informative report. the report is technical in nature. clearly, the minister is going to need time to reflect on it. i understand that the report is with the attorney general as well. therefore, it has not been dealt with or considered by cabinet. through my contacts i am led to believe this is the position today. it is an important report. we have debated the matter at length in this house.
           will the leader facilitate a debate, when appropriate? clearly, people need to discuss it. it is a sensitive issue and affects many people, including the extended families of those affected. their considerations and sensitivities are of primary concern at this stage. when appropriate, will the leader ask the minister, deputy zappone, to attend the house and update us on the matter?
          while i am on that point, it is also important to note that the bar council has today announced that the historian, catherine corless, who carried out all the work which led to this initial investigation is to be bestowed with its human rights award in recognition of her amazing work. it is a great honour that the bar council should decide to bestow that human rights award upon her. it is important that we in the house know that. 
           i thank the leader for arranging for a slot on the order of business next thursday to deal with the criminal justice (victims of crime) bill 2016. hopefully we will have a short opportunity to tease out some of the issues with the minister."
2017-10-19,dail,https://data.oireachtas.ie/akn/ie/debateRecord/dail/2017-10-19/debate/main,117,Deputy Catherine Murphy,Deputy Catherine Murphy,"deputy catherine murphy
          decisions we make today can have implications for how our history will be told into the future. how that will manifest itself is unpredictable. many records are now held digitally and have been for the past 20 years or so. as the formats in which records are held sometimes become obsolete, we are faced with many additional challenges that we have to overcome.
           i will reiterate some of the points made by the previous speaker about some aspects of the bill. in section 2 the term ""relevant records"" is introduced. ""relevant records"" are defined as records more than 20 years old but less than 30 years old where an order has been made. other than that, it does not give a clear definition of what the records are. that is very important. section 2 of the 1986 act states all of the different formats in which departmental records can be kept and that will remain. however, there is no clear direction as to who will decide what is a relevant record, aside from it being 20 years old as opposed to 30. the current legislation is easy to implement as it encompasses all records created, regardless of age. they are transferred to the national archives when they are 30 years old. relevant records are a subset of departmental records as defined under 1986 act.
           the bill does not refer to the existing scheduled bodies. does this mean that they are outside the scope of the legislation? what will happen to their records? is the government relying on the 1986 act in that regard? will that act be superceded?
           the transfer of records to the national archives will be made by ministerial order following consultation with the director of the national archives. this removes the power of the director to appraise records and decide whether they should be retained or disposed of. there are many records and it is a question of a good archivist being able to decide which ones are relevant. directors are civil servants and should have no political allegiances or agendas. they should make impartial appraisal decisions based on the evidence provided for them. in making this change we are potentially politicising access to public records which would be contrary to the spirit of openness and transparency. the minister will now have the power to make an order for transfer if records are of significant historical or public interest to warrant their transfer. who will decide what records are of significant historical or public interest? who will advise the minister in making that decision? 
           the government currently does not get involved in the selection or appraisal of records for transfer. that work is carried out by civil servants who carry out their obligations under the 30 year rule as set out in the 1986 act. there is a danger that selective appraisal will take place based on individual interests or bias. that is quite dangerous. the same clause states: ""the transfer of the records concerned to the national archives will facilitate the balanced and fair reporting of matters of common interest to the state and other jurisdictions"".
          that is a clear statement that the 20 year rule is to facilitate the release of records relating to northern ireland to balance out the release of information from the united kingdom. the bill includes the provision that transfers of records less than 30 years old, but more than 20 years old, by ministerial order will have to be voted on by the houses of the oireachtas. this has the potential to politicise the designation and transfer of public records. these are serious issues for the future. 
           there is no set date in the bill for the transfer of records. the 30 year rule automatically means all 30 year old records have to be transferred. if records over 20 years old are not put forward for appraisal, when will they be transferred to the national archives? the bill states the transfer of records will occur when ""arrangements for the transfer of all departmental records which are more than 20 years old to the national archives are adequate."" there is major work going on in the building. i have looked for that for a long time and welcomed its announcement. i have been there to see how it is proceeding. it is a big warehouse. the last time i asked about cataloguing of records there were approximately 70,000 boxes that were not catalogued. that was a few years ago. there will always be a challenge in that respect. it could mean that older records are put even further back. it is all very well saying we have them but getting them and being able to select the ones we want to look at is very challenging when they are not catalogued. what does the bill mean by ""adequate""? who makes the assessment and judgment that the situation is ""adequate"" and the transfer can take place?
           the bill states the decision to review the status of closed records, or records which are not deemed ""relevant records"" and subject to transfer, will take place but it does not say when. the current legislation states this review will happen every five years.
           section 10(6) of the 1986 act which allows a minister to transfer records less than 30 years old is being removed. the existence of this clause would allow a 20 year rule to be implemented without changing the current act. is this section being removed so that individual ministers cannot take decisions which would conflict with those of the minister for culture, heritage and the gaeltacht? the taoiseach will have the power to amend or revoke an order designating records as ""relevant records"", but no criteria for this decision are given. that needs to happen.
           reading the bill it appears that there will be no sanctions against departments if they do not transfer records. while no sanctions are currently imposed on departments or agencies of state if they have not transferred records more than 30 years old, they are aware that they are in breach of the legislation and can face public criticism for this. there is an expectation that 30 year old records are transferred. we should hear something from the minister on that issue. we believe the current drafting of the bill introduces uncertainty into many of the functions carried out by the national archives at present and leaves open the possibility of the politicisation of decisions in the selection of records for permanent preservation. 
           if we spend money now, we can save later. if there are enough people in the national archives who can whittle down the records to the key ones that are appropriate to retain, we would reduce storage costs and the cost of digitisation. it would make a lot of sense to invest in staff for cataloguing. there are probably more than 70,000 boxes that have not been catalogued. 
           catriona crowe, the former director of the national archives, is speaking on this issue in maynooth tonight. she wants to open the administrative records of the mother and baby homes, industrial schools and magdalen laundries for journalists and scholars. the records can be anonymised when digitised and only people who need to see the individual record or have a personal interest in it can see it. we all know people struggling to find material on themselves. that should be taken on board as a matter of goodwill. the historical adoption records held by tusla need to be digitised and catalogued as a matter of urgency. they are very personal and it has to be made simpler for people to find records.
           i was in the national archives recently. the work has some way to go to conclude. when we compare them with the new public record office of northern ireland or the national archives in kew in england, we realise the risk we have taken until now with the records held by the state. that work cannot happen quickly enough because the records are at risk of damage by fire or water. it is important that work is moving towards its conclusion. there should be no spoiling the ship for a ha'pworth of tar. we must make sure the records in the national archives are protected from fire and water."
2017-10-12,seanad,https://data.oireachtas.ie/akn/ie/debateRecord/seanad/2017-10-12/debate/main,45,Senator James Reilly,Senator James Reilly,"senator james reilly
          as spokesman for jobs in the seanad, i welcome the fact that sparkasse is attending a meeting of the oireachtas joint committee on finance, public expenditure and reform, and taoiseach. it has made an interesting proposal that i believe could be of great value to many smes.
           like senator kieran o'donnell, i wish to raise the issue of pensions. it is a fact that 23,000 women are disadvantaged by the current situation, which the minister for finance has described as ""bonkers"". this legislation, as members will know, was only introduced in 2012. it penalises women who left work to rear children, to care for vulnerable people and to care for the elderly. i am struck by the fact that even at a time when we had no money in this country, and i was in the thick of it, we found money to compensate women who had been damaged by symphysiotomy. we sought to address the magdalen laundries issue. when i was minister for health, we put in place a commission of inquiry into mother and baby homes. all of these issues affect women. our historical treatment of women has been poor. we now have a situation where we continue to discriminate against women, in their pensions, who care for our children - the future of this nation. 
           it has been mentioned that it will take €290 million to correct this matter but it is not available. i think the minister has done a very good job on the budget. there will be issues around stamp duty on farms, and that is for sure. as many as 23,000 women have been disadvantaged and my calculation leads me to believe that it will cost the exchequer €34.5 million per annum to fix the discrepancy from this point on, as opposed to €290 million retrospectively. i ask the leader to call upon the minister for employment affairs and social protection and the minister for finance to come to this house and give us some indication of a plan or roadmap that will start addressing this clear injustice to women. 
           i shall finish by saying that an injustice one does not know about is one thing. the injustice that is current and that we do know about, and that would appear to continue to discriminate against women in terms of the extra €5 that we have produced for pensioners in their weekly income, is another matter. it seems to be in doubt that these women will get the full amount of the increase. this is a current injustice that we have created in our time and one that we must address if we are true republicans in a republic of equal opportunity and treatment."
2017-10-11,seanad,https://data.oireachtas.ie/akn/ie/debateRecord/seanad/2017-10-11/debate/main,49,Senator Trevor Ó Clochartaigh,Senator Trevor Ó Clochartaigh,"senator trevor ó clochartaigh
          tá mé ag ardú ceiste anseo atá tromchúiseach go leor agus atá ardaithe agam roinnt uaireanta cheana. some time ago we had a statement in the local media in galway that the sisters of mercy are to transfer the ownership of the building at lenaboy castle, which was acquired by the order in 1925, to galway city council, along with a payment by the nuns of €750,000 for renovation and development. this was a protected structure on taylor's hill and it was run by the religious order as an orphanage, a children's home and an industrial school. latterly, it was a hse west social care centre for children and adolescents known as st. anne's.
           i have raised previously my concerns about this venue. it is to be used by galway city council as a creative hub for arts groups and young people's groups. i have been approached by people who would have had connections to the home and i have also spoken to catherine corless, who brought to light the issues around the tuam mother and baby home. we have concerns that there may well be a burial site at this place as well. i believe that before any development is allowed to go ahead, a fundamental archaeological survey must be done of this site. it is my understanding that galway city council may well have done that previously through its heritage officer and, if so, it should make the findings of that survey available. we should not have any development of a children's creative hub at that site until we are absolutely sure of what is on it. a more forensic archaeological investigation may be needed if anything is unearthed but from contacts catherine corless and i have had, we have serious concerns that there may well be another children's burial site at st. anne's or at lenaboy castle. it is something that needs to be investigated. i call on the minister for children and youth affairs, deputy zappone, to examine this issue and when she is free to come into the house and update us on the work of the mother and baby homes commission, the supports that are being given to survivors, etc."
2017-10-04,seanad,https://data.oireachtas.ie/akn/ie/debateRecord/seanad/2017-10-04/debate/main,125,Senator Trevor Ó Clochartaigh,Senator Trevor Ó Clochartaigh,"senator trevor ó clochartaigh
          for the past six years, when fianna fáil has been asked to condemn the direct provision system, it has not done so. i would like to be constructive because we need to work together to get this system scrapped and i welcome the change in tone.
           an injustice has been done to mr. justice mcmahon. the terms of reference for his report were limited. they precluded an examination to institute changes to the direct provision system. in a way, he was used to justify the system on behalf of the government. he did an interview with the irish times in july. it was reported:
           former judge dr bryan mcmahon said anyone forced to live in a system that denied them the right to work or study and determined almost every aspect of their life without any indication as to when their circumstances might change ""would go mad"".
           dr mcmahon, who chaired the review group which published a landmark report on the system more than two years ago, said people were effectively being ""incarcerated, locked away and [left] in a limbo of sorts"". more needed to be done to expedite cases, he said.
          he should not be heralded as a great supporter of this system as that does him an injustice. that does not reflect the opinion of those in the system, those working with ngos, etc. they feel circumstances have not improved that much because the fundamental structure is wrong and needs to be changed.
           around this time last year, the country looked on both shocked and appalled at donald trump's election campaign, and the discriminatory policies emanating from it. the muslim ban was a vile tool, which gave licence and free rein to the american administration to blatantly marginalise foreign nationals travelling to their country. we watch idly as america burns the ideals of freedom and liberty that it claims to have been founded on. we condemn these practices, rightly so, and we speak against such utter discrimination, again, rightly so.
           on 10 april 2000, ireland embarked on its next dark period of the treatment of the most vulnerable within society. the then fianna fáil minister for justice, mr. john o’donoghue, had commenced a new programme aimed at tackling the issue of the country’s dealings with refugees who had come here seeking asylum. these refugees, many of whom are fleeing war torn areas that were savaged by ""western intervention"", came to ireland in search of safety, in the hope of escaping persecution in their country of origin. the system known as direct provision was seen as a way of housing these people and providing them with the basics they needed to survive while their asylum application was being processed. i doubt the then minister envisaged what was to come, as it was set up with the intention of being a short-term measure. today, 35 of these centres are active throughout the state. it is estimated that these centres house 4,500 people - young and old, rich and poor, and followers of many different creeds.
           much like mary shelley’s depiction of dr. frankenstein’s monster, this creation has grown to the point of being uncontrolled; a system which has now become a horrific mess. it has developed into a system that i believe to be much more sinister than was first intended. it has become an institution of the state, and like many state institutions, it fails in its aims to benefit those who most rely on it. we need look no further than the 1990s, and to mother and baby homes and county homes, to recall failings in state institutions, where civil liberties were placed on the back burner, as if they did not apply to those coming to our shores seeking refuge.
           i welcome recent comments by the minister of state, deputy stanton, and his commitments to the resettlement programmes as well as the promise of the minister and the government to admit 520 refugees in this calendar year. i understand that the process of resettlement cannot necessarily be circumvented, although it could be more efficient, despite the intricacies and complexity of such processes. resettlement, in so far as is possible, is a viable way to approach the treatment of asylum and refuge. integration into communities is an option that should be explored, with direct provision being phased out with a new and more humane system replacing it.
           the minister mentioned that no other models had been put to him over the years. i disagree with that because the irish refugee council produced a lengthy paper on the options for a different process while senator conway and i visited a portuguese centre. we do not say that he can adopt such a model and put it to work here but it seems to be much more humane than ours. i have mentioned the portuguese model repeatedly over the years but no report was done on it. perhaps a working group is needed to scrap direct provision. let us get heads together with the ngos and the movement of asylum seekers in ireland, masi, which is the organisation representing asylum seekers, and put forward an ngo-based model, which would provide proper services. it would be a much better use of the €50 million being spent on the system currently on private companies, some of which do not even disclose the profit they make. it would be much better to follow such a model and i urge the minister to establish a working group. perhaps dr. mcmahon could outline his thoughts on that.
           direct provision has become a viable business with the majority of these centres being run on a for-profit basis, which at least seems unusual. to have profit, there must also be a deficit, and the deficits within this so-called business venture truly gall me. like many private companies, and much like the private prison system in the us today, their business models do not seem to centre around ethics nor morals, but rather how much milk can be squeezed from this cash cow. to the best of my knowledge, some of the companies that hold the contracts for private prisons in the us are also in receipt of moneys here for what is effectively the same service. i was speaking to a colleague of mine recently and he told me that despite foi requests, none of the contracts that these companies hold is available to be scrutinised. perhaps the minister could clarify that. i understand the premise of commercial sensitivity, but i question whether these contractual obligations are being met, given some of the horror stories coming from some centres.
           i welcome the fact the ombudsman now has oversight of the direct provision system but hiqa oversight is also needed. the minister needs to make a clear statement as to how he will implement the right to work decision of the supreme court. the right to education also needs to be implemented. the new single procedure has not been resourced properly to support people to fill in their application forms. absolute consternation was created by those forms. there was a lack of legal support, translation services, etc. family reunification remains a significant issue for people within the asylum system and it has to be addressed. i would welcome a response to the issues i have raised.
          there is a direct provision group within the houses of the oireachtas again. perhaps the minister and his officials could sit down with us, talk with us and have a look at some of the options we are putting to him."
2017-07-11,dail,https://data.oireachtas.ie/akn/ie/debateRecord/dail/2017-07-11/debate/main,185,Acting Chairman (Deputy Declan Breathnach),Acting Chairman (Deputy Declan Breathnach),"acting chairman (deputy declan breathnach)
          i wish to advise the house of the following matters in respect of which notice has been given under standing order 29a and the name of the member in each case: (1) deputy pat the cope gallagher - the cardiology rehabilitation and telemetry monitoring service at letterkenny university hospital; (2) deputies mattie mcgrath and jackie cahill - the irish medical organisation, imo, data on the threatened decline in rural gp practices; (3) deputy mary butler - to discuss the recommendations of age action on regulating nursing home charges; (4) deputy john brassil - to examine arrangements for licensing of mussel seed fishermen using uk registered boats in 2017; (5) deputy sean fleming - the future of portlaoise mail centre; (6) deputy carol nolan - to discuss the cuts to home help hours in county offaly; (7) deputy tom neville - the need for traffic calming on the n69 at kilcornan, county limerick; (8) deputy michael mcgrath - to provide an update on a permanent school building for educate together at rochestown, county cork; (9) deputy seán canney - the closure of a free youth mental health service in galway county and city; (10) deputy michael harty - the impact of budget tax cuts on health reform as outlined in the sláintecare report; (11) deputy michael healy-rae - the impact of reduced nursing hours on special needs students at st. francis special school in beaufort, county kerry; (12) deputy tony mcloughlin - to provide an update on the development of the garda regional headquarters in sligo; (13) deputy aengus ó snodaigh - the findings of the well-being in the defence forces climate survey; (14) deputy thomas byrne - to discuss upgrading of the n2 from kilmoon to ashbourne in county meath; (15) deputy john lahart - the clarity of the planning decisions of dublin city council; (16) deputy peadar tóibín - ambulance response times and the lack of fire service co-operation in county meath; (17) deputy marcella corcoran kennedy - delays in orthodontic treatment for children and adolescents in the midlands public dental service; (18) deputy frank o'rourke - the national home care package services and subsequent delivery to end-users; (19) deputy marc macsharry - the impact of delays in rheumatology services for vulnerable children suffering with juvenile arthritis; (20) deputy eoin ó broin - supports for people who experience sudden blindness; (21) deputies charlie mcconalogue and martin ferris - compensation for farmers who had their crop destroyed by severe wet weather last year; (22) deputy eamon ryan - the alarming and continued rise in new hiv infections; (23) deputy gino kenny - urban equine welfare; (24) deputy imelda munster - to discuss the matter of funding for housing adaptation grants for county louth; (25) deputy margaret murphy o'mahony - the impact on ireland of the uk withdrawal from the london fisheries convention; (26) deputy martin heydon - the need for a review of pension and social welfare provision for foster parents; (27) deputy bernard j. durkan - to discuss the development of the town centre at naas, county kildare; (28) deputy pat buckley - the recent report of parents' views of the hse child and adolescent mental health services; (29) deputies mick barry and ruth coppinger - the action taken by crane operators seeking improvement in pay and conditions; (30) deputy donnchadh ó laoghaire - to discuss recent reports of testing of products on residents at bessborough, cork, and whether such matters can be considered by the mother and baby homes commission; (31) deputy mick wallace - the need for strengthening of the policing authority legislation; and (32) deputy pat casey - the need for a review of income levels for the susi grant scheme.
           the matters raised by deputies pat the cope gallagher, mattie mcgrath and jackie cahill, mary butler and tony mcloughlin have been selected for discussion.
           we will now move onto priority questions to the minister for defence. is the taoiseach taking these questions or is deputy paul kehoe?"
2017-07-04,dail,https://data.oireachtas.ie/akn/ie/debateRecord/joint_committee_on_jobs_enterprise_and_innovation/2017-07-04/debate/main,19,Senator Paul Gavan,Senator Paul Gavan,"senator paul gavan
          i wish to declare an interest. as a former siptu official i know at first hand that everything mr. fleming has said is right and accurate. one of my first experiences of being a trade union official took place in rossaveal in galway in 2007. i was a fairly innocent and green trade union official who tried to help some egyptian fishermen but i lost on a technicality. i have spent more than ten years as a trade union official and in all that time i have never met people who were more exploited than the fishermen. i have every confidence that this committee will tackle the issue because we have worked very well on other issues. if we do not deal with this matter as a body politic, then there will be an inquiry in 20 or 30 years like the inquiry into mother and baby homes. at that time we will be asked why, as a political class, we failed to deal with this scandal. let members be under no illusion that this is bonded labour or slavery and i saw it at first hand. regardless of our political differences, i do not believe anyone on this committee would stand over such a situation. it raises a question that i will put to mr. fleming or ms mcginley and i urge them not to answer my question in a party political way. why has there been a lack of political will to deal with the problem? my theory is that the state authorities do not want to know because they know it would open a pandora's box.
          they know they will be opening a roll of shame that would show them up for their complete failure to intervene. therefore they would rather just keep playing along. we have state actors, departments and civil servants playing along saying there is nothing to see here when we know there is something to see here that is shocking and shames the country. we are a country that sent our people overseas for years and here we are turning our backs on the weakest and most vulnerable workers. we cannot even allow room to legislate for them to give them a modicum of safety and respect.
           i would like to see representatives of nera appear before the committee. i have been a frustrated trade union official for years, but there is something scandalous here. i want accountability. the people in nera have turned their backs on these workers for years. they cannot say they did not know because mr. fleming and his colleagues in the itf along with my colleagues in siptu and the people in the mrci have flagged this. let us consider the statistics. one in two workers has a real fear over safety at work. where is the state? it is nowhere to be seen.
           earlier we discussed our priorities for the rest of the year. i request that we not only write immediately for this time-banded review but that we call these people in as an issue of the utmost urgency. this goes beyond anything else the committee has been dealing with. we are dealing with slavery happening throughout the state. my next question may be a loaded question, but i must ask it. is our fishing industry modelled on this slavery model? is that how it operates? if it is, i for one do not want anything to do with it."
2017-06-01,dail,https://data.oireachtas.ie/akn/ie/debateRecord/dail/2017-06-01/debate/main,170,Minister for Children and Youth Affairs (Deputy Katherine Zappone),Minister for Children and Youth Affairs (Deputy Katherine Zappone),"minister for children and youth affairs (deputy katherine zappone)
          three years ago this week, a brave local historian shared her research with a discerning and intuitive journalist. a brave survivor was also willing to tell her story. we all read, watched and listened as the shocking details unfolded of a mass grave in the grounds of the former mother and baby home in tuam, county galway. in the intervening three years, we have received confirmation that the remains in tuam are human and that they date from the same time the mother and baby home was open. i warmly welcome to the debate those who are here and those watching from afar. there are people, including survivors, advocates, family and friends, who would like to be here but who cannot attend. i admire greatly the courage of those who have shared very personal and compelling accounts of their experiences. with former residents, their loved ones, supporters and campaigners, i add my voice to the collective determination to dispel the secrecy and shame so unjustly experienced by vulnerable mothers and their children. i offer a special welcome to catherine corless whose incredible research and persistence in seeking the truth for those with no voice has been rightly applauded. many of those on the site in tuam never got to speak during their short lives. through catherine, the survivors and their advocates, they have now been given a voice. on a personal level, i am grateful for her generosity to me and many others in giving of her time to explain, advise and guide.
           as the tragic discovery of infant remains at the site of the former home in tuam continues to be absorbed, i am mindful that there are many deeply personal issues which those directly affected rightly want the government to address. the commission of investigation into mother and baby homes was set up as a direct response to the tuam research. i record my sincere thanks to judge yvonne murphy, dr. william duncan and professor mary daly for their valuable contribution and commitment to the public interest in this sensitive work. they have my full support and that of the government. i have visited the site in tuam on a number of occasions and i am acutely aware that many people are experiencing a great deal of anxiety and anticipation about what might happen next at the site. many of those in the visitors gallery and watching at home are the people who will be most impacted on by the decision on what we do next. most importantly, i am determined that any action taken must respect the memory and dignity of the deceased children who lived their short lives in the home. i recognise the diversity of views on and concerns about how this might best be achieved.
           my preference which i know is shared by most people is to encourage and support efforts to build towards a consensus on the next steps to be taken. we can only do this with full knowledge, or at least as much knowledge and information as we can garner. as i have said previously, we need expert technical guidance on international best practice in this highly specialised area. we need to know what is possible. if there is consensus to return the site to how it was before the commission undertook its test excavation and to erect an appropriate memorial, we will not require technical advice. if we decide to go for a full excavation, we will need advice on how to do it. if there is consensus that we should recover the infant remains and try to identify them, we will need to know if that is possible. we have made too many decisions in the dark in this country, but we are not going to do it again in tuam. we need the experts to tell us what is possible. we need people who have done this type of very specialised work before. therefore, i am very pleased to be able to say i have appointed niamh mccullagh, forensic archaeologist, to lead the work. she will bring together a team of international experts in juvenile osteoarchaeology, forensic anthropology, dna analysis and archaeology to provide us with the necessary advice. i am publishing the team's terms of reference today. ms mccullagh is an irish based expert with extensive national and international experience, including work with the independent commission for the location of victims' remains in ireland. significantly, she already has a detailed understanding of the site as she led the commission team which located, identified and conducted the preliminary excavations in tuam. the knowledge she already has of the site means that her work and that of her team will proceed quickly. further details of the membership of the team are provided in the written text i have circulated to members.
           the expert team will consult additional experts, as it considers appropriate. it will arrange further geophysical surveys to examine the extent of potential burials on the site. we need to know, once and for all, if there are remains in the area outside that confirmed by the commission. i will receive an initial technical report by the end of june and a more detailed report on options for the future will be submitted to me by the end of september. the team will provide its technical advice in layperson's language in order that we can all understand the options for the site and what each such option would entail. information is power and the expert reports will be available to everyone. when we are all speaking the same language, there will be a much better chance of reaching a consensus. there will be consultation and this will be a transparent process.
           improved communication is an area in which we need to do better. survivors and their families have rightly been critical of hearing information in the media in advance of being alerted personally. i understand this and have tried to find a solution. our proposed solution is to provide regular updates on the programme of work relating to mother and baby homes. this work raises issues which necessarily involve multiple departments and agencies and we have asked them to co-operate with us. our plan is to co-ordinate and centralise a number of communications initiatives to allow developments to be publicised in a timely manner. starting from july, i will publish a monthly update which will be available on my department's website on the first friday of every month.
           following the publication of the second interim report of the mother and baby homes commission, i said i would hold detailed consultations with those who were resident as children without their mothers in mother and baby homes and county homes. i am pleased to announce that i have appointed an experienced qualified facilitator with an international reputation to help me with these consultations. he will help us to explore the nature of services and supports available in the area of health and well-being which may be of genuine and practical value. this series of consultations will provide a safe forum for former residents in which to raise their concerns directly with me and my officials.
          starting from tomorrow, my department will issue an open invitation to former residents and those with personal connections to these institutions, seeking expressions of interest to participate in this process. the facilitator will hold meetings in dublin and other parts of the country, depending on the level of expressions of interest from those involved. i have heard directly and indirectly of some ideas that people have, but this will be the forum to air these views and suggestions. the outcome of these meetings will inform my proposals to government in order that we can have appropriate supports in place as quickly as possible. i want to start this process quickly and look forward to meeting stakeholders on 30 june.
           i know that some people are trying to find out when they were in particular mother and baby homes. i have asked tusla, the child and family agency, to increase its capacity for the provision of this information to help former residents get access to it. we have put in place the necessary funding for tusla to undertake this work. this new arrangement is separate to the ongoing legislative reforms that are before the oireachtas to facilitate wider access to adoption records under the adoption (information and tracing) bill 2016. i am working with colleagues on this bill which will give people wider access to adoption records. i know that this is so important to so many people and hope my colleagues will support me in getting it through.
           recent months have taught me that we need to look beyond the legal questions surrounding mother and baby homes, important and all as they are. finding the truth is crucial, but we need to deal with that truth when we find it. we need to process it and respond to it. i am very pleased that dr. james gallen of the school of law and government in dublin city university is assisting me in this regard. we are working together on this and i will respond more comprehensively when we have dr. gallen’s final report which i hope will help us to find a new path forward. in the meantime, i am moving forward with one of dr. gallen’s excellent proposals. i am asking my government colleagues to support me in inviting the united nations special rapporteur on the promotion of truth, reparation and guarantee of non-recurrence, pablo de greiff, to visit ireland. dr. de greiff has extensive experience and insights which i believe will help me as a minister and us as a government to promote truth, justice and reparation, as he has done with a wide range of other governments. he could help ensure we are taking the right approach in terms of our response into the future.
           i have said i am open to considering whether broader terms of reference for the commission would help to answer some of the questions which have been raised again in public debate. over the summer months, i will undertake a scoping review on the possible extension of the terms of reference.
           how we respond to the past is about much more than the tuam or other mother and baby homes. it is about all of us. it is about us as people and the choices we make. these are personal choices or they are choices we make through the people we have elected. it is about our humanity. it is about our empathy. i sometimes wonder, if i am around in 2027 or 2037, what will i see being said about 2017 on “reeling in the years"". will 2017 be the year that the international media descended on tuam as we once again declared our outrage at past deeds? will it be instead the year when we faced up, womaned up and manned up, and decided that we will do things better? this is a defining moment for us. as a member of the government, and the only independent woman member in government, i feel a huge sense of responsibility to begin to heal the fractured trust between citizens and the state. it is time that someone shouted ""stop"". it is time that we all shouted ""stop"". i believe a model of transitional justice will help us move forward."
2017-06-01,dail,https://data.oireachtas.ie/akn/ie/debateRecord/dail/2017-06-01/debate/main,171,Deputy Anne Rabbitte,Deputy Anne Rabbitte,"deputy anne rabbitte
          i thank the minister very much for her contribution and statement. from the opposite side of the house, all i can say is i welcome everything the minister has given me and my colleagues. it is very welcome for those in the visitors gallery to hear the minister speak with such passion and empathy. i hope that on ""reeling in the years"" the minister's speech will be seen as a defining moment.
           i am from the constituency of east galway and know tuam very well. from listening to her speech, i believe the minister has a very good understanding of what the people in tuam feel. this is also the case with regard to other mother and baby homes, but today we are speaking specifically about tuam. the minister has visited on more than three occasions, if my memory is correct, and she has an understanding of what the people are looking for. she has acknowledged the hard work done by catherine corless for many years. in the minister's speech she recognised the various parties that need to come on board to help fill this out and see what is the right way forward. that is very welcome.
           there is no one clear-cut answer to this or no one clear-cut direction that will give everyone the right answer, but if we can back it with the facts and give people the correct resources required to make the right decisions, that is more than welcome. we as a party at all times have supported the way the minister has progressed the commission of investigation into mother and baby homes. we will continue to support her work in this regard. as an independent woman member in government, the minister has empathy and understanding, and this is very clear. as long as the minister keeps there, we will continue to support this particular commission.
           we believe the terms of reference need to be expanded and broadened. what the minister has committed to doing is a first step in expanding it and having an understanding of it. i was heartened to hear that the minister will bring in an international rapporteur to give best guidance. what happened is a blackness in irish society, which is very regrettable, but we must see how we can work through this fractured part of society and history. bringing in someone very independent and with such critical expertise is very welcome.
           a key point is access to records of the former mother and baby homes. i am glad to hear the minister has brought tusla on board and she will expand its capacity to support residents who have come forward. fianna fáil will support the adoption (information and tracing) bill 2016 coming before the dáil. i have met a number of former foster children who went through the mother and baby homes. access to records is a requirement about which they keep speaking to me. it is very important and we will support the minister in this regard. this is very positive and i welcome it. i appreciate the hard work the minister and the department have put into it. the people sitting in the visitors gallery will see a transcript of this afterwards and they have heard what the minister has said. the minister is right that communication is the key. the people who need to hear this first are the former residents of the mother and baby homes. they do not need to see it first on the front page of any of the newspapers. they need to be part of it. they know where they want to bring this, in co-operation with the department, and we will be very supportive. i thank the minister."
2017-06-01,dail,https://data.oireachtas.ie/akn/ie/debateRecord/dail/2017-06-01/debate/main,172,Deputy Fiona O'Loughlin,Deputy Fiona O'Loughlin,"deputy fiona o'loughlin
          as a state, we must continue to hang our head in shame when we think about and contemplate the injustices faced by the many survivors of mother and baby homes, particularly as they reach their later years. it is imperative that justice and recognition be delivered to them as soon as possible. there must also be justice in how those who have left us are remembered and recognised in an appropriate way.
           our history shows us the state delegated many of its responsibilities to religious orders through the years. i am grateful to many in the religious orders who did so much for all of us. i certainly had great support and help from the sisters of mercy in rathangan where i went to school. i have seen at first hand all the great help and support they have given the community. many mistakes were made and we as a nation must learn from this failure to protect, monitor and supervise. it is a costly lesson and one that can never be measured in its entirety as it is the suffering and abuse of our most vulnerable citizens that quantifies it.
           the state must now ensure any delegation to service providers is always of the highest standard and that those members of our society who are most vulnerable are not subject to abuse or mistreatment.
          fianna fáil welcomes the publication of the report as an important step towards the final report and an important milestone for survivors. we have always supported the commission as a means to bring justice to the victims of the homes and remain supportive of the commission process.
           i commend the minister for the steps she has outlined. i have no doubt that she will work constructively and closely with the groups in the coming months to ensure the work of the commission is focused on the survivors. we agree that the current terms of reference are too narrow and support their expansion. as deputy anne rabbitte said, our party will engage with survivors' groups to discuss the interim report and get their insights and feedback. that is vital. international best practice must dictate the way to find the best possible process for justice to be delivered to survivors. this process must always remain survivor focused and because of this, we welcome the minister’s decision to seek public consultation on further action and investigate the possibility of expanding the scope of the inquiry. this is a defining moment in our history and for our society. it is a defining moment in how we, as a country, respond. there is fractured trust between citizens and the state and, collectively, we must heal it. the minister will not find fianna fáil wanting in that regard."
2017-06-01,dail,https://data.oireachtas.ie/akn/ie/debateRecord/dail/2017-06-01/debate/main,173,Deputy Donnchadh Ó Laoghaire,Deputy Donnchadh Ó Laoghaire,"deputy donnchadh ó laoghaire
          i am sharing time with deputy louise o'reilly. 
           i thank the minister for agreeing to hold this debate which certainly is timely. it is important to reflect on the content of the interim report and the minister's contribution, in which there were a number of additional points for us to consider. i will return to it.
           some weeks before the report was issued, the house debated and voted on a sinn féin proposal to establish a truth commission which would have a much broader scope than the commission of investigation and examine the institutionalising of women and children in mother and baby homes and various related institutions. that proposal was defeated, although most members supported the principles behind a truth commission. the proposal and the view that the scope and structure of the commission of investigation were inadequate have been vindicated by the outcome of this report. i will also return to this point.
           this is international day for the protection of children in many countries. few will deny that ireland failed dreadfully to protect its children under the awful regime that was in place and victimised single mothers who were failed dreadfully by both the state and society. it is important to emphasise that both were responsible. there are those who will attempt to ignore the role of the state and those who will blame the state only, but both carry a portion of the guilt. people were deprived of a childhood, a family life and, in many instances, their children, an awful fate. i acknowledge the presence of survivors in the visitors gallery, as well as catherine corless who did excellent work. i also acknowledge all those who might be listening to the debate who were affected directly or whose family, relatives or loved ones were affected.
           with regard to what the second interim report stated and proposed, i stated at the time that there was no excuse for the delay between receipt of the report and its publication, which was excessive. much of what was contained in the report, to which the minister's contributions and its proposals are perhaps ancillary, was a great disappointment. many survivors to whom i spoke said the commission had made no findings to date regarding abuse or neglect. that was a source of pain and hurt for them. it is extraordinary to arrive at that outcome in the context of all that we have heard and the basis for the establishment of the commission of investigation. during the last debate we had on this subject i gave an account of what had happened at bessborough mother and baby home. for a period during the 1940s the primary cause of death in 20% of cases was marasmus or severe malnutrition. what can that be other than neglect? it is extraordinary. we have all heard countless stories of abuse. undoubtedly, the people in the visitors gallery would also be able to tell us stories. it is not my intention to seek to question judge murphy's bona fides, but it seems extraordinary to arrive at such a conclusion. it raises questions about the structure of the commission and how fit for purpose it is.
           the report also saw no grounds to expand the terms of reference of the commission of investigation. that is also quite extraordinary. i have spoken about this issue for some time. i have said it, as have survivors. i can also add the united nations. kitty holland, in a report in the irish times, wrote:
           in its ""concluding observations"" report - following examination of ireland last month - the un committee on the elimination of discrimination against women (cedaw) says ireland has, ""failed to establish an independent, thorough and effective investigation, in line with international standards, into all allegations of abuse, ill-treatment or neglect of women and children in the magdalene laundries in order to establish the role of the state and church in the perpetration of alleged violations"".
           the terms of reference for the commission of investigation into the homes, ""is narrow such that it does not cover all homes and analogous institutions [and] therefore may not address the whole spectrum of abuses perpetrated against women and girls"".
          that is consistent with the point i made during that debate. i welcome the minister's remarks about the scoping exercise. that is welcome and important and i look forward to engaging with her on it. where we should be focusing with regard to the terms of reference is on engaging with people on the basis of their experiences, not on a list of institutions. as that approach has failed, we must engage with people on the basis of their experiences to ensure all survivors and all those who had abuses perpetrated against them in the institutions can be included. that is a welcome step and i am glad that the minister has stepped beyond the restrictive position stated by the commission.
           one of the recommendations made by the commission was related to redress. while redress is far from the full picture, it is right and appropriate that it be considered. i was deeply disappointed when the minister and the government flatly rejected it. it was simply ruled out that the survivors could be included in the residential institutions redress scheme. that was wrong and it was a severe blow, particularly to the survivors who had been excluded from previous schemes such as those of bethany home, westbank and various other institutions.
           i note that the drawing of artificial distinctions between institutions is still being fought. this afternoon the high court has ruled that the refusal of the department of justice and equality to admit two residents from an grianán to the magdalen scheme was in breach of fair procedures. the government is still fighting women on their right to redress because of artificial distinctions. the women in question were in the industrial school located on the grounds of a laundry. they had worked in the laundry but were denied access to the redress scheme. that is wrong and i congratulate the two courageous women who took the case and their legal team. it is a significant decision which will have ongoing implications for the administration of the scheme and, perhaps, future schemes. i hope it will inform the government's policy and attitude.
           i will comment briefly on the current position. there are a number of things which are welcome, for which i commend the minister. they include the special rapporteur and the technical team under dr. mccullagh. that is important, but there is no reference to the garda which must be part of this process. it is a distinct possibility that the site in tuam was the scene of a crime and that should not be discounted. the garda should, therefore, be part of this process. in addition, the minister has given a commitment to have a model of transitional justice. the european union's policy framework for transitional justice, in a section entitled, providing recognition and redress to victims, states:
          transitional justice includes an acknowledgment that victims have been harmed. to recognise the suffering alone is however not sufficient. rather, it must be acknowledged that victims are holders of rights who are, inter alia, entitled to an effective remedy and adequate reparation. post-conflict or post-transition processes need to ensure that victims are not re-victimised or re-traumatised.
          does the minister believe the approach of the eu framework is correct and will she follow it? in that context, will she consider the question of redress?
           there are a number of other points i would like to make, but i am running out of time. my last point, which was touched on in regard to the communications process, was that the minister, at the time of publication, committed to meeting survivors and hearing their response, experience and views on how best to move this forward. in addition to engaging in this new process, she should meet a delegation. the next taoiseach, whoever that may be, should also take the opportunity to meet survivors. that would be valuable and welcome.
           i have outlined a number of criticisms i have regarding the report and some of the disappointments. there are aspects that are welcome but we have to go much further. expanding the terms of reference should be the absolute minimum. we must do much more to satisfy the desire for truth and justice among the survivors."
2017-06-01,dail,https://data.oireachtas.ie/akn/ie/debateRecord/dail/2017-06-01/debate/main,174,Deputy Louise O'Reilly,Deputy Louise O'Reilly,"deputy louise o'reilly
          i thank my colleague, teachta ó laoghaire, for sharing his time. 
           i wish to ask the minister about st. clare's mother and baby home in stamullen. it was excluded from the investigation. a man who came to my clinic in balbriggan two or three weeks ago is still traumatised and has still not recovered. he was born in st. clare's. it was the site of vaccine trials. there should be no hiding place. every mother and baby home should be investigated. for far too long, we have hidden our dirty little secrets. we cannot continue to do that. the man was almost broken. the refusal by the state to acknowledge what happened to him and help him in any way is not acceptable. when the minister meets the delegation, as she has indicated she will, i urge her to meet also people who have been excluded. she should try to bring them into the process. we have failed them to date. the government has failed them to date, and the department is failing them. we need to bring those people into the process. the children in st. clare's in stamullen were the subject of vaccination trials. that is not acceptable. that is awful. if it were any of our children, nieces or nephews, we would want some process to deal with it. i urge the minister to meet the people and hear their story at first hand."
2017-06-01,dail,https://data.oireachtas.ie/akn/ie/debateRecord/dail/2017-06-01/debate/main,175,Deputy Jan O'Sullivan,Deputy Jan O'Sullivan,"deputy jan o'sullivan
          this is the third time in fairly recent times that we have had an opportunity to debate this issue. it is welcome that we are moving forward and that progress is being made. i welcome the minister's speech today and the number of measures she has told us she is taking.
           i, too, pay tribute to catherine corless and others in the visitors gallery who have been directly involved. it is particularly welcome that the minister has said she has been to tuam on a number of occasions and has met many of those who were born there or were former residents. the last time i spoke on this, i felt there was a need for that direct discussion to take place. the minister had referred to the expertise of historians, etc., but talking to the people most directly involved was the most important thing to do in determining what the next step should be. i welcome that.
           it is also welcome that there is a forensic archaeologist - i believe her name is ms mccullagh - working specifically on the site in tuam. from the information we have, we know the commission found that human remains were visible in 17 of the 20 chambers and that they dated from a period that coincided with when the home was in operation, between 1925 and 1961. we know a certain amount of information but we obviously do not know all the details on what exactly happened in tuam.
           the minister said the initial report, on the analysis of the site, would be issued at the end of june and that the full report would be available in the autumn. i certainly hope she will share with us the information when it becomes available.
           the question of what should happen next has to be discussed with those who are directly affected. obviously, it is a matter for historians, archivists, etc., but it must primarily be about the feelings of those whose lives were touched, or perhaps destroyed, as a result of what happened in tuam and other places. i support what deputy louise o'reilly just said about expanding the scope. i acknowledge that the minister is going to carry out a scoping exercise on broadening the terms of reference but i understand that, when the interim report was published, the intention was not to broaden the scope to cover other institutions. we have all heard from people who were in institutions that are not on the particular lists. i hope the question of extending the scope to include other institutions will remain open. i acknowledge that, within the terms of reference, there is a possibility for follow-through where an individual was transferred to a mother and baby home or went somewhere else after coming out of a mother and baby home. i would prefer to see a more comprehensive investigation. as the minister said very eloquently at the start, we want to ensure that what we do regarding the awful, shameful occurrences in the past will be a turning point. if we leave some matters out, there will have been an omission in that regard. i ask that this be taken into account.
           with regard to what happened to babies, vaccine trials, the sending of children to america and illegal adoptions, on which matters the minister touched, all these areas need to be examined. on the last occasion, i talked about the grey walls that surrounded the institutions so people outside did not have to concern themselves with what was inside. society washed its hands and put young mothers or young pregnant women into the hands of what were very harsh and destructive institutions. as deputy donnchadh ó laoghaire just said, children died of malnutrition. children were clearly not treated properly in the way children outside the walls of the institutions were treated. we have to ensure that we examine everything and that all the details are in the public arena so we can deal with them and build for the future without having dark secrets that have not been revealed.
           i recently read a report by somebody who was doing some excavation on sites in other parts of the country. they uncovered underground pathways with little air grills at the top. they were actually so the pregnant women could go from one part of the site to another without being seen by others. this is because they were considered to be lesser human beings and unclean in some way. we had the churching of women until relatively recently. this was about making women pure again after having babies. this is the kind of historic background we are talking about. we are talking about an attitude and culture in which the women and their babies were treated as being beyond humanity. we do need to uncover everything that needs to be uncovered in this whole area. only by doing so will we build a positive future.
           let me touch on a couple of other areas. with regard to access to information, the minister said tusla has been brought on board. some of the women who are campaigning have sought the full disclosure of documents. there may well be criminal proceedings in court. those concerned need access to all the data, including from the hse and tusla, and also the commission. there is a sense that full disclosure of all documents may be difficult. i ask that the minister facilitate that in every way. it is quite possible that there will be criminal cases after this.
           the minister has said dr. james gallen from the school of law and government in dublin city university is assisting her with regard to a possible model of transitional justice. i particularly welcome the fact that she is asking her government colleagues to support her in inviting to ireland the un special rapporteur on the promotion of truth, justice, reparation and guarantees of non-recurrence, dr. pablo de greiff. the guarantee of non-recurrence is an important element in the gentleman's title.
          apparently, he has a great deal of experience in other countries on these issues.
           as the minister said at the start, we need to get this right. that is one of the reasons we are having a third debate in this chamber as representatives of the people. it is important that we are having this ongoing interaction, because clearly some of the points that were made by some of us in the chamber have been taken on board by the minister. the minister has directly engaged with the people who are most important in all of this and has obviously been to tuam. again, there are other places besides tuam that also need to be inclusively involved in all of this process. i believe we are all generally agreed on what we need to do. there will certainly be no division in terms of the approach to this issue. we have had debates before on the commission to inquire into child abuse and others such as on the magdalen laundries. this is yet another chapter in our relatively recent past that is now being uncovered. we have to uncover it all in order that we can build firm foundations for the children of the future."
2017-06-01,dail,https://data.oireachtas.ie/akn/ie/debateRecord/dail/2017-06-01/debate/main,176,Deputy Ruth Coppinger,Deputy Ruth Coppinger,"deputy ruth coppinger
          i welcome to the visitors gallery people who are directly affected by this ongoing scandal of the so-called mother and baby homes. it is a term that we should start changing, because they were not homes and they were not centred around the mother and the baby. we really need to change the whole language around this issue. everything about the way the state handles this issue is to avoid, suppress and cover up. it is not just in the past. we all know that for 90 years, the independent state outsourced to the catholic church massive power to control women, education and health. that was even the case in the recent past. the 2009 ryan report, which led to the setting up of the caranua scheme, set aside very little money and gave the church a massive out, as we know, much of which still has not been paid. that scheme is really like treating the victims as if they have been given a gift. they have to come with receipts and justify what they get. when i spoke during the last debate, i made the point that if somebody gets compensation for maltreatment or abuse, what the person does with it is completely up to him or her. if he or she wants to go to las vegas and spend it all on one night, that is entirely his or her business and nobody else's. compare that to this idea of having to justify every couple of thousand euro that one gets.
           i also want to deal with 2012, because that was only five years ago. it is a very recent period. it was when the mcaleese inquiry into the magdalen laundries was informed about disturbing death rates of more than 50% to 55%. we read in the irish examiner even in the last few days that professor jim smith wrote to the chairman of that inquiry about these very allegations in tuam before they had come to headline attention in the international media. he reported what he discovered relating to a 1948 government survey that recorded the number of ""illegitimate"" children who were born and died in mother and baby homes and county homes in 1948. basically, the number of deaths was more than half the number of births. that is an absolutely shocking statistic. that information never appeared in the final mcaleese report. questions need to be asked. the mcaleese inquiry no longer exists, but the people who conducted it and mr. mcaleese should answer a few questions about it.
           to bring us up to where we are today, the minister has announced an expansion in the terms of reference, an appointment of an osteoarcheologist and a transitional justice scheme for the survivors. those are all welcome, but we need a full truth commission, a full examination and a criminal investigation of this and other sites. these should be crime scenes at this stage with forensic investigation. why is it just an international expert who visits? the documents should be seized in the interests of an investigation. of course, we need full compensation and redress. the minister apparently said recently that is not on the cards right now. there is a massive impact on people's lives because of what has been done to them and the nature of it is that survivors tend to come forward much later in life.
           we also need a separation of church and state. this has marked a sea change in attitudes in this country. the state has been implicit in the entire regime with the church, yet still the politicians are beholden to the institutionalised catholic church and some of its orders, as we have seen with the national maternity hospital fiasco, which was backtracked due to a people-powered campaign.
           i heard one of the previous deputies thanking the nuns that she went to school with, which is fine. i just want to correct one myth. the catholic church did not step in to provide education and health because the state was not interested. it opposed at every hand's turn in the past 100 years the setting up of a national school system and state services. if deputies want me to start documenting it, of course i do not have time, but the mother and baby scheme is a classic example. the church was never interested in that. it was interested in keeping denominational and sectarian education. we can lay that myth to rest.
           we need much more than what the minister has announced today and hopefully we will hear much more very soon."
2017-06-01,dail,https://data.oireachtas.ie/akn/ie/debateRecord/dail/2017-06-01/debate/main,177,Deputy Bríd Smith,Deputy Bríd Smith,"deputy bríd smith
          to back up what has been said already, i believe the investigation and the widening of the terms of reference have to take more of a turn of an investigation of criminal proportions. i previously read into the dáil record and will read again what i believe illustrates in horrible terms the attitude of the church of the day to the mother and baby homes and to small children who were born out of wedlock and were considered, literally, bastards and illegitimate at the time. thanks be to god, or not even to god but to the world around us, that we have moved on. i want to read this. it is from a journalist called donal o'keeffe. he wrote about john desmond dolan, born in 1946 and who died at the age of three months. his death cert read in the cruel language of the day that the child was ""a congenital idiot"". he was described on his death cert as being ""a miserable, emaciated child with voracious appetite and no control over bodily functions, probably mentally defective"". he was three months old.
           the un commission on the status of women stated ireland ""has failed to establish an independent, thorough and effective investigation, in line with international standards, into all allegations of abuse, ill-treatment or neglect of women and children in the magdalene laundries"". the committee urged the state ""to conduct prompt, independent and thorough investigations, in line with international human rights standards, into all allegations of abuse in magdalene laundries, children’s institutions, mother and baby homes, and symphysiotomy in order to prosecute and punish the perpetrators of those involved in violations of women’s rights"". we many not find many people still alive to prosecute, but it is the case that this should be conducted as a criminal trial. the commission also stated ""all victims/survivors of abuse should obtain an effective remedy including appropriate compensation, official apologies, restitution, satisfaction and rehabilitative services"".
           i know some of the women in the visitors gallery and they are very welcome. i am delighted to see them here. one of them recently told me that she is thinking of issuing the minister an invoice for what she is owed for what she has suffered and for the losses she has suffered during her life. that invoice should be handed directly to the catholic church, which is a very wealthy organisation and has failed to pay its share of retribution for all of its crimes inflicted on children, boys, women and babies in this country.
           some 35,000 women and girls went through the mother and baby homes between 1904 and 1996. at least 6,000 babies died. the infant mortality rate at tuam was five times that among the rest of the population. the infant mortality rate in all of the mother and baby homes was higher in the 1920s, 1930s and 1940s than it was in the slums of our cities and towns.
          that says it all. it was best described by fintan o'toole when he called it the ""the moral-industrial complex – the vast archipelago of industrial schools, magdalene laundries, mother and baby homes and mental hospitals"". as the minister is aware, the history of this is not just academic or historical because the church has fought tooth and nail and crozier to block any attempt by us to take control of the provision of health and education and continues to do so to this day. i caution this house that we probably need to set aside a discussion of the developments in st. vincent's university hospital because i do not think all is as healthy and clean as it appears.
           my main point is to emphasise that although things are changing for the better in this country, it is time we began in a serious way the process of the separation of church and state. if there is to be a memorial to the suffering of the thousands, at this stage probably hundreds of thousands, of survivors and victims of the legacy of the church and its role in this country, it should be the beginning of the separation of church and state and putting the church into the dustbin of history where it belongs but to do so by giving back dignity and financial and other supports, including rehabilitative and moral supports, to those people. i am delighted that the minister will meet them and take their testimonies. this should happen in a timely fashion and should not be dragged out for many years because time moves on and people pass away. it is very important that all of them have their day and have some sense of justice in this country."
2017-06-01,dail,https://data.oireachtas.ie/akn/ie/debateRecord/dail/2017-06-01/debate/main,178,Deputy Catherine Connolly,Deputy Catherine Connolly,"deputy catherine connolly
          the minister will forgive me if i leave out praise as i have just three minutes and will use them appropriately. it is welcome that an expert team will be appointed, that a specific timeframe has been given and that terms of reference will be published today. i welcome the monthly reports and the scoping exercise but i am extremely disappointed that we still have no timeframe for it. the minister received this report from the commission in september 2016. it is now may 2017. it is welcome that the minister is dealing with the tuam site.
           i am very concerned about the distinction the minister is drawing between children who were in the homes with their mothers and those who were in the homes without their mothers. i believe she is misinterpreting either deliberately or unintentionally the report that was produced by the commission. on page three of her speech today, the minister said that she is going to set up consultations with those who were resident as children without their mothers. this is a shocking distinction. perhaps i am misreading it and perhaps the minister can explain it. i believe the minister has taken this inappropriately from the mother and baby homes commission of investigation. i believe the motivation for the commission's interim report was to draw attention to the way this government and previous governments have dealt with the mother and baby homes and left them outside the redress scheme most unjustly. the commission made the point that children without mothers had a particular grievance. it did not state babies who were in the homes with their mothers should not be included. the minister is drawing a false distinction and she should go back and read the commission's report. 
           the commission also stated the exclusion of the mother and baby homes from the redress board merited serious consideration by the government. i believe the government has simply dismissed that out of hand, which is appalling. in respect of the finding of no abuse, i do not believe that this interim report found that there was no abuse. the commission stated this was an interim report; therefore, reading the report in its generality, what the commission is stating is that it was carrying out an interim report to highlight the way the government was treating the mother and baby homes unjustly. 
           in respect of the minister's remark that too many decisions were taken in the dark, they were not actually taken in the dark. i speak as somebody with experience on both a personal level from an extended family and a professional level. none of these decisions was taken in the dark. they were taken in the open. that is the irony of this. they were taken openly not just by the nuns but also by the courts, solicitors, judges and gardaí. many middle-class homes in ireland benefitted from the mother and baby homes and the magdalen laundries.
           i welcome the minister's speech today and the fact that she went to tuam. however, it has come about not because of her initiative or that of the government. i do not wish to personalise it. it has come about because of the sacrifice and effort made by the survivors and survivors' groups who are in the visitors gallery and who i welcome. they have forced this situation on to the agenda and have forced us to use our voices in this chamber to get the government to respond and to hold it to account. that is why we are here discussing this matter."
2017-06-01,dail,https://data.oireachtas.ie/akn/ie/debateRecord/dail/2017-06-01/debate/main,180,Deputy Maureen O'Sullivan,Deputy Maureen O'Sullivan,"deputy maureen o'sullivan
          we have had so many inquiries, reports, debates, statements, investigations and commissions over a number of years and a number of governments that one would think we would get it right at this stage when it comes to addressing the issues for those who had to reside in the institutions, regardless of whether they were laundries, industrial schools or mother and baby homes. when one listens to the men and women who had to live there, what is obvious is their pain and incomprehension that other human beings could do this to them and the way in which they could be treated leaving them without dignity and self-esteem and in the case of some of them, leaving them without their name and real identity. this was inflicted on very vulnerable people - children or mothers who had just given birth. i also refer to those of mixed race and the extra difficulties they had to face relating to racial abuse.
           i do not know how so many survived, but i have met survivors. they have been so strong, resilient, articulate, feisty and determined to get justice. there are varying interpretations of justice for different groups and individuals. they can involve redress, voices being heard, public awareness, apology or punishment. some have spoken about a national reconciliation process involving all parties. i acknowledge those i have met who just want to be left alone in their silence and pain. i will quote from one of my friends from the mixed race group who said, in an article he published recently, that ""presently, there seems to be a deep frustration with institutional ireland who simply do not know how to deal with survivors and the trauma and legacy of institutional abuse and neglect"".
          he welcomes the transitional justice idea because he believes it means more than just giving victims a voice. it is not only about seeking truth and justice for the human rights abuses perpetrated but also about accountability, healing and reconciliation. i know that there are varying views and that there are objections to this, but he cites the canadian commission and the recommendations it made regarding the aboriginal people in canada whose identity was being erased. he makes other suggestions, including the establishment of an irish museum of human rights that would reflect the stories of all those who lived in the institutions and also the work of the advocates and the campaigners, including ms catherine corless and justice for the magdalenes. it would also tell the stories of other human rights struggles, perhaps for travellers and lgbt people, as well as those with mental health issues and disabilities. it would also tell us about the role of those who ran the institutions and the state's involvement. it could also be a research centre and a learning centre, but it would always be sensitive.
           there are many positives in what the minister has said today. she mentioned a team of experts that could do its work without interference, the provision of regular updates, facilitating consultation and the possibility of expanding it work. she made reference to services and supports that would be of practical value. they need special care. we know from some of the people using the caranua system that they have experienced grave difficulties which we had an opportunity recently to outline. i did so for people living in england. however, at the end of the day, it is not my opinion or what we think about the report but what the survivors think that matters. we have been talking about institutional abuse in the past, but this week we heard stories of abuse in the present, of children being abused in their own homes, being let down by their parents, communities, the state and social services. this is happening in ireland where there is much generosity and concern shown by individuals and communities. i am always struck by a line from yeats' poem. maud gonne told him a story. she said: ""that changed some childish day to tragedy"". no child's day should be changed to tragedy. 
           i also acknowledge the women in an grianán who have fought to have their voice heard. that has happened today."
2017-06-01,dail,https://data.oireachtas.ie/akn/ie/debateRecord/dail/2017-06-01/debate/main,182,Deputy Catherine Murphy,Deputy Catherine Murphy,"deputy catherine murphy
          on the previous occasion we debated this mother and baby home it was with a specific focus on what one can describe as nothing more than the atrocities that had occurred in tuam. at the time, the taoiseach spoke about the culpability of the state and society, but i reiterate what i said that day that the state is not some anonymous set of officials. the reality is that in those mother and baby homes the state permitted the outsourcing of its responsibility - a constant theme in the failings of the state. the prevailing attitude towards the women and children who were consigned to these institutions was perpetrated by every arm of the state - the garda, the medical profession, the political system - thus allowing this particular religious order to impose a very cruel regime.
           there has been some talk about abuse or neglect. i visited the site a month or six weeks ago and saw the list of those where there were death certificates. i looked at the very young ages of the children who had died. given the sheer numbers of them, it is difficult to conclude that it was anything other than cruelty and neglect at work there.
           the legacy of these acts are current for some generations and they are at best one generation removed. the relatives of these women and children are still alive. in 1995, as i stated on the previous occasion, children playing on the site discovered human remains but it was not the gardaí who were called; it was a priest. he was called to bless the site. it seemed that everybody went about their business afterwards. the state, at that point, turned a blind eye. i simply do not understand it.
           when there were human remains unearthed in the context of road works in celbridge in the vicinity of the famine graveyard there, the gardaí were called. it was identified that they were historical remains. these were brought to collins barrack. a year later, a respectful interment took place on the same general site. we knew the age of the deceased and what they died from. even for such historic remains, that information could be discovered. i cannot understand why similar forensic work has not been undertaken on the remains discovered on this site. in 2014, when ms catherine corless's work disclosed the extent of the problem, international attention was paid to it, and not unremarkably so. i asked on that day - i suppose it was an instinctive emotional feeling - why was this not declared a crime scene. i just could not understand why it was not declared a crime scene and why there would not be a garda involvement, even in what is being proposed. i would have thought it was self-evident that such would be required.
           it strikes me that one legacy issue with which we are familiar in relation to northern ireland is the disappeared. we all feel a sense of relief when another set of remains are found. for many, the disappeared were in tuam and we have to give it the same kind of attention. we have to consider it in the same terms because they, equally, require closure. i think of how mr. peter mulryan has been trying to find out about his sister and he realises that for him there is a time limit on this. i am concerned that we will do something that will be very protracted. where there is understandable anxiety for people at what will happen in the site, that anxiety is heightened for many by virtue of the fact that there is nothing happening on the site now.
           i cannot understand why we would not invite people to say what they know at this stage - it probably will happen in the context of this process - because in this country, whether one is religious or not, there is great respect for the ceremony when somebody dies. we see it as something that one must be respectful of. i am trying to figure out in my head what kind of ceremony or absence of a ceremony would have taken place for a three year old, a four year old or a six month old. what happened when they died? what happened immediately after that? how did they get to where they were found, i suppose, discarded more than buried? there were people who knew. they had to know. there is an obligation on people to come forward if they know anything.
           the point that has been made on improved communication is critical. the people can be called a lot of things, for instance, stakeholders, but actually they are family. in the main, we need to call them family. we need to treat them as one would treat those who have a member of their family missing. i am pleased to see that communication piece in this. it is critically important that people are treated with that humanity and respect.
           speed is important. it needs to be done right, but something that is very lengthy will add to the stress. i accept there is probably a range of different views, but doing nothing or promising something will happen in the future will add to the torture that people are feeling."
2017-06-01,dail,https://data.oireachtas.ie/akn/ie/debateRecord/dail/2017-06-01/debate/main,183,Minister for Children and Youth Affairs (Deputy Katherine Zappone),Minister for Children and Youth Affairs (Deputy Katherine Zappone),"minister for children and youth affairs (deputy katherine zappone)
          i thank all of the deputies for their comments, reflections and questions. as deputy o'sullivan and others indicated, we have discussed this issue many times in this chamber. it is really important for me to listen to the issues that deputies raise as we all try to identify the best way and what kinds of actions we need to do in order to move forward when we think about and try to uncover the meaning of the past. i am grateful for that. i will address some of the common themes that i have heard. if i do not answer all of the questions posed, i will be happy to do that in another forum.
           one of the main themes coming through, on which we are all agreed, is that the people who have been most impacted by the issues that we are debating and discussing ought to be at the centre of everything that we do. that is why i am so grateful that so many of them have come to be with us today. i was struck by deputy catherine murphy's comments about how we name the people who are at the centre. i know that lots of different language has been used, including victims, survivors, family, advocates of family and so forth. i hope that as we move forward - and that is what i have tried to indicate in terms of the actions that i have identified that we will be doing on the basis of a lot of work in the past few months to take these actions - that there will be more and more engagement with survivors and family in order that what it is that we decide to do as we move forward to the best of our ability will be as a result of bringing together as best we can a consensus in relation to whatever the issues are. 
           in terms of tuam, the decision that we are taking as a government to move forward, particularly in relation to the site, is a very big one. it is important to get technical advice on what it is that they are going to do. i met ms mccullagh before coming into the chamber. she explained that this type of technical work has not been done anywhere else in the world. she described to me a lot of the technical, scientific and engineering complexities that are going to be engaged in this regard. that is why it was important to pull together a number of international experts in order to try to get as much information as we can in order to offer the information that comes in the most understandable language for all of us, so that we know what it is that these scientists are suggesting to us in terms of what is possible. ms mccullagh spoke about what is possible from the least intrusive option, which is to do nothing and indeed there are some people who want that, to the most intrusive option, namely a fuller excavation and exhumation, with attempts to identify the remains. we need to know what is actually involved in that in order to understand what is possible. i asked for that initial report outlining some of the basics of those options by the end of june, which is pretty quick given the context, in order that we can have an outline of the options which can feed into the consultations that will go on in relation to the process in tuam with the people and particularly the families and survivors, as well as the residents. galway county council will also be involved. that is relatively quick but it is important that the information is part of it as we move forward. i hope that even that kind of process is finally more respectful of dealing with the people who are at the centre of this.
           many deputies spoke about the fact that i would like to invite the un special rapporteur on transitional justice, reparation and truth to visit. i have indicated explicitly that i am going to ask my cabinet colleagues to support that invitation. we have not yet issued the invitation but i am heartened to hear that deputies agree that we should do so. i believe international expertise could be extremely helpful to us in terms of the wider responses to issues raised by the mother and baby homes and the commission of investigation itself. dr. de greiff, prior to becoming special rapporteur was director of research at the international center for transitional justice. he has extensive experience on these issues in lots of countries. i believe such a visit would reflect the commitment of this government to our people, both at home and abroad and will demonstrate that we are willing to work with the united nations on our own territory in relation to issues of potential human rights abuses and also the ways in which we can respond to this. we do have some transitional justice measures already in place but more may be required in terms of moving forward, particularly in relation to a truth commission, which we debated in the context of a very helpful motion put forward by deputy donnchadh ó laoghaire previously. it is my personal wish that we could have something like that established. it would be very helpful for us to have some expertise to draw on in terms of the best possible way to do that, given the fact that we have a commission of investigation that is still ongoing. i hope that if we invite dr. de greiff he will help us to look at how we can move forward in relation to responding. while we are not exactly at the beginning, when the commission of investigation reports in february of 2018 that will be a big milestone. however, it is still perhaps an earlier period and there may be many more things that we need to do in order to truly respond to the issues that are being raised.
           many deputies identified the issue of redress in the context of the second interim report. let me be clear that what the commission was recommending was the opening up of the residential institutions redress scheme to children who were resident in the main mother and baby homes without their mothers, that is, to unaccompanied children. that is the language that was used. it was said that those children should have had access to the redress scheme, using the same logic as for other institutions that were included in that. as i have said before, i personally agreed with that analysis. however, i ultimately decided, with my cabinet colleagues, that the redress scheme was not the best option for those unaccompanied children or children who were without their mothers in mother and baby homes and county homes. i outlined the reasons for that decision earlier. according to the residential institutions redress scheme, they would have to demonstrate a certain level of abuse and they would have to have been much younger - between the ages of zero and three years. furthermore, there has not been any definite declaration by the commission of investigation of findings of abuse. that is not to say the commission will not do that. what i want to stress is that i was not at all ruling out redress. the commission of investigation will submit its report in february 2018. it may recommend redress in that report but equally, it may not. it is at that stage that we look at that issue more fully and learn from the ways in which the state has offered or attempted to offer redress in the past in various schemes. that is why, having said ""no"" for that particular group, we asked what we could do and whether there was a way to offer any other form of support, including health and well being support. we are beginning a consultation process with former residents to try to identify the most helpful forms of health and well-being supports.
          i heard also that it would be useful to open that to a wider group of people. we will be taking a look at that. deputy clare daly asked about the timeframe in that regard. we are beginning on 30 june. i hope to bring proposals to the cabinet in the fall. we have not set an exact timeframe yet because we are not certain how many people want to be consulted. where that is the case, we want to be as inclusive as possible.
           as i think i am out of time, i cannot address all the other issues that have been raised. i have tried to identify a number of actions to move forward with the government's ongoing response to the mother and baby homes issue. i will say in conclusion that i believe issues relating to the separation of church and state are critical. i acknowledge the great deal of work that has been done by deputy bríd smith and her colleagues in that regard. we do not necessarily need to put down the church as we attempt to separate it from the state. however, this separation is necessary. i hope that will be part of this process as we move forward with it."
2017-05-30,dail,https://data.oireachtas.ie/akn/ie/debateRecord/dail/2017-05-30/debate/main,39,Minister of State at the Department of the Taoiseach (Deputy Regina Doherty),Minister of State at the Department of the Taoiseach (Deputy Regina Doherty),"minister of state at the department of the taoiseach (deputy regina doherty)
          tuesday’s business shall be no. 3, motion re amendment of takeback date for motions re legal acts in the justice area and insolvency proceedings; no. 4, revised estimates (back from committee); no. 11, inland fisheries (amendment) bill 2017 - order for report, report and final stages; and no. 12, financial services and pensions ombudsman bill 2017 - second stage (resumed). private members' business shall be no. 107, motion re hospital waiting lists, selected by fianna fáil.
           wednesday’s business shall be no. 13, petroleum and other minerals development (prohibition of onshore hydraulic fracturing) bill 2016 (changed from prohibition of the exploration and extraction of onshore petroleum bill 2016) - report and final stages (resumed); no. 1, heritage bill 2016 [seanad] - second stage; no. 4a, motion re amendment of terms of reference of the special committee on the eighth amendment of the constitution; no. 14, companies (amendment) bill 2017 [seanad] - order for report, report and final stages; no. 15, competition (amendment) bill 2016 [seanad] - report and final stages; no. 11, inland fisheries (amendment) bill 2017 - report stage (resumed if not previously concluded); no. 16, asian infrastructure investment bank bill 2017 - second stage (resumed); and no. 12, financial services and pensions ombudsman bill - second stage (resumed). private members' business shall be no. 108, motion re fair deal scheme, selected by the rural independent group.
           thursday’s business shall be no. 6, motion re legal acts in the justice area (back from committee); no. 5, motion re insolvency proceedings (back from committee); no. 17, statements re mother and baby homes; no. 12, financial services and pensions ombudsman bill 2017 - second stage (resumed if not previously concluded); and no. 1, heritage bill 2016 [seanad] - second stage (resumed if not previously concluded). no. 7, report on the recognition of traveller ethnicity from the joint committee on justice and equality, will be debated in the evening slot.
          i refer members to the first revised report of the business committee dated 25 may 2017.
           in relation to tuesday’s business, it is proposed that the motion re amendment of takeback dates for motions re legal acts in the justice area and insolvency proceedings shall be taken without debate and any division demanded thereon shall be taken immediately. the revised estimates (back from committee) shall be taken without debate and shall be moved together and decided by one question.
           in relation to wednesday’s business, it is proposed that the dáil shall sit at 10 a.m. to take the petroleum and other minerals development (prohibition of onshore hydraulic fracturing) bill 2016 - report and final stages (resumed) and the heritage bill 2016 [seanad] - second stage (resumed) and if the proceedings on the bills conclude before 12 noon, the dáil shall suspend until 12 noon; the motion re amendment of terms of reference of the special committee on the eighth amendment of the constitution shall be taken without debate; and the competition (amendment) bill 2016 [seanad] - report and final stages shall be taken in government time.
           in relation to thursday’s business, it is proposed that the motion re legal acts in the justice area and insolvency proceedings shall be taken without debate; the statements re mother and baby homes shall adjourn at 3.30 p.m., if not previously concluded, and statements of a minister or minister of state and the main spokespersons for parties or groups, or a member nominated in their stead, shall not exceed ten minutes each, and all other members have ten minutes each, there shall be a ten minute response from a minister or minister of state, and all members may share time; and the dáil on its rising shall adjourn until 2 p.m. on tuesday, 13 june 2017."
2017-05-24,dail,https://data.oireachtas.ie/akn/ie/debateRecord/dail/2017-05-24/debate/main,344,Deputy Kathleen Funchion,Deputy Kathleen Funchion,"deputy kathleen funchion
          i commend deputy connolly and her colleagues in independents 4 change on bringing this motion to the house. this is an important issue of concern to many of us. as stated by deputy nolan, sinn féin supports the call for measures to include an immediate review of the operations of caranua and for negotiations between the department and the opw on an appropriate solution that will not incur a cost to the survivors' fund, the latter being absolutely crucial. it is important to emphasise that caranua is an organisation set up to serve and address the needs of those affected by atrocious crimes and abuses in this state. it exists to provide a service and to administer state funds and there should be no confusion about that.
           during my time as a councillor prior to my election to this house and during my time since as a deputy, i have often questioned the role of caranua. my experience with the organisation on behalf of constituents has been extremely negative. frequently the response from the organisation is that survivors are not eligible for this or that. regardless of what a person is applying for he or she seems to fall outside the criteria. no appeals process is evident and it is not possible to meet with anyone to discuss an issue. only last week, in response to representations on behalf of a constituent, i received a lengthy form to be completed by the constituent to confirm it was okay for me to deal with the matter on behalf of that constituent, with no consideration having been given to whether the person concerned had a difficulty with reading and writing. i am delighted that deputy connolly has brought forward this motion. it is time we started discussing this issue. 
           given the manner in which people are being treated by the system, it is not appropriate to refer to it as part of a healing process. the overall attitude of caranua needs to change dramatically. the tone and language used by the ceo in the past epitomises the ethos of the organisation. the message that comes across is one of ""get over it and move on"", which, unfortunately, is the way we deal with everything in this country. how many times have we debated mother and baby homes, the magdalen laundries and so on in this house, all of us using words such as ""terrible"" and ""horrible"" in that regard yet we are allowing similar things to happen. this is happening under our watch. we need to ensure change is brought about. this can be done if deputies support this motion tonight.
           i fear that caranua to date has become a self-regulating system with little accountability. unless the recommendations in this motion are acted on, the overall reputation and operations of caranua will remain questionable. i urge all deputies to support this motion."
2017-05-24,dail,https://data.oireachtas.ie/akn/ie/debateRecord/dail/2017-05-24/debate/main,345,Deputy Donnchadh Ó Laoghaire,Deputy Donnchadh Ó Laoghaire,"deputy donnchadh ó laoghaire
          caranua was established to manage €110 million pledged by religious congregations to support survivors for the remainder of their lives. it has emerged in recent days that there are a few discrepancies in how this money has been spent, with funding allocated to provide services to survivors having been spent on rent of a premises by caranua. it is my understanding that the committee of public accounts received a letter stating that caranua had paid €50,000 to the opw in the past year towards rent for office space and that it owes a further €56,000 in that regard. despite this, there have been claims that caranua has spent nothing in the past year on rent for office space. this has created some confusion. i understand from reports that the ceo wrote to the committee of public accounts on monday of this week asking that the record of the committee of public accounts meeting of 13 april last be corrected. the ceo stated in that letter that she had stated caranua had rent-free accommodation from 2013 to may of this year. she noted this should have been stated as may of last year and was a mistake in her delivery of the information. members will make of that what they will but the committee of public accounts was presented with false information.
           the ceo has clarified the conflicting remarks and has confirmed that caranua has paid €50,000 to date and arrears of €56,000 are outstanding to the opw. we need clarity on this issue. will the minister provide clarity on what was and was not paid from 2013 onwards, as this is central to the wider debate on why rent payments are made from the fund allocated to supporting survivors? does the minister believe that he and his department have been sufficiently robust in the oversight of the organisation or have they been asleep at the wheel? why is caranua paying rent to the opw? it is wrong that the departments are unable to work out a deal given the enormous estate they own in terms of properties. the fund is specifically for survivors. it is important to point out that caranua is no ordinary public body. many public bodies provide essential services that are funded from resources provided to them by the state. the fund about which we are speaking is intended for survivors and the manner in which it is being spent is wrong. 
           i note the amendment presented by the minister contains a commitment to carry out a review of the eligibility criteria. we need a timeline in that regard and clarity on whether further survivors are to be included. i share many of the reservations and concerns expressed. i have heard many stories from constituents on their frustration at the service they have received from caranua, the arbitrary cap being a significant issue. in common with the mother and baby home inquiry, there is a lack of opportunity for people to have their voices heard by caranua. it is wrong that survivors are being forced to deal with paper-only bureaucracy and that they do not have the opportunity to discuss their cases and needs."
2017-05-17,seanad,https://data.oireachtas.ie/akn/ie/debateRecord/seanad/2017-05-17/debate/main,26,Senator Jerry Buttimer,Senator Jerry Buttimer,"senator jerry buttimer
          the order of business is no. 1, adoption (information and tracing) bill 2016 - order for second stage and second stage, to be taken at 12.45 p.m. and adjourned not later than 2.15 p.m., with the contributions of group spokespersons not to exceed eight minutes and those of all other senators not to exceed five minutes; no. 2, statements on the second interim report of the commission on mother and baby homes, to be taken at 2.30 p.m. and adjourned not later than 4.15 p.m., with the contributions of group spokespersons not to exceed eight minutes, those of all other senators not to exceed five minutes, and the minister to be given eight minutes to reply to the debate; no. 3, medical practitioners (amendment) bill 2014 [seanad bill amended by the dáil] - report and final stages, to be taken at 4.15 p.m.; no. 4, statements on childhood obesity, to be taken on the conclusion of no. 3 and to conclude not later than 6 p.m., with the contributions of group spokespersons not to exceed eight minutes, those of all other senators not to exceed five minutes, and the minister to be given eight minutes to reply to the debate; and no. 5, autism spectrum disorder bill 2017 - second stage, to be taken at 6 p.m., with the time allocated to the debate not to exceed two hours."
2017-05-17,seanad,https://data.oireachtas.ie/akn/ie/debateRecord/seanad/2017-05-17/debate/main,148,Senator Fintan Warfield,Senator Fintan Warfield,"senator fintan warfield
          i will be brief in an attempt to make space for others. i thank the minister for joining us in the house. information and tracing for our adoption services have been long sought by natural mothers who have been wronged and by adopted people who are seeking truth and justice. i commend the minister's movement on the issue. it is made even more poignant after the revelations in march of the tuam mother and baby home. i am sure there are many women across the state who hope that the baby taken from them back then was adopted and did not meet a horrific and unjustifiable end in tuam. it is through the bravery of people such as catherine corless that those women received answers. it is, however, worth noting that the women whose children were sent overseas to the likes of britain and the us cannot retrieve information through the proposed legislation.
           information and tracing are sorely needed not only to provide justice to those who have been wronged, but to infer rights for people in the future. sinn féin believes that the bill before us today falls short and that its implementation will only hinder those seeking information and tracing. while sinn féin welcomes the minister's commitment to explore amendments, we believe the minister should go back to the drawing board and return with a bill that contains unfettered access to birth certificates for adopted persons; automatic access for adopted persons to their adoption files; and a tracing service for those who wish to avail of it. sinn féin agrees with the adoption rights alliance in its interpretation of the bill as unnecessarily convoluted and far from the expectations of those it seeks to redress. for example, the lack of automatic access to full, non-redacted records and birth certificates is unnecessary. birth certificates are often the key for an adopted person in his or her attempt to unlock their past and the measures contained in this bill stifle what could be worthy efforts.
           it is unnecessary and unwarranted to include a statutory declaration provision in section 41 of the bill. in its 2015 pre-legislative scrutiny report, the joint committee on health and children said that "" ...based on the weight of evidence and the legal submissions received from witnesses, the committee can find no convincing reason for the inclusion of a statutory declaration in the bill."" to include a statutory declaration suggests to adopted people that they cannot be trusted to respect privacy.
           the bill further undermines adopted people by compounding information and contact despite being warned against doing so by adoption rights advocacy groups and in pre-legislative scrutiny. it goes against the advice that some adopted people do not want contact with their natural mothers at all, while others will wait for a period of time after obtaining their birth certificates before attempting to contact their natural mothers or family members. this is because adopted people often choose to absorb the information before progressing any further.
           as i said earlier, a noticeable omission of the bill is the lack of provision on information and tracing for those who were sent, or whose children were sent, overseas for adoption. considering that some 2,000 babies were exported to the us from the magdalen laundries, a large cohort that the bill could have provided for are not included. i can appreciate the sensitive and turbulent nature of making private information available especially between international parties.
           even if it was to give truth to concerned natural mothers, sinn féin believes there was scope for attempts to be made in that regard. when one considers information and tracing in the context of adoption, we think of families being reunited and lifelong questions being answered for natural parents and their adopted children. in ireland, the church-state relationship tore families apart as they did not fit into an acceptable model - as some would have seen it - and we owe greater truth and justice to the birth parents and adopted people who were the fallout of the state's failures. this bill falls short of their wishes. sinn féin, therefore, believes the bill to be a missed opportunity."
2017-05-17,seanad,https://data.oireachtas.ie/akn/ie/debateRecord/seanad/2017-05-17/debate/main,158,Senator David Norris,Senator David Norris,"senator david norris
          like senator bacik, i welcome the minister. i thank her for her detailed analysis of the bill and her willingness to extend the time for debate. she has shown quite a lot of flexibility and there appear to be a number of amendments in the pipeline, which is very welcome. regarding the names she provided in respect of the entities from which the state obtained records - st. patrick's guild, the bessborough mother and baby home, sean ross abbey, the tuam mother and child home - i must say, what a list of infamy.
          i understand the minister says she will bring all records under the national archives, presumably that includes the existing national adoption register. nothing will be excluded, nothing will be shredded or got rid of, because it seemed to me there was something of a grey line there where she said that we would not transfer everything because it would be cumbersome and difficult. 
           suppose someone breaks the agreement, is there any penalty? i did not see one. what happens to them? on the compelling reason, is it really the case that it would have to be a threat to life? envisaging the actual death of the person is a very high bar to put in place. 
           there are a number of principles which should be adopted. firstly, no adopted person should be asked to sign a statutory declaration before being allowed access to medical information. of course it should be given, it is vital. this kind of thing is so important for medical treatment. all files relating to adopted people should not be given to tusla but to an objective organisation so that it can be maintained. 
           i wish to put a couple of voices on the record, those of people who have been in this situation. i was contacted by a woman who said that if the bill is enacted in its present form it would lead to further stigmatisation and so on. she said:
           ""my own husband's mother was 14 years old having him and she was made to give him up for adoption. she has no recollection of signing adoption papers and at 14 years how can one sign a legal document without a guardian?""
          that is a very good question. at age 14, how can one possibly be assumed to have the legal capacity to do this? 
           on the removal of the proposed mechanism to provide statements drafted by tusla in lieu of copies of original records, this is actual personal information. why should third parties go trawling through someone else's personal information and then give them a type of digest form? 
           i have another very moving letter but i do not have time to put it all on the record. it is from the founder of the irish first mothers group. this is a very important group of people. her first child was born in april 1974, and she spent four months in the good shepherd convent. she was aged 19. she nursed her child for seven days before the child was taken from her. 
           i have had contact from pact. it welcomes the bill, by and large, but it is concerned about the closing down of the various agencies. there are six of them: here2help, cúnamh, clarecare, st. brigid's, st. mura's and barnardos. it would be a pity if they were denied a role in this area. the removal of the services provided by these accredited agencies would cause uncertainty to the added waiting time of adopted persons, birth relatives and adoptive parents. receipt of birth information, undergoing tracing, having contacted birth relatives can be a very emotive journey. adoptive parents already have a relationship with these agencies and this will now be interrupted. that could be emotionally disturbing for them. 
           there will be a cut in adoption services when demand is likely to increase. we have heard about the tusla adoption service. there are questions about tusla, and it is already overstretched and under-resourced. tusla has not given assurances that future information and tracing services will be adequately resourced. it will be the sole provider of adoption information and tracing services with the loss of considerable expertise and this will lead to a longer waiting time. information and tracing services will no longer be subject to regulation by the adoption authority of ireland.
           the required signing of the undertaking not to contact the parent was discussed on committee stage, as the minister knows. the requirement to sign a declaration was first introduced by the then minister, james reilly, in 2015. it was roundly criticised by 1,400 members of the adoption rights alliance and by the oireachtas joint committee on health and children. it said that it could find no convincing reason for the inclusion of a statutory declaration in the bill. here we have authoratitive voices saying there is no reason for such an inclusion. in any case, birth certificates are already public records. this is the only group of people which is required to sign such a declaration. people from the diaspora looking to find their genealogical background do not have to sign a declaration saying they will not contact anyone."
2017-05-17,seanad,https://data.oireachtas.ie/akn/ie/debateRecord/seanad/2017-05-17/debate/main,165,Minister for Children and Youth Affairs (Deputy Katherine Zappone),Minister for Children and Youth Affairs (Deputy Katherine Zappone),"minister for children and youth affairs (deputy katherine zappone)
          i thank the senator for staying this long.
           i will only say a few things now as we will have a lot of time to cover this ground in the following stages. it is great that we are completing the stage now. that is wonderful and i thank the senators for staying along with me to do that.
           as i began my remarks by saying i have a sense of urgency in regard to this legislation, i would like to move it as quickly as possible through the seanad. as all of the senators spoke, from senator daly to senator norris and everyone in between, it struck me that it will take a lot of work and great determination on all our parts in order to move it through as quickly as possible. there are a lot of issues regarding the bill even as it stands and i acknowledge that.
           i thank all the senators for welcoming the bill and the work that went on to bring it to this point. over the last number of years, and particularly the last year or year and a half, the officials in my department have worked non-stop on this bill, listening to the different concerns and putting it together, working with the office of the parliamentary counsel. it has been a huge undertaking. it has been very complex.
           up to this point, the officials have tried to be as open as possible in order to take on board the comments and constructive criticisms. in light of the senators' comments, i am struck that we still have a distance to go. i am committed to do that as quickly as possible. we might have some meetings with senators before we get to committee stage but i ask for co-operation to put together a pragmatic, idealistic, human rights approach towards bringing this bill to conclusion. many of the members in the seanad may operate that way but we must do our very best to get the best for people who are adopted. i am committed to that. i do not see this as a solo run on my part or on the part of the department in any way. i hope and believe that we can achieve this through cross-party and independents working together. i promise to do all that is possible to move this through the seanad.
           i know many senators welcomed generally that we have come to this point. some are more positive than others about the way the bill is structured, its outline and components, and i appreciate that. i heard some deep concerns about compelling reasons, even in sharing the speech here, going through the different types of people who can offer compelling reasons.
          we have to do that piece of the bill right, because there may be many people who can identify compelling reasons, or otherwise, depending on where we go in respect of that issue.
           i also want to acknowledge the contributions of senators warfield, bacik and others in raising questions, especially around the human rights approach and the issue of trust in respect of adopted people. the bill needs to reflect that we trust them. in order to do that, changes may need to materialise but we need to work hard to identify the most important changes.
           some senators really challenged that the bill as it stands might have a presumption in terms of privacy rights rather than identity rights. we acknowledge that it is still important to find a way to ensure acknowledgement and protection of privacy rights in addition to identity rights. perhaps we have not achieved the proper balance yet.
           at the same time, there needs to be balance. many senators, including senator boyhan, raised the issue of tusla and resources. senators referenced money and social workers, etc. what i can say for now is that i have already raised that with the agency. tusla has done considerable work already in terms of identifying what the agency needs and, in particular, the number of people needed in the agency, including social workers, among others. within 2017 and 2018 i am committed to seeking the additional resources to do that. i have asked tusla to undertake business case scenarios in the context of reducing the waiting lists and the time it takes to get information. this is relevant in the context of the adoption (information and tracing) bill as well as in the context of the issues that have emerged with mother and baby homes. people want to have information and need to be able to trace it. tusla will play a key role in this regard. we are aware of the need to prepare for this. indeed, preparation has already begun.
           i appreciate the comments welcoming the amendments relating to placing information in the national archives. the points at issue include the provision, protection and preservation of information.
           i am keen to reflect on all the comments and issues raised. i trust it is the hope and intention of everyone that the bill reflects that we have moved into a new era and culture whereby we respect the separation of church and state. i have spoken on this question in the context of the tuam issue. i was struck by the comments of senator bacik and how she coupled that issue with the question of trust and adopted people. that may be another manifestation. we have an opportunity with this bill to provide another manifestation of or example that we are in that era.
           having said all those words, it may sound as if it is an easy task but i am aware that it is not. i appeal to senators for their co-operation and for them to work with me. i expect that we will be able to achieve more than what we have now. it will involve some compromise but i hope we can get to a place where we are all happy."
2017-05-17,seanad,https://data.oireachtas.ie/akn/ie/debateRecord/seanad/2017-05-17/debate/main,170,Senator Jerry Buttimer,Senator Jerry Buttimer,"senator jerry buttimer
          i propose that no. 2, statements on the second interim report of the commission on mother and baby homes, be adjourned not later than 4.30 p.m.; that no. 3, the medical practitioners (amendment) bill 2014 [seanad bill amended by the dáil] - report and final stages, be taken at 4.30 p.m.; that no. 4, statements on childhood obesity, shall conclude not later than 6.30 p.m. and that no. 5, autism spectrum disorder bill 2017 - second stage, shall be taken on the conclusion of no. 4. given the nature of the medical practitioners (amendment) bill 2014, it may be necessary to make further changes later."
2017-05-17,seanad,https://data.oireachtas.ie/akn/ie/debateRecord/seanad/2017-05-17/debate/main,171,Senator Máire Devine,Senator Máire Devine,"senator máire devine
          on a point of clarification, is the time for statements on the second interim report of the commission on mother and baby homes reduced?"
2017-05-17,seanad,https://data.oireachtas.ie/akn/ie/debateRecord/seanad/2017-05-17/debate/main,174,Minister for Children and Youth Affairs (Deputy Katherine Zappone),Minister for Children and Youth Affairs (Deputy Katherine Zappone),"minister for children and youth affairs (deputy katherine zappone)
          i welcome the opportunity for statements on the second interim report of the commission of investigation into mother and baby homes and certain related matters. i welcome all our guests in the chamber. following a short first interim report last july, the commission submitted its second interim report to me in september 2016. this second report focuses on a number of issues which had come to its attention during its analysis of information and evidence collected up to august 2016.
           i am conscious that it took some time before i was in a position to publish the latest report. as i outlined when i published the report on 11 april, the commission's recommendations gave rise to a number of very important financial and legal questions which the government needed to consider prior to publication. this took some time because i wanted to look at every possible option in conjunction with my government colleagues. i have acknowledged that the process was more complex and took longer than i initially anticipated.
           senators will be aware that the commission was established in 2015 to examine the experiences of vulnerable women and children in mother and baby homes over the period 1922 to 1998. it is due to report in february 2018. we are now more than two years into its three-year programme of work. this work by the commission is a vital step on the path we have commenced to establish the facts of what happened in and around these homes, and to give true meaning to the values we say define us as a people and a country.
           the commission continues to make progress and i restate the government's continued support for this important work. i record my thanks to judge yvonne murphy, dr. william duncan and professor mary daly for their valuable contribution and commitment to the public interest in this sensitive work. furthermore, it is also now over two months since the commission confirmed the discovery of human remains at the site of the former home in tuam, county galway. i appreciated the opportunity to speak about that at that time. as this news and the contents of the interim report continue to be absorbed, i am mindful that there are many deeply personal issues which those directly affected by these issues understandably want government to address.
           i have visited the site in tuam three times and met former residents and their families. i am acutely aware that many people are experiencing a great deal of anxiety and anticipation of what might happen next on these issues. i will first focus on the report itself and then take some time to update members on a number of developments which i am progressing with government colleagues to ensure we respond as effectively and as sensitively as possible to these developments.
           much of the focus of the second interim report is on children who were unaccompanied by their mothers in mother and baby homes and county homes. the commission in its report suggests that where children were resident in mother and baby homes and in county homes without their mothers and these children were excluded from the residential institutions redress scheme, established in 2002 and which has since closed, or a similar such scheme, this should be re-examined.
           the commission has stated that it is satisfied that the institutions it is investigating are, in the commission's words, ""unquestionably"" the main such homes that existed during the 20th century and does not currently recommend that other institutions be investigated. it does not recommend any changes to its terms of reference at this time but may recommend further investigations when its current investigation is completed. the commission considers that it would not be in the public interest to conduct further investigations into institutions which have already been the subject of investigation or where a state apology has been given and redress provided. it does not make findings that abuse occurred in these institutions but notes that its investigations are not yet complete.
           the commission recognises that people whose births were falsely registered have a need to establish their identity, but it also recognises that the false registration of births is a very difficult issue to investigate because of a lack of accurate records. for this reason, the commission suggests that an amnesty from prosecution may help to encourage those responsible to come forward and correct the record.
           the government carefully examined the commission's recommendation regarding redress and concluded that it was not possible to implement it. in reaching this conclusion the government was conscious that the commission has made no findings to date regarding abuse or neglect, and the government also believes it would not be appropriate to deal with the question of redress in advance of any conclusions by the commission.
           the challenges for government in considering the recommendations of the commission at this interim stage of its work were further highlighted by the recently completed special report of the comptroller and auditor general on the residential institutions redress scheme. due regard was given to the recommendations of the comptroller and auditor general in finalising the government's view on the recommendation. i understand the distress that this decision has caused some former residents. the commission's final report is due in february 2018, at which time the state's response to its conclusions on this issue and all matters regarding the treatment of former residents will be studied very carefully.
           it must be acknowledged that previous redress schemes have been complex to administer and often difficult for applicants, but the future state response will be a matter for public debate when the commission completes its work. although former residents have expressed some concerns about the specific amnesty proposal from the commission, i have committed to exploring further the legal and practical implications of such an approach with the minister for justice and equality and the minister for social protection.
           as i announced when i published the report, my immediate focus is on assisting those who were unaccompanied as children in mother and baby homes and county homes, with a view to offering health and well-being supports and services that will be of genuine and practical value to them now. i am making arrangements for a facilitated consultation process with former residents who were unaccompanied in these institutions regarding the nature and type of services and supports in the area of health and well-being that they consider would be helpful to them at this stage. i want to consult, listen and learn, and i will be making further announcements about this process shortly. i then expect to bring proposals to government before the summer break in order that we can have appropriate supports in place as quickly as possible.
           in responding to the increased demand for access to relevant information, i have asked tusla, the child and family agency, to enhance its capacity for the provision of information to assist former residents who may wish to establish when they resided in a mother and baby home. my department is working with tusla to progress this matter as quickly as possible in tandem with our ongoing legislative reform to facilitate access to adoption records as provided for in the adoption (information and tracing) bill 2016, the second stage of which we have just completed here this afternoon.
           while the report states that the commission is not seeking an extension to its current remit, i have indicated that i want to conduct a scoping review to consider if broader terms of reference would help answer some of the questions which have been raised again in public debate. in this context it is useful to remind ourselves that the commission was established in response to public concerns about a specific type of institution, namely, mother and baby homes. the commission was established to address the specific concerns relating to the welfare of women and children during their time in such institutions and the arrangements for their subsequent exit or placement from homes. many of the additional issues raised again recently were examined when the commission was being established. while i am open to examining the calls for an extension, it is essential that we do so with a full understanding of the considerable breadth and scope of its current terms of reference. they include mechanisms in order that any additional matters which the commission may deem to warrant investigation can be brought to the attention of government, its work of listening to victims and survivors in a safe and supported context, as well as the ambitious scale of its fact-finding work.
          the commission has significant autonomy to follow where the investigation takes it. this is important as the commission is examining records to which the state, or any other parties, would not have had access to previously. in responding to the call for all adoptions to be investigated, the commission noted that this would represent a vast undertaking and indicated that completing its analysis of adoption practices relating to mother and baby homes may facilitate the making of a recommendation on this question at a later point. in its report the commission commits to including relevant information on other institutions which have come to its attention in its social history report which will form a key part of its final report. at this future point, the report states that it may also be in a position to comment on the need for any further investigations in respect of these institutions.
           while the independent statutory investigation progresses its work, i have highlighted the need to look beyond the important legal questions surrounding mother and baby homes by developing complementary holistic approaches to grasp the truth of what happened in our country. i have asked dr. james gallen of the school of law and government, dublin city university, to assist by mapping out a model of transitional justice which can further assist to publicly acknowledge the experiences of former residents and further enhance public awareness and understanding of this part of our history. dr. gallen is currently preparing a framework document which will be submitted to my department in the coming weeks. 
           since the commission announced the discovery of human remains at the location at tuam, i have been working with government colleagues to establish an inclusive process of engagement with former residents, their families and other stakeholders with a view to building a consensus on how the sensitive issues which arise can be addressed. in particular i want to acknowledge my helpful engagements with the minister for housing, planning, community and local government, deputy coveney, and the minister for foreign affairs and trade, deputy flanagan, in this regard.
           it is essential that this process respects the memory and the dignity of the deceased children who lived their short lives in this home. galway county council is the owner of the site and it will have a central role in progressing matters. i also understand that the council has been liaising directly with the commission and has written to the coroner around these matters. as part of these discussions, i advised the cabinet yesterday of my intention to secure specialist expertise to provide technical advice and assistance. i believe decisions on the approach to be adopted would benefit greatly from expert technical guidance on international best practices in this highly specialised area. 
           i am anxious that decisions on the future of the site in tuam are progressed as a matter of urgency and i hope to revert to the government very shortly with proposals.
           i thank the seanad for the opportunity today to further address these issues and i look forward to the contribution of senators."
2017-05-17,seanad,https://data.oireachtas.ie/akn/ie/debateRecord/seanad/2017-05-17/debate/main,175,Senator Jennifer Murnane O'Connor,Senator Jennifer Murnane O'Connor,"senator jennifer murnane o'connor
          i thank the minister for her comprehensive report. we in fianna fáil recognise the vital importance of the commission in delivering justice and accountability for all those affected by mother and baby homes. it is important that we focus on the mothers and babies. these mothers and babies must come first and they must have our sole focus. we recognise the considerable harm that has been experienced by survivors of the mother and baby homes and similar institutions in ireland.
           there was absolute shock and horror about the 796 babies buried in the mother and baby home in tuam. it is incomprehensible. the babies were aged between 35 weeks and three years. some were buried in graves, but most were in septic tanks. it is hard to even say the words. these children died of whooping cough, bronchitis, pneumonia and malnutrition. mothers and babies were separated at birth, torn apart from one another. some were adopted and sent to america for hopefully a better life. these babies, mothers and families need an ongoing commission of investigation into the mother and baby home. it has to be completed and i am glad to hear that the report will be back before us in the summer and will be finalised in february 2018. that is important.
           these women, siblings and families need to know what happened and where exactly their babies are. this is crucial. the views and experiences of all survivors of mother and baby homes will have to be listened to, respected and acknowledged, and from the minister's report we now know that that is happening. we need to bring healing and reconciliation to survivors, community and the broader public communities and the state. we must ensure that the stories and experiences of these women and children are not forgotten and that their memory is honoured in a most respectful way. it should be an aim of the commission that these women and babies are never forgotten. before we can move forward as a nation we must turn to the past and recognise its implications for today. 
           i noticed a press release that the minister sent out on 3 march concerning tuam and the human remains on the site. when the minister was last here we had a survivor here from tuam. galway county council was looking to have what it wanted to call a burial chamber at the site and preserve the site as a peace garden. some of the survivors have had concerns about this. the minister has been in tuam and has made several calls. does she feel that she is getting proper co-operation from galway county council? what is the feedback from the coroner on this report? some of the survivors have concerns about this. this is a massive issue for them, and i am sure the minister will listen. 
           on the minister's most recent visit the minister for housing, planning, community and local government, deputy coveney, was with her and they met with survivors. what were the survivors' requests? this is about the survivors, the people that we need to make sure we listen to. 
           i read another press release concerning the bethany homes survivors. originally they were very disappointed that a commission had been set up. i ask the minister that these survivors are listened to and that every concern they have is addressed. this is about people working together to try and solve an issue which is heart-wrenching for the survivors. i am sure that every day they get up they have to think of what happened to those babies. i am asking that this commission works with the survivors of the bethany homes, the tuam mother and baby home and any other organisations that have been affected by this. we need to get a proper outcome so that these families and children are never forgotten."
2017-05-17,seanad,https://data.oireachtas.ie/akn/ie/debateRecord/seanad/2017-05-17/debate/main,176,Senator Victor Boyhan,Senator Victor Boyhan,"senator victor boyhan
          it is very timely that we are having these discussions back to back today. when we look at the mother and baby commission of investigation and consider what the minister has said to us in her report i find it very disappointing. it will be another two years before this work is completed. i note that these are institutions and not homes. somebody said to me recently that they did not live in a home but rather an institution. she told me a horror story. there is the mother and baby home in tuam which has been much publicised, and horrific things happened there. i will be talking about that in a few minutes. there were also so many other institutions that people never heard about. the records were destroyed. the people did not have the education, well-being, confidence or the emotional state to go out and tell their stories. it is not easy to tell one's story.
           i acknowledge the people who are in the gallery today. i have met many of them. i have shed many a tear with them. it has gone on for years. we are meeting the same people and we are talking to the same people. i do not doubt the minister's personal commitment but i note that she is an independent member who is in the government. that carries its own dynamic. she must look at it.
           the residential institutions redress act was established in which former ministers indemnified many state agencies from horrific crimes on the basis that there would be a redress scheme. they defined abuse as sexual abuse, emotional abuse and physical abuse. in crude terms it was based on the canadian system with which the minister is familiar. they brought people over and they told their story and they got their hour or two. someone then gave them a certain amount of points for each of these categories and then the survivors of the abuse received some form of compensation. it was a contribution really. in many cases the lawyers got more money than the victims in these institutions. that is a crime in itself. people were left exposed. they were thrown out of the redress board hearings broken. a woman told me of her experiences, where she got the bus back to dún laoghaire and had to then get back to anglesey and back up to london. she got a miserable €7,000 for her heartache and pain and 16 years of hell in an institution in dublin. they are facts, and the minister knows many of the stories.
          it is important to look at redress in a holistic way as it is not about money. it is about how the state can make a very early intervention to assist people to get on with their lives through social housing, medical cards and independent counselling of their choice. it should not be tusla, the hse or institutional counsellors but those in whom people have confidence and with whom they can build relationships. they also need help with legal support because this is an ongoing need. there is a journey of healing, there is much deep pain and people need assistance in all these ways.
           in the irish times this morning there is a piece attributed to the minister about bringing in expert advice and support relating to the tuam babies issue and i would be grateful if she would share a bit of information about this. significant quantities of human remains were discovered. a total of 17 out of 20 chambers on the site had something like septic tank structures and the age of death was between 35 foetal weeks and two or three years old. what is the role of the coroner in galway and how will this role interplay with this?
           i pay tribute to catherine corless, who has met the minister, after which she gave an interview to rte. she was asked about how she got on with the minister and she said she had related to her what the survivors wanted. they wanted their families ""out of that place"". she said it was a tank and sewage area and that their main concern was to give relatives, brothers and sisters, the decent burial which was not given to them in the first place. she wrapped up by saying that many of them want dna as well, to find out whether they have their own little brother or sister. that is a very human call and it is right that they be assisted and supported in that. she said her message was that this needed to be expedited with urgency as these were time-sensitive issues.
           many people were excluded from the original redress scheme because the then government argued that it was difficult to define what was ""institutional"". some people denied they ran an institution and refused to co-operate on the grounds that they were technically a school, or some other place rather than a mother and baby home. it was a scandal that the government entered into the scheme in the first place, despite the advice of the attorney general. there was a lot of splitting hairs about what constituted an institution and whether an institution was in receipt of state support or was state funded, leading to questions whether the state was culpable, but the state has a duty of care to all its children.
           i have very serious concerns about granting an amnesty to anybody who perpetrated crimes and abuse against children in the state and i hope no minister for children and youth affairs makes the case for an amnesty in cabinet. there can be no amnesty for any living abuser of children. there must be zero tolerance as it is too important and sensitive and people have lived with the pain for too long. we cannot heap more trouble and emotional issues onto them.
           the minister spoke of the importance of learning from international best practice and i know she is driven by the search for solutions. she spoke about transitional justice, which means finding out and recording the truth, ensuring accountability, making reparation, undertaking institutional reform and learning from the facts to achieve reconciliation. the word ""reconciliation"" does not quite sit with what i previously said about amnesty. there can be reconciliation but people cannot be exonerated and they must be held accountable. i hope the minister takes on board these points as they are important. she has said she will carry out a further scoping exercise of other institutions, and i welcome that, but there are many institutions which have never been given the opportunity to tell their story. nobody has addressed their needs but they are also very important. let there be no amnesty for child abusers in this state, whether it is for historic abuse or abuse now or in the future."
2017-05-17,seanad,https://data.oireachtas.ie/akn/ie/debateRecord/seanad/2017-05-17/debate/main,177,Senator Catherine Noone,Senator Catherine Noone,"senator catherine noone
          the focus in this report is on children who were unaccompanied by their mothers in mother and baby homes and county homes. as such, it is an issue that must be treated as sensitively as possible. as senator murnane o'connor said, the people involved deserve respect and dignity.
           the commission was originally set up to inquire into the conditions in mother and baby homes and county homes in the period between 1922 and 1998. following a short first interim report last july, the commission submitted a second interim report in september 2016. this deals with a number of issues that had come to its attention during its work and analysis based on information collected up to august 2016. the commission is currently examining the experiences of women and children who lived in mother and baby homes over the period 1922 to 1998.
           in its interim report, submitted last september, the commission suggests that the exclusion of children who were resident in mother and baby homes and in county homes without their mothers from the residential institutions redress scheme, which has since closed, should be re-examined, and i welcome this. it is satisfied that the institutions it is investigating are unquestionably the main such homes that existed during the 20th century, and it does not currently recommend that other institutions be investigated. it is not recommending any changes to its terms of reference at this time but may recommend doing so in the future. it does not make findings to date that abuse occurred in these institutions but notes that its work is not yet complete. it recognises that people whose births were falsely registered have a need to establish their identity but recognises that the false registration of births is a very difficult issue to investigate because of a lack of accurate records.
           the government has carefully examined the commission's recommendation regarding redress, and has concluded that it is not possible to implement it at this time. it is my understanding that the government is conscious that the commission has made no findings to date regarding abuse or neglect, and believes it would not be appropriate to deal with the question of redress in advance of any conclusions on this issue by the commission. moreover, it is my understanding that the redress scheme was complex to administer and often difficult for applicants. senator boyhan referred to this and i hope it will be rectified in the future.
           it also has to be acknowledged that previous redress schemes have been extremely costly. as a society, we will need to make major decisions about what we spend our money on in the future. it may be that targeted supports would make more sense than redress schemes. it is my understanding that the minister consulted in great detail with the taoiseach, the attorney general and other ministers before this conclusion was reached.
           it is also important to note that the government waited for the special report of the comptroller and auditor general on the residential institutions redress scheme before reaching a final conclusion on whether the original scheme should be re-opened to cover unaccompanied children who had been in mother and baby homes and county homes. the focus should now be on assisting those who were unaccompanied as children in mother and baby homes and county homes with a view to offering supports that will be of sincere and practical value to them.
           i am encouraged that the minister has committed to consulting former residents who were unaccompanied in these institutions regarding the nature and type of services and supports in the area of health and well-being that would be helpful to them at this stage. it is my hope that this consultation will be completed as soon as feasible, ideally before the summer break, which would enable appropriate supports to be in place as quickly as is possible. i am further encouraged that the minister has enlisted the expertise of dr. james gallen of the school of law and government in dublin city university to assist by mapping out a model of transitional justice as a means of giving voice to former residents of mother and baby homes and county homes.
          it is my understanding that the minister will also carry out a scoping review, to which senator boyhan has made reference, of the commission's existing terms of reference to ascertain whether amending the terms of reference would enhance its existing work. undisputedly, the commission's final report will be of fundamental importance to understanding the experiences of those who stayed in institutions of this kind. as such, it is imperative to allow it space to conclude its work and report its findings. in the meantime, i am very much encouraged that the minister has committed to take whatever action she can to address the issues already raised. i commend her on her work and compassion to date on the issue."
2017-05-17,seanad,https://data.oireachtas.ie/akn/ie/debateRecord/seanad/2017-05-17/debate/main,186,Senator Máire Devine,Senator Máire Devine,"senator máire devine
          what happened to them then? this was in 2012 and we had complete silence and nothing was heard. the next time the documents reared their heads, it seems, was in 2014 when the interdepartmental group report on mother and baby homes was published. however, the 1,000 files were not included in that particular report. instead, according to correspondence from the hse, the files were handed over to tusla. once again, they disappeared into the ether. is the minister following all this? i have found it extremely complicated to understand and i have been guided by the people in the visitors gallery. they are making representations on behalf of the hundreds of mothers and children who are survivors.
           on 29 july 2015, gardaí from tuam met with tusla and conducted inquires as regards the existence of this box of files. they stated in correspondence they were satisfied the survivors - whose names are redacted - are not mentioned in any such files, which confirms the existence of such files and confirms the garda was aware of them in 2015. tusla has confirmed that it still has custody of these files, as is confirmed by correspondence dated april 2016. in reply to correspondence from a survivor in april 2016, the garda superintendent from tuam, whom i will not name in deference to the acting chairman, stated an garda síochána at tuam had not instigated a criminal investigation into this matter, namely, the hse internal memo from 2012.
           in may 2016, the minister for justice and equality, deputy fitzgerald, was informed of these files by letter from a survivors' group. in august 2016, the minister, deputy fitzgerald stated that the minister for children and youth affairs had not been made aware of these files. in september 2016, a survivor made a complaint about them to tuam garda station. that month, the superintendent from tuam stated that he was not aware of any criminal investigation into the hse internal memo.
           in october 2016, the minister, deputy fitzgerald, stated that she would forward information to the department of children and youth affairs. it is in the minister, deputy zappone's office now and has been for some time. the garda commissioner is also aware of it and was to conduct an investigation but nothing has happened. how can we have something from 2012, when the devil and all knew about it? deputy frances fitzgerald, senator james reilly, deputy katherine zappone, the garda commissioner - they all knew about these files of 1,000 women and their babies yet nothing was done about it. when the hse said it would do its own investigation, nobody thought to go back and ask the hse where that investigation was.
           this country has failed those women and children along with many others. deputy frances fitzgerald, senator james reilly, commissioner nóirín o'sullivan, and the minister, deputy zappone, are failing them. it has been a consistent pattern for years that nobody wanted to know. it has been, at best, concealment of documentation from the very outset. there has been a state cover-up of every step of the litany of abuse, neglect and cruelty wrought on these women and children. i do not know what else is in these files but i will forward them to the minister again. i do not have the forensic knowledge and capability to examine them in detail. nor is it tony, david, sheila or karl's job to do so. they have done their part."
2017-05-17,seanad,https://data.oireachtas.ie/akn/ie/debateRecord/seanad/2017-05-17/debate/main,188,Senator Máire Devine,Senator Máire Devine,"senator máire devine
          they have done their part and that shames us. this is now up to members in these houses. the seanad should schedule statements on this matter as soon as possible. we cannot mismanage this again but it is exactly what we are doing. i think it is more than mismanagement. it is a deliberate concealment of the historic files of 1,000 women and perhaps 1,500 babies. it distresses me and i am sure it distresses the people in the visitors gallery, who have been here time and again and have asked for redress and understanding. they have asked for a truth commission and an expansion of the terms of reference of the commission of investigation into the mother and baby homes. how can we have that when we do not even have those files and are ignoring them? they were pushed under the carpet again but they are out now. they are resting in the minister, deputy zappone's department and with an garda síochána."
2017-05-17,seanad,https://data.oireachtas.ie/akn/ie/debateRecord/seanad/2017-05-17/debate/main,193,Senator Alice-Mary Higgins,Senator Alice-Mary Higgins,"senator alice-mary higgins
          i thank the minister for coming to the house. on one of her previous appearances in the seanad, we discussed the issue of a former home in tuam. i welcome her acknowledgement that the information that emerged in the tuam case was not a surprise and the issues were known. it is, therefore, somewhat disappointing that the government, including the minister in her statement, is rowing back in respect of this issue. i refer specifically to the statement from the government that there have been no findings of abuse or neglect. it adds insult to injury to hear that, based on an interim report, decisions will be taken on the basis that there is a blank slate and there have been no findings of abuse and neglect. abuse and neglect are evident in every file and record we care to read and in every place in the ground we have been asked to look. if we do not know that abuse or neglect took place, for what did the taoiseach apologise to the survivors of magdalen laundries? we know there has been abuse and neglect. the task of the commission of investigation into mother and baby homes is to determine the extent, depth and various awful iterations of that abuse and neglect and offer guidance on how to move forward. we must begin from a position of acknowledgement and honesty, which i appreciate is one the minister took in the past. i urge everyone to move forward in that same spirit.
           in the limited time available, i will speak about some of the key recommendations of the interim report and the response to them. the report suggests some children were excluded from the remit of the previous residential institutions redress scheme and the re-opening of the scheme or introduction of a similar scheme should be examined. it is extraordinarily disturbing that the government has suggested pre-emptively that it will mot be possible to implement this recommendation. i acknowledge the minister's statement that the issue needs to be revisited when the final report has been produced. however, the message emerging on how we value or do not value the concerns regarding redress is completely unacceptable and must be examined. when arguments of cost are brought into the discussion, we must be clear that redress is non-negotiable.
           not only will it be necessary to establish another scheme but it also may be beneficial to do so because we must ask whether the indemnity agreement signed in 2002 would apply to a new scheme or applies only to the original scheme. what are all the provisions of the original indemnity deal and what constitutional challenge could be taken to it? what examination is taking place? it is extraordinary that we would write off not only the lack of contribution to the redress scheme but also the failure to re-examine the issue of indemnity in light of the considerable new and different evidence that has come to light in areas such as forced work, vaccinations and forced adoption. these issues were not on the table when the deal was originally and wrongly signed and must be examined.
           we give tax breaks to corporations and provide major tax reliefs for private pensions. we are making many decisions on the budget. we must budget on the assumption that the state will contribute to redress. what is the minister's position on the need to re-examine the redress funds?
           the issues we are discussing are not crimes of the past because the moneys made and paid by the state to the institutions are still in play. the bon secours order has a hospital programme and has established modern and complex company structures, as we saw recently in respect of maternity services. the profits and benefits that accrued during the period of exploitation are still in circulation and must be examined. for this reason, there cannot be an amnesty at this point given that we are emerging from a period of ongoing obstruction of information and justice and when the acts in question, even if culturally sanctioned, were criminal under the constitution and in law, even at the time they were committed. we must ensure that regardless of the cultural sanctions that applied at the time, crimes committed in the 1960s or 1970s which led in many cases to death and long-term damage remain crimes and must be investigated. many of those who engage with the commission of inquiry want to be clear that in engaging with the commission they are not compromising the possibility of criminal investigation into what were in many cases criminal acts.
           when we consider indemnity, a similar question mark arises in respect of amnesty. in terms of transitional justice, while i have sympathy with the view that we should seek to do this work, i suggest that we have not yet reached that point because we are facing extraordinary obstacles in terms of willing participation in the redress scheme and willing sharing of records by many of the major actors. transitional justice cannot be between society and the perpetrators of the abuses. we cannot in any sense bypass survivors whose voices must not be used to promote a healing process for society. one of the most extraordinary experiences i observed in my time in the united states was a healing and reconciliation process which took place between those who protested against the vietnamese war and those who fought in that war. extraordinarily, the vietnamese people were missing from the process. if we have transitional justice, it must not be associated with an amnesty and the voices and experiences of survivors must be at front and centre stage. 
           i urge the minister to meet representatives of the irish first mothers group. many people who have been hurt are entitled to be angry and frustrated. the minister referred to meeting unaccompanied persons in the institutions. the voices of the mothers of the children who spent time in these institutions have not been adequately heard. i am conscious that i will not have time to share the words of survivors but i hope i will have another opportunity to do so. there were 472 deaths in the bessborough home in 19 years. people who spent time in the homes speak about crying every night, being tracked down when they escaped and forced to sign adoption papers and-----"
2017-05-17,seanad,https://data.oireachtas.ie/akn/ie/debateRecord/seanad/2017-05-17/debate/main,198,Senator Frank Feighan,Senator Frank Feighan,"senator frank feighan
          the scale of the undertaking by the commission of investigation into mother and baby homes is truly staggering but the work is absolutely necessary. we simply must get to the truth by investigating the concerns relating to what appears to be deficiency of care of unmarried mothers and their babies in some of these homes from 1922 to 1998. over this 76 year period, it is believed that at least 35,000 unmarried mothers spent time in homes run by religious orders in ireland. at part of its remit, the commission is investigating 14 mother and baby homes and four so-called county homes that operated throughout the state at different times between 1922 and 1998. the terms of reference of the commission are broad and examine a range of things, including living conditions, infant mortality, burial arrangements, illegal adoptions and women's pathways in and out of these institutions.
           many issues relating to these homes are disturbing, none more than the issue of infant mortality. it is known that almost 800 infants died at tuam in galway and that a site in castlepollard in county westmeath is believed to hold the remains of up to 3,200 babies.
           the concerns about these mother and baby homes initially came to the attention of the public following reports of possible mass graves in the grounds of the former mother and baby home in tuam. to our horror, the commission of investigation confirmed earlier this year that significant quantities of human remains were discovered buried on the site of a former home run by the sisters of bon secours in tuam. the children were aged from 35 foetal weeks to between two and three years of age.
           despite the revulsion we all feel, we must continue the search for answers for all those affected. in that regard i welcome the news today of the government commitment to seek expert technical advice in respect of the possible identification of the remains of these children.
           i look at my own six-month old daughter, francesca, and i shudder at all these terrible revelations. i find all of this depressing and distressing. equally, i am encouraged by the good work of the commission tasked with providing answers to what was a dark episode.
           i take this opportunity to commend catherine corless who exposed the mass baby grave in tuam. without her perseverance we may not have had this commission at all.
           the second interim report of the commission was published last week. the commission noted the exclusion of children who were resident in mother and baby homes without their mothers from the residential institutions redress scheme established in 2002 and has suggested that scheme should be re-examined. this is part of a number of key items in the interim report. i understand the minister will consult all those affected with the intention of bringing proposals to government before the summer break.
           we know the commission has much work to do to establish how some of these homes failed young mothers and their children. whatever happened in some of these homes, the commission of investigation is shining a light into some of the darker corners of institutional care. we must never forget what the mothers and children who are deceased and the survivors went through. in this regard the commission's work will at least pay respect to those who suffered in so-called places of care.
           nelson mandela once said that there can be no keener revelation of a society's soul than the way it treats its children. i wish the commission of investigation the best in its work. whatever its final conclusions, the commission is already doing good work in exposing a dark aspect of ireland that must never be repeated.
           i spoke in the debate on the ryan report in the dáil many years ago. we grew up in our lives blaming everyone else but ourselves. we have no one to blame but ourselves in this society. i am referring not just to politicians, those in education, the catholic church, doctors and so on. we cannot blame the germans or the british for this. we have ourselves to blame. we need to ensure we shine a light in the darker corners of a disturbing past. i wish the minister all the best in her endeavours."
2017-05-17,seanad,https://data.oireachtas.ie/akn/ie/debateRecord/seanad/2017-05-17/debate/main,199,Senator Ivana Bacik,Senator Ivana Bacik,"senator ivana bacik
          i welcome the minister back to the chamber. i welcome those present in the gallery for this important debate. i acknowledge that the issues we are debating relating to the second interim report of the commission of investigation into mother and baby homes are closely related to the issues we debated earlier on the adoption (information and tracing) bill. both relate to ireland's shameful history of treatment of women and children. both relate to our history of confinement and concealment of births outside of marriage. both relate to the appalling stigma that the state allowed to encapsulate or enshroud women and children for so many decades of our history, right up to the recent past in the 1990s. it is important to have the two debates together.
           i acknowledge the work of the local historian, catherine corless, whose painstaking work in unearthing the horrific reality of the tuam mother and baby home gave rise to the establishment of the commission in 2015. her work in taking out the death certificates of each of the 796 children who had died at the tuam mother and baby home gave rise to the commission and to such immense public outcry about the scandal of tuam.
           the three-person commission is chaired by judge yvonne murphy and includes professor mary daly and dr. william duncan. i pay tribute to their immense work and expertise. i know dr. william duncan personally. he taught me family law and he has taught many generations of students at trinity. he has unparalleled expertise on family and adoption law. indeed, i quoted him earlier during the debate on the adoption (information and tracing) bill. professor mary daly's historical expertise is singularly important. judge yvonne murphy had done a great deal of work previously on unearthing scandals around institutional abuse in ireland. she has unparalleled expertise. the commission is doing valuable work.
           i wish to deal with the recommendations in the interim report. first, i acknowledge the scope of the work undertaken within the current terms of reference. the terms of reference include the 14 so-called mother and baby homes as well the four county homes. i note senator boyhan's comment in this regard. the report refers to 70,000 women and more children having gone through those homes and institutions. it is a vast amount of work. the first interim report was produced in july 2016. at that point, more than 500 people had expressed an interest in engaging with the confidential committee. the commission hopes to engage in a comprehensive historical analysis covering the decades from 1922 to 1998. this is an enormous body of work that will do immense service to the state when we see the final report published in february 2018.
           i wish to turn to the issues addressed in the second interim report. there are three discrete and contained issues. the first relates to children who were unaccompanied in these homes. the commissions says it understands a substantial number of children were resident in these institutions without their mothers. the commission is dealing with the exclusion of these children from the residential institutions redress scheme. the commission makes a compelling case for the inclusion of these children in the redress case. it makes the clear point that one of the institutions covered by the act relating to the redress scheme, st. patrick's on the navan road, is also under investigation by the commission as a mother and baby home. the commission maintains it is simply not logical to include st. patrick's in the redress scheme but not other institutions under the scheme where they relate to unaccompanied children. the children who were resident in those homes without their mothers are clearly in the same position as the children who were included in the redress scheme.
           the commission has referred back to the debates in the dáil and seanad at the time of the establishment of the redress scheme. it has made that point that the minister said at the time that inclusion in the scheme did not imply that a complaint of abuse or a finding of abuse had been made.
           in the light of the clear and logical finding of the commission it was disappointing to see the government decision to exclude these people from redress. these people are adults now and some are of advanced age. this must be revisited. others have pointed this out as well. at the least, it must be revisited when the final report of the commission is made in 2018. as the commission has clearly said, inclusion in the redress scheme did not imply a complaint of abuse.
           i am speaking on my experience and i acknowledge my experience in this matter as a barrister who has represented many survivors of abuse before the redress board and as someone who has been critical of many aspects of the board.
          it is important to say that it does not necessarily have to be the same redress scheme. to exclude these survivors from a redress scheme seems illogical and, as the commission said, unjust. the minister's speech and the government's official response to the report in april and published online refer to the costs of previous redress schemes. the comptroller and auditor general has pointed out that the cost of the residential institutions redress scheme was €1.25 billion compared with the originally forecasted cost of €250 million. i have said, as has senator alice-mary higgins, that part of that cost must be laid at the doors of the religious orders and the government of the day. in the dying days of the government in 2002, the former minister, michael woods, pushed the scheme through the dail without, it seems, sufficient advice from the attorney general. this enabled an indemnity scheme for the religious orders which should have been paying far more of the final costs of that scheme. instead they saw an indemnity given to them by the state. that issue must be revisited by any redress scheme and it would have an implication in respect of cost to the state. even if one is looking in practical terms at the costs to the state as a reason, one cannot simply refer back to the costs of previous redress schemes as a reason for excluding survivors from a redress scheme who should, logically and justly, be included. the commission makes a very clear case for that. all members have spoken very strongly on the need to revisit this decision to exclude survivors from redress.
           the recommendations are less conclusive on the other points made by the commission on including other institutions. on including other institutions within their own remit, the commission makes the point that while 160 institutions have been argued for inclusion, some have already been investigated by the ryan report and others, but it says there are about 70 institutions that have not been under investigation or are not now by this commission. many of these are private nursing homes. currently, the commission does not make a strong case for including these in the remit. it does say, however, that there is a clear criterion that should be used for the inclusion of institutions such as these. the commission says ""there is really only one question to be asked in respect of eligibility [for inclusion] - did a public body have a regulatory or inspection function in respect of that institution?"" that is a hugely important recommendation by the commission. that is what should determine inclusion in state commissions of investigation and redress schemes.
           it is also chilling to see the quote the commission gave from a 1927 state-run commission. the report of the commission on the relief of the sick and destitute poor referred to the existence to some of private maternity homes that were catering for women who had had children outside of marriage. the commission drew attention to different evils, particularly the connivance by the management of these homes in the secret disposal of children to unsuitable foster parents and the consequent high death rate among the children. we see this as a recent revelation-----"
2017-05-17,seanad,https://data.oireachtas.ie/akn/ie/debateRecord/seanad/2017-05-17/debate/main,201,Senator Ivana Bacik,Senator Ivana Bacik,"senator ivana bacik
          -----when as far back as 1927 the state was on notice of the appalling treatment of women and children in homes such as these. others have spoken on the other issues raised by the commission, including the false registration of births, the dreadful cases of illegal adoptions and the difficulties for many adults who are now trying to establish their right to an identity. some people have condemned the idea of an amnesty. we should look carefully at that. a partial amnesty, for example, may be possible for birth mothers who, under duress, may have given false information. this makes sense to me and it might enable people to come forward.
           i will conclude with a quote from the writer noelle brown who was born in the bessborough mother and baby home and who is in the gallery today. she said, ""i want to feel equal to every other citizen in ireland, and not remain a reminder of our terrible past."" to do that we need to know more about it and uncover, expose and disclose the terrible pain and suffering that so many women and children were forced to endure at the hands of the state and religious orders for so many decades."
2017-05-17,seanad,https://data.oireachtas.ie/akn/ie/debateRecord/seanad/2017-05-17/debate/main,203,Senator Frances Black,Senator Frances Black,"senator frances black
          i welcome the minister and her officials to the chamber. i am very pleased this debate is taking place today as it is long overdue. i welcome the commitments to offer support and services to people who were resident in the homes, in particular in the areas of health and well-being. the state has a clear duty in that regard, and we need to ensure proper support is provided. i commend the commission for carrying out its work in a sensitive manner, and the minister for pushing the issue forward.
           as has been noted, there was a delay in the publication of the report which was completed in september and presented to the minister until it was finally made available to the wider public seven months later. given the highly sensitive nature of the issue and the great importance of the commission's work to so many lives, such a level of delay is unacceptable. we cannot leave people in the dark.
           in terms of the delay, the line from the department is that the government spent this time discussing the legal and financial implications of the report. that seems to have amounted to seven months worrying about the potential cost of a redress scheme for people who were resident in the homes, before the announcement last month that redress would not be offered at this time. that is deeply concerning. the report itself is clear that ""children who were resident"" at the homes ""have a real cause for grievance"" at having been excluded from redress schemes to date. the report is clearer still in stating that, ""logically, children who were resident in the mother and baby homes and all county homes should be eligible to apply for redress in the same way and under the same conditions"" as children covered by previous redress processes relating to the industrial schools and orphanages. in essence, the report is saying that the state should own up to the abuse carried out in the institutions, as it has had to do in previous decades. i do not think that is a very controversial proposal.
           we are aware that at this point the commission is in the middle of its work and has not yet produced findings of abuse or neglect in the mother and baby homes. it is on that basis that the government has stalled on redress, but it seems deeply unfair and unsympathetic to respond by simply quoting the cost of previous schemes and, essentially, pouring cold water on people's hopes that a fair and just redress scheme can be rolled out if the final report is clear on instances of abuse.
           the minister told dáil éireann last month that the government ""has not closed off redress"" as an option, but there is a big difference between quoting the costs of redress and not ruling such a scheme out, and offering a compelling, humane commitment that the state will do right by the survivors of the institutions once the final report is published, including a potential redress scheme. this is not simply about cost, this is about justice for people who have been subjected to horrific mistreatment. beyond that, survivors and former residents groups have been clear in that they want the government to step up here, to take ownership of what happened, to acknowledge the state's role in the institutions, its failure to provide the proper care for mothers and children, and to formally apologise. we should not underestimate how important such an apology could be for so many people, and i urge the government to ensure the state does right by them in that regard.
           the commission's final report is due in february. before then, two clear commitments must be made. first, survivors and past residents groups will be adequately engaged and listened to, and their voices will be heard when requested. second, that there will be adherence to the agreed timetable. as has been noted, the delay in publishing the interim report caused a significant deal of stress for many people and i ask the minister to commit to preventing further delays and ensuring that the commission's findings will be published on schedule.
           the organisation irish first mothers has set up its own inquiry in order to gather the testimonies of women who were in the homes. i wish to highlight in this chamber some of the voices of the women who have offered their testimonies during the process. one woman described her experience of having an episiotomy at the age of 14, without professional medical attention and being denied pain relief during a labour that lasted more than three days. it is incredible that she physically survived such an experience. having run away to london, determined to find a way to keep her child, suffering from post-traumatic stress disorder, she was tracked down and forced to sign adoption papers to give up her child. reflecting on her experiences, including the years where she suffered the weight of shame and judgment and the desire to find her son, she said she often thinks if she had committed murder she would not have got such a sentence. that is only one of the testimonies. it is time now for serious and dramatic change."
2017-05-17,seanad,https://data.oireachtas.ie/akn/ie/debateRecord/seanad/2017-05-17/debate/main,227,Deputy Katherine Zappone,Deputy Katherine Zappone,"deputy katherine zappone
          i am happy to come back because i do not know whether i will be able to answer all the questions that have been raised. if that is so, perhaps there is another way to do that.
           in response to some of the questions senator clifford-lee posed, in particular about the coroner, as she may know, the coroner is independent in the discharge of his statutory responsibilities but, to date, he has determined that there is not sufficient evidence to enable him to open an investigation within his statutory remit. however, those are matters for the coroner and it is open to him to consult with the garda or any other person in his consideration of those issues.
           i am aware of that, which is one of the reasons i have taken decisions to look for expert technical advice in terms of questions related to the senator's second set of questions, namely, what were the survivors' requests when i went to tuam. largely, they fell within two areas; one of which is information and access to records. a number of senators raised those questions. i wish to ensure the survivors have information and access to records, particularly regarding tusla. my understanding is that in order for that to happen we need to pass the adoption (information and tracing) bill to provide legislative and statutory underpinning for the provision of those records. that is the reality and that is why it is important to move the bill forward as quickly as possible.
           second, the survivors asked for an exhumation. they identified that they wanted further excavation and exhumation with the opportunity to identify the remains. that is again why, in terms of the cabinet meeting yesterday, i said i was going to access technical advice in order to help us move forward in making those decisions.
          the decisions in regard to extension of the excavation and the possibility of identifying the remains rest with the government. the advice being provided to us will help me to develop proposals in regard to moving that forward.
           on the preservation of the site by galway county council, i understand that the proposal for a garden and protection of structures on the site has been postponed pending further consideration of what should happen at the site. this issue will form part of the consultations with the survivors. i, too, am engaging in a consultative process.
           many senators raised the issue of the government's response to the second interim report in terms of its decision not to implement that recommendation. in terms of the commission's rationale that the exclusion from the redress scheme of the unaccompanied children in the mother and baby and county homes was not fair or logical, i agreed with that and i have shared that with my colleagues. although that agreement was not shared across my colleagues, i agreed with that assessment having looked at it very carefully. the next question is whether we should, therefore, provide access to the institutional redress scheme. we spent a lot of time examining whether that is possible or preferable. ultimately, i made the decision with my colleagues not to re-open that scheme. the decision is not to close off redress but not to open up the scheme because, practically, to get access to the scheme survivors would have to prove abuse as an unaccompanied child, which is a child of between zero to three years. this is the group of people we are talking about. they would have to prove abuse and they would also have to go through the process of identifying that they were unaccompanied and get access to records to do that. in terms of our discussions, we had before us many examples of people who did access the residential institutions redress schemes and the difficulties in terms of that experience. this was not just about cost. as i said, people would have to go through all those steps.
           in addition, the comptroller and auditor general's report on the scheme identified that for government to make decisions about redress for the future, it is important it is able to estimate to the greatest extent possible the cost in that regard. i asked the commission on many occasions how many unaccompanied children there were but it could not tell me that. those were the reasons, from my perspective, for the decision not to go towards the residential institutions redress scheme. i was disappointed that we were not able to do that.
           the next question for me was what we could offer the unaccompanied children who were the focus of the commission's second interim report. i obtained the agreement of my cabinet colleagues for supports, including mental health and well-being supports. we are putting in place a process to consult the survivors on what would be the best supports for them. we propose to put in place a meaningful process. the redress possibility will be re-examined when the commission of investigation reports. as a minister i have to take account of a report from the comptroller and auditor general. we have learned some things from this scheme and others. if we are to put in place a scheme, we have to take account of those learnings.
           on the issues raised by senator devine about the 2012 report, the files were surrendered to the hse when the homes were closed. the information in question was examined by the hse as part of its input to the examination of the magdalen laundries. all the issues of concern, which i share, are within the remit of the current commission. it is important to point out that these serious concerns about high death rates and adoptions pre-1952 were known about prior to 2012. the issues which the senator has raised are being examined by my department and the commission of investigation. i will meet people as part of the consultation process in terms of responding to the issues that have been raised regarding the commission of investigation's report. many other important questions were raised and i would be happy to come back-----"
2017-05-16,seanad,https://data.oireachtas.ie/akn/ie/debateRecord/seanad/2017-05-16/debate/main,161,Senator Frances Black,Senator Frances Black,"senator frances black
          i welcome the minister of state back to the chamber to discuss ireland’s migrant integration strategy. it is something that is very close to my heart and i welcome the initiative. as we know, ireland is an increasingly diverse country. cso data from 2016 show that roughly one in ten people living here define as non-irish, while last year saw net inward migration to the state for the first time since 2009. a significant number of people are also seeking to build a life in ireland to contribute to our communities and our wonderful country. immigration is a positive and permanent reality in ireland and we must celebrate the diversity that comes with it.
           as the strategy recognises, integration is a two-way process. it is not about asking people to simply adapt to their new homes but about recognising that the state and wider civil society must make every effort to do the same. real integration is proudly asserting that migrants should not be asked to blend in or to disappear into the crevices and margins of irish society but to become a fundamental and central part of it. overall, how we treat migrants says a huge amount about who we are as a people. since 2011, the citizenship ceremonies held across the country are examples of ireland at its best – inclusive, welcoming and open.
          they realise the reputation of the céad míle fáilte and look beyond legal acceptance to a sense of social inclusion and belonging. in the past four years, more than 85,000 people from more than 160 countries have become irish citizens, widening and enriching our definition of what it means to be irish. this is the spirit in which we must proceed.
           around the world, we can see an alarming increase in xenophobia as migrants are continually scapegoated, stereotyped and demonised. we see politicians across the atlantic and the irish sea shamefully exploiting people's fears and whipping up anti-migrant sentiment. this trend is toxic, and ireland must lead the fight against it. we must strongly reassert the positive contribution that migrants make to their new countries.
           i am happy to see that €500,000 will be made available this year for local community integration projects. in particular, music, culture and the arts are hugely beneficial in bringing communities together. much has been said about how ordinary people in towns and villages like ballaghaderreen have rallied to welcome syrian refugees to their communities, and i can only further commend these efforts. they are a credit to the country. it is, however, vital that the government does not simply rely on community and non-profit organisations to do this work. the state must ensure adequate resources are provided for the provisions outlined in this strategy. commitments to expand english language training programmes must be well funded. similarly, intercultural awareness training for staff in the public sector is welcome, but we must ensure the proper interpretation and translation supports are provided, especially in the context of health care and education. the citizenship ceremonies themselves are fantastic occasions but they cost €1,125 to participate. this is clearly prohibitive for a huge number of people. the strategy commits to reviewing this fee, but no more. i hope the minister will support a reduction in that fee.
           beyond this, two stories from last month showcase the best and the worst of how things can work in ireland when it comes to migration and integration. in april, a young man named muhammad made his debut for michael davitt's gaa club in belfast. muhammad is a syrian refugee who arrived in ireland with his family from war-torn aleppo. we cannot imagine the difficulties and hardship that he and his family have faced and the kind of terror that has caused so many to flee in recent years. he lined out for the davitt's under 10s last month, scoring two goals in his first game with his new team mates. pictures circulated quickly of him standing proudly in an o'neill's gaa jersey after the game, and it was impossible not to be moved by the beaming smile across his face. it is brilliant that ireland can give muhammad and his family a new chance and a new life, but it should make us reflect on how much more we can do. callous inaction and low commitments from european leaders are seeing people die on europe's borders. we should not be congratulating ourselves for meeting tiny eu quotas for refugee resettlement. we should be asking why these figures are so low in the first place. we can and must do more to show compassion to people fleeing persecution and war.
           just a few days after muhammad played that game in belfast, a mother living in the direct provision centre in eglinton in galway had to carry her sick child for two miles to hospital, because she could not afford the bus fare. the galway anti-racism network spoke to the irish times about the case and others like it, including a woman living in the centre who had to walk the two miles home with her newborn baby because the €19 per week she is forced to live on cannot cover the cost of transportation. can one imagine the stress and anguish of that situation and how difficult that must be?
           the migrant integration strategy does not account for these women because it does not directly address how asylum seekers are treated by the state. the strategy applies only to eea and non-eea nationals, including economic migrants, refugees and those with legal status to remain in ireland. this is very disappointing. how can we talk credibly about the integration of migrants in this country without considering the thousands of people living in direct provision centres throughout the country? the design of this strategy means that direct provision falls outside law and policy again. direct provision is a scandal. i have raised the issue in this house previously, but the treatment of people who are feeling some of the worst abuse in the world is shameful. some 4,500 people are locked in this system and they are forced to live on €19 per week. they cannot engage in education beyond the leaving certificate. they lack basic cooking facilities and sleep in small, cramped, communal rooms. the disastrous mental health effects are well known. research from the royal college of surgeons in ireland has shown that depression and mental health problems are five times as high in direct provision as in the wider community, coupled with feelings of isolation and a loss of self-esteem. people remain in this system for up to a decade, which has been repeatedly condemned by human rights organisations. it is shameful. who benefits from such a system? who benefits from keeping talented, ambitious, enthusiastic people from realising their potential? it is certainly not the state as it makes a mockery of its commitment to cherish all children of the nation equally. it is not the people living in carceral institutions who are denied their basic rights and dignity. ultimately, the beneficiaries are the network of contractors running these centres on a for-profit basis. last year, eight companies were paid €43.5 million to provide these centres. is this the best use of our resources?
           as we try to come to terms with the abuse inflicted on people in the mother and baby homes, the magdalen laundries and other state and religious institutions, we often look back and ask ourselves how this happened. this is how it happens. it happens through endless discussion in committees, through reports left to gather dust and through the slow, cruel inaction of the state. it happens through a migrant integration strategy that says nothing about the 4,500 migrants trapped in a system that denies them their basic human rights.
           the strategy also does not apply to the estimated 20,000 or 30,000 people who are undocumented and living in ireland today. this is unacceptable. we cannot on the one hand plead with the united states administration for justice for the undocumented irish people living in america while ignoring the plight of those people living here under similar circumstances. undocumented migrants' lack of legal status prevents them from accessing basic rights and protection, and a substantial number of people live in a state of constant fear. many are concentrated in non-unionised, low-paid sectors where exploitation is common and no reasonable means for redress exists."
2017-05-04,dail,https://data.oireachtas.ie/akn/ie/debateRecord/dail/2017-05-04/debate/main,314,Deputy Mick Wallace,Deputy Mick Wallace,"deputy mick wallace
            saudi arabia has been elected to the united nations commission on the status of women by the united nations economic and social council. the un describes this commission as the principal global intergovernmental body exclusively dedicated to the promotion of gender equality and the empowerment of women. the executive director of geneva-based un watch has stated that electing saudi arabia to protect women's rights is like making an arsonist the town fire chief. it called the appointment ""absurd"".
             we know five european countries voted for saudi arabia and we specifically know belgium voted for saudi arabia due to a leaked cable. in the minister's statement today, he indicated that ireland has a very strong record in promoting the rights of women and girls at the united nations, commanding trust and respect across the un membership. it is an interesting statement given that last year the un human rights committee ruled that ireland's laws prohibiting and criminalising abortion violated the human rights of ms amanda mellet. the committee ruled that ms mellet was subjected to discrimination and cruel, inhuman or degrading treatment due to ireland's abortion laws. the same committee on the elimination of all forms of discrimination against women has called for an independent investigation into ireland's mother and baby homes and magdalen laundries, saying that victims should get appropriate compensation and official apologies.
             we are probably not the best to be throwing stones at anyone but saudi arabia is in a different league to all of us. one would struggle to find any country in the world where women are treated so poorly. given the minister's statement, the majority of people in ireland would believe that diplomacy and trade interests have won out and human rights have lost. perhaps that is not true but it would be good if the minister could clarify the issue so we could know the truth."
2017-05-03,dail,https://data.oireachtas.ie/akn/ie/debateRecord/dail/2017-05-03/debate/main,242,Deputy Imelda Munster,Deputy Imelda Munster,"deputy imelda munster
          ireland has a dark history when it comes to the provision of health care for women and babies. my party's motion outlines the ongoing problems in that regard. ireland has a long history of mistreating women and children. for too many decades the church colluded with the state in implementing and managing the horrendous practice of institutionalising women who were deemed to be problematic or inconvenient. their children were institutionalised, too, owing to the perceived sins of their parents because they lived in poverty or for some other arbitrary reason. the catholic church managed this regime on behalf of the state.
           almost 60 years ago the mother and child scheme was scuppered by the government of the day, albeit under pressure from the church. now we have the ongoing issue of malpractice and cover-up in maternity hospitals. we have the lowest number of consultant obstetricians per head of population in the oecd. we do not have enough midwives and do not know if the minister has a specific recruitment plan for the new hospital. we do not offer foetal anomaly screening to most women. the motion outlines a long list of shortcomings on the part of the state but handing over the national maternity hospital to the sisters of charity takes the biscuit. we all know that a new hospital must be built and that it must be built as quickly and efficiently as possible. however, it is unacceptable that the state should build the hospital and hand it over to the sisters of charity. the state is responsible for the provision of health care for citizens, not the church.
           there have been too many cover-ups in the past and too many people were not, and still are not, held to account. most recently, there has been the tuam mother and baby home scandal. it follows a litany of scandals in which the church and state colluded, all under the guise of providing care. why would we wish to continue a practice with such a dark history? last week the minister for health, deputy simon harris, appeared to have been taken aback by the backlash against this plan. is the government so far removed from public opinion on this matter that it thought this was acceptable? is it so out of touch with reality and the society it governs that it thought people would be happy with it? women's health and women's rights must be at the core of the new hospital which must be state owned and state run."
2017-05-03,dail,https://data.oireachtas.ie/akn/ie/debateRecord/dail/2017-05-03/debate/main,257,Deputy Bríd Smith,Deputy Bríd Smith,"deputy bríd smith
          amendment no. 3 in my name and in the names of my colleagues in people before profit-solidarity states:
           to delete all words after “dáil éireann” and substitute the following:
          “notes:
          — that maternity hospitals are not just for supporting women through childbirth but should provide the full range of reproductive health services, with due respect to the bodily autonomy and human dignity of their patients, coordinated with primary care services and gps and that this fact should be reflected in the hospitals written policies and their available services;
          — the failure of the religious sisters of charity ireland to compensate victims of abuse and neglect in its residential mother and baby homes and its continued failure to adequately fund the state redress scheme;
          — the failure of health facilities run or under the influence of this religious order to provide services, products, procedures and operations required by citizens in the areas of reproductive health;
          — that reproductive health services in publically funded hospitals should provide a spectrum of birth control services including information, contraception (including sterilisation), the morning after pill, early medical abortion and surgical abortion services, in addition to all other services currently available;
          — that the quality of information made available should be a priority so as women can make informed decisions on their health;
          — that since 2011, maternity services in ireland have been marked with investigations and, in some cases, alleged cover ups of maternal and child mortality or injury in portiuncula hospital as well as university hospital galway, portlaoise, cavan, and drogheda;
          — that ireland has the lowest number of consultant obstetricians per 100,000 women in the organisation for economic co-operation and development and a consultant obstetrician in ireland is responsible for 597 births per annum, compared to 268 in scotland;
          — that the three dublin maternity hospitals are operating at a 17 per cent deficit in the number of midwifery staff needed to run the services;
          — that most of the 19 maternity units do not offer foetal anomaly screening, as prenatal ultrasound assessments by qualified sonographers and foetal medicine specialists are not available outside larger units;
          — that, despite the enactment of the protection of life during pregnancy act 2013, there is a dearth of perinatal psychiatrists and other specialists;
          — the serious inequalities and absence of resources, which exist within the health service executive (hse), to provide services to children with life-limiting and complex medical needs, and to those under palliative care; and
          — that such shortcomings have directly led to tragic incidents involving mothers and children;
          acknowledges and supports the findings of:
          — the national maternity strategy, palliative care for children with life-limiting conditions in ireland – a national policy by the department of health, the hse national standards for bereavement care following pregnancy loss and perinatal death, and the report on end of life and palliative care in ireland by the joint committee on health and children in 2014; and
          — the national standards for safer better maternity services report by the health information and quality authority submitted to the minister for health;
          further acknowledges:
          — that the programme for a partnership government states it will implement the national maternity strategy and ‘invest in end of life care, including the provision of hospice and “end of life care” during the perinatal period, infancy, childhood and adulthood’;
          — the need for continuity of care for women and parents during pregnancy, at the point of delivery and after birth, inclusive of where children have life-limiting conditions;
          — the need to support bereaved parents in their transition out of hospital, with appropriate services and the availability of frontline bereavement counselling;
          — that the above is best delivered by clinical teams basing their decisions on best clinical practice and not in any way beholden to any religious ethos; and
          — the plans to move the national maternity hospital at holles street to new, modern facilities at st. vincent’s hospital campus; and
          calls on the government to:
          — ensure that the new national maternity hospital is built on the st. vincent’s hospital campus as quickly as possible, remains entirely within public ownership and has legally guaranteed independence from all non-clinical interference in its clinical operations within the laws of the state;
          — issue a compulsory purchase order for the lands at st vincent’s hospital, in order to proceed with the building on this site of the national maternity hospital;
          — declare that all state funded hospitals will provide all operations and procedures that may be required in the event of a change in abortion laws, including the recommendations of the citizens’ assembly;
          — ensure the religious sisters of charity ireland, and any other religious organisation, is precluded from any control over, or any operational function in, the running of the new national maternity hospital;
          — honour commitments in the programme for a partnership government in respect of funding and implementing the national maternity strategy;
          — ensure swift approval, dissemination and implementation of the national maternity standards for safer better maternity services;
          — ensure all maternity hospitals have access to foetal anomaly screening, with the requisite staff and equipment;
          — work with nursing and medical unions in the recruitment and retention of medical staff, so that all maternity hospitals meet the birthrate plus standard for midwifery staffing, as well as international standards for consultant obstetricians and gynaecologists;
          — establish an independent patient advocacy service; and
          — implement the recommendations of the report on end of life and palliative care in ireland by the joint committee on health and children in 2014, prioritising those parts relating to care for children with life-limiting conditions.”
          i would like to start with something that we are going to be dealing with later in the month, which is the question of how we treat and pay our hospital staff. the irish nurses and midwives organisation, inmo, is having its conference today. the minister is probably addressing it at some point. i do not know how he will be received, but if i was a midwife working under the current conditions - and my older sister has been a midwife all her life - i would be pretty angry with the minister, because there is much stress, staff shortages and hardship that nurses and midwives have to face on a daily basis. i say we will be dealing with this later because we will be dealing with the public sector pay talks that are coming up. one part of the solution to the future of maternity services in ireland is to treat maternity workers properly and to pay them properly. that refers to midwives in particular. in that way, we should be able to recruit enough of them and to retain enough of them.
           i want to address not just the issue of church and state and the question of st. vincent's hospital and its future ownership, but the wider concept of what maternity and reproductive services should be about. i do not think it is just about mother and child. i think it is also about a whole range of services relating to our reproductive health that should be available to women. i mentioned one earlier on, the question of tubal ligation. it is not available in some hospitals in this country. it should be available. it is a simple procedure.
           i would also like to mention the glaringly obvious fact that we are going to, in the next few months, hopefully deal with the outcome of the citizens assembly. that assembly has expressed the sentiment that we have to repeal the eighth amendment and start to deliver access to abortion services in this company. in that context, the ownership and control of maternity services is fundamentally important to the ability and the future of being able to deliver those services in this country. i would like to move the amendment put by people before profit-solidarity. it is quite a long amendment, as most of them are that are before us tonight. it deals with a number of issues, including the failure of the sisters of charity to compensate the victims of abuse and neglect in their residential homes. it also deals with providing a spectrum of birth control services, including clear and quality information. i would like to ask the minister, and maybe he could refer to it in his reply, when we can see and if it is possible to fast-track the bill that is before us to do away with bogus abortion information clinics.
          these are cropping up as a real problem for the women in our society who are in a crisis pregnancy and seeking guidance.
           bogus abortion information clinics, sometimes in receipt of state funding, are continuing to operate with impunity. they are not regulated. it is ironic that they are not regulated but information centres that give out real, proper, decent health information are indeed regulated. there is a bill before the house on that and we should make every effort to try and fast-track it, if we are serious about dealing with women's reproductive health in all its aspects and not just in the narrow confines of mother and baby, which of course are extraordinarily important. i have many friends and neighbours who have been through the horrors of having to carry a dead foetus for many weeks under the irish maternity service because of the fear of the eighth amendment. some hospital specialists are never sure that the heartbeat is gone. they might be 99% sure but not 100%, and therefore the women have to carry the foetus for another few weeks until the doctors can be sure. it is mental and physical cruelty for the women involved. we have to move on and move into the 21st century. our amendment addresses much of that.
           i welcome many of the other amendments and motions as well. there are many similarities. what goes to the heart of this debate is the elephant in the room that we must not avoid mentioning, and that is the control of state services by the catholic church. i am sure that the minister for health, deputy harris, is probably tired of us mentioning this. he gave what i regard as quite a confusing answer earlier today. what he says is not what the bishops say, and it is certainly not what the sisters of charity say. somebody is telling the truth and somebody is not. we need to get to the bottom of that. 
           the minister is asking for a month. i dearly hope that the irish people do not give him that month. we have waited too long for equality, for proper treatment for women in this country, and for us to be taken seriously so that the catholic church are no longer dominating our lives. i hope that the people of this country keep the pressure on the minister and insist that the church have no say in the new maternity hospital. it will be wonderful once it is delivered, as long as the sisters of charity do not get a say on the board of management or any other aspect of that hospital. we need that copper-fastened, iron guarantee from the minister. if he cannot give it now i worry that he might not be able to give it at all in one month's time. i hope that the pressure is kept up by the march next weekend by parents for choice - happening at 2 p.m. from parnell square for those who are interested in attending - and beyond that where parents are lobbying deputies and insisting that we finally put an end to the interference of the catholic church in our maternity services."
2017-04-13,dail,https://data.oireachtas.ie/akn/ie/debateRecord/committee_of_public_accounts/2017-04-13/debate/main,194,Deputy Catherine Connolly,Deputy Catherine Connolly,"deputy catherine connolly
          tá fáilte ar ais roimh mr. ó foghlú and his team. before i start asking questions - i will ask a few and try to stay away from statements - i think it is important to place why we are here with a redress board, a commission of inquiry and the conclusions of the ryan report. i hope the witnesses have read the conclusions and i hope caranua has read them. there are 43 conclusions and recommendations. the report is enormous. i am going to ask if the department has changed its attitude. from the 2002 indemnity, there is still money outstanding 14 years later. conclusion 6.03 states that ""the deferential and submissive attitude of the department of education towards the congregations compromised its ability to carry out its statutory duty of inspection and monitoring of the schools."" that is not referring to the secretary general personally, but to the department.
           recommendation 7.03 states:
          the congregations need to examine how their ideals became debased by systemic abuse. they must ask themselves how they came to tolerate breaches of their own rules and, when sexual and physical abuse was discovered, how they responded to it, and to those who perpetrated it. they must examine their attitude to neglect and emotional abuse and, more generally, how the interests of the institutions and the congregations came to be placed ahead of those of the children who were in their care.
           it is very important to place this in context. we will be looking at caranua and at the refusal to entertain another redress board for the mother and baby homes. that is the context this is in.
           with regard to the redress board, the figures from the comptroller and auditor general seem very high at €1.2 billion or something. the average payout to the survivors was €60,000. is that not right?"
2017-04-13,dail,https://data.oireachtas.ie/akn/ie/debateRecord/committee_of_public_accounts/2017-04-13/debate/main,208,Deputy Catherine Connolly,Deputy Catherine Connolly,"deputy catherine connolly
          in the scheme of things, when the €1.2 billion is being quoted by the press, it is important to point out that on average people were getting €60,000, while many got €20,000. many failed to tell their story because they were not able. such was the abuse, they simply were not able to tell of what had happened to them. i will ask the witness a question before i get into this. does the witness's department have a view on the proposed new redress scheme proposed by the commission sitting at the moment on the mother and baby homes?"
2017-04-13,dail,https://data.oireachtas.ie/akn/ie/debateRecord/committee_of_public_accounts/2017-04-13/debate/main,209,Mr. Seán Ó Foghlú,Mr. Seán Ó Foghlú,"mr. seán ó foghlú
          the commission on mother and baby homes is under the aegis of the department of children and youth affairs."
2017-04-13,dail,https://data.oireachtas.ie/akn/ie/debateRecord/committee_of_public_accounts/2017-04-13/debate/main,212,Deputy Catherine Connolly,Deputy Catherine Connolly,"deputy catherine connolly
          i ask the witness to listen. did the department of education and skills give feedback to the minister or to anyone on the proposal in the interim report that the existing redress or a new redress scheme be made available to those children who were in mother and baby homes unaccompanied? did the department have a view on that and give feedback to say that a redress was not appropriate?"
2017-04-13,dail,https://data.oireachtas.ie/akn/ie/debateRecord/committee_of_public_accounts/2017-04-13/debate/main,218,Deputy Catherine Connolly,Deputy Catherine Connolly,"deputy catherine connolly
          i am still asking the witness a specific question. did the department give feedback on the appropriateness or inappropriateness of setting up another redress board or extending this one in relation to the specific recommendation from the interim report on mother and baby homes?"
2017-04-13,dail,https://data.oireachtas.ie/akn/ie/debateRecord/committee_of_public_accounts/2017-04-13/debate/main,261,Deputy Catherine Connolly,Deputy Catherine Connolly,"deputy catherine connolly
          there are serious lessons to be learned. mr. ó foghlú has accepted that and he has agreed with the comptroller and auditor general's recommendations that the indemnity agreement be followed up and that there should be a look back assessment. i would have expected that to have started given mother and baby homes and other institutions need to be looked at, that officials would have learned from this and that they would be coming to the committee telling us what lessons they had learned about their predictions, which were inaccurate, in terms of time, money and legal costs. on occasion, 30% of the commission's expenditure was accounted for by legal costs. it was less for the inquiry. there were many examples throughout the world of different commissions and ways of doing things. is it correct that the idea behind the redress scheme was to cut down on legal costs?"
2017-04-13,dail,https://data.oireachtas.ie/akn/ie/debateRecord/committee_of_public_accounts/2017-04-13/debate/main,317,Deputy Catherine Connolly,Deputy Catherine Connolly,"deputy catherine connolly
          i would like to think that but then we fast-forward to 2009 and we have the minister for education and science of the time making a statement in the dáil that the state had no input into the magdalen laundries. that has since been disproved and we have had the magdalen report. now we are up to the mother and baby homes and again the state is doing its damnedest. my question to mr. ó foghlú is at what point does an institution learn, if ever? we had an apology in 1999. we had a minister for education and science in 2009 saying that the state had no role in the magdalen laundries. now, on the mother and baby homes, the government has been fast out of the trap in saying that there would be no redress. why? because this redress scheme was so expensive."
2017-04-13,dail,https://data.oireachtas.ie/akn/ie/debateRecord/committee_of_public_accounts/2017-04-13/debate/main,318,Mr. Seán Ó Foghlú,Mr. Seán Ó Foghlú,"mr. seán ó foghlú
          neither the magdalen laundries nor the mother and baby homes are funded by the department of education and skills. they are not under the aegis of the department, are not inspected by the department, nor were they. the work on the magdalen laundries was led by the department of justice and equality. i am not personally accountable for that to this committee, however, i do see what the deputy is saying in terms of the joined-up nature of the impact and the role of the state in relation to all of these. in each case the state engaged with the people who had been in the various places. for example, in the magdalen laundries there was the mcaleese report which was followed by mr. justice quirke's recommendations. the state worked that through. on the commission on mother and baby homes, we are all finding the horrific nature of what went on very difficult to see as we learn about it on the news and in official meetings. that is why the government has established a commission. i would not say that the state is avoiding dealing with these, but i would say that it is not my responsibility to talk about the role of the state here in that regard."
2017-04-13,dail,https://data.oireachtas.ie/akn/ie/debateRecord/committee_of_public_accounts/2017-04-13/debate/main,319,Deputy Catherine Connolly,Deputy Catherine Connolly,"deputy catherine connolly
          it is mr. ó foghlú's role to talk about the department of education and skills. it was his role to answer questions about what he said in respect of the proposed redress scheme for the mother and baby homes."
2017-04-13,dail,https://data.oireachtas.ie/akn/ie/debateRecord/committee_of_public_accounts/2017-04-13/debate/main,321,Deputy Catherine Connolly,Deputy Catherine Connolly,"deputy catherine connolly
          yes, he did, but in respect of all of these matters the department of education and skills, the department of justice and equality and every single other department were involved at different levels. my point is that it is denial, denial until the institution and each department is absolutely forced to do something.
           my final question is in relation to the mother and baby homes. it relates to redress. this has been used as an obstacle to a possible redress. in all the meetings i attended, none of the survivors asked for redress. what they asked for was truth and information so that they would be empowered. that has not happened. that is the problem. the redress is a separate issue entirely. i forget the question i was going to ask so i will come back to it."
2017-04-13,seanad,https://data.oireachtas.ie/akn/ie/debateRecord/seanad/2017-04-13/debate/main,40,Senator Paul Gavan,Senator Paul Gavan,"senator paul gavan
          this morning, i raise the case of irish citizen elizabeth crumlish doran, who is making a desperate plea to the irish government to step in and help return her three children, who were taken into care by british social workers in distressing scenes in solihull, birmingham in april 2016. this is a most disturbing case. the children were aged nine, six and 21 months old at the time social services took them away. since then, she has done everything she can to try to get her children back. what is really disturbing is the fact that the family court system in britain operates a system of forced adoption. it is the only country in the eu to operate such a system, although of course it is leaving the eu now. the court decided that because it would take elizabeth a year or more to learn how to read or write, it would be too long for the baby to be fostered, so her now two year old baby son has been put into forced adoption. in other words, she was told she would never see her child again.
           this case is not a one off. i have been researching this policy of contested or forced adoption, and i find it particularly disturbing because the system operates in secret. a number of irish citizens have been affected by the system. my colleague in tipperary, councillor catherine carey, has been approached by a number of people in recent times to tell her stories of mothers who, because they suffer from a mild disability, again, because they cannot read or write, have had their children taken away from them and told they will not see them again.
           we began the week speaking about tuam and a very disturbing situation there and the horrors inflicted on women. i find it absolutely shocking that today, just across the water, there is a system of contested or forced adoption, which seems to be picking on vulnerable people in particular. elizabeth's heart is absolutely broken, but it gets worse. given that the system in britain operates in secret, once a child is forcibly adopted, if one speaks out, one can be jailed. elizabeth is being threatened with jail by the british court system at present. it is not just a threat because at present 200 parents of children are in jail in britain because they have spoken out about the fact that their children have been taken from them.
           let us be clear: i fully understand the state has to be responsible and must intervene at times to protect children. we all agree on this point. however, it is particularly disturbing to find that parents are effectively gagged, threatened and jailed if they have the temerity to say their sons or daughters have been taken from them and they have been told they will never see them again. i ask the minister for justice and equality to address urgently the specific issue relating to elizabeth crumlish doran, and to come to the house to discuss this issue because it affects thousands of citizens. it has been addressed by the council of europe, which has expressed concern. the european parliament has also expressed particular concern and the italian courts have expressed concern that it may be in breach of the un convention on human rights with regard to children. i ask for the full support of the leader on this issue."
2017-04-12,seanad,https://data.oireachtas.ie/akn/ie/debateRecord/seanad/2017-04-12/debate/main,28,Senator Gerry Horkan,Senator Gerry Horkan,"senator gerry horkan
          i will start with a bit of good news. i welcome the long-awaited deal struck between the department of health and vertex to provide the life-saving drug, orkambi, to cystic fibrosis patients. campaigners have been appealing to the minister for health for well over 18 months for this drug, which will radically change the lives of more than 1,000 people who suffer from cystic fibrosis. there has been a lot of campaigning for this and deputies and senators in my own party have been dealing with cystic fibrosis patients and their supporters.
           i also wish to raise the controversy surrounding the post office network. it has been indicated that 265 post offices around the country are unviable and many face closure. i am sure this will affect post offices in urban areas but it would decimate rural ireland as post offices are a lifeline to many areas. on last night's ""prime time"", the chief executive of an post, david mcredmond, said there would be a significant number of closures and that if the company does not make changes needed for the future the whole system will collapse. we need urgent clarity from the government on what it intends to do to prevent such closures. government responsibility for post offices and the future network seems to be shared by a number of departments and ministers. the government received the bobby kerr report almost a year ago, which outlined a number of practical solutions, but it has not yet addressed it. it is unacceptable. it is important that we tackle this issue. we must put a new emphasis on defending services, particularly in rural ireland, and stop neglecting positive ideas that could help. i see there has been a row between the minister, deputy denis naughten, and the minister of state, deputy michael ring, which the minister, deputy naughten, seems to have won for the moment. we should bring the minister to the house to talk about it.
           i call on the minister for children and youth affairs, deputy katherine zappone, to come to the seanad to discuss the delay in publishing the interim report on mother and baby homes. the minister has had the document since last september and i have grave concerns about the length of time it has taken to publish it. i welcome its publication but there are still large gaps in the report and it is inexcusable that it has taken six months to get to this point.
           i dealt with bus éireann yesterday and i hope the issue will conclude satisfactorily at some point today."
2017-04-12,seanad,https://data.oireachtas.ie/akn/ie/debateRecord/seanad/2017-04-12/debate/main,30,Senator Máire Devine,Senator Máire Devine,"senator máire devine
          i propose an amendment to the order of business. i would like an invitation to be extended as a matter of urgency to the minister for children and youth affairs, deputy katherine zappone, to come to the chamber to respond to questions on the second interim report of the commission of investigation into mother and baby homes which was published yesterday and her response to it. the survivor groups waited anxiously for eight months for the report to be published and their experiences to be validated by the state. yesterday, amid the noise from the water committee and on other issues, they received validation that the lies and their experiences did not matter. they are reeling from the shock and speechless for now at their dismissal in the report. this compounds the pain and emotional distress for those blighted by the cruelty wrought upon them. it is laughable that judge murphy found no evidence of abuse because 600 people gave harrowing evidence to the commission, in many instances backed up by medical documents, of the physical, emotional and sexual violence that made up their daily lives. the minister also talked to survivors, yet she agrees with the commission's statement. the dogs in the street know that abuse of an horrific nature occurred. i have counselled many survivors and i am privy to the extremities of the twisted abuse they suffered. it was a sadistic environment and a reign of terror by religious orders with state support and involvement. the report is an attempt at washing ireland's dirtiest open secret - our concentration camps, our babies for adoption factories and our slave trade. look at the length of time it took for the magdalen women to be given an apology. they were made to beg for years. even now, what was promised remains to be fulfilled. as the final report is not due to be published until next year, there is still time to extend the terms of reference. survivors have the right to know who they are, where they came from and who their people are. they have the right to know why the adoptees are treated differently in the report. is there a hierarchy in ireland's concentration camps? there was a recommendation that there be an amnesty from prosecution in order that those who were involved would give evidence. they should be subpoenaed and not treated with kid gloves. survivors have asked me to ask the houses and the minister responsible where is the decency and empathy and where the moral compass lies in determining whether heinous wrongs will be investigated and addressed. who in this chamber believes the state has not been implicated in the savage cruelty inflicted, the slavery and torture of very vulnerable women, girls and infants? the survivors i have mentioned all seek truth, justice and accountability. they want more than tea and sympathy. the terms of reference of the commission must be extended. will the leader ask the minister to come to the house to address these issues?"
2017-04-12,seanad,https://data.oireachtas.ie/akn/ie/debateRecord/seanad/2017-04-12/debate/main,34,Senator Aodhán Ó Ríordáin,Senator Aodhán Ó Ríordáin,"senator aodhán ó ríordáin
          i will raise two issues, the first of which is child poverty. there have been a number of requests made this morning and i agree that the minister for children and youth affairs should be invited to come to the house to discuss the issue of mother and baby homes. in the past few weeks i have found the noise in the houses on the issue of water charges distressing. one sees images of deputies and senators with scraps of paper surrounded by other parliamentary colleagues and there have been discussions of the threat of an election and the possibility that the issue will cause the collapse of the government. an incredible amount of energy has gone into discussing the issue. it would be refreshing if the issue of child poverty created the same amount of heat, excitement and enthusiasm in all political parties represented in the house. it would be refreshing to witness a politician in the houses with a scrap of paper discussing how the issue of child poverty could be adequately addressed and tackled and to have those surrounding that individual saying it is something on which we could go to the country. it is of fundamental importance to the survival of the republic. anybody who believes in the real meaning of the word ""republic"" would take the issue of child poverty that seriously. however, the issue which generates that effect is water charges. it is the issue that has got people excited. on the issue of child poverty, i want to make a practical suggestion that the minister be invited to come to the house to discuss her vision for the ongoing area-based childhood, abc, programme which encompasses a number of initiatives, including in my constituency the preparing for life scheme in darndale. there are 15 such schemes across the country. i would like to have the minister's input on how she believes the schemes that tackle child poverty and empower parents can be enhanced in the coming years.
           like other senators, i raise the issue of chechnya and lgbt rights. this was the first country in the world to openly vote in favour of marriage equality. we have a number of things of which we can be proud in this country in promoting lgbt rights across the political spectrum. most recently, my colleague, senator gerald nash, has been attempting to push that agenda further in this chamber. we are a beacon of light for the world when it comes to lgbt rights. it is important when the vice president of america wants to roll back on lgbt rights that we stand firmly in opposition. in chechnya there are reports that camps and detention centres are being established and that young lgbt males, in particular, are being rounded up and sent to them. it is important we take a stand against this. i respectfully ask that the minister for foreign affairs and trade be asked to come to the chamber to discuss the issue in order that we can have a proper conversation with him about how he can discuss the issue with the russian ambassador to this country because we are a beacon of light when it comes to dealing with certain issues. this is a country which has a proud recent record of promoting lgbt rights. it is something on which we should not be behind the door when speaking about how we can play our role in the international fight for lgbt equality."
2017-04-12,seanad,https://data.oireachtas.ie/akn/ie/debateRecord/seanad/2017-04-12/debate/main,64,Senator Rónán Mullen,Senator Rónán Mullen,"senator rónán mullen
          i welcome the alleged compromise arrived at on the water issue. as a house and at oireachtas level, we must reflect on what this whole affair has to say about the way we do politics here and in the country. we have had a massive national distraction and a tremendous amount of posturing on all sides on an issue which is really rather simple, namely, the idea of promoting public, individual and collective responsibility for a precious resource. what has gone on at political level over the last weeks and months has not been edifying and has not inspired confidence in the political process. we must consider our political priorities here. we have had all this distraction about whether people should pay and how much for their water usage while the entire political establishment on practically all sides of the house has ignored completely the fact that we face hundreds of millions of euro worth of overspend in relation to the proposed children's hospital, far beyond what was originally projected. there is a high likelihood that the hospital is being built in the wrong place and that it will endanger the children who need its services. very eminent people have given dire warnings about the massive expense and lack of accountability around the constant increases in projected expenditure and questions about placement. there has been no serious political discussion of this while we rant on about a relatively minor issue, namely, water charges.
           we have massive inconsistency here. while i hate to point fingers, the fianna fáil leader was speaking a few short weeks ago about the need for religious orders to hand over any health or education facilities they owned. meanwhile, he asks today about the proposed exclusion of certain categories of former residents of mother and baby homes, saying the matter is complex and that it is too early to say. what really matters to our politicians? is it the welfare of individuals, including former residents of these homes who have a very good claim to be included at the same level as others with a disadvantaged past or is this all about political posturing and going by what the media appears to want politicians to say? is that what it is really all about at the end of the day?"
2017-04-12,seanad,https://data.oireachtas.ie/akn/ie/debateRecord/seanad/2017-04-12/debate/main,85,Senator Jerry Buttimer,Senator Jerry Buttimer,"senator jerry buttimer
          i thank the 25 senators who made contributions to the order of business. i welcome mr. tiernan brady of australians for equality to the public gallery who is here for the easter holidays. he is a former member of the yes equality campaign and i pay tribute to his work here. i wish him well in his work in australia and hope to see it pass marriage equality.
           i join with senators horkan, dolan, mulherin, colm burke and byrne in congratulating all concerned in the protracted, although unnecessarily so, negotiations on the provision of orkambi. i congratulate cystic fibrosis ireland, its chief executive, philip watt, the minister, deputy simon harris, and the health service executive, hse, for their perseverance in negotiating a deal on the commercial terms of supply to patients who require this much-needed treatment. this is about patients and the lives of people. it is about improving the quality of life. the negotiations showed the importance of persevering and entering into talks. it is important we pay tribute to vertex pharmaceuticals and thank it for its willingness to engage in compromise and negotiation.
           there is still a significant amount of work to be done, as senator colm burke said, in keeping the cost of drugs and medications at a point at which people and the state can afford. the significance of this deal will be seen in time. again, i join with everybody in welcoming the conclusion of talks and hope it can bring a positive outcome. it is a pity it took so long, but it shows that the collective bargaining power of the government through the hse is important. i thank the minister, deputy harris, for that.
           senators devine, mullen, higgins and horkan raised the issue of the second interim report of the mother and baby homes commission published yesterday. senator devine articulated remarks many of us would share. rather than divide the house on a sensitive and important issue, i appeal to her to agree to dealing with this after the easter recess. i am not in a position to bring the minister for children and youth affairs to the house today but i would be happy for her to come to the house after the easter recess. all members are committed to having services and supports put in place for the people who were cruelly abused in these homes. i agree with senator devine that it is a shameful period in our history. we must take cognisance that this is an interim report and that the final report has not yet been completed. it is also worth noting the commission has made no findings to date in terms of abuse and neglect, to which senator higgins also referred. rather than divide the house, which would be unnecessary, in the spirit of co-operation, the government is committed - i am of the same view as the senator - that we need to see action steps, not just, as some people claim, posturing. this is about the human rights of people which were cruelly denied and abused under the care of so many. i would happily bring the minister to the house after easter, if the senator accepts my bona fides. if she does not, that is a matter for herself.
           senator mcdowell proposed an amendment to the order of business to take all stages of the intoxicating liquor (amendment) bill 2017 today. senators reilly, ruane and craughwell also referred to it. senator lawless has put much work into this bill. i am happy to take second stage today. however, there are anomalies in the bill and taking all stages today would not lead to good legislation. as leader, i am committed to working with senator lawless, irrespective of whether there will be different views expressed later today in the debate, to have committee stage in the house on the last week of may. i also want to pay tribute to the former senator, imelda henry, who did a significant amount of work on this bill in a different format. i know senator lawless would not want me to forget her. i am happy to take second stage today. notwithstanding there will be different viewpoints and those who will not want to see alcohol served in public houses on good friday, many members will want to get this bill right so it can be enacted by this time next year. i am more than happy to take committee and report stages at a later date.
           senator mcdowell also raised the issue of public broadcasting. we are at a serious point in regard to the future remit and role of rte as our public service broadcaster. i fundamentally agree there needs to be a national debate from cork to donegal on the role and the future of broadcasting and rte as well. i would not like to have to explain to people how we can put a tax on a laptop, an ipad or an iphone because one can get tv coverage with them. i believe it is a wrong move and that debate needs to be had. i would be happy to have a debate in this house on it. away from the committee doing work on this matter, this is of fundamental importance to our country. we see our print media under sustained pressure but we have the commercial growth of local radio. i know the minister published remarks on it but i would be happy to debate this in the house after the easter recess.
           senators mulherin and horkan raised the issue of the post office closures. i would be happy for the minister for communications, climate action and environment to come to the house. to be fair, the minister of state, deputy ring, was explaining he did not have any responsibility in the matter. senator mulherin raised some interesting points about the role of the post office in the future, which merits discussion and consideration. to be fair to her, the fact she has put some of those suggestions on the record this morning is good. i will be happy to have a debate on this subject at a later date.
           i commend senator kelleher for her work on the adult safeguarding bill. the minister of state, deputy stanton, had a family bereavement yesterday and that is why yesterday’s debate on migrant integration strategy was cancelled. it will be held on 16 may.
           senator ó ríordáin raised the issue of child poverty. he is correct in that regard. senator mullen used the word “posturing” earlier. we have seen much posturing by certain groups over the past several weeks around the issue of water. notwithstanding the good work senator kevin humphreys did as minister of state in the department of social protection on child poverty, i hope we will have a debate on this after the easter recess.
           all of us will welcome figures from the central statistics office showing a reduction in the number of children in consistent poverty as a consequence of the policies of the previous government. notwithstanding this, 11.5% of children are in consistent poverty and i fully accept that this figure is much too high. it is important to recognise that the government, in budget 2017, increased the weekly rate of payment for working age schemes and the income disregard for one-parent families. it also introduced additional child care and paternity leave provision. the issue the senator raises is important and i will be pleased to have it debated in the house. 
           i join senator ó ríordáin in condemning the allegations made in reports from chechnya concerning the rounding up and incarceration of members of the lgbt community. i have written to the russian ambassador peshkov on the matter. i would also be happy to have the minister come to the house to discuss it. there can be no rowing back on the fundamental human rights that have been won across the world. in some countries, the lgbt community has not yet achieved any victories. i am conscious that we have visitors from australia in the public gallery who are working to have human rights made available to all australian citizens. it is important that the house stand up for the rights of all citizens. the reports from chechnya are deeply worrying and distressing. as advocates for human rights, we must stand in solidarity with our lgbt brothers and sisters in russia. we cannot allow anyone to be treated in the callous manner described. i will be happy to have the minister come to the house to discuss the matter, which was also raised by senator o'reilly. 
           senators swanick and conway-walsh raised the toll charges incurred by volunteers from carrick-on-suir. it is extraordinary that they were charged tolls given that they were returning from volunteering in county mayo on a major rescue mission to recover the bodies of two missing r116 crewmen. we all hope the bodies will be returned to their families and loved ones, for whom this is a traumatic time. from watching television coverage and listening to radio reports, i am aware of the major voluntary effort that took place along the north-west coast at the weekend. it beggars belief that no cop-on or common sense was shown or no recognition given to the fact that the individuals in question were on a humanitarian mission. i join senators swanick and conway-walsh in appealing to the company that operates the toll bridges to show common sense and latitude in this case. perhaps the senators will raise it as a commencement matter with the minister for transport, tourism and sport. the house must also take up the issue. 
           senators craughwell and wilson raised the issue of entrepreneurship in education and training boards. the local enterprise offices are engaged in work to increase employment. it is important that they work together with the education and training boards. i will be happy to have the minister come to the house to discuss the issue. 
           senator o'mahony raised the issue of the n4 and n5 motorway projects. he has consistently advocated their prioritisation as part of the mid-term capital review. i hope the minister for public expenditure and reform, deputy donohoe, will come to the house after easter because we need to discuss the mid-term capital review. we also need to have the minister for housing, planning, community and local government, deputy coveney, before the house for a discussion on the ireland 2040 plan which deals with regional and economic development and the locations at which we will build and concentrate population masses. 
           i welcome senator conway-walsh back to the house and wish her well. she referred to the case of evan morrissey which was outlined yesterday in the coroner's court. there are protocols in place to deal with medical negligence. i sympathise with the family of mr. morrissey and all those who have been the victims of misdiagnosis. to be fair to health professionals, their record in this regard is good. i will be happy to have a debate on the issue. 
           senators dolan and mcfadden raised the case of áras attracta and disability issues. the minister of state with responsibility for disability, deputy finian mcgrath, is committed to delivering a comprehensive package for the disability sector and i will be pleased to have him come to the house to discuss disability issues. 
           i welcome the decision of the joint committee on future funding of water services and hope the issue of water charges has been addressed for the last time. i pay tribute to senator ó céidigh for his excellent stewardship of the committee. he demonstrated a willingness to go the extra mile, while being fair, impartial and stern when necessary. it is important to recognise the significance of yesterday's developments."
2017-04-12,seanad,https://data.oireachtas.ie/akn/ie/debateRecord/seanad/2017-04-12/debate/main,106,An Cathaoirleach,An Cathaoirleach,"an cathaoirleach
          senator devine has proposed an amendment to the order of business that there be a debate with the minister for children and youth affairs on the interim report of the commission of investigation into mother and baby homes today. is the amendment being pressed?"
2017-04-12,dail,https://data.oireachtas.ie/akn/ie/debateRecord/dail/2017-04-12/debate/main,247,Deputy Martin Kenny,Deputy Martin Kenny,"deputy martin kenny
          i know that the redress scheme for people who were born in mother and baby homes came before the cabinet yesterday. we had a lot of fine words of compassion here a couple of weeks ago but for many people, what happened yesterday seems to be the opposite. is the taoiseach prepared to commit today regarding what he will do to look after these people who were the victims of an abusive situation that was government policy in the past? what can be done to provide redress to these people, many of whom are getting old and need to see that it is not just a matter of fine words in this chamber but that the government will act on their behalf?"
2017-04-12,dail,https://data.oireachtas.ie/akn/ie/debateRecord/dail/2017-04-12/debate/main,248,The Taoiseach,The Taoiseach,"the taoiseach
          this is an interim report. obviously, it has major implications. the minister for children and youth affairs set out the views of the cabinet and government on the report yesterday. the government is conscious that the commission has made no findings to date regarding abuse or neglect and believes it would not be appropriate to deal with the questions of redress in advance of any conclusions that will be reached by the commission. in addition, the redress scheme that was there was complex to administer and often difficult for applicants. the comptroller and auditor reported recently on the 2002 residential institutions redress scheme and highlighted the cost to the state, the diminution in the value of the offers made by the congregations, the need for evaluations and lessons learned. the focus will now be on assisting those who were unaccompanied as children in the mother and baby homes with a view to offering very meaningful supports that will be of genuine and practical value to them. the minister for children and youth affairs will consult representatives further about this. we want to do this in a way whereby the state will help and support these people - through the provision of appropriate services - in respect of this aspect of their lives. the department of children and youth affairs is working with tusla to support the provision of information to assist former residents who may wish to establish when they resided in a mother and baby home. this might involve very painstaking work on a matter that is obviously very personal for some people who want to find out where their mother was or who she was. dr. james gallen from dublin city university has been asked to assist in the design of a model of transitional justice as a means of giving voice to former residents of mother and baby homes and county homes. the minister will carry out a scoping review of the commission's existing terms of reference to see if amending them would enhance the existing work and help to resolve related questions."
2017-04-12,dail,https://data.oireachtas.ie/akn/ie/debateRecord/dail/2017-04-12/debate/main,308,An Leas-Cheann Comhairle,An Leas-Cheann Comhairle,"an leas-cheann comhairle
          i wish to advise the house of the following matters in respect of which notice has been given under standing order 29a and the name of the member in each case: (1) deputy pat casey - the report into sunbeam house services in wicklow and south dublin; (2) deputy thomas byrne - the recent cut in occupational therapy services in county meath; (3) deputy niamh smyth - the impact of the closure of ulster bank branches; (4) deputy john brassil - activity-based budget allocations in university hospital kerry for 2017; (5) deputies pat buckley and billy kelleher - camhs services in cork; (6) deputy carol nolan - terms and conditions of non-academic third level staff; (7) deputies joan burton, clare daly and catherine connolly - the second interim report into mother and baby homes; (8) deputy eamon scanlon - the retirement age of retained firefighters; (9) deputy margaret murphy o'mahony - the cessation of the river bandon flood relief scheme; (10) deputy mary butler - the health research board report on statutory home care; (11) deputy mick wallace - the ongoing conflict in syria; (12) deputy aindrias moynihan - the removal of 2,258 nurses from the active register by the board of the nmbi; (13) deputy bríd smith - the post office network uncertainty; (14) deputy james lawless - inconsistencies in commercial rates system from valuations in reval2017; and (15) deputy richard boyd barrett - funding for dalkey school project, glenageary.
           the matters raised by deputies pat casey; pat buckley and billy kelleher; joan burton, clare daly and catherine connolly; and eamon scanlon have been selected for discussion."
2017-04-12,dail,https://data.oireachtas.ie/akn/ie/debateRecord/dail/2017-04-12/debate/main,406,Deputy Joan Burton,Deputy Joan Burton,"deputy joan burton
            the reaction of the government yesterday to the publication of the second interim report of the commission of investigation into mother and baby homes came as a slap in the face to many of the people affected by the issues being examined. the ruling out of redress was stupid and foolish on the part of the government in respect of a report that made no findings of fact.
             i wish to highlight the remarks of the unnamed minister referenced on the front page of the irish times today. the minister in question said that if the government were to accept the redress recommendations from the commission, then the sky would be the limit for potential future liabilities. i do not think the minister in question can have read the report because there are no findings of fact in it. whoever that minister is, he or she should out him or herself. it is absolutely disgraceful."
2017-04-12,dail,https://data.oireachtas.ie/akn/ie/debateRecord/dail/2017-04-12/debate/main,408,Deputy Joan Burton,Deputy Joan Burton,"deputy joan burton
            the other coverage on the matter is all about fear, including the fear of the mothers and children who were in mother and baby homes. this runs absolutely counter to how to deal with people with sensitivity and care and consideration. i exempt the minister present from my comments but the stuff in the newspapers from her government is an absolute disgrace."
2017-04-12,dail,https://data.oireachtas.ie/akn/ie/debateRecord/dail/2017-04-12/debate/main,410,Deputy Clare Daly,Deputy Clare Daly,"deputy clare daly
            i welcome that the interim report is recommending further investigation into addressing the inclusion of those who have been excluded. i welcome that redress has been mentioned. this is obviously the reason we have had to wait seven months for it to be published.
             i am concerned by the response of the minister to the report and her claims that the focus of the report is on children who were unaccompanied by their mothers into the mother and baby homes and county homes. i do not believe that is the case. the report raises far more significant points. the government's announcement of its unwillingness to examine the issue of redress is an appalling slur on the victims. again, in the seven months the government has waited to publish the report, probably many of these people have already died.
             redress was never at the heart of this issue. over and over again, we never asked about redress. it was always about stolen identity, stolen lives and broken families. no amount of money can compensate for these things. the people concerned want an acknowledgement of what was done to them with the knowledge of the state. the report clearly states that the facts relating to financing gave the state the ultimate regulatory power, that is, the power to close the institutions. the state is responsible and we have to deal with it."
2017-04-12,dail,https://data.oireachtas.ie/akn/ie/debateRecord/dail/2017-04-12/debate/main,412,Minister for Children and Youth Affairs (Deputy Katherine Zappone),Minister for Children and Youth Affairs (Deputy Katherine Zappone),"minister for children and youth affairs (deputy katherine zappone)
            i thank the deputies for raising this matter and providing me with an opportunity to discuss the publication of the second interim report of the commission of investigation into mother and baby homes.
             the commission was set up to inquire into the conditions in mother and baby homes and county homes in the period between 1922 and 1998. following a short first interim report last july, the commission submitted a second interim report in september 2016. this report deals with a number of issues that had come to its attention during its work and analysis based on information collected up to august 2016.
             yesterday, i published the second interim report of the commission. it is now available on my department's website. i have been mindful of the time it has taken to publish this report. it has, however, been necessary for me to engage with cabinet colleagues on issues in the report that extend beyond my remit as minister for children and youth affairs.
             the focus in this report is on children who were unaccompanied by their mothers in mother and baby homes and county homes. in its interim report published yesterday, the commission suggests that the exclusion of children who were resident in mother and baby homes and in county homes without their mothers from the residential institutions redress scheme, which was established in 2002, should be re-examined. the report states that the commission is satisfied that the institutions it is investigating are unquestionably the main such homes that existed during the 20th century. it does not currently recommend that other institutions be investigated. the commission is not recommending changes to its terms of reference at this time. it may recommend further investigations when its current investigation is completed. it has not made findings to date that abuse occurred in these institutions but notes that its work is not yet complete.
            the commission also recognises that people whose births were falsely registered have a need to establish their identities but that the false registration of births is a very difficult issue to investigate because of a lack of accurate records.
             the government has carefully examined the commission’s recommendation regarding redress, and has concluded that it is not possible to implement it. as deputies will be aware, the residential institutions redress scheme has been closed since 2010. following the publication of the ryan report in may 2009, there was a range of requests and calls for the redress scheme to be extended. the then government took a decision in 2010 not to extend the scheme. the government in 2013 also decided not to extend the scheme. the then minister for education, deputy ruairí quinn, said he found no basis to revisit the decision. 
             this government is conscious that the commission has made no findings to date regarding abuse or neglect and believes it would not be appropriate to deal with the question of redress in advance of any conclusion on this issue by the commission. the challenges for government in considering the recommendations of the commission at this interim stage of its work are clear from the findings of this report.
             it is important to remember that the commission’s investigations are ongoing. the commission’s final report is due in february next year. its conclusions on this and all matters regarding the treatment of former residents will be studied very carefully at that point. my focus now is on assisting those who were unaccompanied as children in mother and baby homes and county homes, with a view to offering supports that will be of genuine and practical value to them. with this in mind, i will consult with them regarding the nature and type of services and supports in the area of health and well-being that they consider would be helpful to them at this stage. i will conclude this consultation by the end of june, and bring proposals to government before the summer break, so that we can have appropriate supports in place as quickly as possible.
             my department is working with tusla to support the provision of information to assist former residents who may wish to establish when they resided in a mother and baby home. i have asked dr. james gallen of the school of law and government, dublin city university, to assist by mapping out a model of transitional justice. this would be a means of giving a voice to former residents of mother and baby homes and county homes. dr. gallen’s expertise in transitional justice will help to develop an approach.
             i am also carrying out a scoping exercise to examine the possibility of broadening the commission’s terms of reference. this report is very helpful in focusing us on what may possibly emerge in the final report from the commission of investigation."
2017-04-12,dail,https://data.oireachtas.ie/akn/ie/debateRecord/dail/2017-04-12/debate/main,413,Deputy Joan Burton,Deputy Joan Burton,"deputy joan burton
            the minister must have had a very bad day at cabinet yesterday because of the briefing around the story and the unnamed coward of a minister who would not actually put his or her name to what he or she said on the front page of a national newspaper. if that person feels that strongly about this and is a member of the government, he or she should come out and identify him or herself.
             with regard to the mother and baby home redress fears, i think the minister's intentions are very good. yesterday, she did a tremendous amount of damage to people who had been in such situations and who were above all else entitled to be treated as free and equal citizens of this republic, not as victims or survivors. the minister should have been able to tell us that, even though the decision may not have been made yet and we know there are no findings of fact here, the commission would be widened to all institutions and would include the situation of birth mothers where their consent was not properly forthcoming. we know of many of those cases. it should also include the falsification of records and american adoptions. if the minister is intent on looking at scoping exercises, can we see scoping exercises that are of meaning and value to people affected by this?"
2017-04-12,dail,https://data.oireachtas.ie/akn/ie/debateRecord/dail/2017-04-12/debate/main,414,Deputy Clare Daly,Deputy Clare Daly,"deputy clare daly
            what the survivors have always wanted is acknowledgement, apology and inclusion. the interim report goes some way to saying it warrants further investigation into including those who have been excluded. the decision on which institutions to include and exclude was very inconsistent. that needs to be addressed. there is an urgent need for the minister to meet with representatives of the survivor groups. they are not happy with the minister's response and the response of government. there are things they have consistently asked for that are not being addressed. i know that people like mr. paul redmond and others from the coalition of mother and baby home survivors are really keen to have this urgently addressed. the minister would get the response right if she engaged with them. time is running out. i urge that this be done as an immediate matter."
2017-04-12,dail,https://data.oireachtas.ie/akn/ie/debateRecord/dail/2017-04-12/debate/main,424,Deputy Katherine Zappone,Deputy Katherine Zappone,"deputy katherine zappone
            -----are reported that may or may not have happened. i accept and hear what the deputy is saying, but i just do not have any comment on that. i wish to say very clearly that in terms of the government's response, it does not mean we have closed off redress for those who have been in mother and baby homes. when the commission finishes its investigations, social history and confidential committee of hearing evidence and makes recommendation to government, it is then we will have the opportunity to consider redress for those people in those institutions, irrespective of whether that is a part of the recommendations. it is at that stage the commission will have the opportunity to identify whether there are any findings of abuse in the formal process that has been put in place.
             i hear what deputy daly is saying about the extension of the terms of reference. i committed to looking at that and i am doing so. deputy daly talked about listening to survivors, or residents. some of the people with whom i have spoken to prefer to call themselves residents as distinct from survivors. the deputy said that what they wanted was an apology. i spoke with a survivor or resident yesterday who did not want an apology. instead, what she wants is the head of state to ask for their forgiveness. she sees that as different from an apology. therefore, i understand that there are lots of different issues that people are seeking to be addressed. part of the reason for establishing an approach to take a look at the wider ways of listening to what people want, which is part of what is transitional justice, is because of that diversity and the importance of trying to identify it.
             in response to deputy connolly, i listened very carefully in terms of the meetings on tuam that were requested. i have received many submissions and have already written letters that are being sent back on how we will progress the different issues that arose. as the deputy knows, one of the aspects specifically has to do with access to information. that is something about which i spoke in my response to the interim report."
2017-04-11,seanad,https://data.oireachtas.ie/akn/ie/debateRecord/seanad/2017-04-11/debate/main,26,Senator Frances Black,Senator Frances Black,"senator frances black
          today, i highlight an issue around direct provision. our treatment of the thousands of people in direct provision throughout this country is nothing short of a scandal. a country coming to terms with the awful abuse inflicted on people in the mother and baby homes, the magdalen laundries and other state and religious institutions is now sowing the seeds for future shame. the treatment of people fleeing some of the worst abuses around the world is shameful. the fact that adults and children have to live on €19.10 and €9.60 per week, respectively, means they are treated as second class citizens and not given the respect they deserve. direct provision is operated as a profit-making enterprise by private companies and individuals. barlow properties limited in cork has received €40 million from the state for running five direct provision centres. east coast catering has received €90 million since 2000. bridgestock, based in roscommon, has received at least €68 million for its role in running direct provision centres. is this the best use of our resources? people in direct provision do not have cooking facilities, which leads to children not learning how to cook as they have never seen their parents do so. in northern ireland, asylum seekers have cooking facilities. asylum seekers are not permitted to work and they are not entitled to social welfare benefits. they are also excluded from social housing and free third level education. former supreme court judge catherine mcguinness has predicted that a future government will end up publicly apologising for damage done by the direct provision system.
           the health service executive has documented the negative health effects on asylum seekers of not being able to work.
          it reported this lack of entitlement to work when this restriction extends over a long period may further compound mental health issues, with boredom, depression, a sense of isolation and loss of self-esteem commonly reported symptoms. a shocking statistic is that depression and mental health problems in the direct provision system are up to five times higher than in the wider community. a study carried out by the royal college of surgeons found the length of the asylum process was associated with an increase in psychiatric disorders. the state has an obligation to treat people in direct provision with dignity and respect. this can only be achieved when there is an admission by the government that the conditions in the centres are below standard and the facilities are improved. children who live in direct provision must be allowed to continue their education by receiving free third level education. i ask the deputy leader when does the government intend to address the issue of direct provision, which was initially intended as a stopgap measure before people's asylum application cases were heard."
2017-04-05,dail,https://data.oireachtas.ie/akn/ie/debateRecord/dail/2017-04-05/debate/main,99,Deputy Mary Lou McDonald,Deputy Mary Lou McDonald,"deputy mary lou mcdonald
          last night there was yet another harrowing programme about the mother and baby homes. this programme covered the situation in bessborough. i want to ask the taoiseach about the publication of the second interim report from the commission of investigation into mother and baby homes. the minister for children and youth affairs, deputy zappone, had indicated that the report would be published at the end of march. she has now resiled from that commitment and is stalling the publication of the report. she says that both herself and the government need more time to consider the recommendations. that is an entirely unacceptable position to adopt. the taoiseach is aware of the trauma that was caused by the discoveries at tuam. naturally, it has triggered deep, personal concerns for the survivors of these awful regimes across the state, and the least the government owes to society at large is the prompt publication of this interim report so that we can collectively take stock and move forward in the most constructive way possible."
2017-04-05,dail,https://data.oireachtas.ie/akn/ie/debateRecord/dail/2017-04-05/debate/main,100,The Taoiseach,The Taoiseach,"the taoiseach
          i do not agree that it is an unacceptable position to adopt. it is right and proper for government to assess carefully every interim report that comes before it, this one included. the question arising from the mother and baby homes, as one of a whole series in this general area, is one that needs to be considered very carefully. i expect the minister, deputy zappone, will bring a memo on this matter before the government next week, and the report, once government adopts it, will be published then."
2017-03-30,dail,https://data.oireachtas.ie/akn/ie/debateRecord/dail/2017-03-30/debate/main,30,Deputy Kathleen Funchion,Deputy Kathleen Funchion,"deputy kathleen funchion
          i welcome the opportunity to speak on this issue which is of huge concern to many of us here. with good reason, direct provision can be called the magdalen laundries of our time. i believe it will be the subject of inquiry in years to come. direct provision centres are often referred to as holding camps and sites of deportability. the free legal advice centres states that these privately owned centres which are administered by the government constitute a direct provision industry which makes a profit on direct provision. it is a privatised system, initiated by fianna fáil and run by highly profitable private companies making more than €50 million a year. recently a centre in limerick was closed by the department of justice and equality due to health and safety standards being ignored. there remains no accountability or transparency and no clear process of tendering for these centres. there are no support services or expertise among staff working on sites. since the implementation of the international protection act only the legal elements of the mcmahon report have been introduced. the issues around direct provision are still the same and, according to asylum seekers, are getting worse.
           i have raised the issue of children growing up in direct provision previously in the chamber on both the grace case and on the tuam mother and baby home. i have said that i fear direct provision will be the child protection scandal of our time. it is incredibly frustrating to hear representatives speak time and again about the wrongs in our system in the past while dangerous circumstances exist in direct provision centres all across the state. will we all be here wringing our hands again in ten or 20 years? i fear we will. the issues surrounding child protection and children’s health and well-being are huge. families are sharing single rooms in cramped facilities with no space for children to study in peace. children are regularly in close proximity to strangers. there is no place for recreation for children and no areas for visitors or school friends to come to spend time with them. direct provision has been likened to an open prison, with people spending years in facilities that were originally built for people to remain in for six months. people have lost hope and their spirits are being killed. it is completely inhumane.
           where have we heard this sort of language before? our history, which we recently discussed in the chamber, is eerily similar. there is no independent complaints mechanism for people living in direct provision. there is no ombudsman, children's ombudsman or hiqa oversight. this is institutional abuse of the highest order with vulnerable people being exploited for massive profit. people are existing on the €19 a week payment with no right to work and no right to education. children who have grown up here within the school system, learning through english, study hard for their leaving certificate and receive the points for college only to be told they have no prospects for college or training and no chance to create a life and support themselves.
           the international protection act was meant to solve this system but it appears to have been nothing but a trojan horse. it has put direct provision on a permanent footing, and asylum seekers and ngos who co-operated with the working group are extremely disappointed with the result. the introduction last month of a new asylum application procedure has created chaos for thousands of people living in direct provision. there are serious issues with the new single procedure for processing applications. people were sent a long application form recently with a totally unrealistic deadline and translations that were done using google translate, which beggars belief. there is a lack of people available to give legal advice and people are unfortunately making statements in error as a result of difficulties with the form, which will inevitably jeopardise their applications in future. the department has given an extension after significant lobbying, which is welcome, but the whole system is stacked against people.
           direct provision should and must be scrapped. there are other models which can be looked at and which ngos such as the irish refugee council, doras luimní and nasc have been proposing. at a time of unprecedented refugee crises across the world, when a focus on human rights is most needed, the whole system appears to be designed to facilitate and speed up deportations. we need to scrap direct provision and introduce a new system that treats people humanely, a system of which we can be proud rather than ashamed."
2017-03-30,dail,https://data.oireachtas.ie/akn/ie/debateRecord/dail/2017-03-30/debate/main,32,Deputy Ruth Coppinger,Deputy Ruth Coppinger,"deputy ruth coppinger
          solidarity - people before profit deputies pushed for this debate to be put on the agenda and it has been difficult to reach agreement. the taoiseach justified visiting a racist, sexist american president and offering him the hand of friendship - i do not know why the minister of state is making a face - on the grounds that he would make a case about immigration and the illegal, undocumented irish in the us. however, we have two scenarios in this country of undocumented people who have no status and who are not getting any assistance and the scandal of people being kept in direct provision. labour party members have not bothered their barney coming to the house for the debate. during the previous dáil, we were led to believe by the former junior minister, senator aodhán ó ríordáin, that he would end direct provision and that we were on the precipice of a great development but labour party members have not even shown up for this debate, which is disappointing.
           direct provision is an inhumane system which should be ended immediately. marie williams, a constituent of mine, works with women who experience direct provision and helped establish the young mothers network with them. ritah and diane, who are also founders of the network, have been in contact and supplied some comments about living conditions. ritah says:
          the hardest thing was the loneliness, having no-one to talk to, no-one to reach out to, no-one to check-up on you. it's survival of the fittest in direct provision: people are always being moved, people are so stressed about their own situation, not knowing what the future holds, always being afraid of being deported. that's not an environment to develop stable relationships with people.
          diane was in an abusive relationship and she says, ""[direct provision] is that tough that i chose an abusive relationship rather than live in dp.""
           asylum seekers are given €19.10 a week and are unable to cook for themselves or have anything approaching a normal family life for themselves and their children. there is not a normal level of privacy for individuals and families. we have also heard reports of sexual abuse and reports of people being vulnerable to all sorts of other abuse. it is an environment in which mental health problems absolutely flourish. diane said:
          you're made to feel less than human. i've no trust in people anymore. when you live with people you don't know, you develop a defence mechanism to keep yourself safe, and this has followed me. i don't know how to trust people to this day, or how to build stable relationships.
          there is a profound impact on children in direct provision as well. they do not know anybody, they do not know the language and they see a social worker once a month. they have no adult supervision and their lives are in the hands of strangers.
           there is also a huge power imbalance. one only need look at the most vulnerable people in society to know how the state would treat us all if it could get away with it. there is a massive power imbalance in the asylum system. those seeking asylum have little power compared to the state and it is not unknown for people who raise issues about the conditions in particular centres to be moved to others. there were protests at direct provision centres in 2013 and 2014. armed gardaí were used at the mount trenchard centre in limerick to remove men who had peacefully protested against the conditions in which they lived. this arbitrary decision to move them was arrived at even after an agreement had been reached. what more of an illustration of the power imbalance in direct provision centres can i provide?
           following the protests, the minister set up a round-table working group at which the voice of asylum seekers was meant to be listened to but the opposite was the case. the government instead retained the direct provision system and then brought in major changes, such as the regressive international protection act 2015, without any consultation with people in direct provision. the number of refugees on our planet has greatly increased due to war, etc. according to unhcr figures, 65.3 million people have been forcibly displaced, more than half of whom are children. every day, 34,000 people have to flee conflict or persecution and, instead of offering assistance, the state took a decision to send a message to them that they are not wanted and that we have a concentration camp or prison camp-style system if they come here without prior agreement. there has been a spike in the number of refusals at points of entry to the state under this act. people are turned away at preliminary interview stage. there has been a 32% decrease in asylum seeker claims in the state, yet the taoiseach went abroad to tell all and sundry that he thinks immigration and migration are great.
           i would like the minister of state to comment on the form asylum seekers must complete. it is 60 pages long and extremely complex. the experience of asylum seekers is they are not getting the legal advice they need. asylum seekers and immigration solicitors have reported that there can be legal advice consultations of approximately ten minutes before the form is completed. people with language difficulties need longer and it took somebody with fluent english an hour and a half to fill in the form. what does this do only send a message that these people are not wanted? there was acute distress earlier this year when people experienced this.
           the people have recently become increasingly aware of the barbarity of the institutionalisation of people by the church and state, with both of the latter taking control over so many lives in the 20th century, including in the context of mother and baby homes, magdalen laundries and industrial schools. however, history will record the direct provision system as being equally outrageous and barbaric. the solidarity members stand for an immediate end to direct provision. let people live in decent homes and accommodation."
2017-03-30,dail,https://data.oireachtas.ie/akn/ie/debateRecord/dail/2017-03-30/debate/main,37,Deputy Joan Collins,Deputy Joan Collins,"deputy joan collins
          the treatment of asylum seekers will go down in history as one of the most shameful episodes in the history of the state. generations in ten and 20 years will be looking for redress for the treatment they received in this state since 16 years ago.
           the direct provision system introduced more than 16 years ago was supposed to provide temporary accommodation for up to six months while a decision was made to accept or reject an asylum application. i propose that one of the first things that could be done is for those applications to be quickened up. we have had many people visit our constituency offices about it. i know every situation is different when an application is made, but they go on and on. applicants are asked for more papers and it involves more work, while those applicants are still sitting in limbo in direct provision. we now have a situation where 55% of asylum seekers have been in direct provision for more than five years, 20% of whom have been in direct provision for more than seven years.
           children are growing up in detention centres and that has to stop. one example from a series in the irish times called ""lives in limbo"" was a 12 year old girl who has been living in a mobile home in a direct provision centre for eight years. there are 1,600 children in these centres.
          the irish refugee council report on their situation found many other problems such as children living in rooms with entire families or with other families, lack of appropriate food, no child benefit or little access to play areas. some recommendations are to ensure a safe environment and no exposure to inappropriate behaviour, access to private toilet facilities, adequate space for families, separate rooms for parents, an option for families to choose and cook healthy food - i note the point the minister of state made earlier but this is 15 years on - and the reinstatement of child benefit for all children living here.
           these are simple things. they are interim measures but i reiterate the point made earlier that the irish human rights and equality commission described the direct provision system as a severe violation of human rights. direct provision cuts off a whole community from another community. that is what happened in the industrial schools, the magdalen laundries and the mother and baby homes. a whole layer of people was cut off from general society, was isolated and its voice was cut off in many ways. while doing that was an attempt to keep the people down, those people fought on and raised their voices. i know people in direct provision, now and in the future, will do the same thing. 
           i support the calls to abolish the direct provision system, to end the €15 million going into the pockets of private contractors and to grant asylum seekers the right to work. ireland is one of just two eu member states where asylum seekers are prohibited from working after a designated period. even over in the uk, asylum seekers can work after a year, under certain conditions. that is one of the issues that needs to be addressed. asylum seekers must have access to third level education. a basic requirement in society is an education. asylum seekers should receive welfare benefits the same as all other residents and citizens of the state. a transparent immigration process must be put in place. the application process is not transparent in any shape or form.
           i supported and signed a similar motion put forward by deputy bríd smith and the other 38 deputies who signed up to it. we debated this issue in september 2014, during the last dáil, when deputy pringle put it on the agenda. this issue is not unknown to the government. it is well aware of it. 
           i will make one last point about the international protection aspect and the 60-page document. why and how did the department send out a 60-page document to applicants which they were told to return in 20 days, when they had to get assistance, legal advice and papers that were already in the process and could not be accessed? even doing that was an absolute shame and scandal. i am glad to hear there is an extension. that extension should be prolonged as long as necessary to assist asylum seekers in completing the document.
           i will support the motion in the dáil and hope it will come before the house soon. the minister needs to be more proactive in this area. i do not accept the argument about housing - that there is a problem with housing or there is not enough and questioning where asylum seekers in direct provision would be put. there is money in this country. we know where the wealth is. we have, on many occasions, put forward proposals on how to deal with the housing crisis, both for our own people in emergency accommodation and for asylum seekers. that is the answer, not using the problem as an excuse not to deal with the issue."
2017-03-30,dail,https://data.oireachtas.ie/akn/ie/debateRecord/dail/2017-03-30/debate/main,144,An Ceann Comhairle,An Ceann Comhairle,"an ceann comhairle
          i must now deal with a postponed division relating to amendment no. 1 to the motion regarding mother and baby homes. on thursday, 21 march, on the question that the amendment to the motion be agreed to, a division was claimed, and in accordance with standing order 70(2), that division must be taken now."
2017-03-29,dail,https://data.oireachtas.ie/akn/ie/debateRecord/dail/2017-03-29/debate/main,211,Deputy Gerry Adams,Deputy Gerry Adams,"deputy gerry adams
            i thank the minister of state for being present. it is no exaggeration to say that people with disabilities and their families in my constituency of louth-east meath and across this state are being treated deplorably. i have met dozens of families with citizens with intellectual disabilities and they all tell a similar tale of the never-ending fight to access services from this state. these are services which should be theirs by right. the anger of parents in particular is palpable. they are furious at how their loved ones are being treated and they feel that nobody is listening.
             i will give the house some examples and i thank those individuals for permitting me to tell their stories. michael mcmanus was born in 1962. he suffered a seizure at two years of age which resulted in severe brain damage. as a result, michael today, at 54, has the mental age and development of a two year old. michael's family provided for all his needs at home until it was no longer possible for them to do so. this is a sad enough story but it is the state's attitude to michael and people like him which really angers those who care for him. the day of michael's mother's death, he was moved by the then health board to residential accommodation. his family later realised that michael had been moved to a psychiatric facility in county monaghan. here, among other major issues, the family reported that michael was attacked in his bed by another resident. it was only after a sustained campaign, including legal representation, that michael was eventually given a place in st. john of god's-st. mary's drumcar facility, which is located in my constituency. there are many troubling issues with the drumcar facility and i have raised these directly with the management and the hse and in the dáil. however, the fact is michael has lived happily there for over 20 years. he now faces the possibility of being moved again as part of the decongregation policy.
             sinn féin supports decongregation. evidence backs the assertion that it delivers better quality of life for people in residential accommodation. however, we have to be sensitive about it. we have to consult with those people and we have to do it at their pace. for michael and others, my office has been in contact with drumcar, his home. these families are not against decongregation per se but they have simply not been consulted by the hse regarding the future plans for their loved ones. this, i am sure the minister of state will agree, is totally unacceptable. the families have real fears that if their loved ones are moved, their quality of care will reduce, they may be moved to inappropriate locations and they will be traumatised by being taken out of their familiar surroundings.
             other families have cared for their loved ones all their lives. they describe themselves to me as ""the first generation to bring the disabled babies home"". this was a time when babies with disabilities were being put into mother and baby homes and other institutions. they have reared them from infancy. now, their children are in their 40s or older. these people, now elderly themselves, have met a brick wall in terms of the future care of their now adult children. they are part of the dundalk parents and friends of the intellectually disabled. they have been campaigning for years and working with the hse, louth county council and the department of housing, planning, community and local government in order to provide future homes for their children in dundalk.
             one size does not fit all, particularly for people with additional needs. for every family like michael's there is another family who cannot wait for their loved ones to be moved to a community setting. will the minister of state meet these families to hear their experiences and discuss the future care of our disabled citizens?"
2017-03-29,dail,https://data.oireachtas.ie/akn/ie/debateRecord/dail/2017-03-29/debate/main,215,Deputy Clare Daly,Deputy Clare Daly,"deputy clare daly
            the minister for education and skills is aware that i recently tabled legislation to amend the residential institutions statutory fund. the fund was charged with assisting and administering some sort of redress to the people who had experienced abuse in residential institutions. subsequent to that, there was an explosion in the media, particularly on the radio airwaves, concerning some of these issues when the ceo of the caranua scheme, ms mary higgins, addressed some of those concerns raised by survivors in the most derogatory manner possible. she actually succeeded in adding to the victimisation and trauma experienced by already traumatised people. the narrative put forward by the ceo of caranua was one in which survivors of institutional abuse were called ""these people"", that they ""will never be happy"" and other terms such as that, which are highly inappropriate. it was a distortion of the truth and an unashamed attempt by her to pass the blame for the failings of caranua onto the victims and survivors themselves. the lack of empathy and the derogatory characterisation is proof of what those survivors have been saying. rather than helping them, the caranua process has served to revictimise them.
             during the debate on my bill, the mismanagement of the scheme was highlighted by deputies from all sides of the house. it is clear from representations that we all receive in our offices from applicants and from the appeal officers' annual report that there are hundreds if not thousands of applicants who have been affected by delays, arbitrary cut-offs, an inconsistent approach from advisers and rudeness in many instances. for example, people have been told that it is not a sweet shop. when one complainant got on to my office, she said that when she was issued a quote for replacement windows, she was told by the caranua staff member that he could have had a six-bedroom house done for that amount of money and that he was going to have to go and seriously get that checked out. the woman said she felt like her word was being questioned and that he was making her out to be a liar. having waited all that time even to make the application, to be treated like that was really hard to take. when survivors brought those stories onto the airwaves, the ceo of caranua dismissed them. however, we know that what the survivors are saying is true because of what they have said to us and because of the way that our offices have been treated when we have had to try to make representations.
             does the minister think it is satisfactory for the person who is the public face of caranua to speak about people like that? what action has the minister taken to address the situation? i do not believe it is acceptable for anybody to behave like that, but for somebody who got a €10,000 pay increase from the very fund she is supposed to be administering, bringing her salary up to more than €87,000 per annum, to still express views like that is absolutely reprehensible as far as i am concerned. clearly, what we have here is the sort of continuation of the hard-line approach being adopted by the state to survivors which has been evident in the magdalen laundries and in the exclusion of the bethany homes from the mother and baby home inquiries. i do not think it is acceptable for the minister or for other members of the government to allow those comments to go unchecked. if he does not challenge it, he is only furthering and adding to the damage."
2017-03-29,dail,https://data.oireachtas.ie/akn/ie/debateRecord/dail/2017-03-29/debate/main,262,Deputy Mattie McGrath,Deputy Mattie McGrath,"deputy mattie mcgrath
          i thank everyone who has contributed tonight. i thank all members for giving their honest and frank assessment.
           i am disappointed with the minister of state, deputy catherine byrne. she came to the chamber tonight but did not answer the questions we had asked about the helicopter and parking that is worse than the parking at the hospital in crumlin.
           people have asked why stand-alone children's hospitals continue to be built. examples include the hospital in melbourne and alder hey children's hospital. where is the evidence? why did the minister of state not refer to these, rather than taunting us and accusing us of being reckless and whatever?
           deputy d'arcy should note what we have said. the rural independent group honestly put down this motion in good faith because we believe the current site is the wrong site. we want to see a world-class children's hospital built as soon as possible as well. we are entitled to it. i have heard all the talk about the unanimous decision and the great majority following the vote in 2012. i was here. the minister of state and the minister voted for it. they cannot wash their hands of it like pontius pilate. what deputy michael ring is doing with the post offices is becoming contagious. the minister was in the chamber at the time. fine gael voted for it with its big bulldozer majority at the time. the minister was then a backbencher. the minister of state voted for it as well. fine gael had a majority. let us consider where it got them. it nearly got them demoralised because the people did not agree with any of the actions that fine gael took. mr. hogan – big phil – and the others bullied everyone. they are paying the price for it and will continue to pay the price for it.
           i wish to record the points made by the government in favour of the current site. as part of the consultation exercise, the dolphin review group identified st. james's hospital as the most suitable adult partner for the new children's hospital from a clinical and research perspective. this is rather misleading. no report ever recommended the site at st. james's hospital. there is no such claim in the dolphin report. that is a fact.
           the government took the view that a planning application to place the children's hospital at connolly hospital might prove difficult due to lack of transportation capacity at the n3-m50 junction. that is wrong. the truth is connolly hospital has dedicated slip access off the m50-n3 interchange. bus services are available on site. there are no parking restrictions. it is within walking distance from castleknock train station, which is on the dublin-sligo main rail line. there is a helicopter pad at ground level that can take any helicopter. there could be world-class helicopters if the government decided to put up the money to pay for them, rather than having a volunteer group trying to fund helicopters throughout the country. we support that group as well.
           the martin report on the planning aspect of the project lists regional buses stopping at the nearby blanchardstown shopping centre. incidentally, that shopping centre has 7,000 parking spaces and separate staff access at the waterville estate.
           the minister of state should never suggest that we did not visit the site. i call on her to withdraw that comment, as well as the suggestion that we did not have the manners or respect to visit the hospital. we have visited the sites. we have met all the people. they gave up their valuable time. the minister of state should show some respect to them rather than demonising us.
           the government claims the vast majority, up to 78%, of children currently attending the existing three hospitals for children come from within the greater dublin area, including meath, kildare and wicklow. the government claims these children will be served in future by a hospital and by two new paediatric outpatient departments and urgent care centres at tallaght and connolly hospital. the government claims the staff will be catered for.
           we are not anti-social either. i totally resent the minister of state even suggesting as much. how dare she? she should know better. i am surprised at her because she is not like that normally. her conscience must be troubling her on this issue.
           there has been grossly misleading use of statistics. one claim holds that a total of 66% of children in the greater dublin area live outside the m50, while a significant proportion of the remaining 33% live inside or close to the m50. in fact, 90% of children in the country live outside the m50. however, the government wants to forget about us; it is all about dublin. postal addresses are not an indicator of frequency or intensity of hospital attendance. tertiary patients in specialised units are intensive users with longer stays in hospital. nine out of ten of these patients live outside the m50. the minister of state and the minister should put that in their pipes and smoke it. it is not all about the pale and the mad cow roundabout at the m50. we had mad cow disease some years ago and we had to eliminate it. now, we have this madness continuing with this government and this proposal. it seems nothing can stop the government, not even the cost.
           another claim is that most parents access the hospital car parks and that ample parking has been provided for families based on the current and projected future demand. that is altogether false. people cannot get parking at the moment. fewer parking spaces per bed are being provided than were available at the hospital in crumlin in 2010. parking at crumlin in 2010 could never have been described as adequate, never mind ample. why are the nurses fleeing? the proposed children's hospital has the smallest parking allocation of any recently-built children's hospital with only two spaces per bed. the children's hospital in melbourne opened in 2011. it provides 6.8 spaces per bed. alder hey children's hospital opened in liverpool in 2015 with 4.4 spaces per bed. the government can put any spin on it or hire any spin doctor but it cannot explain that away. we would need days to count up all the misleading information issued. however, we do not have the time. more important, the children do not have the time or energy. the same applies to the parents in the gallery – i warmly welcome them and thank them for their behaviour this evening. if we change sites now, the hospital can still be built in 2021. that view is held by the only man in the entire saga who has actually built three hospitals on time, mr. james sheehan, who is with us this evening.
           i appeal to all my colleagues to go back and review the information that has been provided by the connolly for kids hospital campaign. i appeal to them to think once again about the consequences for generations to come. the parents of affected children are in the gallery today and i salute them. they will meet the minister and speak about their fears for st. james's hospital. they are not anti-social. they hope that the national children's hospital can be built in the right location. it is never too late to do the right thing.
           the minister asked me a question earlier. i would in no way impugn the reputation of the medical people who came in last week. i simply thought what mr. o'brien told us was hilarious. by the way, the minister of state, deputy catherine byrne, never referred to the cost or the questions raised tonight by deputy coppinger. mr. o'brien said he has no money to build it. the minister for health, deputy harris, has no money either but it was nice that he got in before the replies. mr. o'brien told us that he did not have the money.
           we have one week before the next committee of public accounts meeting. i am glad the committee of public accounts chairman arrived into the chamber some minutes ago. i have referred this to the committee of public accounts. the committee is going to deal with it too. we have to get the truth, however we get it. people are going to start telling the truth. the total cost of the bam ireland contract – i am referring to the preferred bidder - does not include the enabling works or the demolition. it is like a place in syria at the moment with all the builders have knocked down, including a wonderful and beautiful church. the accommodation works deputy danny healy-rae referred to are not part of any contract. these are all hidden costs. the minister said he was down there last week to see the works. they are growing. if we dropped a bomb, we would not knock as much. what is the cost of all this? the minister should be honest with us and tell us the costs. these works are ongoing and could cost a further €100 million at least.
           deputy danny healy-rae has experience in construction, as does deputy fitzmaurice. we always declare it here before we speak. they told the minister about it. we cannot make a silk purse out of a sow's ear. the minister should listen. there is insufficient space to work a mini-digger, never mind massive cranes and equipment. deputy healy-rae is right. builders have to respect the neighbours and work within restricted hours on such sites. however, on a greenfield site, the builders can cordon the site. we would drop the members of the government up there every so often to allow them to have a look at it and to see the progress. work on such a site would pass out the progress of the other dastardly site any time.
           where are the costs for upgrading utilities by dublin city council in order to provide adequate services? they are not included. where are the costs for the hse? the service is currently using the croppies acre in front of the national museum on the quays as a depot. all these costs are hidden. it is misleading. this is more subterfuge from the hse and the minister for health. where are the costs of the linear park, the only green space in the entire complex? that was a major selling point in the original proposal. where are the costs for that? where are the costs of the satellite units at connolly hospital and tallaght hospital, to which the minister of state referred? this is outrageous. it beggars belief that there can be such deceit perpetrated on the public and on this house. i mean that.
          i am not questioning anyone's integrity but the ministers are being fed information by their officials and by consultants who are being paid to tell them whatever story they want to hear. they more they are paid, the better the answers they will give.
           i have a document here that is so sad. i put it together this morning, with help from a sick person. it states:
          st. james's is wrong for children. st. james's is wrong for families. st. james's is utterly wrong. the truth has been sent to you [i mean all of the deputies here and myself], shown to you and said to you. you persist in your privileged safety, buffered from the gritty truth, hoping it will pass. it will not pass. it will not pass. [i know that we are nearly at the passion of our lord coming up to easter week, but this will not pass and it will rest with you for the rest of your lives]. the truth will never pass. it will walk by your side, sit at your dinner table, kiss your children good night. the truth is like now; it cannot but exist at every moment, in every place. you can scorn the past. [we had a debate on ferns recently. we had cloyne only last week, we had the magdalen laundries, the tuam mother and baby home and we had grace. what more do we want?] you were not there, any of you, or me. you would have done differently. you would have stood against common thought, common voice and common action or lack thereof. you would have defied your peers, forfeited your future, [ambitions to be taoiseach and whatever else] risked your reputation in the name of doing right by the vulnerable, voiceless, penniless, pitiful child. of course you would have. you would have been a revolutionary; of course you would have. now, some day when someone else has passed, now it is up to you. now you are there. now is your turn, a hairí. to be absent, to be silent, to be unheard is to be that person who didn't speak when the little children suffered. to not admit, to not stand, to not act is to re-fail those children [and the children of these good people in the gallery who have given of their time] of the past for their suffering. has nothing changed? st. james's is wrong for children. st. james's is wrong for families. st. james' is utterly wrong, i tell you."
2017-03-28,seanad,https://data.oireachtas.ie/akn/ie/debateRecord/seanad/2017-03-28/debate/main,46,Senator Trevor Ó Clochartaigh,Senator Trevor Ó Clochartaigh,"senator trevor ó clochartaigh
          tá mé ag ardú ceiste inniu a bhaineann leis na tithe máithreacha agus leanaí agus go háirithe cás thuama. i was talking to ms catherine corless over the weekend. she is the lady who brought the issues around the tuam mother and baby home to public attention. both she and the representatives of the survivors of many such homes are being frustrated by local authorities who are not allowing them access to very important public records on public funding that should be available to them to continue the research they are conducting. i know that this issue is being debated in the other house and that there is going to be a vote on it this evening. however, i am perplexed and dismayed that an amendment is being brought forward by fianna fáil to amend sinn féin's motion to try to block people from having access to files. it will not preserve the site which we are trying to have preserved, with all other mother and baby home sites and those at magdalen laundries and industrial schools. i am absolutely dumbfounded that fianna fáil is trying to block this. one must ask the question: ""why is there such reticence on the part of some political parties and the state to allow people to see the historical archival files?"" in galway, for example, we want to see records of the public moneys paid to those homes, including state funding and payments from organs of the state such as galway county council for the upkeep of the homes, as well as other documents. i understand they are available on the websites of other local authorities. i would like the minister for housing, planning, community and local government to come to the house to see if it is possible to have a certain degree of homogeneity in order that all local authorities would have to make these records publicly available. people might then find the truth and join the dots of a very complicated jigsaw puzzle that is the history of these institutions. i call for a debate with the minister on this issue.
           i would also be grateful if the leader updated me on an urgent issue i raised last week related to implementation of the international protection act 2015, the questionnaires being circulated and the issues connected with the direct provision system. the leader indicated that the minister of state, deputy david stanton, would come to the house to discuss the issue. it needs to happen sooner rather than later."
2017-03-28,seanad,https://data.oireachtas.ie/akn/ie/debateRecord/seanad/2017-03-28/debate/main,185,Senator Jerry Buttimer,Senator Jerry Buttimer,"senator jerry buttimer
          senator ardagh raised an important point. i join her, on my behalf and on behalf of the house, in offering sympathy to the families of the cyclists who were killed, including in a tragedy on the streets of our capital yesterday. the safety of cyclists and those who use our roads is an issue we take very seriously. a private members' bill has been published by deputy ciarán cannon which provides for prohibiting passing cylists at a distance any closer than 1.5 m. it is important that we highlight this matter. equally, it is incumbent on all those who use the roads to offer due care to cyclists and pedestrians. any death is a tragedy and the death of three cyclists is entirely too many. i will be happy to invite the minister to the house to debate the matter.
           senators noone and butler raised the issue of obesity. i join them in encouraging all state agencies, particularly departments that have a responsibility in this area, to play their role in reducing the incidence of obesity. i commend senator butler on his work with regard to diabetes. type 2 diabetes is an important issue that must be addressed and i will be happy to schedule that debate in the house.
           senator black raised the matter of evictions. the minister of state at the department of housing, planning, community and local government, deputy english, came to the house last week to discuss the progress report on rebuilding ireland. i did not catch the reference the senator made in terms of the evictions but my information is that the number of evictions of people from their homes is decreasing. i will invite the minister to the house to discuss the issue of landlords and private rented accommodation. all of us are anxious that people have security of tenure in their housing.
           senator ó clochartaigh raised a matter regarding the tuam mother and baby home. if he gives me the details, i will refer them to the minister. i have been in discussions with the minister of state at the department of justice and equality, deputy stanton, with regard to the international protection act and direct provision. he is away this week and i hope to schedule that debate next week or during the week before the easter recess. it is on the list. as the senator knows, i have worked with him in the past to have issues resolved, so i am hoping to have that done either next week or the week after.
           senator paul coghlan referred to the very fine facility in deer lodge on mill road in killarney. i agree it is appalling that the home is not open for the 40 patients. it might be better for the senator to raise it as a commencement matter, but i will take it up with the minister.
           senator norris raised the issue of bank of ireland and the ireland palestine solidarity campaign. i agree with him that there is a need for bank of ireland to be open and frank about the matter. i am not surprised that he was love-bombed in trinity last night. there is a need for freedom of speech and an exchange of ideas. i would be appalled if a student organisation or group had its funding suspended because it supported a particular action. all of us who were involved in different activities in college will recognise the importance of being able to express one's views."
2017-03-28,dail,https://data.oireachtas.ie/akn/ie/debateRecord/dail/2017-03-28/debate/main,185,Deputy Aengus Ó Snodaigh,Deputy Aengus Ó Snodaigh,"deputy aengus ó snodaigh
            the taoiseach mentioned that he has not met the main leaders of the churches in an organised fashion in the last year.
            in particular, does the taoiseach intend to meet the leaders in ireland of the catholic church and the protestant churches? at such a meeting, will he raise the issue of the mother and baby homes, including the bethany homes?
             on a question that was raised earlier, will he ask about recompense and the failure to transfer assets to the state as promised? given the fact there are many assets which are growing in value as we speak, not only is there a need to transfer the assets of specific orders to the state to ensure compensation is paid to those who were basically incarcerated in mother and baby homes but those assets need to be frozen pending the outcome of any inquiry, commission of inquiry, truth commission or otherwise and pending possible criminal actions by an garda síochána in the future if such is intended or required when the full horrors of what we have seen emerge from tuam in particular have been revealed.
             the taoiseach met pope francis briefly last week. i do not know whether he had enough time to mention the recent revelations or whether he suggested to pope francis that, when he arrives in ireland, he comes bearing orders to the orders based in ireland to relieve them of whatever assets they hold to ensure they pay their full dues, if they could ever do that."
2017-03-28,dail,https://data.oireachtas.ie/akn/ie/debateRecord/dail/2017-03-28/debate/main,186,Deputy Joan Burton,Deputy Joan Burton,"deputy joan burton
            i want to know if the taoiseach has raised with any members of the hierarchy, either formally via the kind of meetings which the government has with leaders of faith communities or informally, the issue of the findings at the tuam site.
             in terms of the preparations which are being made for pope francis's visit to ireland next year, will pope francis be afforded the opportunity to visit one of the many mother and baby home sites around the country? it is only right and proper that he should be invited, as the head of the catholic church worldwide, to visit at least one of the 139 or 140 institutions which feature in the examination of the commission on children who were in mother and baby homes.
             has the taoiseach had any recent correspondence or contact, formally or informally, with the religious orders that were the subject of a nefarious deal between the then government, the then minister for education and the then taoiseach to allow an indemnity to be given to the orders in regard to their liability for these events? while we know there will have to be more redress for other people as a result of the current commissions of inquiry under way, following the publication more recently of the comptroller and auditor general's report on the €1.5 billion cost of the redress scheme so far, has the taoiseach approached the congregations to meet their moral and ethical liabilities, of which we have heard an awful lot in regard to the garda in recent days? surely the religious bodies have moral and ethical responsibilities. has the taoiseach raised this with them in terms of the further sums they are willing to pay, which they owe and are committed to?"
2017-03-28,dail,https://data.oireachtas.ie/akn/ie/debateRecord/dail/2017-03-28/debate/main,188,The Taoiseach,The Taoiseach,"the taoiseach
            i am not sure i can answer all of these questions in the time available to me. i have asked for a report in respect of the particular case mentioned by deputy martin. i am also in the process of sending him a letter in respect of some progress made following the issues he raised last week. i will be happy to engage with the religious communities about those who are affected now.
             deputy burton raised the issue of the pope's visit here and whether he will visit one of the mother and baby homes. i do not have any control over the schedule of the pope when he comes here. it is the pope's choice to come to ireland and to dublin-----"
2017-03-28,dail,https://data.oireachtas.ie/akn/ie/debateRecord/dail/2017-03-28/debate/main,193,The Taoiseach,The Taoiseach,"the taoiseach
            he is invited here by the bishops and the church. obviously, the state will make its facilities available for the head of state of the vatican. to be honest, i do not know of correspondence being received by the department from the religious orders but there may well be. i will check that for the deputy and i will advise her in respect of the mother and baby homes.
             deputy coppinger raised several questions about the religious institutions and their failure to measure up. i take a very strong view about this. it is government policy that the church congregations should increase their contributions towards the substantial costs of the redress scheme to achieve a 50% share, as that is only equitable and proper. as things stand, the state and the taxpayer have met some 86% of the cost of redress.
             in 2009 the christian brothers offered to transfer its 49 school playing fields, valued at €127 million, to a new joint trust between the state and the edmund rice schools trust. as the initial offer would not result in a tangible contribution towards the cost of redress, the then minister, ruairí quinn, made two counter-proposals to try to progress matters. unfortunately, the christian brothers decided to reject those counter-proposals and, in 2015, decided to proceed to transfer the fields to the edmund rice schools trust. it is disappointing the christian brothers withdrew their offer. i understand the minister, deputy bruton, would be very happy to engage with the congregations to see if a mutually satisfactory solution could be achieved that would make a tangible contribution towards the cost of the redress response."
2017-03-28,dail,https://data.oireachtas.ie/akn/ie/debateRecord/dail/2017-03-28/debate/main,205,The Taoiseach,The Taoiseach,"the taoiseach
            he has been dealing with the poor and deprived in buenos aires in argentina for many years. he is showing evidence of that in rome. i am quite sure that pope francis is very well aware of the issues surrounding the church, the difficulties created over the years in ireland and the situation of the catholic church in particular involving not only the residential institutions, but also mother and baby homes. the vatican is well informed, i am quite sure, of the issues of the day in that regard. as deputy burton is well aware, it is a matter for the pope himself in terms of the world meeting of families. people in mother and baby homes were parts of families and people in residential institutions were parts of families. it is the pope's decision."
2017-03-28,dail,https://data.oireachtas.ie/akn/ie/debateRecord/dail/2017-03-28/debate/main,283,Deputy Katherine Zappone,Deputy Katherine Zappone,"deputy katherine zappone
            it is important to appreciate that these institutions ceased operating many decades ago. the reality is that many of the buildings and sites which accommodated mother and baby homes and county homes have evolved significantly in the intervening years. these locations are now being used for a wide array of different activities and purposes, ranging from housing estates to private health care facilities and hotels. in some cases nothing remains of the former institutions and the locations are not in public ownership. in these circumstances, we would have to be clear about the exact purpose of seeking any injunction.
             with regard to the former home in tuam, we know that the site which was recently excavated by the commission is owned by galway county council. i have visited the site twice and it includes green spaces and children's play facilities alongside the memorial garden, which was maintained for years by local residents. the site was sealed and secured by the commission upon conclusion of its excavation. while the commission has advised that it has now concluded its physical excavations at tuam, it has not yet reached any formal conclusions about the site.
             in the first instance, the local coroner will wish to conclude his own formal processes and to decide on any further inquiries he may wish to make. while it will take some time to address all the questions which have arisen, i want to ensure that there is a sensitive and inclusive process of engagement with the local community, survivors and other parties with personal and family connections in respect of this site. 
             in the case of other relevant locations, the commission continues its work to examine the reporting of deaths and burial arrangements with regard to the 14 mother and baby homes and the identified sample of county homes. as an independent investigation, it is a matter for the commission to decide the approach it takes to these investigations. i have no role in these decisions. however, i am satisfied that the commission has sufficient powers, expertise and resources to progress these investigations in the public interest. it has clearly demonstrated that it can do so."
2017-03-28,dail,https://data.oireachtas.ie/akn/ie/debateRecord/dail/2017-03-28/debate/main,300,Deputy Jan O'Sullivan,Deputy Jan O'Sullivan,"deputy jan o'sullivan
            in her speech on 9 march last the minister indicated that she would publish the second interim report of the commission of investigation into mother and baby homes by the end of the month, which is this friday. is there a proposal to establish a redress scheme and information for people who may have been very disturbed by the fact that they may have a personal connection with a mother and baby home?"
2017-03-28,dail,https://data.oireachtas.ie/akn/ie/debateRecord/dail/2017-03-28/debate/main,350,Deputy Anne Rabbitte,Deputy Anne Rabbitte,"deputy anne rabbitte
            although the minister has answered this question already, i ask her for further clarification regarding the interim reports on the commission of investigation on the mother and baby homes, taking into account that i am from east galway and tuam is in my constituency. many people down there are waiting for the interim report.
             excuse me. did i skip deputy ó laoghaire?"
2017-03-23,dail,https://data.oireachtas.ie/akn/ie/debateRecord/dail/2017-03-23/debate/main,24,Deputy Joan Burton,Deputy Joan Burton,"deputy joan burton
          i understand the government received the second interim report of judge yvonne murphy on the commission of inquiry into mother and baby homes in the second half of 2016. when will the interim report be published? cabinet meetings in this government's term rarely extend into lunchtime, yet the government is sitting on a report that is very significant for many people who are interested in what happened in mother and baby homes. i understand it is doing so out of fear that it contains reference, albeit no detailed analysis, to a potential redress scheme. sitting on and failing to publish the report is deeply insulting to people who were in mother and baby homes. it also means the work of the commission, which is due to be completed next year, is not being taken seriously. will the tánaiste indicate by what date the government will publish the interim report? will the redress issue, which is apparently referred to in the report, be addressed by the government?"
2017-03-22,dail,https://data.oireachtas.ie/akn/ie/debateRecord/dail/2017-03-22/debate/main,1,Deputy Mary Butler,Deputy Mary Butler,"deputy mary butler
          recent confirmation that a significant number of babies and infants were buried at the site of the bon secours mother and baby home in tuam reminds us how inhumane our country's history is. fianna fáil and i express our most sincere sympathy to all those affected by the mother and baby homes, particularly those women and children who were sent there by their families, which was, unfortunately, accepted by society then.
           from the outset fianna fáil has been of the view that the terms of reference for any investigation should be sufficiently flexible to allow the stories of the widest possible range of institutions to be told. fianna fáil will engage with survivor groups to discuss the terms of reference and assess how the process can be best progressed. the treatment of mothers and children in these institutions is a dark chapter in our country's history. we must learn from our mistakes and we need to ensure there is a proper child protection environment for children today. our hope is that the investigation under the direction of judge yvonne murphy can contribute in a meaningful way to this process and that the work can be expedited.
           the most important focus we must have is on the mothers and babies. these mothers, babies and families must come first and be our sole focus. fianna fáil recognises the considerable harm experienced by survivors of mother and baby homes and similar institutions in ireland. the shock and horror of seeing the names, like a roll call, of the 796 babies buried in the mother and baby home in tuam is incomprehensible - 796 babies aged between 35 weeks to three years buried, some in graves but most, we believe, in septic tanks. it is hard even to say the words. these children died of whooping cough, bronchitis, pneumonia and malnutrition. it is very hard to believe that children could die of hunger. these mothers and babies were separated at birth and torn apart, with some of the babies adopted and some sent to america for a better life, we hope.
           i understand much of what i am saying was repeated last night when we were discussing the amendment to the motion, but this is my first opportunity to put this on the record. these babies, these mothers and these families need the ongoing commission of investigation into mother and baby homes to complete its work in a timely fashion. the mothers need the truth. they need to know why their babies died, whether their babies were adopted and, if so, what happened to them. they need closure. these women, siblings and families need to know what happened. they have lived too long waking every day wondering what happened to their babies. i spoke to a woman affected recently. what happened to her baby is the first thing she thinks of in the morning and the last thing she thinks of going to bed. all they want is closure. if there is a grave, she wants to be able to visit the grave; if there was an adoption, she wants to know. she just needs to find out the truth. having spoken to some of these women, i can say that the most important thing is that they be told what happened to their babies.
           i believe a truth commission is necessary. it should be carried out in a manner that complements and does not infringe upon the ongoing commission of investigation. this will be done in co-operation with survivor groups to ensure the truth commission is solely focused on the needs of survivors, who must come first in this. the truth commission needs to be established following international best practice and guided by similar commissions in south africa, chile and canada. the views and experiences of all survivors of mother and baby homes will have to be listened to, respected and acknowledged. we need to bring healing and reconciliation to survivor communities, the broader public, communities and the state.
           in the 1970s, tuam locals discovered what were believed to be human remains at the site of the mother and baby home. furthermore, local historian catherine corless discovered death records for 796 babies and infants who did not have burial records, indicating that the remains found on the site may have been buried by the mother and baby homes. the work this lady has done is immense, and i pay tribute to her. in her own words, she was a kitchen-table historian. she shunned the limelight. it is not that she was happy to bring this story out, she just needed to know what had happened. she has spoken about her time in school as a child and the fact that the children from the mother and baby homes used to come in ten minutes after the other children and used to leave ten minutes before they went home in the evening so they were not allowed to mix. she has also recalled that they were always very pale-looking and that they never played with one another at playtime, so the segregation was happening even then. we owe catherine corless a great debt of gratitude as she has persevered all this time to try to bring closure to these people. as my colleague, deputy anne rabbitte, said last night, this is not only about tuam. this is about all the mother and baby homes, community hospitals and laundries all over ireland. tuam is only the tip of the iceberg and, unfortunately, i think a tsunami of cases similar to that of tuam are coming down the road.
           excavations show that the remains are of children whose ages of death were between 35 foetal weeks and three years. it is not yet known how many remains are at the site, although the minister has confirmed that there is likely a significant number. at this point, the department of children and youth affairs is co-ordinating with the commission, the north galway coroner, galway city and county councils, interested parties and local residents in establishing what the next steps should be. a number of factors will continue to be examined, including whether the remains should be exhumed; if so, where they should be reinterred; the future of the site; and the circumstances surrounding the deaths of the children interred at the site. this deeply saddening discovery reaffirms even our worst suspicions about mother and baby homes and underscores the importance of the ongoing commission of investigation into mother and baby homes across ireland. without rigorous examination of how women and children were treated during and after their ordeals in mother and baby homes, it is impossible to serve justice to all those affected by the homes. we must ensure that the stories and experiences of these women and children are not forgotten and that their memory is honoured.
           as deputy fiona o'loughlin said last night, we must be cognisant of the fact that sunday coming is mother's day, which for many mothers, aunties and grannies is a very significant day, and that, unfortunately, for the past month, we seem to have been standing here speaking about horrific stories, from the grace case to the mother and baby homes. if the only thing we can ensure is that this never happens again, it will be a job well done. before we can move forward as a nation, we must turn to the past and recognise its implications for today."
2017-03-22,dail,https://data.oireachtas.ie/akn/ie/debateRecord/dail/2017-03-22/debate/main,5,Deputy Mary Lou McDonald,Deputy Mary Lou McDonald,"deputy mary lou mcdonald
          it goes almost beyond the constraints of our vocabulary to find the right words to describe the shock and horror all of us felt on hearing of the discovery of human remains at tuam by the commission of investigation into mother and baby homes. as shocked and horrified as we have been, many of us were not wholly surprised. as a mother, a citizen of this state and a human being, i am outraged that our most vulnerable young little citizens, those who were most in need of the protection of the state and its institutions and whose care was often left in the hands of the churches, both catholic and protestant, were so cruelly let down and disposed of in such a disgraceful, undignified and disrespectful way. i am not alone in having these sentiments. the anger of people is palpable. this latest horror perpetrated against these little innocents is just one more scandal in what has been a litany of unfolding scandals. it has left society numbed to some extent. of course, we cannot afford to be numb, because the consequences of this cruelty live with us now.
           i see sheila in the visitors gallery. perhaps she will give us a thumbs up. sheila is just one of many dignified, wonderful people who are not so much victims but who describe themselves as survivors of what was a horrific system of abuse. it was perpetrated by many agencies, including the roman catholic church and the protestant churches. all of it happened in, and was overseen by, the state. we need to get our heads around that. yes, private institutions and individuals absolutely must be held to account for their actions, but it was the state that funded, regulated and oversaw this horrific system of abuse. therein lies the big scandal. did society go along with the prevailing views around women and their children? yes. did families go along with that? were they coerced and bullied into those views? absolutely. however, if we are serious about dealing with these issues we must not miss the fact that the defining actor or player in all of this was the state. the state allowed this to happen.
           it was known that abuse was happening in institutions. it was known that babies were being taken from their mothers and being trafficked. i use that word advisedly. the records of debates in the dáil reflect the fact that it was known, as do media reports from that time. the most essential point for us, as public representatives, members of the oireachtas and human beings, is to acknowledge that the principal accountability must be sought from, and provided by, the state. i make that point strongly because there is a danger that the agencies of the state will retreat behind the guilt of other parties and private institutions. that will not cut it. it is not good enough.
           we know the history of neglect and abuse of women and girls in many institutions such as magdalen laundries, mother and baby homes and county homes, not to mention industrial schools. the fascinating and almost morbid element is that to get the full picture of what was going on under the nose of the state, and sponsored by the state, we must not just investigate what happened in individual institutions but also understand the interplay between those institutions. it was not at all unusual for a woman who had been in a magdalen laundry to be subsequently in a mother and baby home or a county home. it was also not unusual for those individuals to have come from, or for their offspring to spend time in, industrial schools. i know from my work dealing with people that it is also not unusual to find that later on many of these people have spent time in and out of prison. in fact, i know people - i call them the institutionalised class in our republic - whose entire human experiences as citizens of this republic were spent bouncing from one institution to another, never being given the supports or opportunity to recover. i am sure my colleagues in the house are aware of the same scenario.
           these institutions deprived women and children of their liberty, forced them to endure harsh conditions and ground them down in a mill of physical and emotional abuse. what more horrors have yet to be uncovered? more importantly, what can we do now? i appreciate that the minister for children and youth affairs, deputy zappone, is absolutely committed to doing the right thing. the least we can do now is afford to the women and babies, the victims and survivors, the respect and dignity that have been denied to them for so long. the response of state agencies to the discovery of the mass grave has been inadequate so far. that site and other equivalent sites, such as at sean ross abbey, bessborough and castlepollard, must be preserved and protected. i believe all human remains found at the site must be recovered, although i realise there are mixed views on that subject. an appropriate and respectful burial is central to our atonement to these victims. the garda síochána must have the appropriate resources and approach in investigating the deaths and potentially appalling crimes.
           victims and survivors have travelled a long and arduous journey. it is only due to their tenacity and persistence that we find ourselves at this point. catherine corless has been vindicated. her dedication and commitment led to this discovery. the work of survivors and campaigners, such as sheila who is watching this debate, will undoubtedly continue. i commend to the minister our proposal for a truth commission. it is an all-encompassing approach that allows for testimony, witness, ensures the protection of evidential material and allows people to have appropriate representation where that is deemed necessary and fitting. let us stop doing this in a piecemeal way and examine it in its full scale. we commend to the minister the truth commission that we described in our private members motion last night. i hope the minister and the dáil will support it."
2017-03-22,dail,https://data.oireachtas.ie/akn/ie/debateRecord/dail/2017-03-22/debate/main,7,Deputy Richard Boyd Barrett,Deputy Richard Boyd Barrett,"deputy richard boyd barrett
          i have to say i find this whole issue extremely distressing, as do huge numbers of people. as deputy mcdonald has already done, i want to pay tribute to those who have campaigned for truth and justice on this issue. i am glad that we are at least close to the moment of vindication for those who suffered and died at the hands of the bon secours order in tuam and the state that colluded with it in its systematic, immoral, inhumane abuse of women and children over many years. of course, the bon secours mother and baby home in tuam was part of a wider architecture of oppression, degradation, dehumanisation and, ultimately, murder of women and children. we need, even at this belated hour, justice and truth for the survivors and victims of that terrible regime of oppression, imprisonment, degradation, murder and exploitation - an immoral exploitation involving the sale and commodification of young babies who were sold for headage payments and sent to the united states and elsewhere.
           this is particularly poignant for me because i was born in a mother and baby home. i was one of the lucky ones, although that is not something that i realised at the time. i was lucky to be adopted by a loving family, to have a decent upbringing and to finally be reunited with my own birth mother. however, even the latter had to happen against the resistance of the state and the religious orders who tried to prevent that reunification. this issue makes me think about what my fate could have been. it also makes me very conscious of the terrible fate that so many suffered, quite possibly also in the mother and baby home where i was born.
           one of the things about which i am very conscious in all this is the issue of class, which has not been talked about enough. it was a brutal oppression of women and children but there was an overwhelming class dimension to it. the mothers who had children outside of marriage who were from poor or working class backgrounds were singled out for the worst treatment, exploitation and degradation. they were literally treated as subhuman. for women from slightly better-off backgrounds, the church still effectively enforced its rules, backed up by the state and forced the separation of mother and child and the adoption of that child but usually the treatment for those women was a bit better. the people who came from poor or working class backgrounds were essentially considered disposable. they were to be exploited and punished. punishment was a very big part of what went on. there was punishment for sin but the punishment that was meted out to the poor women and children was of a particularly vicious and horrible kind. that is the legacy of this state.
           i want to conclude on what we can and should do about this. at a very minimum, the bon secours order should be forced to pay for the memorial that has been requested. we need a full audit of everything that happened at tuam. in particular, we need to know the fate of the more than 2,000 children who were sold or exported to the united states. we need a full uncovering of the truth about the 700 babies who lost their lives. we must do everything possible to uncover the truth but we need to go beyond that. the bon secours order needs to reconsider its entire existence. it has profited and continues to profit, to an extortionate level, from the support the state has given it through all this, while doing all this to people. the order continues to enjoy that support, as we saw with the recent visit of the minister for finance, deputy micheal noonan, to the bon secours facility in limerick. the congregational indemnity agreement needs to be scrapped and the religious orders must be forced to pay up to compensate the abuse victims. 
           finally, i will make a call which i believe fianna fáil has echoed. the bonsecours hospitals, st. vincent's hospital, the mater private hospital and other private, for-profit health institutions run by religious orders should be taken from them forthwith and brought under public control. that might have the spin-off effect of alleviating some of the pressure in the public health system but, more importantly, it would be just in the context of what they have done, particularly as the state supported them in doing it. we need the separation of church and state, particularly in the area of health care where these religious orders were relied on and were responsible for such horrific abuse, neglect, imprisonment and exploitation of women and children. if we do not do all this then frankly, all the weasel words will mean nothing. we must also stop mistreating children in direct provision and in the emergency homeless services, where this sort of treatment continues to be meted out to single mothers and the children of the poor and the less well off."
2017-03-22,dail,https://data.oireachtas.ie/akn/ie/debateRecord/dail/2017-03-22/debate/main,10,Deputy Joan Collins,Deputy Joan Collins,"deputy joan collins
          it is with heavy and angry hearts that we all came here this morning to discuss the conditions in which people lived in the decades following the foundation of this so-called republic. the treatment of people in mother and baby homes, magdalen laundries and industrial schools as well as our attitude towards services for disabled children was appalling. we have a unique opportunity now to get to the bottom of this issue and deal with it as best we can. we must acknowledge ms catherine corless, who stood up against the system and insisted that her discovery was true and that at least 800 infants and young children died in the mother and baby home in tuam between 1925 and 1961. without her persistence and without the mothers and survivors who were in that mother and baby home, we would not have known the horrible truth of what happened in tuam. indeed, what happened there happened in all mother and baby homes; i do not think any of those institutions were any different from tuam.
           the point about class was made in the house and that is very important. on the founding of this state in 1922, one of the first actions of the then government was to introduce the local government (temporary provisions) act. in that act, unmarried mothers were singled out as a special problem. they were classed as offenders and were shamed as fallen women and the babies they gave birth to were classed as illegitimate. the term ""illegitimate"" was very important to both the church and the state because it allowed such children to be separated out from legitimate children. in 1924 the commission on relief of the sick and destitute poor including the insane poor was set up against the backdrop of the then cumann na ngaedhal government's implementation of an austerity programme. that government believed in trickle-down economics, with the rich passing their wealth down to the poor. it cut pensions by 10% and supported farmers in driving down labourers' wages by 16%. it reintroduced the seven-day working week and imposed a tax on blankets which were essential items for families, particularly in rural areas. we also had a forgotten famine in 1924, when the government did not acknowledge the fact that 175,000 people were affected by food shortages in the west of ireland, particularly along the coasts of mayo and donegal.
          in 1924, ireland had a higher number of children in industrial schools than northern ireland, england, scotland and wales. as a result of an intervention at a church conference in 1934, anybody found to be bearing an illegitimate child was denounced by the church from the pulpit. their names were not mentioned, but they were driven out of the locality. parents were forced to bring their children to mother and baby homes. it was an absolute insult to hear the taoiseach saying in this house earlier this month that ""no nuns broke into our homes to kidnap our children"". an organised framework that was in place in this country allowed priests to call to someone's door to say that his or her daughter had to be brought to a mother and baby home. on the back of the papal visit of 1979, a buoyant catholic church brought about the insertion of the eighth amendment to the constitution. the church's campaign for a ""no"" vote in the first divorce referendum in the 1980s led to the defeat of the government proposal. thankfully, the people responded differently in the second referendum and voted for divorce.
           in 2002, the church specifically contacted its insurance company to get itself indemnified against anybody who might take a case relating to the industrial schools. it consciously intervened to ensure it was protected. it suggested to the government of the time that if 2,000 children from industrial schools took a court challenge based on the treatment that was meted out to them, it would win most of those cases and would not have to pay out. that is why the state was forced into the dirty deal on congregation funding that michael woods signed off on in 2002. the church has a lot to answer for.
           huge respect has to be given to the mothers and others who survived the mother and baby homes, the industrial schools and the magdalen laundries. i remind the house that the last magdalen laundry closed in 1996, which is not much more than 20 years ago. the history of these institutions is one of oppression, particularly class oppression, facilitated by a weak republic that was not able to stand up against the might of the church. the submissions to the commission should be opened up. they are closed at the moment. many people have come forward to speak about what happened in previous times. the process should be reopened to allow more submissions to be received by the commission. we should have another debate in this house when the report comes back. we should listen intently to the survivors when they tell us what they want. we must proceed on the basis of what they think is necessary as the commission moves forward and not on the basis of what we think is necessary in that context. i know the minister is particularly dedicated to trying to resolve these issues. we have to work closely with those who have been affected by them. they and not us are the key people in this regard."
2017-03-22,dail,https://data.oireachtas.ie/akn/ie/debateRecord/dail/2017-03-22/debate/main,12,Deputy Kathleen Funchion,Deputy Kathleen Funchion,"deputy kathleen funchion
          i welcome the opportunity to speak on this issue, particularly as a woman and as a mother. i feel it is quite personal, to a certain extent, as somebody who potentially could have been sent to a magdalen laundry for having a child out of wedlock if i had been born in a different generation. i always think of that when i am reading the stories. while i welcome the establishment of the commission of investigation and the progress that is being made, there is a need to acknowledge the shortcomings of the investigation and the concerns of survivors with regard to it. a united nations committee recently published a report on ireland's record on women's human rights. the committee's examination of ireland in the context of the convention on the elimination of all forms of discrimination against women resulted in the publication of a wide range of recommendations that are designed to address significant shortcomings in the protection of women's human rights in ireland.
          it noted the unresolved issue of historical abuses of women and girls and the narrow terms of reference of the mother and baby homes inquiry. it called for prompt, independent and thorough investigations, in line with international human rights standards, into all allegations of abuse in magdalen laundries, children's institutions and mother and baby homes. the recommendations reinforce the case for a truly independent inquiry that seeks to establish truth rather than minimise liability for the state.
           as i said yesterday evening during our party's motion calling for a truth commission for mothers and babies and also during statements on the commission of investigation for grace, we cannot place this kind of abuse and neglect towards women and children in the past as simply part of history, as if it is foreign to us. it is completely disingenuous to pretend that the idea that children were failed by the state is unfamiliar to us. shameful treatment of children, and of lone parents in particular, continues to be part of our society. it is no coincidence that today's lone parents, the vast majority of whom are women, are the poorest members of our society. under this government, and the previous government in particular, they have been further disproportionately impoverished by policies and recent budgets. more than a quarter of all lone parents and their children experience consistent poverty, while almost two thirds endure enforced separation. lone parents are also disproportionately affected by homelessness. they make up 65% of people in emergency accommodation. as i have said on a number of occasions, i wonder how much we have learned from our history. we talk about stuff from the past and we all seem so shocked and dismayed and horrified, yet in this day and age we still have so many people in emergency accommodation and children going to school hungry. the vast majority of them are from families of lone parents. how much has really changed?
           when we discuss the horrific, disrespectful treatment towards children and women through institutional abuses in the past, it is absolutely crucial that we acknowledge the familiar attitudes towards the care of vulnerable women and children today. i would like to echo the sentiments expressed by deputy boyd barrett about direct provision in particular.
           in regard to the current commission of investigation, there must be an end to the compartmentalisation, secrecy and disrespect surrounding the state's handling of mother and baby homes in ireland and an acknowledgement that tuam is only one of approximately 180 similar institutions. the victims of these institutions and their families should be treated with the dignity and compassion they deserve. it is essential that victims have their suffering acknowledged and for survivors to have full access to their own birth certificates and adoption files. if the state and this government is being truthful about its desire to repair the past then the investigations must be forensically thorough, honest and public while examining these institutions, agencies and individuals.
           i would like to take this opportunity to thank all survivors and campaigners. in particular, i would like to thank catherine corless for her incredibly courageous and tireless work and commitment to exposing the truth of these issues so that we, as elected representatives, can carry the torch and fight for the justice all survivors deserve and so that we collectively, as a society, face our past and vow to end discriminatory treatment of women and children in this society once and for all."
2017-03-22,dail,https://data.oireachtas.ie/akn/ie/debateRecord/dail/2017-03-22/debate/main,13,Deputy Seán Crowe,Deputy Seán Crowe,"deputy seán crowe
          i am delighted to be able to speak on this issue. i thought long and hard about whether to actually put my name forward to speak because, like other people, it is very difficult for me to be unemotional, rational, logical and have an intellectual discussion about this. others have spoken about their backgrounds and in the discussions we have had with different people, it is very hard to separate the emotion from what happened.
           we are talking about a regime, a system that was established by someone. it was established by the state and the religious orders. someone came up with these ideas. i heard someone talking last night about the burials of the children. these children were not buried. they were dumped in sewers. that shocks me most of all. if one looks at any tribe in the world, even cannibals, would they do that to their children? i do not think so.
           who came up with this idea? did they think what they were doing was right? right for who? for what? we clearly dehumanised these people - they were treated like sub-humans. people can say that this happened in the past and that it did not happen on our watch. they can say we did not know about it and so on. we can come up with all sorts of excuses. however, many of these mother and baby homes were still in existence right up to the 1990s. it is not 100 years ago; it happened in the recent past.
           what do we need to do? first of all, we need to stop excluding different groups and individuals from these investigations. that is the worst thing we have done in this whole process. in the 2000s, when different investigations were being talked about, we kept excluding people. i remember talking to one of the people who works in the oireachtas and he asked me if they were going to mention artane because he had been there. this man bawled in front of me and he told me about his experiences in artane. while out socially, i have met other people in the same boat. they have come up to me and started telling the story of what they went through - the starvation, abuse, malnutrition and the fact their spirit was broken. that is what we did. we stripped people and took their clothes away. we took their identity, beat them and starved them. this was all done for what was supposed to be the greater good of some individuals or idea.
           what can we do now? the most important thing is that we can listen. it is all very well talking about transparency but if we do not allow people access to their own files, how can we have transparency in these matters? we need to have a system where people can give evidence and get a sense that someone is listening to them. when one talks to survivors, people who have came out of this awful situation, nine times out of ten they are even more hurt now than they were at the start of this process. we are doing something wrong.
           in regard to tuam, the gardaí and the coroner should seal off the site. the big question is, will that happen? what are we going to do about the other sites that have been identified? these are simple things we can do as legislators if we are really genuine about trying to do something.
           our party put forward the idea of the truth commission. people can tear it apart if they wish. it is an idea to complement the investigation that is going on, which people are saying is not working for them. if we are to have transparency and openness, the interim report should be released.
           those jumbled thoughts are some of the things i want to say. as i said at the start, i did not really want to talk on this issue. however, it is important that everyone raises his or her voice for those people who will probably never have the opportunity to be in here or be listened to. it is for those people that i am standing here today and saying to the minister that we need to do things differently. it is about transparency and transformative measures that will make sure this never happens again. if we act collectively, we can come up with a better model than the one which we have been reproducing time after time."
2017-03-22,dail,https://data.oireachtas.ie/akn/ie/debateRecord/dail/2017-03-22/debate/main,14,Deputy Martin Kenny,Deputy Martin Kenny,"deputy martin kenny
          i became very aware of the issue of the tuam mother and baby home during the election campaign this time last year. i was canvassing in an area and was told a woman in a house wanted to see me. i went down to see her and spent half an hour with her. she told me she had been born in tuam. her earliest memory of growing up was hunger and how all the other little children that were with her were so hungry that sometimes they used to scrape bits of dirt off the walls and eat them.
          it was horrific to sit for 30 minutes and listen to this lady about what her life was like and about her early memories of childhood. in most cases, people’s childhoods are joyous and happy. it is about the people one grows up with in a loving family; feeling cared for, sheltered and looked after. her childhood was the direct opposite. it was about fear and the very worst horrors one could imagine. she told me how, during the three and half to four years that she was there, she was sent out at one stage to some kind of foster home - she was unsure what it was - where she was kept for a couple of months and then sent back to the home. she then ended up in an orphanage, i believe it was in galway, where she stayed for many years and where again she felt like a slave. the other children around her all lived in fear of the people who ran the home; the nuns and the staff. the big irony in all of this is that we all know people who are in the religious life, be they nuns or priests, who are very caring, helpful and who have done great things, yet we have this scenario sitting alongside. this woman spoke about how they were always told that they were the product of sin and it was all about sin. it really shocked me that this was being used to abuse children. it was child abuse.
           it was not just the religious. the taoiseach has spoken about how the nuns did not come and drag these children from their homes and that the children were given up. the fact of the matter is that it was an oppressed society. society and the culture of that time was very much dominated by catholicism and the catholic church which created that oppression. the state worked hand in glove with it to make it happen. we have many thousands of victims of child abuse that was state sponsored and church sponsored. this lady told me how she and another girl escaped from the home in galway and went to dublin. they ended up working in a hospital washing dishes for two years before they got away to england. she told me that when they went on the boat to england, they cheered and danced because they were getting away from ireland. they still lived in fear that they would be brought back to the home. their stories need to be not just heard, but vindicated. we need a society that rises above all of this and the first step in making that happen is to ensure that whatever inquiries and institutions we set up to look at all of this does not just look back, but also looks forward in order to guarantee that these things can never happen again. when i was growing up i often wondered about hitler, the germans and what happened to the jews and how he was able to do what he did. if one sits and thinks about it for a while, and when one thinks about the kind of ireland we had, it is very easy to understand how people were able to do these things.
           sinn féin will table amendments to the proposals and we certainly hope that some truth will come out. it is just so horrific, so terrible and such a shame on ireland that we worked through all of this and that we were part of it. people say that they did not know about it. the truth is that everybody knew about it but they just did not look because they did not want to know. some were afraid and some were fearful. at the end of all this, we have to come to a place where we can acknowledge that these are our people, the best of our people, and ireland let them down. we allowed the church to do all of that. we must create a new society where none of those things can happen. i think of refugees today – i met them in many of the direct provision centres - and their situation is not that much different in 2017. we have a long road to go but let us make the start together. i know the minister has her heart in this and that she wants to do the right thing. she will have the support of everyone here and in the country to do the right thing, but she should not be held back by some legality that somebody may throw up. this is what they are going to do. they will come up with every excuse as to why we cannot do this, for example, that the state would be exposed to this, that or the other. these women and children were exposed to the greatest horrors known to mankind and we must do the right thing."
2017-03-22,dail,https://data.oireachtas.ie/akn/ie/debateRecord/dail/2017-03-22/debate/main,23,Deputy Micheál Martin,Deputy Micheál Martin,"deputy micheál martin
          i raise a significant and very serious legacy issue affecting the state. it is one which, in many ways, informs how we continue to approach victims of sexual abuse. in the last number of weeks, we have, rightly, had very significant coverage of the mother and baby home scandal, the way in which single women were treated and the absence of any human response to that. at the same time that we have this outrage, however, the state is behaving in an appalling manner regarding those who were victims of child sexual abuse in primary schools and who have not had any or any significant redress. what many of these victims have gone through is shocking. i have met on a number of occasions an individual i can name, john allen, who was sexually abused by a christian brother. for 17 years, he has tried to seek justice. he is living in a council house and his parents are in care. he is in very difficult financial circumstances and suffering from a chronic disease. he has had huge anxiety and trauma as a result of this. he has been dragged through the courts. there are many other victims as well. deputy o'dea has raised this issue in respect of 15 victims who are in a similar situation and have come to him about it. i raised this issue with the taoiseach in october last.
           the state fought against culpability for a long time on this one. louise o'keeffe had a major breakthrough in the european court of human rights in 2014. i do this in a non-political way because all previous governments are culpable in terms of fighting that up to 2014. it is since 2014 that we have had a bogus interpretation and application of the louise o'keeffe judgment to the victims which is just shocking, in particular in terms of this idea of a prior complaint. how in the name of god is a child supposed to know whether someone complained to a school manager about an abuser? nevertheless, that is the litmus test for access to the redress scheme. it is cynical beyond belief. likewise, it is clearly designed as a ready-up to limit access to the scheme. many of the victims are in a very poor financial state and some have suicidal ideation because of the trauma that has been visited on them. they have been to the supreme court and back and to the high court and back. they can no longer get redress in our courts notwithstanding the european court of human rights.
           i have met with dr. conor o'mahony of the ucc child law clinic to go through this with him and a case is now being prepared to go back to the echr. we had all the outrage of two weeks ago, but this is all going on under our noses while the government resists a proper, humane response. are we seriously saying to these victims, notwithstanding the breakthrough judgment in the case of louise o'keeffe, that they will have to go back to the echr to get proper application of that judgment? i put it to the taoiseach that the state needs to engage very quickly and very proactively on this and stop adding insult to the injury of victims of child sexual abuse in our primary schools."
2017-03-21,seanad,https://data.oireachtas.ie/akn/ie/debateRecord/seanad/2017-03-21/debate/main,57,Senator Trevor Ó Clochartaigh,Senator Trevor Ó Clochartaigh,"senator trevor ó clochartaigh
          gan dabht ar bith, tá ár gcroíthe ar fad trom inniu mar gheall ar chloisteáil faoi bhás mhartin mcguinness. táimid an-bhuíoch don cheannaire as ucht an t-am a thabhairt dúinn tráthnóna le hómós mar is ceart a thabhairt dó. we welcome the opportunity to give a proper account of the graciousness and the wonder of martin mcguinness later on. i am looking forward to that.
           i also join in the condolences that have been conveyed in the house to the families of dara fitzpatrick, mark duffy, paul ormsby and ciarán smith. at a further time, it will be important to have a look at the really important role that the coast guard plays. we all hope that the speedy recovery of the missing bodies will happen. i would also like to be connected with the condolences and sympathies conveyed to the family of ryan mcbride and the haughey family.
           there was a very important legal hearing yesterday. mr. peter mulryan, one of the people who suffered due the situation in the mother and baby homes, was granted leave for a full hearing to gain access to his records from tusla. i believe that is a very important milestone. i hope that the state will fully co-operate in providing information to those people who are still looking for information on what exactly happened in those homes.
           i would also like to be associated with the sentiments of senator lawless on the referendum on voting rights for the diaspora. i agree with him wholeheartedly. i do not see why we would be dragging our feet on this referendum. i call on the government to publish the options paper around the voting rights as soon as possible and to look for the speedy passage of that legislation.
           i would like to invite senators to a briefing we have at 6 p.m. in the av room on the implementation of the international protection act and the ongoing situation in direct provision centres. there is a very serious situation there at the moment causing difficulties for people who are seeking asylum. i hope that some members will come along to listen to the stories that will be told. there are serious legal implications and issues being brought to the fore. i hope that we could have another debate in the near future in the house on the implementation-----"
2017-03-21,dail,https://data.oireachtas.ie/akn/ie/debateRecord/dail/2017-03-21/debate/main,43,Deputy Brendan Ryan,Deputy Brendan Ryan,"deputy brendan ryan
          today's business shall be no. 4, motion re companies act 2014, referral to committee; no. 12, post-european council statements; and no. 13, companies (accounting) bill 2016 - order for report, report and final stages. private members' business shall be no. 96, motion re mother and baby homes.
           wednesday's business shall be no. 14, statements on the announcement by the commission of investigation confirming human remains on the site of the former tuam mother and baby home (resumed); the health (amendment) bill 2017 - committee and remaining stages; no. 13, companies (accounting) bill 2016 - order for report, report and final stages; and no. 15, mediation bill 2017 - second stage (resumed). private members' business shall be no. 24, thirty-fifth amendment of the constitution (economic, social and cultural rights) bill 2016 - second stage, selected by independents 4 change.
           thursday's business shall be the health (amendment) bill 2017 - committee and remaining stages, resumed if not previously concluded; no. 13, companies (accounting) bill 2016 - report and final stages, resumed if not previously concluded; and no. 15, mediation bill 2017 - second stage (resumed). second stage of no. 26, intoxicating liquor (breweries and distilleries) bill 2016, will be debated in the evening slot.
           i refer members to the revised report of the business committee dated 16 march 2017 regarding today's business. it is proposed that:
          (1) motion re companies act 2014 will be taken without debate;
          (2) post-european council statements shall commence immediately after taoiseach's questions and be followed by questions to the minister for communications, climate action and environment. the statements shall be brought to a conclusion after one hour and 45 minutes if not previously concluded and shall be confined to a minister or minister of state and the main spokespersons for parties or groups, or a member nominated in their stead, who shall have ten minutes each. a minister or minister of state shall take questions for a period not exceeding 20 minutes, with a response from the minister or minister of state not exceeding five minutes and all members may share time; and
          (3) in the event that the topical issue debate is not concluded before 8 p.m., private members' business shall be taken on its conclusion for two hours and the dáil shall adjourn on the conclusion of private members' business.
           regarding wednesday's business, it is proposed that:
          (1) the dáil shall sit at 10 a.m. to resume statements on the announcement by the commission of investigation confirming human remains on the site of the former tuam mother and baby home. if the statements conclude before 12 noon, the house shall suspend until 12 noon and leaders' questions shall commence then. statements of members shall not be more than five minutes each and all members may share time;
          (2) the order of the dáil of 8 march 2017, referring the health (amendment) bill 2017 to the select committee on health, be discharged and that the bill be considered in committee of the whole dáil on wednesday; and
          (3) proceedings on the second stage of the thirty-fifth amendment of the constitution (economic, social and cultural rights) bill 2016 shall be brought to a conclusion after two hours, if not previously concluded."
2017-03-21,dail,https://data.oireachtas.ie/akn/ie/debateRecord/dail/2017-03-21/debate/main,354,Deputy Donnchadh Ó Laoghaire,Deputy Donnchadh Ó Laoghaire,"deputy donnchadh ó laoghaire
          i move:
          that dáil éireann:
          - acknowledges that the discovery of bodies at the tuam mother and baby home has shocked the people of ireland and brought considerable sadness and anger to dáil éireann;
          - agrees that there are serious questions in relation to other mother and baby homes, particularly in the treatment, records and testimonies of survivors;
          - recognises that since the formation of the state, mother and baby homes, industrial schools, county homes, magdalene laundries and numerous other bodies and institutions were part of a systematic regime that resulted in the abuse and degradation of vulnerable women and their children and the state was complacent in allowing this to happen; and
          - further recognises that, despite the high number of people who passed through homes and institutions and through the hands of various other bodies, the state has to date failed to initiate a meaningful process that would help to obtain the truth for survivors, nor has it provided a suitable forum that would allow the full story of these institutions and the system that underpinned them to be made public;
          agrees that:
          - a truth commission, involving international experts, should be established, that would be based on the principals of best practice from the truth processes in chile, south africa, canada and australia and would be developed in consultation with both victims and survivors groups;
          - the purpose of a truth commission is to establish the truth of these institutions, to give the survivors the option to tell their testimony in a non-confrontational, non-adversarial manner and in either public or private, whichever they are at ease with; and
          - its purpose is part of a wider process to identify the persons and institutions responsible for the systematic mistreatment and abuse of women and children within
          these care homes and the system as a whole but is not a substitute for the justice system or future criminal proceedings should they be deemed necessary anywhere on the island of ireland; and
          further agrees that the truth commission shall:
          - operate on a modular basis in order to ensure that older survivors are among the first to be heard;
          - provide for public or private hearings, at the discretion of survivors, at suitable locations throughout the 32 counties where testimonies can be made;
          - involve an advisory committee, including victims representatives;
          - allow for testimonies from all survivors of care homes and their next of kin, without bias;
          - ensure unfettered access to all information and documentation for all survivors, victims and next of kin of residential care homes, including to their information and
          archival documentation;
          - ensure hearings will include all protestant mother and baby homes such as bethany and westbank mother and baby homes and all institutions, even if they are not included in the government’s prescribed list;
          - preserve the documentation at the magdalene laundry site in donnybrook, which will be made available to survivors;
          - ensure representatives of the organisations responsible appear to provide testimony and answer questions in public;
          - provide, where necessary, legal representation for survivors, with costs being covered by the state;
          - as a matter of urgency, ensure that all mother and baby homes and county home sites are subject to an injunction preventing structural changes to or interference with land where exhumations may be necessary until the final report of the truth commission is published;
          - allow for the prevention of any interference with relevant sites and all ongoing work on these sites shall cease immediately to facilitate a thorough forensic inspection;
          - examine the circumstances of the women and children affected from a constitutional and human rights perspective, including the circumstances of exit for women and children, as well as consider related matters such as the forced labour taken from women, illegal adoptions, vaccine trials and any other such matter that the
          commission sees as appropriate, taking the report of the interdepartmental group on mother and baby homes into account;
          - consider the manner in which women or children were placed in these institutions, the role the state had in placing them within these institutions and the responsibility it bears for the treatment and welfare of children more generally within these institutions;
          - have the power to compel witnesses to come before a truth commission;
          - publish a series of interim reports to dáil éireann, on a bi-monthly basis, on the progress of the truth commission and its recommendations regarding redress,
          identity and access to personal documents, responsibility of institutions, memorialisation, current welfare of survivors, access to courts and the statute of
          limitations and all other information it considers relevant; and
          - ensure that the recommendations of the interim and final reports will be expedited as quickly as possible.
          i acknowledge the many survivors and their supporters in the visitors gallery and thank them for their attendance.
           oscar wilde once said the truth was rarely pure and never simple. it has been proved that it is not simple to find the truth on this issue. the intention of the motion before the house is to establish the truth and a process to do this - the truth that has long evaded survivors, been covered up and suppressed and still is to this day; the truth the victims and survivors of abuse by a number of institutions in the state deserve to have. the recent revelations at the tuam mother and baby home have only confirmed some of our deepest fears. the finding of human remains in what appeared to be mass graves came as a shock, but, unfortunately, in many ways, not a surprise. they have been followed by revelations of inconsistencies in records at sean ross abbey, stories of malnutrition at bessborough and concerns about the possibility that there are unmarked graves at any number of other locations around the country.
           people are angry and believe a severe injustice is certainly being done to those who were subjected to some brutal treatment over many decades, whether in mother and baby homes, county homes or magdalen laundries. i should add that this did not happen just 60 or 70 years ago; it stretches back throughout the history of the state. these institutions were open up until the 1990s. it is not historical; there are all categories of women and children who are still with us. people are right to be angry and i am sure many representatives elected to this house have heard in the past few weeks both about the anger and sorrow felt by the wider public but particularly by those who were in the institutions. from my perspective which i think is shared by many of those involved, the state has only scratched the surface in the form of a commission of investigation into mother and baby homes which was announced two years ago last month. i do not diminish entirely some of the work the commission has done to date. i believe, however, that ultimately it was hamstrung from the very beginning. we said at the time and it has become increasingly apparent that it is not fit for purpose in its current form. it was set up in the midst of widespread criticism that its terms of reference and the model to be used were utterly inadequate. people who suffered under the system - it was a system, a regime - but not in places on the list of prescribed mother and baby homes were excluded. survivor groups have also criticised the behind-closed-doors hearings because they believe there is a lack of transparency.
           there has also been a failure to recognise that, although the experiences of those who were in mother and baby homes, the magdalen laundries and other institutions were varied and different, the issues are intrinsically linked. many children who had their childhood snapped from them in mother and baby homes went on to have further engagement with both laundries and industrial schools, as did their mothers. the state and consecutive governments continued with their departmentalised, atomised approach which was fragmented and illogical, as the crossover between the homes and institutions is enormous. i emphasise again that it was a regime underpinned by an appalling attitude towards women, particularly unmarried women and their children, which manifested itself across the institutions of the state. that point has been neglected in the contributions of governments during the years. that is why we propose a radical new approach. we are proposing the establishment of a truth commission. it would draw on the best principles of international practice as seen in south africa, chile, australia and canada and adopt the best examples of that process here.
           tá an cur chuige seo ag iarraidh aitheantas a thabhairt don idirdheighilt, agus don chodarsnacht, atá ann idir na gnéithe difriúla den chóras agus ag iarraidh rudaí a chur i gceart ó thaobh na héagóra a rinneadh ar go leor de na daoine seo agus solas a chur ar an gcóras ina iomlán. this model would ensure the voices of all survivors would be heard. too many have been excluded. they would be heard in a way that would give them dignity and assure them that they could trust in the process. this is about transitional and transformative justice. i made a point about people being excluded. the state is involved in a court case in the high court in which women who were in an industrial school but who were forced to provide labour for the magdalen laundries were not included in the redress scheme, or at least the state is contesting that basis. there might have been exploited children in one place, but because of this, it is not adequate for the redress board. it is that separation and exclusion we need to resolve.
           i am anxious that survivor groups be consulted and a part of this process. i thank the minister for children and youth affairs, deputy katherine zappone, for attending our vigil which was held just before this debate. however, it is my understanding the taoiseach has not during the term of office of this or the last government met groups of representatives of mother and baby homes. if that is the case, it must change. i read the amendments i received around 2 p.m., with dismay, although perhaps not shock. what i received were amendments that were lacking in thought and substance but also, to an extent, compassion. the suggestion from the government, fianna fáil and the labour party was that i delete my motion, practically in its entirety. what was submitted was insulting to those who sit here and further afield watching the debate, regardless of my anger. the government's amendment is essentially a pat on the back for what it has done to date. what has been done to date in the setting up of a commission of investigation is wholly inadequate and falls far short of what is required in this instance. fianna fáil's amendment would remove the right of access to records for victims and survivors. this is a move that makes me wonder how much they have listened to the specific point about access to survivors' own testimonies, in particular. i have a quote from a survivor who has been through the process and presented to the commission: ""i asked for my transcripts which detailed my full case submission, but these transcripts are being refused."" if a truth commission was set up and survivors were given access to the transcripts, they would be able to give a copy to the new commission which would save time and avoid the need for them to relive the trauma.
          i think that is a reasonable point. if there is one thing survivors want, it is the right to their own identity, testimony and words, but that is seemingly not on fianna fáil's list of priorities. all that is contained in the amendment is a provision to establish a body to document survivors' stories. to a large extent, this is already being done by volunteers with justice for magdalenes. they cannot be commended enough for the great work they are doing in the absence of state support.
           the labour party's amendment was more conservative and elusive than the minister's, which is quite disappointing. my party's motion is a genuine attempt to right the wrongs of the past and give a voice to those whose words have fallen on deaf ears for far too long. members of this house should not be responsible for stifling the voices of these people. they should not confirm the already heightened suspicions of the general public that neither the government nor the party holding it up have any credibility when it comes to dealing with this issue.
           a significant proposal contained in the motion is the requirement for an injunction to prevent any interference in any of the sites at mother and baby homes and county homes where there is any possibility that there are unmarked graves or where there is any requirement for investigations or exhumations. all ongoing work at those locations should cease immediately in order to facilitate thorough forensic inspection. this is a key point of our motion that i wish to emphasise to all those who tabled amendments. given that this proposal is not included in the other amendments, i ask those deputies to withdraw their amendments.
           we feel that the sinn féin motion is a progressive proposal which attempts to prevent a recurrence of many of the mistakes that have been made, such as the ones that happened in tuam regarding the previous commission of investigation. i had hoped that this suggestion would be easily supported by all. it treats all these sites with the utmost respect and in some respects it errs on the side of caution due to the sensitivity of potential future investigations.
           the key point is that the process we are proposing is about tying all the different strands of the system together. it will thus shine a light on all aspects of that terrible episode in our history which is to the state's shame. it is also about ensuring that the experience of survivors in engaging with the state and its processes is accessible. they should feel comfortable with it and be able to engage with it on their own terms as well as trusting it. that has not been the case with the commission of investigation so far."
2017-03-21,dail,https://data.oireachtas.ie/akn/ie/debateRecord/dail/2017-03-21/debate/main,355,Deputy Kathleen Funchion,Deputy Kathleen Funchion,"deputy kathleen funchion
          i wish to commend my colleague, deputy ó laoghaire, on tabling this motion and sharing his time. sinn féin is proposing that in light of the commission of investigation being deemed insufficient to deal with crucial issues in their entirety, that a truth commission be set up which would complement the work of the investigation. a truth commission would ensure that hearings included all mother and baby homes, such as bethany and westbank, as well as all institutions, even if they are not included in the government's prescribed list.
           we know that the commission of investigation's terms of reference excluded many institutions and settings, including county homes and the magdalen laundries. neither is there any specific inclusion of children who were illegally adopted or illegally fostered. our proposal is that such a commission would have a broad remit and that survivors in particular would have the ability to contribute publicly or privately in a manner of their choosing. such a commission could hold individuals and institutions to account, apportion responsibility for mistreatment and neglect and make recommendations on redress.
           this private members' motion arose in response to the inadequate approach on the part of the state to all these interrelated issues. so many questions need to be answered. if genuine healing of survivors is to take place, then all those affected must be given an opportunity to have their voices heard if they so wish. as matters stand, this will not be possible under the existing terms of reference of the commission of investigation. we had a debate recently on the grace commission and we were all shocked and horrified about things that went on. if we are genuine about redressing those matters and creating justice for people we must listen to the survivors who have come out of that system. if that is not happening, then we need to put a system in place so that it can occur.
           some of these institutions existed until the 1990s and the effects of that can still be felt today. as was said during the debate on grace, let us not be hypocritical in seeking to place this kind of abuse of women and children solely in a historical context. we cannot pretend that children being failed by the state is an unfamiliar idea in society today. tragically, discriminatory treatment of women and children remains hugely prevalent and is still very much alive in our communities. children continue to be failed terribly by the state. in the absence of a proper care system for children, the mistakes of the past are being repeated.
           we need only examine recent figures from the hse and tusla as a snapshot of our society's shameful treatment of children. recent reports show that tusla received 56,000 reports of child abuse in a recent three-year period. unfortunately, given those statistics, i do not think we have learned anything from our history. the most recent report, published at the end of april 2015, indicated that there were 6,420 children in care, 93% of whom were placed in foster care. that is a shameful travesty but what is even more shameful is that we do not have a care system fit to provide the support desperately needed for these children. as we discuss the horrific abuses of the past, these figures represent today's reality. yet what are we doing to safeguard children at risk? how much support do we give organisations such as the ispcc which step in at weekends when the care system is not working due to cutbacks?
           while we are calling for a truth commission, i urge everyone to be cognisant of the issues right under our noses. we must learn from the tragedies of the past and vow to do everything we can to create a care system for children that will safeguard those in need. if this state does not wants to face the reality of a truth commission or another commission of investigation in ten or 20 years' time, we need to take heed now and make the safety of children at risk a priority. the survivor groups here today seek justice, clarity and recognition for what occurred and what they had to endure. it is only right that the state should enable that to happen after all they have been through. they are strong, resilient people who deserve the same respect and treatment offered to any other citizen. i therefore urge all deputies to please support this motion so that we can begin that process of justice."
2017-03-21,dail,https://data.oireachtas.ie/akn/ie/debateRecord/dail/2017-03-21/debate/main,357,Minister for Children and Youth Affairs (Deputy Katherine Zappone),Minister for Children and Youth Affairs (Deputy Katherine Zappone),"minister for children and youth affairs (deputy katherine zappone)
          i move amendment no. 1:
          to delete all words after “dáil éireann” and substitute the following:
          recognises that the government established a statutory commission of investigation into mother and baby homes and certain related matters in february 2015, to provide a thorough objective account of what happened to vulnerable women and children in these homes during the period 1922 to 1998;
          notes that the commission was established following a motion passed by dáil éireann on 28th january 2015 to approve the draft government order for the establishment of the commission and its terms of reference;
          acknowledges:
          - the important and person-centred work to date of the independent commission;
          - the considerable public disquiet and demand for a thorough and holistic understanding of events, experiences and responsibilities following the confirmation, by the commission, of the discovery of human remains on the site of the tuam mother and baby home; and
          - the plight of irish women and children who were in institutions in this country in the last century, equally affirms their resilience and agency as survivors and stands in solidarity with all former residents, their loved ones and campaigners;
          agrees that the commission must be given the opportunity to complete its sensitive and person-centred investigations in the public interest to establish the facts of what happened in and around these homes and to issue its report in accordance with the legal framework under which it was established;
          further notes the co-ordinated approach by government departments and agencies to respond to the discovery of human remains in tuam and to engage with the local community and other parties with family connections in a sensitive and inclusive manner, recognising the dignity and equality to which all stakeholders are entitled;
          further recognises that:
          - the independent commission has the scope and power to examine a broad range of public concerns in relation to these institutions, to make a determination on their relevance to the central issues in question, and to make any recommendations to the government which the commission deems appropriate;
          - the commission’s terms of reference provide for a confidential committee forum to facilitate former residents of these homes which may wish to provide accounts of their experience and to assist the commission to ground its work in the reality of the experience of mothers and children;
          - a commission of investigation’s legal framework allows it to hold hearings in public where this would be in the interests of the investigation and fair procedures;
          - major investigations have already been conducted into historical child abuse by the commission to inquire into child abuse which had a wide remit to inquire into the abuse of children in any place where children were cared for other than as members of their families; and
          - the report of the interdepartmental committee into magdalen laundries established the facts of state involvement with the laundries under the supervision of an independent chairperson;
          further agrees that the three reports of the commission of investigation into mother and baby homes and certain related matters which are due for completion by february 2018, namely, the social history report, the confidential committee report and the investigative report, are critically important in coming to terms with how irish society responded to vulnerable single women and their children at a time when they most needed our support and assistance; and
          welcomes the intention of the minister for children and youth affairs to:
          - examine the potential for a gender-sensitive transitional justice approach, to facilitate former residents of institutions who may wish to provide accounts of their
          experiences in public or in private, with a view to formally acknowledging and validating their experiences, and supporting reconciliation for former residents and
          the public at large with the events of the past by enhancing public awareness and understanding of a range of past abuses and human rights failures;
          - explore the potential for the application of a range of transitional justice mechanisms that would acknowledge and preserve the accounts of the past that have emerged in tuam and elsewhere, honouring the accounts of victims by preserving memory, undoing stigma and honouring the lives of those who were residents of such homes, thereby guaranteeing non-repetition and affirming the dignity and equality values of the constitution of ireland;
          - explore, in the context of these transitional justice measures, the scope for a truth commission which would examine broad societal issues of collective responsibility in this area and which would complement but be distinct from the work of the commission of investigation into mother and baby homes and certain relate matters;
          - carry out a scoping exercise to consider the calls for an extension to the terms of reference of the commission of investigation into mother and baby homes and certain related matters; and
          - expedite the publication of the second interim report of the commission of investigation into mother and baby homes and certain related matters.
          i thank the ceann comhairle, deputies, survivors, families, supporters and friends who are here. we cannot discuss truth and finding it without acknowledging the role of the late mr. martin mcguinness in the recent history of the country. as a champion of reconciliation, he was an example of how we can and should confront dark, uncomfortable and difficult chapters of our history. as a proud son of the bogside, he has left a legacy of peace which will benefit many generations on this island. he worked tirelessly to bring about reconciliation and build bridges which, in the not too distant past, none of us could have imagined. i extend my deep sympathy to his family, his many friends across all political divides and, of course, his party colleagues. i always felt privileged to receive his empowering embrace each time i met him. with his example in our thoughts, let us discuss the difficult issues before us.
           i welcome the opportunity to deal further with the issue of mother and baby homes. it is less than a month since the commission of investigation confirmed the discovery of the remains of babies and children on the site in tuam. together, we have been coming to terms with the news, as a community, as a people and as a nation. what has been found in the county galway town has brought into the open a broader tapestry of harm experienced by women and children across the island for decades. let me stress that it is important that we do not state or act in any way which would undermine the ongoing work of the commission of investigation. this house approved its establishment and we must let it get on with its work. there should be no confusion about its role and no duplication of its important work.
           deputies will be aware that, as a life-long campaigner, a feminist and an independent minister, i have highlighted the need to look beyond the important legal questions surrounding mother and baby homes. we must look to have a more holistic approach to grasp the truth of what happened in our country. we must do justice to the past, while, at the same time, ensuring processes are in place to ensure such practices will never re-emerge in the future. as a people, we have an obligation to remember, to tell the history that was buried in the ground and to say simply and absolutely ""never again"". the best way to proceed is through consensus. it is important that our future actions acknowledge the fact that, despite our political differences, we all stand united on the fundamental commitment to ensure the equality and dignity of all. the counter motion before the house commits to truth recovery. of course, this is not the domain of any single political party but is owned by all. human dignity is at the very heart of the constitution and equally reflected in the human rights treaties we have signed and ratified. unfortunately, we have not lived up to these values and there is much work ahead to redeem and give meaning to them.
           that brings me to the question of how best we can do this. calls for the establishment of a truth commission are in line with and echo the approach i outlined to the house as one possible approach just two weeks ago. however, i have significant concerns that the motion put forward seems to ignore almost entirely the work the mother and baby homes commission of investigation was established two years ago to do. it also takes a narrow view of the complex truth and reconciliation demands which follow the violation of human rights. before deciding on any future course of action, it is important to restate our continued support for the existing commission which must be allowed to continue its work. to that end, i remind deputies of the considerable breath and scope of its terms of reference. they include the right to seek an extension of its terms of reference, its work of listening to victims and survivors in a safe and supported context, as well as the scale of its fact-finding work.
           when the commission was set up, this house approved the proposal that it have both a confidential committee, to which former residents could tell their story, and a social history module which would help us to understand the context and reality of the times. both elements will be important in deepening our understanding of what happened and what were the lived experiences of mothers and their children. it is open to the commission to hold hearings in public, if it so decides. the confidential committee was designed for those who wanted to tell their experiences in private, away from the public gaze, but it is worthwhile pointing out that the commission could conduct some of its business in public, if it decides that it is in the public interest to do so. any such decision would, of course, be entirely for the commission to make. 
           the commission is two years into a three-year programme of work. to take actions now which would double up, devalue or undermine these important tasks would be ill-conceived and wrong. having said that, an holistic approach does allow space for a complementary body of work, a wider truth recovery process. in the short few weeks since the commission's update on events in tuam, i have begun a process of consultation on how this work could proceed. i have met academics here and in boston; historians, including catherine corless; investigative journalists and recognised experts in the area of transitional justice. that dialogue is continuing. together, we have been looking at the challenge ahead and how we can learn from similar exercises in other jurisdictions. truth recovery and acknowledgement of harm at individual, institutional and national level require patience. it is important that we commit to processes of substance, integrity and expertise. the counter motion reflects these requirements.
           the discussions i have had with experts in this field and survivors, including some of those who attended the vigil this evening, have raised important points and questions. i would like to share some of these reflections with colleagues. it is considered that for truth recovery to succeed, it must not be a one-size-fits-all truth commission. there can be many approaches to achieve our desired goal. existing mechanisms, investigations and reports can form part of a broader process. it also allows for the maximising of resources and expertise. it can have different elements, providing for access to and the compilation of archives, public installations, victim and survivor-led dialogue and testimonies which can be just as powerful as commissions, inquiries and investigations.
           we must also learn from those reconciliation and truth exercises which have failed and in particular those in which the harms being addressed were gendered harms. our commitment must be to do better than that. to put it plainly, for survivors and for future generations, we cannot afford to get this wrong. any process which is embarked upon must fulfil a number of criteria, the most important being the support and empowerment of victims and survivors. truth recovery must also have the ability to hear the totality of the story - the structural oppression of poverty, the prevailing moral norms and the devaluing of some children's lives compared with others.
           if we are to confront and deal with our history in an open and honest way, then these are the elements which must be included. my discussions have also put a spotlight on a number of important issues which must be addressed. the difficulty which survivors, their representatives and historians in this area have in accessing records is disconcerting. i am mindful too that many survivors and the loved ones of those who have passed are elderly and want answers. the questions and issues before us are complex and will need proper consideration. there cannot be a rush to action.
           to get this wrong now not only runs the risk of undermining work which has already been carried out. it could jeopardise our shared desire to reach the truth - the whole truth. i look forward to this evening's contributions. i have already listened carefully to the first three. as someone who spoke in this house about the need for a process of truth, transitional justice and a learning to protect future generations, i welcome this further conversation. we have much to atone for as a society. we must do so collectively with commitment and generosity of spirit and in a genuine desire for reconciliation not only with those whom we have harmed but with ourselves. truth redeems us all and allows for the space to reclaim the dignity we value so highly. in his poem ""clearances"", writing of his mother, seamus heaney speaks of ""a soul ramifying and forever silent, beyond silence listened for"". as we move into the future, we are compelled to listen to the silence and to open up our hearts and minds to the pain that will undoubtedly follow. this amendment sketches some of the key principles and elements of such a future path."
2017-03-21,dail,https://data.oireachtas.ie/akn/ie/debateRecord/dail/2017-03-21/debate/main,358,Deputy Anne Rabbitte,Deputy Anne Rabbitte,"deputy anne rabbitte
          i am sharing my time with deputies mary butler, kevin o'keeffe and fiona o'loughlin. i thank deputy ó laoghaire for moving the motion. it is a conversation we need to have. what has been put before us has us back in the chamber again to discuss this matter. we were here less than a month ago after the revelations about tuam. ""shocked"", ""horrified"" and ""dismayed"" are some of the words we would use to describe what came before us. coming from east galway, i was bitterly hurt, upset and disappointed for the residents, the survivors, the mothers, the babies, those who were adopted, those who died, those who were fostered, those who lived nearby and those who live in tuam and surrounding areas. it was a poor reflection on the people from tuam and was not a true reflection of them.
           while we agree in principle with the establishment of a truth commission, my party and i believe the sinn féin motion is premature. while in principle we are not against a truth commission, the best model would have to be agreed, should only be done following consultation with the survivors and various groups representing survivors and cannot usurp the current commission of inquiry. we have a number of concerns about the sinn féin motion. in the first instance, the motion does not acknowledge or affirm the ongoing commission of inquiry. the commission of inquiry needs to be able to complete its work. while imperfect, it is an important process that is making strong progress towards investigating and documenting the historical abuse and wrongdoing that took place in the mother and baby homes.
           with this in mind, we are bringing forward an amendment that seeks to establish a truth commission that will complement the work of the ongoing commission of inquiry and be guided by survivors' wishes and needs. i wholeheartedly agree that this is a conversation that needs to happen. we need to plan for future needs. if we are to be true to all women and children born in the mother and baby homes and similar institutions, it should be open and non-prescriptive. if i have an issue with the sinn féin motion, it is that it is too prescriptive. it is so set in stone that there is no room for inclusion, expansion and contribution because this is what we need. deputy funchion was so right. we have to learn from the past, the grace case and all these other cases, because if we do not learn, the same thing will happen repeatedly. this is why thousands of cases of abuse are before tusla at this time. i certainly do not want that on my watch. what i do want on my watch is to push forward a truth commission. i wholeheartedly believe that if we were to come together as a group, do what the minister says and work through consensus, we will get there with a truth commission. we need to include everyone. this includes all parliamentarians here. it includes not just mother and baby homes but all survivors from institutions and all children, be they fostered or adopted. we need their input. it cannot be a case of one party taking ownership. we must all work together for the people in the public gallery and those who represent people who are too shy and too withdrawn to come forward, because there is a serious amount of hurt, grief, anger and upset and people want answers.
           the one part of the motion that i liked was that we would look at the oldest people first. if we are to go forward with the truth commission, people have the right to closure and answers. i hear what sinn féin is saying about my party's amendment, which leaves out what the sinn féin motion says about not having access to documents. there are two sides to this. some people have walked away from that part of their lives and have closed the door. they have put on a mask and have dealt with it. they have the right to a choice when it comes to the disclosure of their documents. sinn féin deputies are right when they say that people who make contributions to committees or the commission of inquiry should have access to what has been documented, but the only way we are going to address all of this is by saying that we want an expansion of the current commission of investigation. we need to establish a truth commission. we need to bring what we want to the one table. looking at the motion and amendments before us, it is certain that we all want the truth. we all want to do the right thing by the survivors and those mothers. most importantly, when history is being written, we certainly do not want to see a repeat of what happened in the past. we need to learn from that and to acknowledge that it was a dark time in history. let us not repeat it. i would like to see consensus and all of us working together. i support the minister in that i would like to see the current commission of inquiry complete its work. i would like to see that interim report appear.
          i would like to see that the commission is working in a timely manner and that it is getting answers and will provide the people with tuam the answers they require because they still do not have them. all they know is that a significant number of bodies were found. we need to know about dna. the survivors and many others have so many questions and we need answers to those questions. if we do everything in a timely manner, people will be able to draw support and comfort from the fact that the commission of investigation is working in their best interests and will deliver results. these results will say in time that we learned. that is the most important thing for us to take from this. we must learn.
           it is awfully important too to reflect on the survivors. that we are opening such wounds must be so harsh. it must be such a struggle for them. day in, day out we are discussing these people. the last time i spoke in the dáil, i said that it was not just women and babies from tuam that we need to discuss. this did not just happen in tuam. it happened throughout the country. we need to see the commission of investigation's remit expanded. my party will wholeheartedly support its expansion. the church has a role to play. this has been documented very well in the media recently. i will not get into it now but there is a whole scope of works there.
           the amendment i have tabled to the motion addresses establishing the truth and giving people an opportunity. the most important people are the mothers, the babies and the survivors, young and old, who survived in those institutions. they have a story to tell and it must be listened to. i commend my amendment to the motion to the house."
2017-03-21,dail,https://data.oireachtas.ie/akn/ie/debateRecord/dail/2017-03-21/debate/main,359,Deputy Mary Butler,Deputy Mary Butler,"deputy mary butler
          fianna fáil welcomed the commission on mother and baby homes when it was established. that position has not changed. we recognise the vital importance of the commission in delivering justice and accountability for all those affected by mother and baby homes in ireland. the most important focus are the mothers and their babies. these mothers, babies and families must come first. they must be our sole focus. in the fianna fáil amendment, we recognise the considerable harms that have been experienced by survivors of mother and baby homes and similar institutions.
           the absolute shock and horror of seeing the names - like a roll call - of the 796 babies buried in the mother and baby home in tuam is incomprehensible. a total of 796 babies, aged between 35 weeks and 3 years, were buried. some were buried in graves but most were buried in septic tanks. it is hard to even say the words. these children died of whooping cough, bronchitis, pneumonia and malnutrition. imagine a baby dying of hunger. it is so hard to take. mothers and babies were separated at birth. they were torn apart. some were adopted and sent to america for a better life - we hope. last week, when reading an article in one of the sunday newspapers, i was struck by the report of two children who were born in the tuam mother and baby home in 1960. one was adopted in america and lived a good life. he was well educated and happy. they tried to adopt the girl at the same time. however, they could not do it financially. the girl did not have a good life. in fact, she had a very sad and horrendous life. this goes to show how the dice rolled for those two children. one had an exceptionally good life and the other did not.
           these babies, mothers and families need the commission of investigation into mother and baby homes to complete its work in a timely fashion. these mothers need the truth. they need to know why their babies died. if their babies were adopted, they need to know what happened to them. they need closure. these women, siblings and families need to know what happened. for too long, the first thing they thought of every morning and the last thing they thought of every night was what happened to their babies. i believe a truth commission is necessary and our amendment to the motion seeks to establish a truth commission in a manner that complements and does not infringe on the ongoing commission of investigation. this would be done in co-operation with survivor groups to ensure that the truth commission is solely focused on the needs of survivors, who have to come first. i cannot emphasise enough that the survivors must come first.
           the truth commission needs to be established in line with international best practice, and must be guided by similar commissions in south africa, chile and canada. the views and experiences of all survivors of mother and baby homes must be listened to, respected and acknowledged. we need to bring healing and reconciliation to survivor communities, the broader public and the state. we must ensure that the stories and experiences of these women and children are not forgotten and that their memory is honoured in a respectful way. before we can move forward as a nation, we must turn to the past and recognise its implications for today."
2017-03-21,dail,https://data.oireachtas.ie/akn/ie/debateRecord/dail/2017-03-21/debate/main,360,Deputy Kevin O'Keeffe,Deputy Kevin O'Keeffe,"deputy kevin o'keeffe
          we have all been left shocked by the further revelations that have taken place over the past number of weeks. when we are faced with the excavation of hundreds of infant remains from a tiny plot in tuam, we are faced with a legacy that will echo in our consciences and the conscience of the state and our ancestors forever. twelve months ago, we proudly echoed and repeated the 1916 proclamation point of treating children equally. the events of the past number of weeks have made it difficult to make sense of that. the religious institutions of the state did so well in areas such as education. my generation understands that they educated the poor and impoverished at a time when education was not as accessible as it is today. however, it is getting harder for the younger generation to have the same understanding when all they have heard over the past number of years about the church is stories of sexual immorality. now they hear this.
           throughout a certain period, the church excelled in certain areas of society. however, when it came to protecting the most vulnerable and showing human compassion, it has been found badly wanting. i believe there is something different about the scenario we have seen over the past number of weeks. there is something different about hundreds of infants and babies - citizens of this state - being found in unmarked graves and septic tanks. this reverberates over all that has gone on before. we can no longer use the excuse that our ancestors were ignorant as to what was going on. they were part of society during this time. there was a certain truth in the taoiseach's words when he said that no one was ever kidnapped but there is a duty on this generation to ask why. we need to explore fully all legacies. this means that placing the blame at the door of religious organisations is but one part of the redemption process.
           in my county of cork, there have been calls in recent days to excavate the grounds of the mother and baby home at bessborough. i do not have an answer as to whether this should be done or not. however, if excavating bones such as in tuam is a matter of giving the truth to those who seek it and have suffered so much, it needs to be seriously considered and all remains found given a decent christian burial, as is right. that much they deserve."
2017-03-21,dail,https://data.oireachtas.ie/akn/ie/debateRecord/dail/2017-03-21/debate/main,361,Deputy Fiona O'Loughlin,Deputy Fiona O'Loughlin,"deputy fiona o'loughlin
          in all of this debate, there is no one more important in this horrible, tragic and sad story than the survivors, the victims and those poor little bodies that were found without the recognition of a short life lived and a humane burial but in septic tanks. in recent weeks, we celebrated our national day in ireland and across the world and gloried in all of our successes and achievements but the tuam baby scandal reminds us of a dark chapter in our history and how inhumane our country's history is. in this case, the past is truly another country but we must acknowledge and learn and we must honour the memory of those who died. we must ensure a proper child protection environment for our children and we must honour and respect our survivors.
          fianna fáil recognises the vital importance of the commission in delivering justice and accountability for all of those who have been affected. the commission must be able to complete its work of investigating and documenting the abuses and wrongdoing. many survivors have awaited a report on this matter for decades and we must prioritise the timely completion of the commission's report. 
           i support the amendment tabled by my colleague, deputy anne rabbitte, which proposes to establish a truth commission in co-operation with survivors groups that would complement the ongoing commission of investigation. 
           this week, with international mother's day approaching on sunday, we must remember those mothers who gave birth but never got to be mothers or to love and cherish their children, see them grow up and share in the joys of their lives. shame on all the men who fathered those children and walked away."
2017-03-21,dail,https://data.oireachtas.ie/akn/ie/debateRecord/dail/2017-03-21/debate/main,362,Deputy Jan O'Sullivan,Deputy Jan O'Sullivan,"deputy jan o'sullivan
          i welcome the decision of sinn féin to use the party's private members' time to give deputies an opportunity to debate this issue. some of us had an opportunity to debate this matter two weeks ago and it will be on the agenda again tomorrow.
           the house must collectively try to figure out the best way to get to the truth of what occurred in mother and baby homes. none of us has a monopoly of wisdom in this regard. all of those who drafted amendments to the motion have tried to work towards the best way to approach this issue. i will move an amendment on behalf of the labour party. i agree that we must first ensure the commission does its work and my party's amendment refers to the commission for this reason.
           the amendment also provides that the minister will publish the interim report. i note she has given a commitment to do so, although it has not yet been published. it is also essential that the terms of reference of the commission are expanded because it is not adequate to cover only 14 mother and baby homes and four county homes. many people living among us have experience of other homes in other locations that are not included in the list. many were born in institutions that are not on the list. for this reason, our amendment prioritises publishing the interim report and expanding the commission's terms of reference. 
           in terms of getting to the truth, we need to focus on the work of catherine corless. ms corless, through unstinting and determined research, found death certificate after death certificate and kept digging until she was able to expose to all of us at least some of the truth of what happened in just one mother and baby home, namely, the tuam home. bessborough mother and baby home is another institution that has been cited but there must be similar stories in other parts of the country. we must shine a light on all of them because if we do not do so, we will not have the full truth we all seek. 
           we must ensure the people who went to mother and baby homes or were born in them are the first priority in terms of consultation. the minister referred to consultation with academics, historians, recognised experts in transitional justice and others. she also indicated she had consulted survivors and people who had personal experience of the awful hurt imposed by society on the women in question and their children. the most important persons in all of this are the women and children who were affected. irrespective of whether a truth commission or another forum is established to address this issue, the views of the women and children who experienced the mother and baby homes must be afforded greater importance than those of anyone else.
           what happened to the babies must also be central to the commission's work. we know there was malnutrition, children were not properly fed and mortality rates among children in mother and baby homes were much higher than among children of similar ages in ireland at the time. we also know the children in these homes were used as guinea pigs in vaccine trials and that illegal adoptions took place. however, we do not know the full truth in respect of any of these issues, all of which must be examined. 
           i do not know if a truth commission is the correct approach. there are different versions of the role of a truth commission. i am particularly concerned that a truth commission could in some way delay the work being done by the commission, which must be the priority. i am also concerned that such a commission could delay justice. as previous speakers noted, many of those who experienced mother and baby homes are getting on in life and some may wish to seek justice in the courts. we must not place obstacles in their way.
           having said that, i do not object to the concept of a truth commission, although, as i stated, i do not know exactly what it would entail. while the term ""truth commission"" slips off the tongue easily, what precisely does it involve? the commission to inquire into child abuse, for example, sat for a number of years and held private and public hearings at which people told their stories. as my party's spokesperson on the issue at the time, i met many survivors who were involved in that process. some viewed the commission as positive because it allowed them to deal with their experience, while others believed it did not help them. we need to learn from all of that in deciding what type of forum we will establish. 
           the minister cited the words of seamus heaney, which called to mind the words written by leonard cohen:
          there is a crack in everything, 
          that's how the light gets in. 
          we must recognise the large cracks in our past and present by letting in the light. leonard cohen is a good example of someone who had great compassion for people who had been hurt by life and had to deal with all kinds of difficulties. we must take a similar compassionate approach. while i agree with deputy ó laoghaire that compassion is essential, on its own, it is not what people want. they want to ensure that everything that happened to them is exposed, that they have a say and that there is some way they can get truth and justice in so far as that can be achieved. achieving justice may be difficult because one cannot give people back their lives or babies. however, we have to reach conclusions that will reflect the best we can do at this stage. 
           i also agree with deputies funchion, rabbitte and others that we must learn from the past by providing proper protection for children who are in vulnerable circumstances. while this issue is about the past, it is also very much about building a structure for the future that protects children, particularly the most vulnerable children."
2017-03-21,dail,https://data.oireachtas.ie/akn/ie/debateRecord/dail/2017-03-21/debate/main,364,Deputy Mick Barry,Deputy Mick Barry,"deputy mick barry
          an article in the daily telegraph in 2014 cited the words of christy, who was adopted from the bessborough mother and baby home in cork.
          my arms and legs were very badly scarred. but when i asked my mum why, she basically said when you arrived your arms were very sore and they were bandaged. i didn't know anything about vaccination trials. i've since been to a few doctors and they said they'd never seen anything like it - with so many injections.
          christy is just one of thousands of irish children born or living in institutions who were used as guinea pigs provided by the religious orders for vaccine trials by the pharmaceutical industry. the big beneficiary of these trials was british pharmaceutical giant, burroughs wellcome and company, as it was at the time, which is today known as glaxosmithkline, the sixth largest pharmaceutical company in the world, which had market capitalisation of stg£81 billion as of august 2016, making it the fourth largest company on the london stock exchange. the company earned stg£21.3 billion in 2013 from vaccines and drugs. between 1960 and 1976 alone, more than 298 children across ten mother and baby homes, including bessborough, were subject to experimental vaccine trials. 
           over a period of almost 50 years, there were trials involving thousands of children, some of whom were mentally and physically disabled. this included children from dozens of institutions. where was the consent? some of the children grew up not realising for more than 30 years that they had been involved in these trials. the victims contacted their natural mothers. all the mothers contacted of whom we know said they had not been asked for permission. in 1962, the british medical journal seemed to confirm that parental permission was not sought when it said, ""we are indebted to the medical officers in charge of the children's homes for permission to carry out this investigation on infants under their care"". consent was not a new concept in 1960-61. in 1947, the nuremberg code, which was developed as a result of the prosecution of nazi doctors involved in experimenting on humans, stressed the need for the consent of subjects in clinical trials but here children were used as guinea pigs with no respect for their bodily integrity, treated differently from other citizens and, indeed, treated as lesser citizens. changes were made to the 1960 and 1961 files under the control of the sisters of the sacred heart of jesus and mary in 2002 just weeks after they received a discovery order from the commission to inquire into child abuse. admission and discharge dates for the mothers were altered because the original files would have shown they were not present to give their consent to these trials.
           we will support the motion. it proposes a stronger, more comprehensive approach than that outlined by the government, fianna fáil and the labour party. the mother and baby homes commission of inquiry has an interim report due at the end of the month. has the commission called in representatives of glaxosmithkline and questioned them on their company's role in these events?
           in conclusion, i would like to correct the record of the house on a matter relating to this subject. speaking in a debate on the mother and baby homes on 9 march, i reported on a conversation i had with a survivor of the homes in 2010. i mistakenly stated that the gentleman concerned had been born in bessborough whereas on checking i realised he had been born in the castlepollard home and had investigated bessborough later in his life as an adult. i ask that this correction be duly noted."
2017-03-21,dail,https://data.oireachtas.ie/akn/ie/debateRecord/dail/2017-03-21/debate/main,365,Deputy Bríd Smith,Deputy Bríd Smith,"deputy bríd smith
          the motion is comprehensive, well thought out and ticks every box in terms of how the victims and survivors of this terrible debacle should be dealt with and how we try to get at the truth. i note with interest the reference to south africa, chile, australia and canada. these states secretly carried out butchery and genocide and engaged in cruelty against generations of people. the same description could be applied to the mother and baby homes on the basis of the information we have as of now. however, we have to get at the truth. in the case of south africa under the apartheid regime, chile under pinochet and the treatment of the native peoples of canada and australia, the truth commissions examined something that was over. in the case of ireland, the abuses of the church and state against people, given the control of the religious and the hierarchy of the catholic church, is not over. they are being maintained and we need to know more than what sinn féin is suggesting. i back the motion fully but i would like to amend it to state that what we say matters but what we do matters even more. to that end, i echo calls made by former minister for health, deputy micheál martin, the current minister for health and by myself previously that the religious orders who dominated the state and who still dominate our health and education services be called in.
           my amendment calls for three steps to be taken. i am calling for all necessary steps to be taken, and not to break the law by, first, rescinding the so-called woods deal which indemnified all the churches and religious orders in 2002 under the congressional indemnity agreement; second, taking all the necessary steps to take into public ownership hospitals controlled by religious orders, including the bon secours, which is a private group, st. vincent's hospital and the mater hospital; and, third, beginning the process of the separation of church and state finally by removing the control of religious orders over the boards of management of our schools and hospitals. a total of 95% of our national schools are controlled by religious orders and a newspaper reported yesterday that six of the dublin hospitals controlled by religious orders have wealth approaching €1 billion. we all know how little the churches paid back in restitution for the abuse. if we want to honour the legacy of those mothers and babies and address the terrible crimes committed against them, we have to begin to unravel where the crimes stem from by pulling up everything root and branch and, therefore, making a huge commitment to the separation of church and state. that is the amendment i would like to make to a well thought out motion, which deserves to be considered, rather than the minister's amendment, which says we should leave this alone and wait until the commission reports. it is like telling me when i introduced a bill to reduce the 14-year sentence relating to abortion not to change the law until we hear back from the citizens assembly. things can be done in tandem rather than waiting."
2017-03-21,dail,https://data.oireachtas.ie/akn/ie/debateRecord/dail/2017-03-21/debate/main,366,Deputy Catherine Connolly,Deputy Catherine Connolly,"deputy catherine connolly
          i thank sinn féin for the opportunity to contribute to the debate, although i do not support it, and i will try to clarify why. the motion is not appropriate at the moment, given there is a commission of investigation, and we should use our combined strength to change its terms of reference to force accountability in respect of the interim report that is sitting on a desk since september 2016 without an explanation as to what is going on. we should listen to the survivors and the families, including my own, which have been deeply and personally affected by the mother and baby homes scandal.
           the minister quoted heaney and, while he is one of my favourite poets and normally i would delight in hearing his poetry quoted anywhere, i would have preferred if she had quoted some of the survivors or from the briefing document prepared in october 2012 by officials in the department of health highlighting serious concerns relating to patient ill-health and the safety of babies in the mother and baby homes in tuam and bessborough, the possible alteration of birth and death certificates and other matters in the context of the martin mcaleese report. they said they did not have the wherewithal to investigate these issues. that is one of many briefing documents. we do not know how many and, while i accept the minister's bona fides, my confidence in them has been stretched a little, notwithstanding that she inherited the situation.
          it has certainly been stretched by the minister's failure to publish the interim report. i wish that is what we were discussing in the dáil with a view to having an influence on the terms of reference, the scoping extension the minister has spoken about and so on. now we are talking about a truth commission rather than forcing accountability in the ongoing process. one of the serious failures i have seen in the dáil in my time and prior to it is its utter failure to hold the system to account. it is a point repeated ad nauseam by judges when they are put in charge of tribunals. they have repeatedly said if politicians asked questions and demanded answers, we would not need as many tribunals. here we have a commission of inquiry with an interim report that has not been published and there is no excuse for that. it is appalling. then there is a statement from the minister saying we are coming to terms with the news as a community, a people and as a nation. i will try to stay away from the personal but as someone who is affected, we are coming to terms not with what happened but with the continual hiding of it by successive governments and institutions. i have highlighted one briefing document that has not been referred to by the minister or anybody in the government and asked why it was not acted upon. 
           the issue of vaccine trials has been highlighted. it was highlighted in the commission into child abuse and, unfortunately, there was a judicial review to stop because the tribunal was acting outside its terms of reference. no government has gone back to look at that. once again, it was left. 
           i have asked repeatedly for a number of things in the current inquiry. i have asked that the site in tuam be sealed off forensically and held. i have asked that other sites be looked at. i have asked that the time for the current commission be extended to allow more people to come forward in view of what was confirmed in tuam. i do not say ""discovered"" because catherine corless highlighted this two years ago. the commission to inquire into child abuse was certainly aware of it from the many people who came forward and gave testimony. the martin mcaleese interdepartmental inquiry was fully aware of what was going on in the mother and baby homes so none of this comes as a shock. the shock is the continued cover-up. as someone who has been affected, i am not looking for reconciliation at this point for me. the survivors who are struggling gallantly to survive have not asked for reconciliation. what they have asked for is to be treated with dignity and respect and to be given maximum information. the minister talks about empowering and i take it at face value. survivors are empowered by being given maximum information. that is not happening. we have somebody down in the high court currently looking for records. he had to go to the high court to force a situation to get information about his sister. all of this is on the public record. when we see death certificates for places like the mother and baby home in tuam, we cannot rely on them. the briefing document from october 2012 told us there was a serious possibility that those death certificates had been tampered with. are we to mourn for those who are related to us who are supposedly buried in chambers in the mother and baby home in tuam, in bessborough and elsewhere? are we to go and look to see if they have been adopted in america through illegal adoptions? the briefing document highlights that babies were shipped to america and many other countries. there were treble payments made to the mother and baby homes. the two that are cited are bessborough and tuam. there were payments by the mother, the state and the adoptive parents in america who were waiting for the children they were going to adopt to come over. all of this has been set out. none of it is new. not one single piece of it is new. if the minister is seriously interested in a new regime, openness and accountability, let us stop issuing statements that she will talk to the historians, academics and advocates and let us make a statement that we will listen to the survivors and families in the first instance. will the minister please stand up in the dáil and account for why the report has not been published? will she commit to a full and frank debate about that report as soon as it is published and confirm tonight the date of the publication of that report? that is what openness and accountability mean, at least to me. it is the least the survivors deserve. 
           i will finish by paying tribute to mary raftery whose name is not heard often enough in the dáil. she died prematurely on 10 january 2012. she did extraordinary work in ""states of fear"" back in 1999, in her book suffer the little children and in ""cardinal secrets"". that woman exposed more in ireland and forced more inquiries than the dáil, which should have forced the situation. 
           in case anybody here forgets, let me finally quote the then fianna fáil minister for education and science, batt o'keeffe, who said in september 2009 the magdalen women were not entitled to redress from the state as the state ""did not refer individuals nor was it complicit in referring individuals"" to the magdalen laundries. that was and remains the level of denial in this country. the mcaleese report was forced by the then irish human rights commission, which did its own report. if the minister has heard what i said and is truly interested in being open and accountable, let us start by confirming the date and by confirming there will be an open discussion with the view to looking at a commission of inquiry but first by extending the terms of the current inquiry."
2017-03-21,dail,https://data.oireachtas.ie/akn/ie/debateRecord/dail/2017-03-21/debate/main,368,Deputy Danny Healy-Rae,Deputy Danny Healy-Rae,"deputy danny healy-rae
          i also wish to be associated with the expressions of sympathy to the family of martin mcguinness. he did a great deal of good for many people. i was glad to have met him again recently. it seems like it was only the other day that he attended a meeting of the committee of public accounts. he came across the hallway, shook hands with me, smiled and congratulated me on getting elected and becoming a member of dáil éireann.
           regarding the matter under discussion, every man and woman is outraged about what has been made known about tuam and what happened to so many small babies in that mother and baby home as well as other homes, institutions and laundries throughout the country. people want to know what happened. were these children starved? how were they treated when they got sick? if they had something that was contagious, were they kept away from the rest of the children? the good, honest people want to know whether anyone can be brought to account for the wrongs that were done to so many children and young women.
           deputies should not be haggling over which amendment to support. the garda has a role to play in getting to the truth to ensure everything about what happened to the victims is made clear and, if possible, all the survivors are compensated properly.
           this is a sad saga in our history. it was considered shameful for an unmarried girl to become pregnant, requiring her to disappear from view locally into what was known as a mother and baby home or an industrial school. all deputies should ensure the garda is doing what it should do, that is, investigate and bring people to account where possible. we must work together to ensure all those who were wronged in these homes and institutions and are still alive get some form of redress or compensation."
2017-03-21,dail,https://data.oireachtas.ie/akn/ie/debateRecord/dail/2017-03-21/debate/main,370,Deputy Carol Nolan,Deputy Carol Nolan,"deputy carol nolan
          yes. gabhaim mo bhuíochas as ucht an deis chun labhairt ar an rún fíorthábhachtach seo anocht. i commend my colleagues, deputies ó laoghaire and funchion, on their work on this serious issue, which is one that needs to be resolved. the people in question need closure in their lives. i commend deputy ó laoghaire on tabling the motion, which i hope all parties will support. every deputy has been shocked by the recent revelations about the tuam mother and baby home, just as we have been disgusted by the treatment of women in the magdalen laundries and institutions run by the state.
           the commission of investigation into the mother and baby homes has been set up in the midst of widespread criticism of its inadequate terms of reference. sinn féin has tabled numerous amendments and strenuously voiced its concerns about the terms of reference, yet these have gone ignored. those who suffered in the system but were not at the listed mother and baby homes have been excluded. survivors' groups have criticised the behind closed doors hearings and the perceived lack of transparency.
           this motion seeks to establish a truth commission that would allow for the voices of all victims and survivors to be heard in public or private, whichever the individual wishes. at the end of the day, it is these people who need to be consulted. their voices must be listened to and respected. the truth commission will build and expand on the work of the commission of investigation and prove a useful vehicle in getting to the truth about some of the darkest stains on the state's history. it may provide some comfort and closure to survivors and would allow access to the truth for those who have been excluded from the commission of investigation.
           the state has the simple duty to help these survivors and get the answers they so badly deserve. they cannot get closure until they have those answers. to that end, i call on every deputy to support the motion."
2017-03-21,dail,https://data.oireachtas.ie/akn/ie/debateRecord/dail/2017-03-21/debate/main,371,Deputy Dessie Ellis,Deputy Dessie Ellis,"deputy dessie ellis
          as the full, shocking story about the home in tuam slowly emerges, the horrors of what happened in mother and baby homes, county homes, magdalen laundries and other institutions, including the bethany and westbank homes, are beyond comprehension. sinn féin believes we need to extend investigations beyond the current commission, which is why it was necessary to draft this private members' motion.
           the establishment of the commission of investigation into mother and baby homes under judge yvonne murphy can be considered in many respects as inadequate, given that it excludes many who suffered under the system but were not in one of the prescribed mother and baby homes. many survivors' groups also have concerns about its lack of transparency.
           our proposal on establishing a truth commission aims to establish the truth of what practices took place in these homes, identifying the institutions responsible for the systematic mistreatment of women and children, and the system as a whole. our proposal would give survivors and victims the right to access files held in their names and provide them with a voice to express their feelings and experiences.
           there have been many failures over the years in how the state has dealt with the legacy of abdicating its responsibility for the welfare of mothers and babies to religious organisations. there was a lack of overview and regulation and a failure to address the concerns raised down the years about what was happening in the homes. even when it became more than apparent that serious abuses had occurred, the state stood frozen, silently wringing its hands and muttering platitudes while still doffing its cap to the religious institutions which successfully evaded answering or taking responsibility for the actions of their members who carried out these abuses.
          that included the religious hierarchy who refused to financially compensate their victims unless it was dragged out of them and then in some cases not at all. the atmosphere and climate in the institutions was tolerated due to this state's failure. let us remember who was in the institutions. it was young women and children, young girls who, as austin clarke in his 1963 poem said, were left to:
          cook, sew, wash, dig, milk cows, clean stables
          and, twice a day, giving their babes the teat.
          to date, the state has failed to initiate a meaningful process that would help obtain the truth for survivors. neither has it provided a suitable forum that would allow the full story of the institutions and the system that underpinned them to be made public. considering the long line of failure in regard to the institutions, we are introducing this private members' motion calling for a truth commission to be established to allow the state to break the cycle of failure and start the process of a truthful discourse of a shameful past."
2017-03-21,dail,https://data.oireachtas.ie/akn/ie/debateRecord/dail/2017-03-21/debate/main,372,Deputy Pat Buckley,Deputy Pat Buckley,"deputy pat buckley
          if one thing is clear about how we must proceed to address the shameful scandal of abuse, neglect and imprisonment represented by the mother and baby homes which operated in this state it is that we must as a principle accept and believe the word of the survivors of these crimes. i believe the survivors of places like bessborough, bethany and other homes. i know some survivors personally. i believe them when they describe a kind of existence which to be perfectly honest i do not want to believe but i know from their dignity and resolve and from the catalogue of already exposed outrages that the horrors of which they speak are true and that they must be brought out into the light.
           this motion demands we ensure a process is put in place for that to happen so that survivors can seek solace in that openness and that we as a nation can look at ourselves and our society and truly say, never again, that this will never be allowed to happen again, to be swept under the carpet or to be denied. until we do that we will be a nation living in a deep and inescapable cloud of shame. i am proud to have worked with the campaigner, joan mcdermott from cork, and to call her a friend. she is the definition of a survivor. she is my hero. she was imprisoned in the hell of bessborough house in 1967 because she had committed the crime of becoming pregnant in holy catholic ireland. she told the european parliament in 2014 that ""the nuns there treated us like you wouldn't treat a dog"". when she went into labour, she was locked alone in a room overnight. her son was stolen from her and placed into adoption just seven and a half weeks after she gave birth. upon release she was told to never return to her homeland. she was lied to at every turn when trying to find her son. somehow, through great resolve and strength, joan managed to build a life afterwards. after 50 years she was reunited with her son who had to ask her what was his own date of birth. through her story and her campaigning joan has made it clear again and again that it is only by seeking the truth and speaking it loudly that healing is allowed to happen. untold hurt has been done and the healing has come far too late but we can begin that process now. the minister mentioned that she had spoken to some of the experts. joan mcdermott is an expert. she is the type of person to whom the minister should speak. people such as her have lived the experience. many of the women who survived these crimes have already gone on record. that is not an easy thing for anyone to do given the deep trauma. we must respect that and seek to allow existing testimony to be treated with due respect and to not be ignored, especially for survivors who are no longer with us. we must also ensure that we build an ireland which respects and defends the rights of women as that is not the case even to this day.
           there is no suggestion that the motion would undermine the commission of investigation. we want the commission to finish its work, even though we feel it is inadequate but that does not mean we cannot work towards a truth commission, which needs to happen. i urge all members to please support the motion."
2017-03-21,dail,https://data.oireachtas.ie/akn/ie/debateRecord/dail/2017-03-21/debate/main,373,Minister of State at the Department of Public Expenditure and Reform (Deputy Seán Canney),Minister of State at the Department of Public Expenditure and Reform (Deputy Seán Canney),"minister of state at the department of public expenditure and reform (deputy seán canney)
          i begin my contribution on this motion tonight by offering my personal condolences to the family of martin mcguinness, his many friends and his colleagues in this house. the leadership which martin provided in dealing with the challenges of our recent history on this island serves as an exemplar of what can be achieved when reconciliation is championed.
           i acknowledge the women and children who were in mother and baby homes in this country in the last century, and the survivors, some of whom are present, and extended families who are deeply saddened and distressed by the confirmation of human remains on the site of the former tuam home. as that news continues to be absorbed, i know many people in my constituency are experiencing a great deal of anxiety and anticipation about what might happen next. it is now very important that all concerned respond sensitively and respectfully to the developments, with particular regard for the hurt and pain involved for those directly connected to the mother and baby homes.
           the findings were a further tragic reminder that in the early years of the state, we utterly failed to live up to our ambition and promise to cherish all the children of the nation equally. unmarried mothers and their children were unjustly stigmatised and forced to feel so much shame and guilt. that was wrong. we must now carry the burden for how our country failed to appropriately and compassionately care for them when they most needed our protection and support not our judgment.
           i add my voice to the praise for the valuable humanitarian work undertaken by catherine corless. her research greatly assisted in bringing these matters to public attention. her dedicated and selfless efforts to assist former residents, and the families of those who died, in their efforts to research what happened to their loved ones is to be commended. i fully endorse her desire to have the dignity of deceased children who lived their often short lives in these homes respected, acknowledged and recognised in a permanent way.
           the debate this evening has again demonstrated the complexity of those issues and the degree to which irish society failed to deal with the difficult issues it had decided to ignore. i have listened to the contributions of deputies and the issues raised emphasise the challenge of seeking to respond inclusively and sensitively to the value and dignity of the lives that were lost in tuam and beyond. in responding to these issues, it is important to remember that this house's focus on mother and baby homes commenced in earnest following a motion passed on 11 june 2014, which identified the need to establish the facts regarding the deaths of children at the bon secours mother and baby home in tuam, county galway between 1925 and 1961, including arrangements for the burial of the children. those matters were considered by dáil eireann to be of significant public concern requiring, in the public interest, examination by the establishment of a commission of investigation. notwithstanding that the bon secours mother and baby home in tuam was the original focus of public concerns, the terms of reference for the commission which was subsequently established reflected a deliberate focus on the need to document a comprehensive account of the institutions; the often harrowing manner in which women and their children were treated; how they came to be there in the first place; and, the circumstances of their departure from the homes. as outlined previously by my colleague, the minister, deputy zappone, the motion tabled this evening seems to ignore entirely the valuable work that the commission was established to do - and is doing - under the leadership of judge yvonne murphy. the work of the commission of investigation is a vital step on the path we have commenced to achieve a holistic truth, and to give true meaning to the values we say define us as a people and a country. we know its findings will be painful.
          however, its reports will be critical in assisting us, in so far as we can, to come to an understanding of how society failed utterly in its response to vulnerable women and their children.
           it is understandable that the discovery of human remains has generated renewed calls to re-examine and extend the present commission's terms of reference. the government is very conscious of these calls and the people who have been deeply impacted by these issues, and we are open to examining these issues further. however, the debate of recent weeks has risked losing sight of the breadth and considerable scope of the existing commission's terms of reference. the commission already has significant autonomy to follow where the investigation takes it and to make any recommendations it deems necessary to facilitate its work. this is important as the commission is examining records to which the state, or any other parties, would not have had access to previously. we are now more than two years into a three-year process. facilitating the commission to complete its investigation, establish the facts of what happened and issue its reports must remain as a priority. whereas some of the issues being raised in the debate tonight are outside the intended remit of this commission, the minister for children and youth affairs has committed to carrying out a scoping exercise regarding the commission's terms of reference to see if broader terms of reference would help answer the many questions now arising. the minister, deputy zappone, will engage with the commission on this matter and make further announcements about this process in the coming weeks.
           the government recognises the heightened demand for a thorough and holistic understanding of events and experiences following confirmation of the discovery of human remains on the former site of the tuam mother and baby home. as detailed in the amendment to the motion and further outlined in the minister's opening contribution to the debate, the minister is committed to exploring the application of a range of transitional justice mechanisms. the focus will look beyond the work of the commission to acknowledge further the experiences of former residents and to enhance public awareness and understanding of a range of past abuses and human rights failures. in this context, it is again important to be aware of related processes already in place. the confidential committee forum within the commission's terms of reference was specifically included to facilitate former residents of these homes who may wish to provide accounts of their experience and to do so in a safe and private way. this forum will also assist the commission to ground its work in the reality of the experience of mothers and children. the minister will consult interested parties to make sure this examines whether this could be done in a way that meets the needs of those who may wish to engage with such a process and to ensure it aligns properly with the work of the commission on mother and baby homes that is already deep into its programme of work.
           the government’s amendment to the motion and the steps and processes it proposes are further tangible evidence of our commitment to ensuring a full and objective account is delivered into the past failures endured by vulnerable women and children in mother and baby homes. we must dispel the secrecy and the shame so unjustly experienced by so many. i commend the amendment to the house."
2017-03-09,dail,https://data.oireachtas.ie/akn/ie/debateRecord/committee_of_public_accounts/2017-03-09/debate/main,95,Deputy Mary Lou McDonald,Deputy Mary Lou McDonald,"deputy mary lou mcdonald
          it is terrible to be asked to choose between the three issues referred to by the chairman. the special report on the redress schemes is very important work, which is also highly topical given the turn of events around the tuam mother and baby home and the need to re-examine the issue of mother and baby homes. not only is this work very important, but it could also be very useful in dovetailing with other things that need to be done. that is not to argue against dealing with direct provision or bord na gcon. there are only so many weeks in the year."
2017-03-09,seanad,https://data.oireachtas.ie/akn/ie/debateRecord/seanad/2017-03-09/debate/main,22,Senator Jerry Buttimer,Senator Jerry Buttimer,"senator jerry buttimer
          the order of business is no. 1, motion regarding the joint committee on the future funding of domestic water services, to be taken without debate on the conclusion of the order of business; no. 2, statements on the announcement by the commission of investigation confirming human remains on the site of the former tuam mother and baby home, to be taken at 12.45 p.m. and to conclude not later than 2.30 p.m., with the contributions of group spokespersons not to exceed eight minutes each, those of all other senators not to exceed five minutes each and the minister to be called on to reply to the debate not later than 2.20 p.m.; and no. 2a, motion regarding the commission of investigation in the grace case, to be taken at 2.30 p.m. and to conclude not later than 3.30 p.m, with the contributions of all senators not to exceed six minutes each and the minister to be given four minutes to reply to the debate."
2017-03-09,seanad,https://data.oireachtas.ie/akn/ie/debateRecord/seanad/2017-03-09/debate/main,55,Senator Jerry Buttimer,Senator Jerry Buttimer,"senator jerry buttimer
          i thank the 14 members who contributed on the order of business. ar mo shon féin, ar son fhine gael agus ar son gach seanadóir sa teach, déanaim comhbhrón le muintir annmarie o'brien agus na leanaí a fuair bás. today we remember annmarie o'brien, paris, holly and jordan. as i stated yesterday, it is important to recognise that the loss of life is tragic. how it happened is even more numbing. we send our deepest sympathies to the families. no words of ours today will offer any solace but it is important to stand in solidarity with the families. we extend our sympathy to the family of joe mcgouran as well.
           senators ardagh and ruane raised the issue of yesterday's march. as i stated yesterday, it is important that we allow the citizens' assembly to do its work. in congratulating the people who marched yesterday, it is important to distinguish between maternal services and the repeal of the eighth amendment. in my opinion, they are not linked.
          we have a very positive national maternity strategy. the minister for health, deputy harris, is pursuing that but it is important that we acknowledge that the constitutional convention, which was set up in the previous oireachtas, did a tremendous job and now we have the citizens' assembly. i made the point yesterday that those who criticised the establishment of the citizens' assembly should look at the proceedings from last saturday and sunday and watch the way the members of the assembly read the policy and position papers put forward by the various advocacy groups, both for and against. it is evident that this will be a divisive issue but, that said, it is important that the citizens' assembly is allowed to complete its work and that the report it presents to the government will then be debated in both houses of the oireachtas.
           it is my expressed hope that we will have a referendum to put to the people that will decide the issue. we can debate the issue when the report has been made by the citizens' assembly, when we know what it recommends and what the government intends to do following the publication and consideration of the report. those who marched yesterday deserve to be congratulated for taking a stand. people will also have another view and they will march as well. that is the democracy we live in. we should welcome and congratulate all those who march and organise.
           senator boyhan raised the redress scheme and the report published today on the matter. i share his disappointment at the failure of the religious congregations to live up to their side of the deal. government policy was, and still is, to pursue the religious congregations for their share of the costs of redress on a 50:50 basis. what that means is that the religious congregations would contribute €760 million. to date, what has transpired is that approximately 23% of the overall cost has been contributed. contributions received from the congregations up to the end of 2015 represent approximately 13% of the cost. senator nash outlined that the 2002 deal was signed up to by the then minister, michael woods. it is a bit hard to listen to deputy micheál martin's comments about handing over buildings and grounds when the deal to which he was a party, as a member of the then government, let the congregations off the hook. rather than playing to the gallery in terms of being populist, we should see how we can collectively get the money or its equivalent. i do not wish to be political.
           the state must look after those who were treated badly and pursue those responsible. i speak as leader. we have had the cloyne report, the ryan report, the murphy report and we now have the awful tragedy of the tuam mother and baby home on which we will have a debate today in the house. we will also debate the grace case today. as the taoiseach said, how long more do we have to keep coming back to the legacies of the past? there is an obligation and duty on the current group of people in charge of religious orders and congregations to live up to the expectations of the people of the country who look to them to provide a new type of leadership. we can have all the commissions of investigation we want - we accept that we need them - but we also agree that responsibility must be taken and people must be accountable. it is about time those who are now in charge in religious orders live up to their expectation. i was condemned for the reply i made to senator gavan about the bon secours group. one cannot equate today's modern hospital groups that provide services with the old system. there is an obligation on those who were not part of that system. i wish to make a distinction."
2017-03-09,seanad,https://data.oireachtas.ie/akn/ie/debateRecord/seanad/2017-03-09/debate/main,107,Minister for Children and Youth Affairs (Deputy Katherine Zappone),Minister for Children and Youth Affairs (Deputy Katherine Zappone),"minister for children and youth affairs (deputy katherine zappone)
          i am very pleased to be here to offer my initial statement on what has happened, particularly in the past week. i look forward to hearing senators' contributions which will help me significantly as i move forward.
           experience tells us that it can take time to shine a light on dark periods of our history. the truth is hidden, sometimes in plain sight. it takes the brave testimony of survivors, long studies by historians and the dogged determination of investigative journalists to bring a spotlight to events which were previously only whispered about, in this case for generations. it is now almost one week since the commission of investigation into mother and baby homes confirmed what we had all feared. today i outline the commission’s update that a significant number of human remains are buried on the site of the old mother and baby home in tuam, county galway. for survivors, loved ones and campaigners such as the tireless catherine corless, it was a moment of vindication. after decades and years of hard work, determination and unwavering commitment, the truth has been laid bare for all to see. this house and the entire state owe a debt of gratitude to ms corless for her work. many men and women who are alive today spent time in that institution, either as children or young women. today i offer them my personal solidarity and, as a citizen, personal apology for the wrongs done to them.
           senators will know that the commission of investigation into mother and baby homes continues its work. they will also know that calls have been made for the terms of reference of the commission to be reviewed. i acknowledge the calls made since friday for an expansion of the terms of reference to cover all institutions, agencies and individuals that were involved with ireland’s unmarried mothers and their children. there are also calls to include investigations of burial practices at all of these locations. i can commit to deputies that a scoping exercise will be carried out to examine this issue. i will be announcing the details of this exercise in the coming weeks. i will also be publishing the second interim report of the commission by the end of this month.
           i am mindful that, by design, the commission is largely concerned with questions of legality, legal liability and compliance with the laws of the day and so on. these are important questions. they are, however, not the only issues we should consider. what happened in tuam is part of a larger picture. it is part of a tapestry of oppression, abuse, repression and systematic human rights violations that took place all over the country for decades. as a modern, open society, we must not treat these as isolated incidents but rather confront what was a dark period in an honest, mature and reflective way. we must acknowledge that what was happening in these institutions was not unknown and not without the support of many pillars of society. we must acknowledge that this very house debated legislation that allowed for those residing in institutions such as county homes to work for little or nothing in return for the so-called charity shown to them. lest we contend that people did not know what was happening, let us remember that some members of the dáil spoke out against it. in the finance committee debates on the health bill 1952 which took place in july 1953 deputy kyne condemned putting unmarried mothers in county homes effectively as involuntary labour as “having revenge on her”.
          captain cowen, a deputy, described as ""absolute brutality"" the fact that they were not even let out. earlier than that and before our constitution had been finalised, members of the oireachtas also raised questions about the ill treatment of so-called ""illegitimate"" children. thus, as i said, this history may be dark, but it was not entirely unknown.
           we must acknowledge that sometimes it was fathers, mothers, brothers and uncles who condemned their daughters, sisters, nieces and cousins and their children to these institutions and that sometimes it was not. we must accept that between 1940 and 1965 a recorded 474 so-called ""unclaimed"" infant remains were transferred from mother and baby homes to medical schools in irish universities. we must listen to, record and honour the truth of people's experiences. we must commit to the best of our ability to recognising, recording and making reparations for the truth. making these commitments and honouring them will not be easy, but we must do so, for those who suffered and also for future generations.
           establishing the truth is important for many reasons but not least to ensure that the darkness of the past will not return in the future. irish women and irish children must never have to endure such suffering again. as a feminist, independent minister and irish woman, i feel a moral and ethical compulsion to reach beyond the legal questions of what happened in tuam and elsewhere. that compulsion is driven by the need to arrive at this truth. it is only from acceptance of the truth that we can move past it, not by drawing a line under it but by highlighting it and recognising it as part of our history and part of our national story. we must commemorate and memorialise this truth and we must honour its victims. we must recognise the part that individuals, communities and institutions played. we must make sure that, while we still have time, we look to those who are still alive and accept their accounts of what was done to them and of the wrongness of that.
           in the coming days, i will start a conversation as minister with advocates, historians and scholars specialising in transitional justice. the united nations defines transitional justice as the set of approaches a society uses ""to try to come to terms with a range of large scale past abuses"". transitional justice puts survivors and victims at the heart of the process. it commits to pursuing justice through truth. it aims to achieve not only individual justice, but a wider societal transition from more repressive times, in order to move from one era to another. taking a transitional justice approach means that we will find out and record the truth, ensure accountability, make reparation, undertake institutional reform and achieve reconciliation. in doing this, i acknowledge the many people who have contacted me personally in recent days to tell me directly of their experiences. it is important also to ensure that we learn from international best practice in transitional justice, such as the museums of memory in argentina and chile, for example. there may also be lessons to be learned from processes used to establish the truth in other contexts and other countries.
           writing in the london review of books last year about the mother and baby home in tuam and other matters, our laureate for irish fiction, anne enright, stated:
          the living can be disbelieved, dismissed, but the dead do not lie. we turn in death from witness to evidence, and this evidence is indelible, because it is mute.
          let us not disbelieve. let us not dismiss. let us commit to do justice not solely through law but through speaking and listening, and through believing what our eyes, our ears and our compatriots tell us."
2017-03-09,seanad,https://data.oireachtas.ie/akn/ie/debateRecord/seanad/2017-03-09/debate/main,108,Senator Ned O'Sullivan,Senator Ned O'Sullivan,"senator ned o'sullivan
          i welcome the minister to the house. like everybody else in the house and across the country, i am greatly saddened and upset at the revelations in tuam. the treatment of young mothers and their children defies belief. it is chilling and horrendous. my sympathy is with the families concerned and my hope is that they will gain some solace from the huge outpouring of support they have received from the public, from uachtarán na héireann down to the ordinary citizen. outrageous as the story is, tuam is far from unique. we can anticipate further similar revelations in the immediate future.
           it is regrettable that the bon secours order, which has a splendid record in the provision of medical services generally and which is today at the cutting edge of medical care, should, as yet, have issued no apology statement in this matter. i urge it to do so now. i welcome and support the statement by my party leader, deputy micheál martin, calling for the religious orders to hand over medical-related properties to the state. this seems even more appropriate in the context of tuam. the orders got off fairly lightly in the 2002 deal and the government should now revisit that settlement, especially as the orders did not live up to their undertakings. on the order of business this morning, the leader said it was a fianna fáil government which made that agreement, which i accept. however, times have moved on and we know a great deal more now than we knew in 2002. let us not be political about this.
           while i say i am disturbed by the revelations, i cannot say i am shocked. anybody who grew up in rural ireland in the 1950s, as i did, and who had eyes and ears knew there was a strange, silent issue to do with the plight of unmarried mothers which never received public utterance but was in the consciousness at all times. as such, i am not shocked.
           i use my remaining time to share a story with the house. it concerns a sad and dark time in ireland and it will have resonance given the subject under discussion today. in february 1946, in a small cottage at the edge of my home town in north kerry, a young, single girl gave birth to a baby with the assistance of a local midwife. complications set in and immediate medical help was required. a local hackney man by the name of john guerin was sent for and he brought the seriously ill girl to the local hospital, less than a mile from her home. she was refused admittance and directed to the county hospital in tralee, which entailed an agonising journey for her of 20 miles. although she was at death's door, she was again refused admittance in tralee and redirected to the union in killarney, which was a further 20 miles away and which was considered to be a more suitable place for her peer group. there, she died.
           mr. guerin took her coffin back to listowel on the roof of his car to find the gates of our parish church locked against them. the local convent chapel door was locked as well. by this time, word had spread and a sizeable crowd of angry people had gathered in our square. mr. guerin and his neighbours broke down the chains on the church and shouldered the remains up to the altar. community pressure was applied and the girl's body was buried in consecrated ground the following day. many years later, mr. guerin's son, tony, a celebrated playwright, wrote a play about that story called ""solo run"", which ran to packed houses in dublin.
          he also wrote ""hummin'"", a play which deals with the way orphan boys from workhouses were treated as slave labour in the locality. a local balladeer, sean mccarthy, who wrote ""shanagolden"", also wrote a beautiful poem, in shame, about the incident. it highlighted the plight of the unmarried mother of the time.
          they whisper their stories, they glance with the eye
          they look over my shoulder when i pass them by
          and my father and mother, they treat me the same
          oh hear the nightingale crying in shame love in shame
          i will leave it at that, except to state there is a positive message in the story of human compassion against oppression and cruelty. a local community, working people in the main, had the courage to stand up to the might of the church and the narrow mean attitudes that obtained at the time when a girl in trouble had nowhere to go except england or the nearest magdalen home.
           i will not join the queue of people pointing the finger at priests and nuns. i admire most of the priests and nuns i know. they have given fantastic service at home in their communities, particularly those who worked and struggled abroad in the missions. they deserve our support and understanding at this time because there has been a lot of comment, most of it justified, but in my view some of the comments, particularly about the clergy in general, have been over the top. that said, i believe all human life is sacred. therefore, i have great difficulty in understanding why those who shout loudest today about being pro-life were totally silent when the babies of single mothers were consigned to oblivion and misery and, as we have seen, horror of horrors, the septic tank."
2017-03-09,seanad,https://data.oireachtas.ie/akn/ie/debateRecord/seanad/2017-03-09/debate/main,109,Senator Máire Devine,Senator Máire Devine,"senator máire devine
          i welcome the minister back to the house on another very sad occasion in our collective history. the outrage and sadness throughout the country is palpable. we have staggered from scandal to scandal in recent years and it has sent the country reeling. people are disturbed, shocked and bewildered. we are a society in mourning for the countless losses and deaths and the unspeakable criminal cruelty committed against our very vulnerable, our women and our infants.
           the tuam revelations and what has yet to be discovered could well dwarf all other scandals to date. from the free state's inception, the ruling political powers danced to the tune of the ultraconservative church. in drawing up our constitution, de valera invited archbishop charles mcquaid to help build and compose bunreacht na héireann, the irish constitution, and the catholic teachings of charles mcquaid in particular are very influential in our entire constitution. the new republic had the cailíní, virgins and pure, dancing at the crossroads in a twisted notion of utopia. our collective souls were handed over to the church to do what it wanted with women and children, and society washed its bloody hands.
           over the past six years, i and sinn féin have supported and attended the flowers for magdalenes event, which takes place on the nearest sunday to international women's day. through that emotional event of remembrance i have formed ties with the tuam mothers and babies group and the united survivors group, who are here in the gallery today. i applaud each and every one of them. they have reams of documents which require forensic investigation and lodgement with the garda and the dpp for their consideration and action.
           i want to highlight some of the personal stories as told to me by the women and children sitting in the gallery. they have spent a lifetime searching for their real stolen selves and a lifetime searching for their stolen babies. they have suffered as outcasts, suffered at the hands of the state, suffered at the hands of the priests and nuns, suffered in lonely terrifying childbirth and suffered painful engorged breasts with milk but no baby to nurse. many have endured lifelong mental health issues from the scarred experience. i and the people of the country cry out and demand these horrific wrongs be recognised, investigated and resolved as much as they can be, and for the body politic to ask forgiveness from these women and their children.
           recently the taoiseach, deputy enda kenny, stated the nuns did not walk into homes to take the girls, the fallen women, into institutions. perhaps they did not, but the priests did. they walked into homes, schools and workplaces throughout the country and the uk from the 1940s onwards. they established the catholic crusade of rescue society, which hunted down women, particularly those who escaped from the mother and baby homes or institutions. terry harrison, who is here, was one such young girl. she escaped from bessborough while pregnant and made it to london in the late 1970s. she was abducted from the london streets by the catholic crusade of rescue society in the guise of fr. o'hanlon and forcibly returned via our national airline, which it did willingly on countless occasions, to the more secure prison of the institution on the navan road.
           i acknowledge david kinsella, whose mother was sent to england following his birth in the institution on the navan road. she was told her baby would die and was told to go and forget what had happened because her baby was going to die anyhow. david suffered malnutrition all his infant life, which was so severe he had numerous admissions, which may amount to hundreds, to st. james's hospital to treat it. not one doctor or nurse asked why this child was going to the hospital so often, so many times a year, and why he was so small and so malnourished. it took a cleaner in st james's hospital, alice kinsella, to state she wanted to mind the baby and be his mammy. eventually, when david was four and a half years of age, she became his mammy. david then went looking for his birth mother. by the time the hse eventually relented and gave him the information he needed, which was years later, his mammy had died, believing she had no children and that her baby had died back in the navan road institution. david is precious about the one thing he has from his mammy, which is his name.
           i welcomed the decision to publish the second interim report of the commission of investigation into the mother and baby homes, although i think we will agree ""home"" is a gross misnomer for these locked-up places of dark bleak confinement. i and the women and children here demand they be involved in the expansion of the terms of reference into mother and baby homes. in particular, we need to include forensic auditing of the accounts. i have been given documents by anna corrigan of the tuam baby group, which categorically shows the upkeep - another misnomer - of many women and children was triply paid for by the state, by parents and by the recipients of stolen babies. there is also clear and unequivocal evidence that mothers and babies were kept in the institutions for prolonged periods, despite being fit for release, for financial gain for that institution. the books also show girls and babies long gone from the institution remained on the books for extended financial payments.
           i know the bon secours order has given great medical service to the country. i also know the bon secours made €3 million last year in profits. over the past decade it has made just under €100 million in profits. these need to be given back to the irish people and to the women and children who were so dreadfully treated.
           for years i have requested from the hse, as a nurse and a councillor, a collated list of the long-term residents in psychiatric back wards. when they were of no more use as slaves they were thrown into psychiatric units and they lived out their lives hidden and unheard. many of them had their babies stolen.
           in the 1950s the mortality rate of babies in the institutions was 25%, five times higher than in the community. this needs to be investigated. was it medical neglect? yes, it was.
          was it the withholding of essential medicines on grounds of cost? yes, it was. was it cruelty towards those who were considered to be second-class or third-class citizens? as a nurse, this disturbs me to the core. it is obscene and appalling.
           we need to investigate the trafficking of babies. the documents in the tuam archive include correspondence from senior church clergy requesting babies be made available for adoption. subsequently, babies up to 3 years of age were removed from their mothers and sold. many were sent to the united states without their mothers knowing anything of their history. we do not know who was involved in this horrific scandal. it is possible that doctors, social workers and nurses were involved. are they still working in the system or the caring sector? this issue needs to be addressed immediately. 
           i have the utmost empathy and respect for everybody gathered in the chamber today. i salute them with love and compassion. i acknowledge the fierce determination of the women and children in the visitors gallery. they deserve our unconditional apologies. to them i say, ""well done."" they have been heard and we will ensure that they will continue to be heard. they deserve to stand cherished among us as equals."
2017-03-09,seanad,https://data.oireachtas.ie/akn/ie/debateRecord/seanad/2017-03-09/debate/main,110,Senator Catherine Noone,Senator Catherine Noone,"senator catherine noone
          i thank the minister for coming to the house once again to deal with an issue that is very disturbing to all of us. the discovery of a mass grave at the tuam mother and baby home is truly appalling. as senator ned o'sullivan said, irish society is horrified by the discoveries that have been revealed. the cruel irony of this house discussing the announcement of the commission the day after international women's day cannot be lost on all of us.
           the horrendous scar on our history first came to public attention following disturbing reports of high mortality rates and possible mass graves on the grounds of the former mother and baby home in tuam, county galway. before then, it was hearsay but now, tragically, we have positive proof that there are remains dating from the time of the mother and baby home which was run between 1925 and 1961; they do not date from an earlier historical period. as the minister said, we have to commend the historian catherine corless for her tireless work, against the odds, to reveal this necessary truth.
           i also welcome those in the visitors gallery who have been horrifically affected by the homes. as senator máire devine said, use of the word ""home"" is very inappropriate to describe what are chambers of horror. 
           as exceptionally sad and disturbing as the news is, as senator ned o'sullivan said, it was not unexpected. unfortunately, none of us is shocked. there were many claims in recent years about human remains on the site. that was one of the reasons the commission of investigation was established. the confirmation that there are remains represents an irremovable stain on our modern history.
           as the taoiseach said, as a society, we did not just hide away the dead bodies of tiny human beings; rather, we dug deep and deeper still to bury our compassion, mercy and humanity. if, in some instances, priests took children, for the most part, society turned a blind eye to what was happening in the homes. the women and children were, in most cases, voluntarily handed over to the nuns for a life of virtual slavery because of our obstinate obsession with respectability.
           of course, the men who colluded in the pregnancies were never pursued or condemned to a life of captivity or servitude. it is almost as if the women somehow self-impregnated and were exclusively to blame. their babies were taken from them and many were trafficked abroad for financial gain. women were starved, neglected and hidden from society. they suffered horrendous abuse. it is imperative that we now respond with sensitivity and respect to what has been unearthed.
           there is a role for the coroner in north galway to consider what steps may be necessary and appropriate in accordance with his statutory functions. we must not pre-empt what he might decide to do. if he decides that there are no suspicious circumstances, the local authority can act. what is required is reflection on the measures needed to bring the investigation to fruition in an extremely effective way. there is independence for the coroner and the garda. there is also a duty on the part of the local authority towards the families who have been devastated by what has happened.
           it is my understanding the commission has not yet made formal official findings. rather it has completed a physical excavation. we now know that there are substantial remains of very young children on the lands in question. the scope of the commission's remit includes several specific areas of practice and procedure regarding the care and welfare of and entry arrangements and exit pathways for the women and children who were resident in 14 named institutions and a representative sample of county homes identified by the commission. the commissions of investigation act 2004 provides an effective mechanism to investigate complex and sensitive matters of significant public concern. it gives the commission robust powers to compel persons to produce information and answer questions. it is important to recognise that a statutory commission is fully independent in the conduct of its investigations and the precise timing and approach to the gathering and examination of evidence are matters for it to decide and progress. it is my understanding the government is satisfied that the commission has sufficient scope and powers to examine a broad range of public concerns, make a determination on their relevance to the central issues in question and, where appropriate, make recommendations to the government that it deems necessary.
           the commission will investigate many specific concerns. they include the entry arrangements and exit pathways for single women; living conditions and care arrangements in the institutions; the causes, circumstances and rates of mortality among mothers and children; postmortem practices and procedures; compliance with relevant regulatory and ethical standards for systemic vaccine trials conducted on children in the homes; entry arrangements and exit pathways for mothers and children leaving institutions; paternal referrals and relevant relationships with their entities and the extent to which any group of residents may have systematically been treated differently on any ground, including race, religion, traveller identity or disability.
           in addition to the main investigation methods, the established confidential committee forum allows former residents to provide accounts of their experiences in private, which is very important. alongside this, the social history module is being progressed to provide context through an analysis of key issues. undoubtedly, the fact that the government set up a department of children and youth affairs and tusla, the child and family agency, and held a referendum to enshrine the rights of children in the constitution indicates the direction in which it would like to go. we are in the very capable hands of the minister in ensuring the commission will conduct its work effectively. inevitably, there will be differing views about what to do such as whether we should leave the remains where they are or reinter them elsewhere. it is my understanding galway county council will engage with local residents and other interested parties to decide what is best. there will be a consultation process, which i welcome, in which anyone who is interested will have a chance to have a say.
           while respecting the dignity of those who died and their families, we should remember that the work of the commission is continuing and that it has not yet made official findings about the tuam mother and baby home. the process is ongoing and the commission must be allowed to complete its work. we await its final report next february. 
           i agree with the remarks of senator ned o'sullivan about the religious orders. i join him in asking that they hand over their properties to the state. it is the least they could do."
2017-03-09,seanad,https://data.oireachtas.ie/akn/ie/debateRecord/seanad/2017-03-09/debate/main,112,Senator Lynn Ruane,Senator Lynn Ruane,"senator lynn ruane
          i second everything senator marie-louise o'donnell said. i feel empathy as someone who was an unmarried teenage mother from a disadvantaged background. in another time, i would have fulfilled all the criteria of somebody who would have been an outcast in society. although i can never truly understand what women and children have gone through, i appreciate i could have been in that position as well. i also speak as the daughter of an unmarried mother.
           i remember being elected as president of the students' union in trinity college. we read and learned about the mother and baby homes in school as if it was our history. i very much realised that it was not our history but our present when i received a letter from a woman - one of many letters that i received when i appeared in the newspapers. people asked me if was annoyed that the newspapers kept labelling me as a single mother. i had not thought about it but i told them that i was not annoyed and was okay with it. the reason i am okay with it is because of letters i received from women whose children were taken from their arms and put up for forced adoptions. the letters they wrote to me contained sadness and joy because i was being celebrated for my success and determination as a single mother where only a few years earlier, they were outcasts for the very same thing. they were sad that they never got the chance and opportunities i got but they were happy they got to see a shift in public thinking in their lifetimes.
           in 1967, this state's statistics show that 97% of non-marital children were taken for adoption. that is a huge number of children and my concern is that if the commission's scope is not widened as much as possible to all institutions, including private institutions, registered adoption agencies, maternity hospitals, at least two thirds of those women and families will not get their answers. the investigation needs to be expanded. we have an ageing population. if we do not include all those who colluded in this, we run the risk that women who were put into those homes will never get the truth, will never be able to reconcile with their children and tell them that they wanted them and will never have their story heard. we need to be very careful of timeline because it is going against us. the longer we wait, we run the risk of never knowing the truth. 
           st. patrick's on the navan road only closed in 1996, so this was not in the distant past. we need to remember that and the investigation needs to reflect that. tuam was not an isolated case. research by the adoption rights alliance and justice for magdalens has made us aware that over 180 institutions, agencies and individuals who were involved with these mothers and their children. there may be unmarked graves similar to those in tuam at institutions run by the sisters of the sacred hearts of jesus and mary at bessborough, sean ross abbey and castlepollard. many magdalen women also remain unidentified and in unmarked graves. the commission's terms of reference have to expand and they need to include all institutions, agencies and individuals.
           earlier we spoke about how people were slow to criticise the catholic church or the nuns involved. i think all we can do is criticise because at every level there was collusion. we cannot go lightly on something that happened just because other work is going on. we cannot let that cloud our judgment.
           if the commission knows that there are unmarked graves, it must notify the coroner. i note the minister said she wishes to respect the memories of the babies, and rightly so, but this can only be done by identifying those babies and their relatives who have the right to know the circumstances of the death and to arrange proper burials. every child and adult that died in institutional care needs to be identified and that is how we will respect them.
           the commission itself and the investigation process need to be reformed. the commission must hold public hearings and invite people involved in running the homes to speak as well as allowing those who allege abuse to speak. the commissions of investigation act 2004 needs to be amended so that evidence given to the commission in private can be published without criminal prosecution. the exemption of commission of investigation records from freedom of information requests needs to be repealed. evidence given to the commission needs to be admissible in the court of law. the treatment of mothers and children needs to be analysed from the perspective of constitutional rights, not by the standard of what was legal at the time. there is a high likelihood that much of the legislation violated the constitutional human rights of the mothers and babies involved.
           i read a quote from a woman around the time the apology was given by julia gillard, the former australian prime minister. she remembered how she lay in bed every night with her arms wrapped around her baby inside her, knowing that she would never hold him again after that. she said she would like to talk to him one day and tell him that she and his father loved him.
          we can only achieve that by freeing ourselves from the unknown and by expanding that investigation. we can only find that truth when we free ourselves. expanding the scope of the commission can unearth that unknown. we owe this to the women of ireland who cannot tell their truths or tell their children that they love them. we are only as sick as our secrets, and our secrets are as deep as the abyss. we owe it to all involved to uncover them."
2017-03-09,seanad,https://data.oireachtas.ie/akn/ie/debateRecord/seanad/2017-03-09/debate/main,115,Senator Jennifer Murnane O'Connor,Senator Jennifer Murnane O'Connor,"senator jennifer murnane o'connor
          i agree with all previous speakers today. i want to express my most sincere sympathy to all those affected by the mother and baby homes.
           this deeply saddening discovery confirms our worst suspicion about mother and baby homes. it shows the importance of the ongoing commission of investigation. this is across ireland. the sadness here today is evident. there is such sadness in the seanad to think that we can see this in our own country. it is unacceptable. we must get answers for how women were treated during their ordeals in the mother and baby homes. we need to ensure that the stories and the experiences of these women and children are never forgotten. we must honour their stories. i believe they need to be honoured. they have gone through so much. years ago, this subject was taboo. everything was hidden. 
           fair play to the people that have gone through this. we, as legislators, need to get answers. the commission must give them the answers that they deserve. it cannot go on long. these answers must be given urgently. we are here to get the answers for these people. well done to them all."
2017-03-09,seanad,https://data.oireachtas.ie/akn/ie/debateRecord/seanad/2017-03-09/debate/main,117,Senator Alice-Mary Higgins,Senator Alice-Mary Higgins,"senator alice-mary higgins
          i thank the minister for coming to the house. i thank her in particular since, when the horrifying details of tuam and the children there were being presented, she acknowledged that it was not unexpected. that was important, because we need to recognise that this issue was in the public realm and had been discussed. something that the minister addressed in her own speech and that we need to tackle in ireland is the culture of denial, which is the first line we meet every time we see another example, more evidence or another story of our appalling history of institutional abuse. it is often met with the culture of denial. people like catherine corless, who are acting compassionately and heroically, have to constantly face disbelief, dismissal and often conscious obstruction in the pursuit that they undertake. it is wrong that such individuals have had to lead so much of the search for justice. it is also wrong that they have met with such obstruction. i thank the minister for acknowledging that. it goes very deep in ireland and we will have to acknowledge and work on it.
           we all know that many other things will be found. we only need to look at what we know already. there were 472 deaths in 19 years in the bessborough home. some 80 of those children were suffering from marasmus, which means severe malnutrition, including babies who have in many cases been taken away from the arms of their mothers, who have not been allowed to breast-feed them. children suffering from malnutrition - an issue which is easy to control, deal with and address - represent almost 20% of known deaths in a short period in the bessborough home alone, as we heard in the story earlier.
           i welcome the minister's agreement to the extension of terms. it is important that those are comprehensive. we have heard that the minister will look at the question of vaccinations, the exploitation by multi-national corporations and by medical schools. we also need to look at the exploitation by companies of those in the mother and baby homes for unpaid work. it was effectively on a level of forced work for those women, who were basically robbed of their lives, energy, physical labour and possibilities by these institutions. that has to be part of the remit. i ask the minister to ensure that it is.
           we need to look beyond those homes currently listed, into the county homes, and even the psychiatric institutions, when we talk about extension of the terms. i spoke to a woman whose mother had post-natal depression, was put into a psychiatric institution and died there. this is all part of a deep architecture of repression and control within our state. when we start to unravel that architecture, we will have to go deep and look at all its strands and forms, and we will need to look at the issue of collusion. we will need to ask, as one person at a recent flowers for magdalenes event did, why the garda was called when a woman ran away if she broke no law. why were the gardaí taking people back into these institutions? why were passports being issued for children wherever there was doubt about this forced adoption issue? we have to look at all levels. let us be clear that this collusion does not excuse these institutions at their core.
           i welcome that there will be an interim report. there needs to be interim action as well. groups like first mothers have waited for action for too long. that needs to come to the fore. i also want to say that there was a violation of the principle of refuge that needs to be looked at.
           i have very important questions to put to the minister. we talk about the past, but we need to talk about now. where is the obstruction of justice now? records are denied to individuals, even the records of where their loved ones are buried. ms marie collins has had to resign from the pontifical commission for the protection of minors at the vatican because she recognises that the pope, while he acts in good faith, approves measures which meet obstruction in the vatican, a vast centre of wealth. very modern and complex company structures are put in place to hide and obscure the assets of the institutions involved in this violence and abuse. i ask the minister to ensure that we address the problems now.
           i recognise the good people within the church, including the pope, and i wish them well in their work and their efforts for reform. we are here to represent the state, and the state has to take responsibility to ensure every penny of compensation is paid, even if through the transfer of assets, as rightly suggested by senator noone. we also need to say that it is not acceptable to still have our education and health services be delivered by the church. we have to say that the separation of church and state needs to be complete, with a new hospital opening this week. this is the moment to complete that transition, and i ask for that to be part of the wider discussion."
2017-03-09,seanad,https://data.oireachtas.ie/akn/ie/debateRecord/seanad/2017-03-09/debate/main,119,Senator Victor Boyhan,Senator Victor Boyhan,"senator victor boyhan
          i had lunch today with two people who were tragically subjected to terrible institutional abuse. they wanted to talk and what better place to come than here? i have spoken before about the fact that i grew up in an institution. when i was two days old, i left st. kevin's mother and baby home in dublin and ended up in dún laoghaire, where i remained. we all want to belong and to be in a place where we are recognised and valued. i have always chosen that town to be my home and have never left it. i want to be there. i feel a sense of belonging there and i had the great privilege of being elected to the council there.
           i am really here today to listen to the minister rather than to say very much myself. i remember, at the age of 11, leaving one institution to go to another in dún laoghaire with a cornflakes box, a pair of pyjamas and a note. i presented myself, on my own, to an institution. i moved from an institution which had boys and girls to one which housed only boys. these institutions were the subject of the redress board and after a long campaign they were accepted as part of the schedule to that legislation. i was involved in that campaign and that is what politicised me. i remember looking back and thinking that when i said ""goodbye"", i often said that i would be back but people said, ""they all say that"". i remember thinking that i would be back and that i would never forget. 
           one does not forget. it is a bit like an onion; little pieces peel away and little pieces die but little pieces also grow and they empower one. we see the world from where we stand and our experiences within it. we bring those experiences with us into the future. i would never deny my past and my experiences. i hope that in some small way i can bring them with me through my work. i would be telling a lie if i said that it did not have an impact on me as a person and on my personal relationships with others and on what motivates me. perhaps some of our insecurities drive us to prove more and to seek valuation and affirmation. we all want to be loved, accepted and valued.
           i want to thank the minister in particular because, as many have said, in her we see compassion, care, understanding and empathy. she too has had her journey. we have all had our journeys and we all have a story to tell. it is a pity that we did not walk away from people who did not matter. why try to keep people on board who do not care about us? why not go forward, liberate and free ourselves and tell people of our experiences? 
           when i left, i used to say that one day i would tell my story but more importantly, i want to be believed. will people believe me? i never thought that one day i would come into the houses of parliament. i come in here every day and i pinch myself, with pride and joy, that i am an elected member of this parliament. when i came in here on the first day i was struck by the amount of people who had loved ones, partners, wives, mothers and children with them. i walked in that gate on my own. yes, there was loneliness, isolation and vulnerability but i held my head high and told myself that i am in here because i was elected, that i have a job to do and i want to do it. i want to be a voice for others. i am now believed.
           today, i stand here, very proud that i can say something and the minister is listening. the two people with whom i had lunch today said that they were amazed by the minister. they had contact with her office and they believed. why did they believe? i think it is because the minister has her story to tell and has empathy with others. it is great to have the minister here today. i mean that sincerely. i never met her before i came into this house but i know that we are in good hands. the people who are here today, listening, are in good hands. the minister will not let them down, she will see them right and make sure they get justice. i thank the minister for that."
2017-03-09,seanad,https://data.oireachtas.ie/akn/ie/debateRecord/seanad/2017-03-09/debate/main,131,Deputy Katherine Zappone,Deputy Katherine Zappone,"deputy katherine zappone
          i was not aware we had survivors in the visitors gallery, otherwise, i would have begun by welcoming them along with other members of the house. it is helpful to me to be in my beloved seanad. it is right they should come here to hear this debate. i spoke on this in the dáil earlier but this house offers the opportunity to reflect with depth, commitment, experience and the search for truth those in the gallery have been listening to this afternoon along with me. all members are attempting to respond publicly and in the context of their position as senators and public representatives to the voices of survivors and to their requests, experience and truth telling for all the years they have been doing that. i also acknowledge that. it is exceptionally nourishing to be here to hear everything that has been said and everything that has been requested of me as minister. we must reflect on all the different words we have looked for in this and the other house and in the newspapers to try to come to a deeper understanding of what happened and why. why did it happen?
           when i spoke earlier i tried to raise some of those questions. we need to continue to ask them and we need to find our answers. there are different ways in which we should do that. what we are trying to come to terms with is enormous. we have to address the ways it has impacted the lives of survivors, how long they have waited and the issues of time, violation, the loss of belonging and the loss of care and love. i am trying to offer a few words now but there are many more words that need to be said. how do we work with the impact of what we are trying to come to terms with? i acknowledge the work of senator reilly, who i am following as minister, as he also worked from that perspective. in my ministry, i am trying to suggest ways of coming to terms with or trying to cope with this. how can we understand, learn from and heal from the enormity of what has gone on and continues in our country? it should offer survivors the healing they justly deserve in whatever ways that healing comes. 
           we have also talked a lot about the changes that are required in terms of institutional and cultural reform and the separation of church and state and the actions that are necessary to move us beyond that. i am open to considering extending the terms of reference. i am supported by survivors in their requests for that. it is a government decision. i am open to doing that. in addition, there ought to be other ways and actions the state or government could support for us to come to terms with the healing and transformation required for us to move from the repressive times to another time, from one era to another and to have institutional and cultural reform. transitional justice is about trying to help us to do that. there are many ways in which it could be incorporated into that.
           there are many actions that people have requested. we deal with these questions and requests from where we stand. right now, i am the minister, so i am listening. if i was not the minister, i would be out there asking for all the things the survivors are asking for. i hear what they are asking for - extending the terms of reference, compensation, rituals, identification of remains and a state apology. i hear all that. after i heard it last week on tuesday afternoon, i went to the mother and baby home in tuam on wednesday morning at 7.30 a.m. and paid my respects. there are lots of things we need to do. i started on monday by phoning catherine corless to see if she would come to see me. just before i came into the seanad, we finally got a hold of her and i will be seeing her on tuesday. i would love to see everybody if that is possible. many actions have been identified. the only way to quickly decide the most appropriate actions is to work together to give the state and government, of which i am part, the impetus and courage to do those things. survivors have to continue to make requests and reflect on the ways they engage in actions to ensure healing takes place and will continue to take place in ways that acknowledge the sacredness of motherhood and children so that the survivors, in particular, will feel that we live in an ireland where they wish to belong. i believe them."
2017-03-09,seanad,https://data.oireachtas.ie/akn/ie/debateRecord/seanad/2017-03-09/debate/main,132,Acting Chairman (Senator Gerry Horkan),Acting Chairman (Senator Gerry Horkan),"acting chairman (senator gerry horkan)
          that concludes statements on the announcement by the commission of investigation confirming human remains on the site of the former tuam mother and baby home. i thank the minister."
2017-03-09,seanad,https://data.oireachtas.ie/akn/ie/debateRecord/seanad/2017-03-09/debate/main,147,Senator Ivana Bacik,Senator Ivana Bacik,"senator ivana bacik
          i welcome the minister of state and i also welcome the opportunity to debate the amended terms of reference of this important commission of investigation. others, particularly senator kelleher, have eloquently outlined the appalling and horrifying litany of abuse and neglect suffered by grace over 20 years in the foster home that is the subject of the investigation. i am glad that the order with the revised terms of reference is before us. it is vital that the terms of reference address not only what happened to grace over that period and how all this was allowed to happen to her but also the circumstances of the other 47 children placed in the foster home. part 10 of the terms of reference specifies that for the avoidance of the doubt, the scoping inquiry includes a recommendation in conor dignam's report concerning care and decision-making in respect of others. i am also glad a reference to whistleblowers is specifically included in the terms of reference, particularly in the context of how the hse treated the whistleblowers. all of us should commend those who eventually put a stop to the litany of abuse and neglect.
           others have spoken eloquently of the context for the mistreatment and abuse of grace and the way in which this was permitted to continue. clearly, specific instances need to be investigated thoroughly through the commission of investigation mechanism.
          we know that and we know a good bit more detail about this after a long delay through the publication of reports from resilience ireland and the earlier report of conal devine. what we do not yet know is the detail concerning the other children placed in the home. what we need to know is more detail about the treatment of the whistleblowers. paragraph nine speaks about the alleged danger of deliberate destruction of files or alleged threats by the hse to the funding of the agency whose staff made protected disclosures. clearly, this is not just about the appalling abuse and ill treatment of a child, which, as senator kelleher noted, went on into adulthood. it is also about the treatment of those who sought to expose wrongdoing and the cover up to try to hide ongoing wrongdoing, abuse, ill treatment and, of course, criminal activities. let us not forget that. 
           deputy howlin spoke very eloquently in the dáil about the need for parallel criminal investigations. this is not ancient history. in grace's case, we are talking about events that occurred up to 2009 but, apparently, in respect of others who were residing in respite in the home, there may have been incidents going up to 2015 so, clearly, this is very much a contemporary law that applies. deputy howlin has spoken of contemporary criminal offences that need to be investigated. these are offences around reckless endangerment in the non-fatal offences against the person act 1997 and offences relating to permitting the neglect of children under the children act 2001 so there are other issues beyond issues relating to the commission of investigation. other agencies should also be involved, notably, an garda síochána. 
           finally, there is a broader context here - not just about the treatment of whistleblowers and the appalling abuse of children and young adults with disabilities but also the way our society deals with issues and has mistreated women and children in particular over so many decades. many of us have spoken today and earlier this week about the horrific findings in the mother and baby home in tuam. i have already said that i believe this is the tip of the iceberg in terms of what went on. i am delighted that the minister for children and youth affairs has indicated a willingness to expand the scope of the inquiry to cover not just a sample of county homes and mother and baby homes but the full list. however, we have already had the scandal around the treatment of women in magdalen institutions and before that, the scandal around the treatment of so many children in industrial schools. we know from some research about the treatment of adults and children in psychiatric institutions, which is another vast and as yet not fully disclosed litany and sad and sorry history so there is a huge amount of silent suffering. there has been a culture of concealment that has been allowed to go on for far too long - a dark history, as the minister for children and youth affairs has said, but a not entirely unknown history. through debates like this and commissions of investigation, we are gradually coming to terms with and uncovering abuses, ill treatment, suffering and repression. the positive thing we take from this appalling story of grace and her ill treatment is that at last, we are beginning to expose this. of course, we must now do all we can to ensure that it never happens again to children or vulnerable adults in our care."
2017-03-09,seanad,https://data.oireachtas.ie/akn/ie/debateRecord/seanad/2017-03-09/debate/main,152,Minister of State at the Department of Health (Deputy Finian McGrath),Minister of State at the Department of Health (Deputy Finian McGrath),"minister of state at the department of health (deputy finian mcgrath)
          i thank the senators for their contributions and their support for the commission of investigation. they have probably heard that i met yesterday with colleagues from across the house and listened to their concerns, as i am listening to senators' major concerns and points today. the revised terms of reference have been circulated and people know about the issues with which i am dealing. another important issue that did not necessarily come up today is the order to establish the commission. some changes were made to that order. my bottom line is that i want to get the commission established so that it can begin its important work and get to the truth.
           i again thank senators for their passionate support for grace. senator davitt was concerned that six months was too long for the interim report. based on my experience and talking to people directly involved in it, i can say that this is an achievable target. it will be difficult to achieve it but i do not think it is too long. based on the chairperson and background negotiations, i think we will get to it and the target is achievable. 
           senator colm burke asked why we are again setting up another commission of investigation. it is very sad and frustrating. it is a case of ""here we go again."" i would rather have the €5 million to spend on respite services in mayo, galway, cork or dublin but we must get to the truth and find out what happened in the interests of grace. the senator also mentioned monitoring and checks. i find the allegations appalling. if a child fell in a schoolyard today, a little book in the teacher's office would state ""fell 3.15"" or some such. if the child got two stitches, there would be records and evidence of it. this happens for regular small accidents. i am blown away by some of the allegations. 
           senator devine raised the very important question of whether we ever get anything right. stories like this are very upsetting to read about but i also think it is important to put on the record of the house that there are wonderful foster parents throughout the state who do a fantastic job. i take this opportunity to commend them for the work they have done. that is very important because without those foster parents, we would have a major crisis in our child care services. the senator also asked whether there were any interventions from ministers. a minister and a minister of state intervened but that is included in the terms of reference and will be investigated by the commission of investigation. 
          it is important that that goes on the record as well.
           senator conway-walsh raised the issue of the 47 others. she asked whether grace is safe now. the answer is absolutely ""yes"". she is in a very safe residential unit with wonderful care staff at last. however, there is a side of me now that asks what happened to that vulnerable poor young woman. the other very important issue that senator conway-walsh mentioned is the issue of trust in our health services and our disability services. there is no point in saying otherwise: it has been damaged. i am hoping that through this commission of inquiry, we will get the truth and the facts, deal with it and build up the trust that we need to build. the senator also raised the question of sanctioning people who do not co-operate. the commission of inquiry will compel people to attend.
           senator kelleher raised the issue of everybody's focus being on their own interests before that of grace. that is something i strongly agree with. i think the senator is 100% right. again, i am only a few months in the job as minister of state. i always say that there are three things i want to do as minister of state. i want to reform, invest and the third thing, which i always emphasise, is to put the person with the disability at the centre of the service - not the hse, not the minister, not the department of health, not seanad éireann, but the person with the disability. in this case, without going into detail, i feel that everybody else's interests came first. that is my view. it is a very strong view. as far as i am concerned, that view is non-negotiable. we have to go down that road and deal with that. senator kelleher's point about legislation is absolutely right. we have to bring in legislation. some of us are drafting legislation. i believe the senator is preparing legislation and i wish her well in that regard. i know that other colleagues and some in my office are dealing with this issue as well. we have to have legislation in place to safeguard others.
           it is important to remember that while all of this is going on, we were not sitting around for the last seven or eight months. we have started to bring a lot of safeguards into the services. that is important. we have the national policy, safeguarding vulnerable persons at risk of abuse. that is being implemented. we also have an excellent national committee under an independent chair, ms patricia rickard clarke. we also have a quality improvement enable programme, a national volunteer advocacy programme and the establishment of a family for working with inclusion ireland. we work closely with inclusion ireland. we also have a confidential recipient, ms leigh gath. we are doing a lot of these things to safeguard vulnerable people, but we do need legislation as well and i accept that. there is no point saying that we do not. that is long overdue.
           senator bacik spoke about whistleblowers. i have met the whistleblowers on two occasions. i have listened to their concerns. when we were revising the terms of reference, i met them again on tuesday. hearing some of the other points they made was one of the reasons we revised the section dealing with whistleblowers. we have to hear them and guarantee they are protected. we also have to hear the allegations that they were penalised for their work.
           the bottom line is that there is a broader issue here for society. we have a dark history. we have discussed tuam, mother and baby homes and other issues. there are other cases out there. that is the sad news. these are some of the things i see when i go into work every day. i see cases and allegations of abuse and it is absolutely horrific. there is that dark side of irish society.
           we also have to look at the broader context of the state, the institutions and society as well. with regard to tuam and the society of the time, a lot of the families and people left those young vulnerable mothers in institutions and disregarded them. that was a reality and a fact of life at that time. in broader society today, and the national disability authority will back me up on this, there are still major attitudes to people with disabilities. we have to change those attitudes. that is why we want to take a rights-based approach. i know that all senators present and their parties are very on message with that.
           senator ruane raised the issue of staff and accountability. people have to be accountable. to answer the senator's question honestly, i believe the hse is starting disciplinary procedures. the bottom line is that i do not want to go into a commission of inquiry, get the results and then find that there is no accountability. people will not buy that and neither will i. it is not natural justice.
           i really appreciate the support of senators. there is cross-party support across fianna fáil, sinn féin, fine gael and all of my independent colleagues. i appreciate their support. we need to get the facts and the truth, support grace and, in the end, have accountability."
2017-03-09,dail,https://data.oireachtas.ie/akn/ie/debateRecord/dail/2017-03-09/debate/main,1,Minister for Children and Youth Affairs (Deputy Katherine Zappone),Minister for Children and Youth Affairs (Deputy Katherine Zappone),"minister for children and youth affairs (deputy katherine zappone)
           acting chairman, deputies, experience tells us it can take time to shine a light on dark periods of our history. the truth is hidden; sometimes it is hidden in plain sight. it takes the brave testimony of survivors, long studies by historians and the dogged determination of investigative journalists to bring a spotlight to events which were previously only whispered about, in this case for generations.
           it is now almost a week since the commission of investigation into mother and baby homes confirmed what we had all feared. today i wish to place on the record of this house the commission’s update that a significant number of human remains are buried in the site of the old mother and baby home in tuam. for survivors, loved ones and campaigners such as the tireless catherine corless it was a moment of vindication. after decades, and years of hard work, determination and unwavering commitment, the truth has been laid bare for all of us to see. this house and our entire state owe a debt of gratitude to catherine corless for her work. many men and women alive today spent time in that institution, either as children or as young women. today i offer them my personal solidarity and, as a citizen, my personal apology for the wrongs that were done to them.
           deputies will know that the commission of investigation into mother and baby homes continues its work. they will also know that calls have been made for the terms of reference of this commission to be reviewed. i acknowledge the calls made since friday for an expansion of the terms of reference to cover all institutions, agencies and individuals that were involved with ireland’s unmarried mothers and their children. i can commit to deputies that a scoping exercise will be carried out to examine this. i will be announcing the detail of this exercise in the coming weeks. i will also be publishing the second interim report of the commission by the end of this month.
           i am mindful that, by design, the commission is largely concerned with questions of legality, of legal liability, of compliance with the laws of the day and so on. these are important questions. they are, however, not the only issues which we should consider. what happened in tuam is part of a larger picture. it is part of a tapestry of oppression, abuse and systematic human rights violations that took place all over this country for decades. as a modern, open society we must not treat these as isolated incidents but rather confront what was a dark period in an honest, mature and reflective way.
           we must acknowledge that what was happening in these institutions was not unknown and was not without the support of many pillars in society. we must acknowledge that this very house debated legislation that allowed for those residing in institutions such as county homes to work for little or nothing in return for the so-called charity that was shown to them. lest we contend that people did not know what was happening, let us remember that some members of this house spoke out against it. in the finance committee debates on the health bill 1952, which took place in july 1953, deputy kyne condemned putting unmarried mothers in county homes to effectively involuntary labour as “having revenge on her”. deputy captain cowan described as “absolute brutality” the fact that, as he described it, “they are not let out even”. earlier than that, before our constitution had been finalised, members of the oireachtas also raised questions about the ill-treatment of so-called illegitimate children. thus, as i said, although this history may be dark, it was not entirely unknown.
           we must acknowledge that sometimes it was fathers and mothers, brothers and uncles, who condemned their daughters, sisters, nieces and cousins and their children to these institutions - and that sometimes it was not. we must accept that between 1940 and 1965 a recorded 474 so-called “unclaimed infant remains” were transferred from mother and baby homes to medical schools in irish universities. we must listen to, record and honour the truth of people’s experiences. we must commit to the best of our ability to recognising, recording and making reparations for the truth. making these commitments and honouring them will not be easy, but we must do so, for those who suffered and also for future generations.
           establishing the truth is important for many reasons but not least to ensure that the darkness of the past will not return in the future. irish women and irish children must never have to endure such suffering again. as a feminist, as an independent minister and as an irish woman i feel a moral and ethical compulsion to reach beyond the legal questions of what happened in tuam and elsewhere. i feel a compulsion to try to arrive at this truth. it is only from acceptance of the truth that we can move past it, not by drawing a line under it but by highlighting it and recognising it as part of our history and part of our national story. we must commemorate and memorialise this truth and we must honour its victims. we must recognise the part that individuals, communities and institutions played. we must make sure that, while we still have time, we look to those who are still alive and accept their accounts of what was done to them, and of the wrongness of that.
           in the coming days i will start a conversation with advocates, historians and scholars specialising in transitional justice. the united nations defines transitional justice as the set of approaches a society uses ""to try to come to terms with a range of large scale past abuses"". transitional justice puts survivors and victims at the heart of the process. it commits to pursuing justice through truth. it aims to achieve not only individual justice, but a wider societal transition from more repressive times, in order to move from one era to another. taking a transitional justice approach means that we will find out and record the truth, ensure accountability, make reparation, undertake institutional reform and achieve reconciliation. i want to acknowledge the many people who have contacted me personally in recent days to tell me directly of their experiences. it is important also to ensure that we learn from international best practice in transitional justice, such as the museums of memory in argentina and chile, for example. there may also be lessons to be learned from processes used to establish the truth in other contexts and other countries.
           writing in the london review of books last year about the mother and baby home in tuam and other matters, our laureate for irish fiction, anne enright, stated:
          the living can be disbelieved, dismissed, but the dead do not lie. we turn in death from witness to evidence, and this evidence is indelible, because it is mute.
          let us not disbelieve. let us not dismiss. let us commit to do justice not solely through law but through speaking and listening, and through believing what our eyes, our ears and our compatriots tell us."
2017-03-09,dail,https://data.oireachtas.ie/akn/ie/debateRecord/dail/2017-03-09/debate/main,2,Deputy Anne Rabbitte,Deputy Anne Rabbitte,"deputy anne rabbitte
          i thank the minister for her speech. i welcome all she has said this morning.
           deputy micheál martin is attending meetings of the alde group in regard to brexit. he sends his apologies. he would have contributed to the debate this morning were he present.
           last friday morning, 3 march, the minister, deputy zappone, informed colleagues and galway county council that exploratory excavations at the site of the bon secours mother and baby home in tuam, county galway had confirmed that the remains found at the site were human remains. the remains dated from 1925 to 1961, the timeframe in which the bon secours home was in operation. they were found in two underground structures believed to have been built to deal with sewage.
           the commission's remit includes investigating several specific areas of practice and procedures in the care, welfare, entry arrangements and exit pathways for the women and children who were residents of the 14 named institutions and representative sample of county homes identified by the commission. 
           in the 1970s, tuam locals discovered what they believed were human remains at the site. local historian catherine corless discovered death records for 796 babies and infants who did not have burial records. this indicated that the remains found on the site may have been buried by the mother and baby home. without carbon dating and further investigation it was impossible to establish whether these remains were interred at the time of the mother and baby home's operation or at an earlier point such as the great irish famine. thanks to the work of the commission we now know that the remains were from children aged from 35 foetal weeks to two and a half years at the time of their deaths. it is not yet known how many remains are at the site although the minister has confirmed there is a significant number. that is the phrase that reverberated around tuam last friday: significant number. that is when the clock struck 12. that is when silence dawned. that is when darkness came over the town of tuam and the county of galway. that part of history would not have been acknowledged were it not for the original works of catherine corless, the efforts of survivors and the work of members of my party, previous and current, who lobbied and pushed for this investigation. the commission of investigation has done a huge amount of work to get to this stage. 
           what happened in tuam is an absolute tragedy and a disgrace. although we have known for a long time that women and children had been treated in the most appalling manner in this country, the recent discoveries in tuam are truly the stuff of nightmares. to know that a significant number of children and infants were buried there without rite or ritual chills me to the core. now, as we have been too many times before, we are confronted by the sheer inhumanity that has been shown to these women, buried with not even a stone to mark their passage or their presence. these children were not accorded the symbols to represent the respect they deserve. they were born as no-ones. they were buried as no-ones.
           the department of children and youth affairs is co-ordinating the commission. we must encourage the commission to expand its scope. i will be calling for that to happen. it is the very least we should do for all women who entered mother and baby homes and county homes. the life of a mother or a baby in tuam is no different to the life of a mother or a baby anywhere else in this country. we must treat all of our mothers and babies equally. my concern, which i believe the house shares, is for the lack of respect for the fundamental dignity and humility of the mothers and children who spent time in the bon secours and other such institutions in this country. 
           i am conscious that there are hidden layers and complexities to the issue before us. no-one knows this better than the parties directly affected by the discovery in tuam. first and foremost are the mothers and the babies who survived from these homes, be they adopted or fostered. their relatives and friends have been left anguished by the thoughts of what has happened to their loved ones. what these women and children experienced as a result of being forced into mother and baby homes was cruel and inhumane. 
           as a people, we should feel great shame that this has unfolded before our eyes, eyes that watch carefully for a person upon whom to cast judgment, to blame and to castigate. those same eyes turned away from the immense suffering and tragedy that was visited upon these women and their children. this wilful hypocrisy and contradiction are among the most troubling aspects of this case. to experience the cruelty that these women and children experienced is a deep wound. to come out to be met with widespread denial and stonewalling is yet another. we cannot have justice for survivors until we know what they have survived.
           last friday i rang tommy warde, from kylebrack, loughrea, county galway. he was on the front page of the irish times last saturday. last night, he described himself as one of the lucky ones. he was fostered. there has been little discussion about the children fostered from the mother and baby homes. tommy was five and a half years of age when he was put in a van and brought to his new foster parents. today he reflects on the sadness of what has emerged because he sees those babies as his brothers and sisters. they were his family. that was the institution tommy lived in until he was five and a half years old. he never saw a cow or a sheep until he moved to woodford. he knew no form of love or appreciation until he went to woodford.
           when we reflect back on society and government and on who had a role, we should realise that we all had a role. tommy was fostered and an allowance was paid for him. who paid the allowance? tommy's foster home had inspections, of which they knew in advance. however, who carried out the inspections? where are the records? there are records. we have an allowance and records of inspections. when tommy hit 18 years of age, he was given the price of a bicycle.
          who gave him that? the bicycle was to allow him to take up an apprenticeship. fortunately for him, he said he did not like carpentry and he was looked favourably upon and allowed to become a mechanic. tommy is one of the lucky ones. he has advocated for years for the issue to be dealt with. he thanks the minister and commission for highlighting the issue - for the first time in his life his voice has been heard and for that he is grateful.
           we have to write our history. we must also think about children on waiting lists, in homeless accommodation or with disabilities who do not get the appropriate services they need. in 100 years' time i do not want it to be said that i failed. that is why it is important that we dovetail history. while we think of the past, we must also think of the present because i do not want to be part of the future history that stood by and talked about children with disabilities or those on waiting lists because we will be remembered in the same way. they are the people who need a voice and that is what is expected of us.
           we on this side of the house will support the minister. we need to expand the scope of the work and for all of the people who have had horrific lives to come forward. we need to examine the scope of the commission's work. let us make it inclusive and ensure that when women come forward they do not sit at a table across from six people who are investigating them. let us make sure that the women concerned have support going into a room because they are vulnerable and we have to encourage them to come forward and engage with the commission. without their engagement, we will leave a big, black, dark hole in irish history. we need everybody to engage with the commission.
           to date, the residents of tuam have not engaged with the commission. i encourage them to come forward. i represent the people of tuam and my heart goes out to them. however, we also have to think about the building works currently taking place at the grove site in tuam."
2017-03-09,dail,https://data.oireachtas.ie/akn/ie/debateRecord/dail/2017-03-09/debate/main,5,Deputy Donnchadh Ó Laoghaire,Deputy Donnchadh Ó Laoghaire,"deputy donnchadh ó laoghaire
          yesterday was international women’s day, a day which celebrates women and their role in society and when we advocate for the empowerment and the equality of women. it is a day when we recognise our respect for women and demands for equality.
           on sunday fortnight, we also have another day that celebrates women, namely mother’s day. children show thanks for the tender loving care they have received over their lifetime. the bond between a mother and her children is like no other, and one that should always be cherished. unfortunately, we have learned all too tragically that for some that bond was ripped apart at the seams. the tragic circumstances surrounding tuam have touched everyone’s hearts, and for those survivors of tuam and homes like it it must be a difficult day dogged by horrible memories and a longing for closure. they are longing for a bond and relationship that most of us are lucky enough to take for granted. for many mothers, there is uncertainty as to what happened to their children. an tseachtain seo caite, nuair a fuaireas amach an scéal seo ón dtuaim, bhraitheas tinn.
           to most who have been following this story for some time, the confirmation came as no great surprise. yet, the news did not lose its impact, potency or ability to shock and appal. in death, as in life, these people were left to be forgotten and were hidden away from sight of the irish people as though they were a source of shame. ach a mhalairt atá ann mar is ar an stát agus ar an tír seo atá an náire don am sin.
           in so many ways, the state has not yet faced up to what has happened. i acknowledge what the minister said today. however, the taoiseach, deputy kenny, continuously spoke about the families who rejected these women and their children. i agree that society has to carry its share of the blame, but the state should not be written out. it funded, referred people to and facilitated these places. the state knew what was happening and was complicit, and it will continue to be complicit if it cannot provide the truth to survivors.
           on the 15 february last in geneva, at a hearing of the united nations, a representative from the department of justice and equality stated that while the taoiseach made an apology to the survivors of the magdalen laundries, he did so despite the fact that in the mcaleese report there was no finding of liability. the minister for justice and equality, deputy frances fitzgerald, has stated the same on the dáil record. this entirely disregards that about a quarter of referrals made to these homes was by the state. the state is still not facing up to its responsibility for these events. despite the attempts to wash our hands, the stains will remain unless we deal with them.
           as has been stated, there are many concerns about other homes. what happened to the children in those homes? the story told by death records given to the hse in 2011 and reported by conall ó fátharta of the irish examiner, do not ease anyone's fears. the register of deaths given to the hse for bessborough, in my constituency in cork, reflects that 273 deaths were recorded between 1939 and 1944. however, the order reported 353 deaths to state inspectors during this period, which is a significant disparity and raises some very worrying questions. did deaths happen which were unreported to the authorities or were false records created? if neither frightening possibility is the case, then what happened? 
           in sean ross abbey, the death register lists a total of 269 deaths between 1934 and 1967, but some of those buried in the plot there are not listed on the register. it is also deeply shocking and appalling to learn that the main cause of death in the case of some 20% of the deaths in bessborough was marasmus or severe malnutrition - in other words, death by hunger was happening in the 1940s and 1950s in cork. at a minimum, we need to expand drastically the terms of reference of the commission of investigation into mother and baby homes.
           while the minister was not in government at the time, her colleagues signed off on the terms of reference despite the fact that people across the chamber and outside were telling the government that the terms of reference did not take account of enough matters and that the process and the number of homes included was not adequate.
           the commission is simply not fit for purpose. i welcome the words of the minister when she said she will consider various processes. that is vitally important, because the current process is not adequate to examine the plethora of issues it is to investigate and various related matters coming down the line.
           there are other issues connected to the commission. women will pour out their hearts and go through traumatic hearings, yet will come out without a counsellor to meet them. things like that need to be rectified.
           i very much welcome the statement of the minister that she will publish the report. it has already been far too long; some six months have elapsed. many were becoming concerned about the cause of the delay and the response of state authorities while the report was sitting on the desk of the minister. i welcome that commitment and look forward to reading the report.
           several years ago, a commitment was made to build a memorial at sean mcdermott street laundry to honour the victims of the magdalen laundries and the mother and baby homes. there has been no progress on that since. the least we can do is to memorialise these women and their children and give them the dignity in death that they did not have in life."
2017-03-09,dail,https://data.oireachtas.ie/akn/ie/debateRecord/dail/2017-03-09/debate/main,6,Deputy Gerry Adams,Deputy Gerry Adams,"deputy gerry adams
          tá mé buíoch as an deis labhairt ar an ábhar millteanach tábhachtach seo.
           i wish the minister well in her endeavours.
          last friday, the commission of investigation confirmed the worst fears of many of us here when it announced that a significant quantity of human remains had been discovered at the site of the former mother and baby home in tuam. the remains are those of almost 800 children and babies who were buried in a septic tank with no explanation so far for the cause of their deaths. mar a dúirt an piarsach:
          mise éire:
          sine mé ná an chailleach bhéarra ...
          mór mo náir.
          women were denied their rights and they were treated as slaves. some babies were treated as guinea pigs in medical experiments and many were forcibly and illegally adopted. these citizens were treated like this because they were born or they gave birth outside of wedlock. it was a conservative, mean-spirited, narrow-minded political elite in this state in alliance with the church hierarchies that allowed these anti-women practices to penetrate every facet of irish life. the system under which this abuse happened was supported, approved and inspected by the state. it happened with the clear sanction and connivance of many who sat in this chamber. many of the practices which now give rise to our moral outrage were legislated for in this chamber. i appeal again for a formal state apology to the victims and survivors of mother and baby homes and other institutions.
           the terms of reference relating to the work of investigating all this have to deal with all the issues involved. when sinn féin moved a private members' motion in june 2014 seeking an investigation into claims about babies buried in tuam, especially those resulting from the work of catherine corless, we said, as did others, that the government's response was inadequate, and this is now evident. the un, among others, has said the current investigation does not meet international standards. tuam was part of a vast network which systematically violated the rights of women and their children and there were upwards of 180 institutions of this kind throughout the state and more in the north. it is imperative that the terms of reference be extended to include all institutions and that the victims and survivors are at the heart of whatever processes we establish. the people of this island owe a huge debt of gratitude to the campaigners, archivists, historians and some journalists who did so much to unearth the horrors, but i especially, most of all, would like to commend the survivors.
           i do not have the time to elaborate on this but we continue to fail women and children in this state. we continue to fail to protect women with crisis pregnancies while the government continues to cut funding for rape crisis and family refuge centres. some day, we may well have another inquiry into the treatment of people, including children, in direct provision centres, into the failure to provide proper resources or into protection of children with disabilities or mental health issues or into those who are homeless or on hospital waiting lists.
           i welcome the minister's commitment to publish the second interim report of the commission, which examines all the issues, but i would also like an explanation as to why it has not been published thus far. why is there is no garda investigation? what is happening?
           many of the scandals that have surfaced in recent times have two things in common. they mostly involve disadvantaged or poor people and the government and the establishment always had to be pulled kicking and screaming to deal reluctantly with the issues involved."
2017-03-09,dail,https://data.oireachtas.ie/akn/ie/debateRecord/dail/2017-03-09/debate/main,7,Deputy Jan O'Sullivan,Deputy Jan O'Sullivan,"deputy jan o'sullivan
          i welcome the fact that the minister has indicated she will publish the report. i agree with deputy adams that we need an explanation as to why that has taken so long. there does not seem to be any reason it should have taken this time but i welcome the fact that it will be published. i also welcome the minister's commitment to carrying out a scoping exercise to examine extending the terms of reference of the commission of inquiry. however, much more than a scoping exercise is needed and i sincerely hope at the end of it that she will announce an extension of the terms of reference because the commission of inquiry will only examine a sample of 14 mother and baby homes and four county homes. for example, none in the county i live in will be examined. eighteen homes is clearly not enough and many people are excluded who were either born in a mother and baby home or a county home or were placed in one of them or had relatives who were placed in them. they have been following the horrific news in respect of tuam over the past week or two. they cannot be left out of the exercise that will be carried out and, therefore, it must be ensured that a comprehensive investigation is carried out because this is a scandal of huge proportions.
           many of us knew about this because catherine corless had many times outlined the horrible work she had to do in tuam but this was absolutely clarified when we received the information that human remains had been found on the site in awful burial chambers underground. they were meant to be septic tanks and sewerage facilities but they contained the bodies of we do not know how many babies. the death certificates indicate almost 800 babies were buried there. catherine corless is an extraordinary woman. my understanding is that she had to fight hard to get this information and she paid €4 for every one of those death certificates. she has done an enormous service for this country and, i hope, for a more enlightened country than the picture that has been painted of the past.
           bessborough is another example of a home where the percentage of children aged under four who died was way higher than the average for that age cohort in the state at the time. deputy ó laoghaire said that malnutrition was one of the main causes of death in the bessborough home. the question must be asked as to why children died in these homes. one of the answers is they died because they were undernourished and were not fed properly, yet their mothers were still put in these homes by the state, their families, and other institutions that were in a position of power and authority in our society. it is an absolute stain on all of us who were aware over time that these terrible things were happening.
           issues such as vaccine trials, illegal adoptions and babies being sent to america without anybody knowing they were being sent will rightly be covered by the commission because all the facts must be unearthed. we also have the grace case, about which all of us had an opportunity to speak in recent days. i came into the house in 1998 around the time the then taoiseach made an apology on behalf of the irish people in respect of the children who were abused in residential institutions. the commission to inquire into child abuse was established and the residential institutions redress act 2002 which set up the residential institutions redress board was also passed. i recall hearing about golden circles in our society where rich and powerful people, whether they were developers, bankers, politicians and so on had extraordinary power and influence. at the same time, there was what others and i described as a ""grey circle"". this referred to the grey walls around many institutions where those who were not considered to be important were placed. we knew many of them had been put into residential institutions that were mainly run by religious orders but the state was involved as well.
          we have known for some time also that the mother and baby homes were likely to be equally shameful in terms of what was going on at that time. we did not have as much information at the time about mother and baby homes as we have now, and as we will have in the immediate future but we must get to a point where we uncover all of the uncomfortable and shameful truths because until we do, we will not have the foundations to build the kind of caring, inclusive and equal society we all want to achieve. it is really important in all of this that we get to the truth. it is also important that we do not leave any stone unturned and that we are unafraid to open things up, whether it is under the ground or in registers of births and deaths or wherever else. there is an onus on all of us to ensure that happens.
           i welcome the fact the minister has made an apology but i note it was a personal apology. i presume there is an apology on behalf of the state. i agree with those who have said there is a need for memorials and a conversation. i acknowledge that in her contribution the minister said she intends to engage with people who are directly affected. memorials in themselves are important but it is far more important to establish the truth about the lives of the people who are affected. it we could achieve that it would be a much more meaningful memorial.
           i welcome the progress that is being made and more progress remains to be made. unfortunately, there is much more shameful information about the past of this country, and some of it in the present as well and as representatives of the people in this chamber we all have an obligation to ensure that we find out the full truth and that we face the consequences in that regard."
2017-03-09,dail,https://data.oireachtas.ie/akn/ie/debateRecord/dail/2017-03-09/debate/main,8,Deputy Mick Barry,Deputy Mick Barry,"deputy mick barry
          in 2011 the sisters of the sacred heart of jesus discontinued its adoption service and gave the registers from its mother and baby home at bessborough in cork to the hse. in 2012 senior hse personnel who were concerned at what was contained therein sent a report to the department of health and the department of children and youth affairs on the number of deaths that had occurred at bessborough. the registers showed that in the years between 1934 and 1953 the deaths had occurred at bessborough of 470 infants and ten women.
           according to a former chief medical officer of the state, james deeny, in his autobiography, to cure and to care, in one year alone, of the 180 children born in the home 100 died. one in five of those who died in the 1934 to 1953 period died of marasmus, that is, severe malnutrition. june goulding, a midwife at bessborough in the early 1950s, is another witness. in her book, the light in the window, she told of a house of pain where mothers in childbirth were denied pain relief and women who suffered vaginal tearing in childbirth were refused stitching as punishment for their sins. she and others told of the americans who arrived at the home to purchase healthy babies from the nuns.
           some years ago i was contacted by a survivor who was born at bessborough and i visited him in his home. he expressed to me his strong opinion that not all of the babies were buried in the tiny angels burial plot at the home. he believed the decision not to give babies who were buried a gravestone or a white cross was a business one. simply put, the americans rolling up the driveway at the end of their journey from shannon airport would be less likely to buy their baby from the nuns if they were to look out of the car window and see a small forest of white crosses on the grounds of the home. he asked me to call for an excavation at the home. i have previously done so and i am doing so again today.
           we heard from carmel cantwell, whose brother william died in the home in the early 1960s. she does not know for sure where her brother is buried - perhaps in the angels plot but perhaps not. how many more babies such as william are buried there and where are their graves? where can their relatives go to pay their respects? it is not good enough just to point to a tiny plot and say ""he is in there, somewhere"". do william's sister and his elderly mother not deserve better than that?
           the minister for public expenditure and reform, deputy paschal donohoe, said the other day that before we go ahead with such decisions it is important to establish whether we have any evidence which might prompt such excavations. what more evidence does the minister need? there should be excavations at bessborough and all of the other sites too.
           religious institutions no longer run mother and baby homes in this country. however, the mother and baby homes were the product of a society which refused to separate the church from the state. to this day, church and state remain unseparated and religious orders still have control of schools and hospitals. the roman catholic church still finds its teachings reflected in the laws of the land.
           the ghosts of the women who were refused pain relief in the mother and baby homes in the 1930s, 1940s and 1950s watch over their granddaughters and great-granddaughters who are sent to england in secrecy and shame for the abortions the state refuses to carry out here. ending scandals of this kind is entirely linked with ending the scandal of a conjoined church and state sanctioned through the decades by fianna fáil and fine gael alike. we should separate the church from the state now."
2017-03-09,dail,https://data.oireachtas.ie/akn/ie/debateRecord/dail/2017-03-09/debate/main,11,Deputy Maureen O'Sullivan,Deputy Maureen O'Sullivan,"deputy maureen o'sullivan
          we meet so many people, individuals and groups in our political lives, and there will always be some who will make a significant impact on us. for me, some of those people are the women i met from the magdalen laundries and from the association of mixed race irish. i met the latter group several times over the years and with them i met the then minister, senator james reilly. for me, it was the additional burdens, heartbreak and pain for those in these institutions who were of mixed race. i know rosemary adaser has been speaking in the media about her experiences, which are very similar to the others from the group whom i met. the commission of investigation is specifically examining if any group was systematically treated differently on any grounds, including race. the association is satisfied that this has been included. however, this has to be included in the terms of reference drawn up for any investigation involving children or institutions. there is also a need for suitably qualified people to assist in investigations into race. the association of mixed race irish has wanted to see the interim report to examine if its members' issues are being adequately addressed.
           their admission files to mother and baby homes listed their colour under the section ""defects"". regrettably, the ryan report did not deal directly with race. the group also wants to know the numbers of mixed-race infants who passed through all of the mother and baby homes, particularly st. patrick's mother and baby home on the navan road. all these questions have to be answered and all these issues addressed. this means the terms of reference have to be wide and flexible enough, particularly with sensitive handling from trained professionals. i know some people will want to speak in public, but others will want to do so in private. both have to be respected. following requests from survivors who objected to the word ""home"" being used as they find it offensive, we had a discussion with the minister. i know from that exchange that she was aware of the emotional impact of using that word to describe an institution of horror.
           under the equality act, any investigation with children in institutions has to include race. if there is a need for a criminal investigation, then it should happen. will the terms of reference do? what is necessary to get to the truth to get justice for everybody involved? at times when we feel that is the worst we can hear, something else emerges much worse. one of members of the association of mixed race irish has stated:
          the dublin health authority’s mother and baby home made many references to my colour in reports for no obvious reason other than to note or highlight racial bias. for example, two psychiatrists’ reports in 1967 referred to me as ""dark-skinned"" in the first one and ""coloured"" in the second. the question is: what relevance did this have in a medical report? the admissions ledger at the industrial school had ""coloured"" in one of the columns and also in the heading ""admissions reform"". [that did not apply to children, say, with red hair or white skin.]
          the last point the person made was ""i don't know how i survived this place"" and then ""after spending four years at st. patrick's home, i was sent to an industrial school."" the members of the association are remarkable people in the context of what they have come through and the way in which they have survived. we owe an awful lot to them to get to the truth."
2017-03-09,dail,https://data.oireachtas.ie/akn/ie/debateRecord/dail/2017-03-09/debate/main,12,Deputy Catherine Connolly,Deputy Catherine Connolly,"deputy catherine connolly
          why has the interim report not been published? if we are going to learn anything, it is to show respect. the minister spoke about respect and dignity and i appreciate her bona fides. however, she published a report about the tuam home last friday without talking to any of the survivor organisations. no explanation has been given as to why this interim report, which the minister has had since last september, has not been published. if we are going to create confidence, that will be the first step.
           the second step is that i want an assurance that the site in tuam will be properly and forensically sealed off, as well as the full details given on this. i want an assurance that the date for applications will now be extended because quite clearly more survivors, workers and concerned people will come forward in view of the discoveries so far.
           we must look at expanding the terms of reference. that can only be done, however, when we see the contents of the interim report. that is why it is essential we see what has been learned so far, rather than having us ask questions as to what is being hidden. that is not my style but when an interim report is not published, then it begs the question as to why.
           without a doubt, tuam cannot be seen in isolation but as part of an overall system. when we have a taoiseach talking about no nuns breaking into our homes in the middle of night, the minister might agree that this is missing the point. these mother and baby homes were set up in total collusion with the state and successive governments. reluctantly, i will take this opportunity to quote a man. it is a good quote. oliver st. john gogarty summed up the situation well in 1928 when he declared to the seanad, ""it is high time the people of this country find some other way of loving god other than by hating women.""
           on many levels, we have continued in that vein, namely, of loving a god by demonising other people, in this case women. we have a history of doing that. the question of morality, fallen women and all of this terrible terminology was used to hide the pervasive poverty and class distinction. we have to be honest. poor women were taken away. while the nuns themselves did not come in the middle of the night - it is not my job to demonise nuns - the state was utterly complicit in what the nuns did. if they did not come in the middle of the night, the system made it that these women did go. separately from that, what has been ignored utterly is how many women were subject to rape and assault and ended up in these homes, adding insult to injury.
           i accept the minister’s bona fides but let us see it in action. let us take on the practical suggestions i have given her and have the interim report published immediately."
2017-03-09,dail,https://data.oireachtas.ie/akn/ie/debateRecord/dail/2017-03-09/debate/main,13,Deputy Clare Daly,Deputy Clare Daly,"deputy clare daly
          it is hard to overstate the devastation felt by citizens the length and breadth of this country as a result of the findings at tuam. their horror and shock are very real. it is completely hypocritical, however, for the state to feign shock at that discovery.
          the knowledge has been well known - our dirty hidden secret that many people, and certainly officialdom, knew about. we know that catriona crowe at the national archives found records in 1996 showing illegal birth certificates and illegal passports for illegally adopted children. we know of the internal report revealed by former senior official at the hse, philip garland, regarding the reports that were there about the epidemic levels of deaths in bessborough, reports in the hands of the department in respect of which there was no action or no inquiries for years. it is true to say these are real horrors but they are systematic of a society and a culture which demonised women and a deliberate policy of shame and stigma around fallen women. these were detention centres for pregnant women and it is apt that we are discussing these matters the day after international women's day and in the context of other discussions that are taking place around this issue now.
           without making light of it, i thought the headline, ""taoiseach's speech on tuam to be followed by decade of delaying investigations"", that appeared on the waterford whispers news website yesterday best captured the situation in which we find ourselves. however, that is not what we want. since june 2011 when i asked the then minister, senator james reilly, about the 42 mother and baby homes, the illegal adoptions and so on, this issue has been kicked around form department to department. i have had interaction with six ministers, delays, excuses and inaction. i am not targeting this minister or anything like that. that has been the systemic approach to these issues. i would point to the heroic work of the likes of paul redmond, claire mcgettrick and conall ó fátharta of the irish examiner, who since 2010 has been forensic in his examination of what was actually known in the state system about this horror. we have had repeated questions and passing of the buck on many of these matters. 
           what needs to be done now is what the survivor groups have asked us to do, namely, acknowledge the state's role and hold those responsible to account. the government needs to stop running from fear of compensation. there is no way to compensate people for what has been done but let us get the truth out there. they at least deserve that. the handing over of the records held in the homes and a full audit to identify all the children is utterly necessary but critically, we cannot go to the next stage unless we see the interim report. i could plaster my walls with the amount of requests i have made for it. this must be the starting block of the expansion of the terms of reference and all those people, some living, some dead, whose history and identity were stolen and whose lives were ruined by this state. we need all survivors included. there cannot be a hierarchy, none are more important than others."
2017-03-09,dail,https://data.oireachtas.ie/akn/ie/debateRecord/dail/2017-03-09/debate/main,17,Deputy Catherine Murphy,Deputy Catherine Murphy,"deputy catherine murphy
          when i first raised this issue in the house in 2014, following my reading of newspaper reports based on the research done by catherine corless at the time, i called for the site at tuam to be immediately declared a crime scene. i called for the site to be sealed and for forensic anthropologists and anything else needed to be made available in order to uncover this atrocity, and make no mistake it was and is an atrocity, a mass grave of 796 tiny bodies discarded like trash.
           i listened to the taoiseach's speech on tuesday about the culpability of the state and society, but the state is not some anonymous set of officials. the vast majority of the time since the foundation of the state it was led or governed by fianna fáil and fine gael. they were the ones who presided over debates on this matter in this chamber and they were the ones who handed over and outsourced the responsibility for these women and children to a church they knew to be merciless at best. therefore, when we talk about the culpability of the state and society, it is not some joe or josephine soap we are talking about who condemned these women to a life of shame and condemned children to premature deaths or export. this happened mainly under the watch of fianna fáil and fine gael, which led the state for most of those years, and the abdication of responsibility was obvious. the attitudes which prevailed were perpetuated by every arm of the state - the garda, the medical profession and the political system - thus allowing the church to run free with its campaign of terror and castigation of women for some perceived sin. how utterly and tragically ironic that those same nuns who labelled these women as immoral saw nothing immoral about neglecting a child to the point of early death then disposing of their bodies in a septic tank, or exporting them to another country. these are not the dark ages we are talking about. the legacies of these acts are current for some generations, and they are at best one generation removed. the relatives of these women and children are still alive. in 1995, when children playing on the site discovered skulls, it was not the police that was called for; it was a priest. he was called to bless the site. it seems that everybody went about their business as usual afterwards. the state once again turned a blind eye.
           the horrors of the mother and baby homes cannot be properly put into words. the rumours of clinical drug trials have not been properly addressed, including in the terms of reference of the last commission of investigation. the former minister of state, kathleen lynch, called for the terms of reference to include vaccine trials. i have been talking to somebody from tuam who, as a child, played around the site. this person uncovered on an ongoing basis discarded vials, which would suggest that there is at least something that should be investigated.
           here we are, collectively wringing our hands, two years after it was first suggested publicly that there may be a mass grave in tuam. the fact remains that the horrors of tuam and other mother and baby homes existed because the state permitted the church to control some of our most fundamental institutions. the sad fact is that not everything has changed in this regard even today. we must take the church out of our schools, hospitals, medical care and politics. it is unacceptable that children are regularly discriminated against in our education system based on religion; it is unacceptable that religious orders can hold any influence over medical institutions and the health care they provide, particularly to women; it is unacceptable that the dáil begins every day with a prayer that is not representative of all elected members or citizens; and it is unacceptable that our national broadcaster, funded by the state, subjects citizens of all faiths and none to the angelus bells twice daily.
          these are relics of a bygone era. if tuam has shown us anything, it is that the state must take responsibility for its citizens and the church has no legitimacy in the health care or education of these citizens. we must grow up and separate church from state."
2017-03-09,dail,https://data.oireachtas.ie/akn/ie/debateRecord/dail/2017-03-09/debate/main,18,Deputy Eamon Ryan,Deputy Eamon Ryan,"deputy eamon ryan
          our history shows that unfortunately we have always engaged in infanticide or left unwanted babies and children to die of neglect. ordnance survey maps of the island show lisín cemeteries for babies abandoned or killed. this is not just an irish phenomenon. if one reads oliver twist by charles dickens one sees similar organisations set up to deal with that reality and the same occurred. there was a 90% mortality rate for the babies and children in those foundling institutions in the centre of london, covent garden and elsewhere. sadly and savagely, that experience may have continued longer into the 20th century in ireland than in other countries. i would argue that is because of the shadow of the famine and the fear of having a child who may not have had a father to provide for it. the poverty in this state in the 20th century created a particular culture such that families, and fathers – and men are at the centre of this – told a girl who got pregnant that she must take the boat, have a shotgun wedding or have the baby and put it into a home. as a people we are all part of that culture, it goes back to our grandparents and great grandparents. it was the exact same in bethany, a protestant home, as in bessborough, a catholic home. families in irish society of every church and none told a young woman they could not afford for her to have a child because they could not stand over the shame of the illegitimacy and the poverty. that was totally wrong.
           james deeny, the chief medical officer in 1944, saw what was happening in bessborough and brought it to a halt. he said it was a disgrace and had to stop. the assistant secretary in the department of health, joseph robins, catalogued that history in real detail. the centre of our state recorded what had happened. we have to admit, and it is difficult to admit, that we were so neglectful, so willing to ignore the reality of those thousands of deaths of babies who were neglected although they were put into care. we need to examine every one of those homes to recognise the reality and learn the lessons from the lack of care in our society.
           this raises wider questions about today. are we blind to the reality of a woman being pregnant in her early 20s? she cannot afford a home. are we creating an economy or society that allows a 21 or 22 year old woman easily raise a child? among lone parents 58% are at risk of poverty. let us look at ourselves, our society and economy and ask whether we really value mothers and stand up for babies and children. we are better in that we could not now turn a blind eye to deaths of babies on that scale. we live in a more transparent, honest and less poor society. we need to strive to record that and learn the lessons from it. this week has been remarkably difficult and harrowing. grace's story makes us ask whether we have really learnt the lessons, whether we are really providing due care. we must look after those who are still alive and bear the scars of that system, but we must also try to create a different system which values motherhood and babies and creates the conditions in which if one does have a child, whatever the circumstances, it is cared for, celebrated and supported and which, instead of being driven solely by economic interests, might centre on the needs of the child."
2017-03-09,dail,https://data.oireachtas.ie/akn/ie/debateRecord/dail/2017-03-09/debate/main,19,Minister of State at the Department of Public Expenditure and Reform (Deputy Seán Canney),Minister of State at the Department of Public Expenditure and Reform (Deputy Seán Canney),"minister of state at the department of public expenditure and reform (deputy seán canney)
          as a public representative from tuam and a minister of state i can say the past week has been pretty sad for the people of tuam. it is a milestone in this saga that the evidence is now coming forward which verifies what we have all been told about. i thank the minister for children and youth affairs, deputy zappone, for saying the commission will be reconsidered and its terms of reference scoped to see what more can be done. i salute the tenacity and determination of catherine corless who first brought these horrific facts to light. we owe her a great debt of thanks for what she has done for our society.
           it is clear the events that happened in ireland were covered up and not spoken about for years. the result is that innocent victims, mothers and babies were outcasts. i have listened to the stories of people who survived and family members, not only in tuam but throughout the country, and they are not pretty.
           i was educated in tuam and it is a fantastic town. the people are fantastic. i am very proud to know so many people in tuam and to represent the town. i am also mindful of any negativity that might attach to the town. we also have to take into account the sadness visited on the people who live in proximity to this grave and the site of this home and how they have been put under the spotlight in recent years and days. we are reaching the stage where the truth will come out.
           i have listened intently to every speaker here this morning and heard the words ""the truth"", ""we have questions to answer"", and ""let us get the truth out"". by chance i met a man in dublin last sunday who is a survivor of the tuam mother and baby home. he spent five years there and was then fostered and survived a tough time as a boy. today he lives in dublin with his wife and has two children and, i think, three grandchildren. we had a good discussion. before we finished i asked him what he wants now. he said all he wanted was to hear people say to him that they are sorry for what they did to him and to his mother who is now deceased.
           it is very simple. we public representatives need to leave no stone unturned to find the truth and i have every confidence in the government and this minister that we will find it. we will do this together. we owe it to the children. let us make sure their deaths and the circumstances in which they died were not in vain. i pray that from the desperate discoveries will come hope and a determination in our society never to tolerate or repeat these atrocities."
2017-03-09,dail,https://data.oireachtas.ie/akn/ie/debateRecord/dail/2017-03-09/debate/main,26,Deputy Lisa Chambers,Deputy Lisa Chambers,"deputy lisa chambers
          before making my substantive contribution i take issue with deputy bríd smith's comment earlier on deputy micheál martin's apparent ""road to damascus"". his reaction and comments are genuine, as are those of every other deputy on the issue.
           we still do not know the full extent of these horrors but we know the remains of small babies and infants were found, numbering in their hundreds, in septic tanks at the site of the bon secours mother and baby home in tuam. i have heard the term ""buried"" used in regard to these infants but i take issue with it, as the use of the word ""burial"" suggests some level of decency. there was no decency here and these children were disregarded as human waste and something to be got rid of, reduced and dehumanised. what a disgusting black mark on our society. can we imagine the fear, forced shame, stigma, isolation and loneliness of these women? that is what our state and church inflicted on our women. where were the men in all of this? there was no responsibility laid at their door and it was as if these women impregnated themselves and the babies only had one parent.
           we have come a long way in this regard but not far enough. women still bear most of the responsibility for children and there is still a stigma on single mothers, who experience shame, isolation and loneliness. we can look to the budget from a couple of years ago which saw cuts for lone parents, carer's allowance and child benefit in one fell swoop. it is worth reflecting on how we, as a society, continue to treat our women poorly, particularly those who are single mothers.
           what was uncovered in tuam is only the tip of the iceberg. we do not know exactly how these babies died and it seems likely they were left to starve or die in the cold, as the mortality rate is too high to suggest otherwise. it sends a shiver through me to think of the mothers who gave birth in these facilities. we can think of the lack of care, the unsafe procedures, the lack of aftercare and the fact the babies were stolen and sold afterwards. we must take our search further as it is very unlikely this only happened in tuam. it is likely other mother and baby homes will uncover a similar horror. it gives me no pleasure to say it but we must uncover the full extent of these horrors in order that we, as a country, can begin to heal.
           the church and the bon secours nuns have much to answer for. society was complicit in this but why was that? the church instilled fear in people and demanded that people conform to its way. if they did not, they were excommunicated. it was the church and the nuns who decided these mothers and babies were not deserving of humane treatment, love and kindness or, ultimately, life. i am sure the irony of this is not lost on people today in the context of the current debate. no religion advocates for the abuse, torture and murder of women and children. i am not particularly religious but if the church and nuns believe what they were doing was required by their religion, it came from their skewed interpretation of catholicism and christianity. the state does not get off scot free with this as it was complicit in every way and funded these horrific facilities and, to use the taoiseach's own words, the ""chambers of horror"".
           i support the call from other deputies to see a separation of church and state and i want to see real engagement by the bon secours nuns and the church in a full investigation. there should be full co-operation at every juncture. if they are truly sorry for the pain and suffering they inflicted, the very least they can do is apologise unreservedly and compensate the surviving victims, using the substantial funds we all know they possess. we cannot now in any way seek to bury the sins of the church and the bon secours nuns simply because we do not want to talk about it. i fail to see how an garda síochána could not be involved and, if appropriate, prosecutions should be brought on anyone who may have committed a crime against women and children in these facilities.
           this is a very dark but recent past and people are still living with the effects today. lives were lost or destroyed and families and communities were devastated. we need a formal state apology and a formal apology from the church and bon secours orders. there must be a full and proper investigation in tuam and further afield, prosecutions where appropriate and compensation to victims with the church and bon secours order meeting their responsibilities appropriately. this must be done as speedily as possible and with the utmost sensitivity to the remaining survivors and their families."
2017-03-08,dail,https://data.oireachtas.ie/akn/ie/debateRecord/joint_committee_on_children_and_youth_affairs/2017-03-08/debate/main,19,Senator Joan Freeman,Senator Joan Freeman,"senator joan freeman
          i know mr. finlay of old and admire his work hugely, as i also admire the children's rights alliance. i have no fear of what the witnesses are saying here today. i admire what they are saying and doing.
           i have a couple of questions, though, probably arising out of my own ignorance. mr. finlay mentioned that barnardos has a panel of 32 guardians ad litem working with 800 children each year. if it comes to pass that we are going to have a guardian ad litem for every single child who needs our help - we are talking about thousands of children - how are we going to do that? how are we going to have the manpower to be able to look after all these children?
           in the past, we have trusted social workers, tusla and lots of other organisations with the care of our children, yet we have been let down badly in so many cases. although, with the mother and baby homes situation, we seem to be talking about events that happened more than 50 years ago, our digging is getting nearer and nearer to the present day. who is going to scrutinise the guardians? is there going to be a body that will oversee them and ensure that we do not make the same mistake again of trusting without even looking at the possible dangers that can evolve?
           i fully agree that it should be a separate body to deal with the financial aspect of funding this. it should not be tusla. the almost incestuous integration of what is happening in the hse and bodies like this is too much. we need to have something that is separate, for the children only and nothing else. if the witnesses need any backing or support on that issue i will be happy to give my voice."
2017-03-08,dail,https://data.oireachtas.ie/akn/ie/debateRecord/joint_committee_on_health/2017-03-08/debate/main,145,Deputy Louise O'Reilly,Deputy Louise O'Reilly,"deputy louise o'reilly
          it is absolutely welcome. i want to correct senator mullen on one point. i thank him not to put words in my mouth because i was fairly clear on what i said and it does not require any interpretation by the senator or anybody else. when senator dolan referred to women giving up their children, was he referring to the mother and baby homes?"
2017-03-08,dail,https://data.oireachtas.ie/akn/ie/debateRecord/joint_committee_on_health/2017-03-08/debate/main,149,Deputy Louise O'Reilly,Deputy Louise O'Reilly,"deputy louise o'reilly
          i heard that. it is very important to say they did not just have their children taken from them. by all accounts, what is emerging from the mother and baby homes and what some of us might have known for a while is that these women had their human rights violated in the most disgusting way possible. if we want to talk about morals - senator mullen mentioned some sort of moral code - we have to take a good, long, hard look at ourselves and how we treated women down through the decades and generations. senator mullen made a reference to something he was doing long before i was around. i suspect long before he knew i was around i was campaigning for women's rights. if his ears are deaf to those arguments, he probably did not."
2017-03-08,seanad,https://data.oireachtas.ie/akn/ie/debateRecord/seanad/2017-03-08/debate/main,44,Senator Lorraine Clifford-Lee,Senator Lorraine Clifford-Lee,"senator lorraine clifford-lee
          i thank my colleague senator mark daly, a well known feminist. i am glad to share time with him on international women's day. people might laugh, but he has always supported women, as have my colleagues.
           i make reference to what deputy micheál martin said on radio today when he referred to the savage treatment of women and their children in mother and baby homes across the country. he referred, in particular, to the tuam mother and baby home and the appalling testimonies we have heard in the past few years. i have been appalled and shocked by how the women were treated. they were seized from their homes and dragged kicking and screaming to mother and baby homes where their children were neglected and died. they lived with the stigma and shame for the rest of their lives. they were not able to conduct their lives in the same manner as plenty of men who were pillars of the community and faced no consequences for their actions. they were allowed to continue being pillars of the community. we need to examine our treatment of the women concerned and their children. it is not something that is in the past; they are still living among us in communities.
          we need to show compassion to women who have gone through appalling atrocities, as well as to their children and grandchildren. many generations of people have suffered the consequences of these mother and baby homes. we also make the connection to what is going on at present with the many women and children in direct provision, a matter which has not been addressed. there is a dreadful lack of funding for women's refuges right across the country. in my own constituency it is at an appalling level. i woke up this morning to hear a mother and two children had lost their lives in clondalkin while living in a women's refuge. we need to find out if this refuge was overcrowded, causing the fire to spread quicker and causing these three unfortunate and beautiful people to lose their lives. it is not good enough. we did not treat women with respect in the past and we need to get our act together in the present."
2017-03-08,seanad,https://data.oireachtas.ie/akn/ie/debateRecord/seanad/2017-03-08/debate/main,77,Senator Jerry Buttimer,Senator Jerry Buttimer,"senator jerry buttimer
          -----to celebrate the historic achievements of women around the world in sport, civic life, arts, culture, music and other spheres. it is important that we recognise and pay tribute to women. it is a pity that we do not have the first female president of the us. that would have shattered a glass ceiling. we saw what presidents robinson and mcaleese did in ireland. we have seen what many female ministers can do. i hope that we will have a female head of government, leader of the house or cathaoirleach at some stage. actually, women have been the cathaoirleach and the leader, namely, ms tras honan and ms mary o'rourke, respectively. i am not sure as to whether ms gemma hussey was leader, but i will stand corrected.
           thirteen senators raised the issue of international women's day. a great amount of work has been done, and much remains to be done, in attaining full equality. it is important that we praise senators from all political parties for their work in the pursuit of gender equality and many other issues across the gender divide. it is an objective of everyone in politics to advance women's positions in leadership roles. senator byrne mentioned a report on business, in which field there is much to be done.
           it is important to recognise that gender balance is not just about benefitting women, but the benefits that they can bring to society as a whole. we should work to achieve further progress for women in respect of the many issues that have been raised. i will revert to those.
           senator mark daly raised the issue of the commission on inquiry into the treatment of grace. as i told some of the group leaders this morning, the intention is for that motion to be before the house tomorrow afternoon. it was switched out of today's order paper. it is important that we take the issue of grace as a priority. as the taoiseach stated yesterday, if there is a need to expand the inquiry, then let us do that. it is covered in the motion. the government is committed to establishing the commission. we must find answers and justice and there must be responsibility and accountability for what happened. we will debate the motion tomorrow.
           also on tomorrow's order paper will be statements on matters regarding the commission of investigation into what happened in the former mother and baby home in tuam. senators will have the opportunity to speak on both issues.
           senator mark daly also mentioned the corporate manslaughter (no. 2) bill 2016. there is a divergence of views on that bill in terms of the import of what it is trying to achieve, but we all accept that those who are responsible must be held to account.
           i join senator clifford-lee on the issue of domestic violence. senator conway-walsh also raised that issue. the tánaiste has been proactive on the domestic violence bill 2017 and the criminal justice (victims of crime) bill 2016. this links to senator dolan's point. i hope that those bills will be ratified and passed by the oireachtas by this summer, allowing for the council of europe convention on preventing and combating violence against women and domestic violence to be signed into law in 2018. that is the tánaiste's intent.
           listening to senator conway-walsh, one sometimes feels that the government does nothing at all. however, it is worth noting that the tánaiste has undertaken a strong campaign against domestic violence and published two bills, funding for domestic violence services was increased in the budget and €200,000 has been given from the dormant accounts fund to localise the campaign. in the city of cork where i live, there are plans to build a new edel house, which we would all welcome.
          i am sure the senator will join me in welcoming its construction, as will senator lorraine clifford-lee. sometimes it needs to be pointed out that the government is doing work because listening to some senators, one could conclude that it was not doing anything and not investing any money."
2017-03-08,dail,https://data.oireachtas.ie/akn/ie/debateRecord/dail/2017-03-08/debate/main,7,Deputy Mary Butler,Deputy Mary Butler,"deputy mary butler
          today is international women's day and it is ironic that we are discussing how the state failed another woman, called grace. there is no doubt about it that she was failed. however, i want to thank the minister of state, deputy finian mcgrath, for stepping up to address this matter because it has taken too long. he is probably about eight months in his brief, but i appreciate the fact he has taken it on. it is important to acknowledge that. it has dragged on for long enough and reports have gathered dust following one excuse after another.
           i also compliment deputy john mcguinness and deputy john deasy for all the work they have done to bring this case to the fore. i am a new deputy but i know the work that was done over the past five years and it is important to acknowledge it.
           the facts surrounding this case are harrowing. given the deep and dark history of child sex abuse in ireland, people are shocked to hear that a child who was in state care was again left abandoned and abused while in foster care, particularly when other children were removed from the home due to concerns.
           serious allegations have been made by a whistleblower that people in a position of responsibility with a duty of care failed to safeguard the security of vulnerable defenceless children and adults, a number of them with intellectual disabilities. the whistleblower is to be commended on her bravery and there is an onus on us all as legislators to learn from this case in order that we can prevent it from ever happening again. i sincerely thank her for bringing this case to light. it cannot have been easy for a new social worker in a new job encountering such horrors. this person had the guts, strength and common sense to report the matter to her employers. luckily, the employers supported and encouraged her. only for that social worker, grace might still be in the foster home and we would not be discussing the case here today.
           grace was 11 years old when she went to live with a foster family in the south east. her mother assumed she was safe. there were meant to be six-month reviews, but this did not happen. why? this is one of the questions i hope will be answered. why was a child with special needs put in a foster home and not checked up on? she was left there to languish and be abused.
           according to the recently published devine and resilience reports, this is when the litany of abuse started. the foster child, who cannot speak, was in that home for 20 years. apparently she was subjected to physical, mental, sexual and financial abuse. what we need to remember here is that this was not an isolated situation. it took place in a supposedly state-supervised setting.
           while the reports shed some light on the abuse itself, no one has taken responsibility for the unforgivable failings in the provision of state care to vulnerable children. the hardest part for me to read was the fact that grace was found with bruises by her carers and was taken to the sexual assault treatment unit in waterford regional hospital, as it was then known. staff failed to find a safe place for grace to stay, after being in the sexual assault unit for the entire day. what did they do? they sent her back to the house of horrors, which was classed as the least bad option. how can so little be thought of a human being? how could she have been so wronged in her life? it is clear that the manner in which vulnerable children are cared for by the state needs to be reviewed.
           i compliment foster parents in ireland who, in the main, do a fantastic job, opening their homes and their hearts to vulnerable children. this cannot be forgotten. however, we must be 100% confident that any child being cared for by the state, or agencies acting on behalf of the state, are safe and not at risk.
           while the commission is undertaking this investigation, why not include all who lived in this home? obviously other residents will have to be questioned about grace and the abuses she suffered. these other residents will be essential to come to a conclusion. does it not make sense to deal with all the residents together, because they will have to give their side of what happened? since grace is non-verbal, they will certainly have a large role to play.
           the national safeguarding policy for vulnerable adults should be placed on a statutory basis. all members of the thirty-second dáil have a duty to ensure the safeguards are put in place in order that nothing like this can ever happen again to any child or young adult like grace, and all the other graces that have been let down by our country.
           this is not about finger-pointing, it is about trying to get all the answers. i commend the minister of state on stepping up to ensure this investigation commenced, because it needed to happen. this and other revelations in the mother and baby homes have shaken us all to the core. our past can no longer be swept under the carpet."
2017-03-08,dail,https://data.oireachtas.ie/akn/ie/debateRecord/dail/2017-03-08/debate/main,73,Deputy Mary Lou McDonald,Deputy Mary Lou McDonald,"deputy mary lou mcdonald
          i also extend my party's deepest sympathies to the bereaved families and friends of the two young children and the young woman who lost their lives so tragically in the fire at kilcronan in clondalkin overnight. our thoughts are with them and we wish all of those who were injured a full and speedy recovery.
           today is international women's day. it is a day for commemorating and celebrating the struggle for women's rights. here in ireland and around the world, women have won many battles for equality but the struggle is not over, not by a long stretch. to this day, the legacy of this state's mistreatment of women and children remains. issues like the gender pay gap and the eighth amendment have yet to be addressed. we are also reminded of the shocking and disgraceful state-sponsored abuse of women in the not too distant past. in that context, i wish to raise the issue of the commission of investigation into mother and baby homes.
           on friday morning last, the commission outlined the details of excavations that have discovered a significant quantity of human remains at the site of the former mother and baby home in tuam. the remains discovered are the bodies of babies and children who were unceremoniously buried there without any recognition. they were buried in a septic tank without any respect for their identity or dignity. it is a cause of national shame. however, none of this was accidental. it was, as the taoiseach knows, state policy. i listened to the taoiseach's words very carefully yesterday. he said that the nuns did not kidnap children but that society gave them up. that is so but let us remember that it was people who sat in this chamber and on the government benches over the years who facilitated that. the state funded, regulated, oversaw and enforced a grotesque system that vilified and abused women and their babies and, to this day, the state refuses to afford the survivors justice. look to the case of mr. peter mulryan, who was in court on monday for the fifth time seeking access to files held by tusla and the bon secours sisters on his infant sister, marian bridget. he believes that she died in tuam and was buried there but he cannot be sure. in the past, an garda síochána believed that the tuam site was a famine plot - not so. now, as we discover the grim reality that the site is the scene of a mass grave and potentially a crime scene, where is the garda response?
           the commission established by the government in january 2015 is inadequate. the taoiseach knew that, as did the former minister for children and youth affairs, deputy james reilly, at the time. we told them so and, more importantly, advocacy groups made that very clear. the commission's inadequacy is now crystal clear and this has been voiced by the united nations, which has said that the investigation does not meet international standards. tuam, as we know, was just one of a vast network of institutions which systematically violated the rights of women and their children and facilitated an illegal adoption trade or child trafficking.
           will the taoiseach now commit to engaging with the victims and survivors in order that the commission's terms of reference can be examined, amended and expanded? that is the only way that we can have any hope of getting to the full truth. the minister for children and youth affairs, deputy katherine zappone, has had the second interim report of the commission from judge yvonne murphy on her desk since september. that report specifically examines the need to expand the terms of reference. will that report be published without further delay?"
2017-03-08,dail,https://data.oireachtas.ie/akn/ie/debateRecord/dail/2017-03-08/debate/main,74,The Taoiseach,The Taoiseach,"the taoiseach
          i thank deputy mcdonald. today is international women's day, and as i have said on many occasions, if ireland was declared by w.b. yeats to be ""no country for old men"", then the legacy and more recent issues mentioned by the deputy would suggest that it was positively dangerous for girls and women. we have had the experience of the ignoring of the magdalene women for many years. we have had the government's establishment of the surgical symphysiotomy payment scheme because of the treatment of women. the government also set up the statutory commission of investigation into mother and baby homes and related matters, as well as a commission to look into the case of grace.
           deputy catherine connolly raised the question of the interim report with me previously. there have been many calls to extend the commission's terms of reference in recent days. i am conscious of these calls and the government is open to examining what can be done. there is no point in having commissions of investigation if they are not able to do what they are intended to do. that said, we need to reflect carefully and give ourselves some time to get this right. it is a serious matter. i agree that the best approach is to have a scoping exercise, in consultation with the commission itself, to see if broader terms of reference covering more institutions would help to answer the many questions that arise. i note that these and many other questions arose when the original terms of reference were being framed in 2014 and 2015.
           the challenge was, and still is, how to balance sufficient coverage of institutions with completing the report in a reasonable period. the commission is now two years into a three-year programme of work under its current terms of reference. we need to be conscious that extending its terms of reference will inevitably have an impact on any timescale that has been set out. the more we now add to its coverage, the longer the commission is likely to take to complete its work. this is not to say that this cannot or should not be done. however, we must be very clear about the implications for the commission's timescale and how long it will take to give us the answers that we very much want to have, particularly in the context of the feelings of those who are now in their senior years.
           the first issue is for us to be satisfied that any additional matters of concern are not already within the existing wide scope of the commission. the commission has significant autonomy to follow wherever the investigation takes it and to make any recommendations it considers necessary in that regard. in fact, the commission's terms of reference require it to submit a report specifically on this issue to the minister. should a decision be made to examine further questions, there may also be a need to consider the appropriate legal vehicle to take that forward.
          the commission was tasked with investigating a very specific issue and its report on this specific issue is still in preparation. the commission has not made its formal findings yet, although we know the outcome of the specific analysis of the site in tuam. clearly, the coroner, the garda and the commission have independent responsibility for the work they are doing."
2017-03-08,dail,https://data.oireachtas.ie/akn/ie/debateRecord/dail/2017-03-08/debate/main,75,Deputy Mary Lou McDonald,Deputy Mary Lou McDonald,"deputy mary lou mcdonald
          we can agree on one crucial point, which is the necessity to get this right. i absolutely agree with the taoiseach on that. i also remind him that in 2014 and 2015, when the government was preparing this commission of investigation, it was made very clear to the taoiseach how badly wrong he was getting it and he disregarded that advice.
           i also remind the taoiseach that as far back as 2012, social workers within the hse, having examined tuam and bessborough, another mother and baby home, stumbled across facts so disturbing regarding illegal adoptions and child trafficking that they regarded this as a matter to be brought to the attention of the then minister, now senator james reilly, because they believed it would necessitate a state investigation. despite all the fine words and even the genuine sentiment the taoiseach expressed, the track record of the state and his government is not one of moving with haste and has rather been a foot-dragging exercise. that needs to stop.
           when will we see a copy of the interim report? when will it be published? when will the taoiseach meet victims and survivors? when will he instruct tusla and other state agencies to stop playing games with survivors and release their records? when will we see serious action by the government to demonstrate the will the taoiseach expressed to get this right finally?"
2017-03-08,dail,https://data.oireachtas.ie/akn/ie/debateRecord/dail/2017-03-08/debate/main,77,Deputy Mary Lou McDonald,Deputy Mary Lou McDonald,"deputy mary lou mcdonald
          i am referring to the mother and baby homes."
2017-03-08,dail,https://data.oireachtas.ie/akn/ie/debateRecord/dail/2017-03-08/debate/main,80,The Taoiseach,The Taoiseach,"the taoiseach
          this happens here in mother and baby homes. we had state involvement in residential institutions."
2017-03-08,dail,https://data.oireachtas.ie/akn/ie/debateRecord/dail/2017-03-08/debate/main,101,Deputy Catherine Connolly,Deputy Catherine Connolly,"deputy catherine connolly
          there are outstanding issues regarding equal pay and bodily integrity. there was a strike today outside leinster house over the remaining issues related to repeal the eighth. domestic violence issues are costing the economy €2.5 billion a year. instead, on this special day we find ourselves once again discussing how the state has misused and mistreated the women of ireland. prior to leader's questions, the debate concluded on the terms of reference for another inquiry into the state and its agencies presiding over the appalling treatment of a young vulnerable woman in the south east and what appears to have been collusion in the concealment of that treatment. i am glad that new politics is working and we have forced a reconsideration of the terms of reference.
           in addition, we have had the revelations from the department of children and youth affairs through the commission that revealed that human remains are visible in a series of chambers that may have formed part of sewage treatment works for the home. it is not clear whether the chambers were used for sewage treatment. the commission believes that there are a significant number of remains there and forensic analysis has determined that the remains are between 35 foetal weeks and two to three years of age. despite protestation from the bon secours sisters and the establishment that this was a famine burial site that was covered, it is not.
           this is a shocking discovery according to everyone and particularly to the taoiseach. however, those in galway have been aware of this for a long time. it was highlighted by catherine corless back in 2014 in her painstaking and self-funded research. many women went before the commission of inquiry into child abuse, which culminated in the ryan report as far back as 2009, and told their stories about their experiences in mother and baby homes. it was brought to the attention of martin mcaleese when he concluded his report on the magdalen laundries. none of this is shocking to the survivors. what is shocking to the survivors and to me is the carefully crafted words the taoiseach used in the chamber. in particular he said:
          no nuns broke into our homes to kidnap our children. we gave them up to what we convinced ourselves was the nuns' care.
          i do not doubt the taoiseach's bona fides, but i certainly doubt his judgment in reading out in these circumstances such a sentence in a carefully crafted speech. where is the interim report that has been with the minister since september 2016? will the taoiseach confirm the site will be sealed off as any crime scene is sealed off? will he confirm that records will be made available to those who are seeking them in order that somebody like peter mulryan does not need to go to the high court to seek the records of his sister? the taoiseach must stop the hypocrisy. cuir deireadh leis an gcur i gcéill agus tabhair freagra dúinn. sin an méid atá ag teastáil ag an bpointe seo."
2017-03-08,dail,https://data.oireachtas.ie/akn/ie/debateRecord/dail/2017-03-08/debate/main,102,The Taoiseach,The Taoiseach,"the taoiseach
          tá fhios agam go maith céard atá ag teastáil ag baint leis seo and that was the reason the commission of investigation was established. that has its independence with wide-ranging terms of reference. it has not actually reported its official findings yet, nor has the coroner declared what he considers the next step to be and the garda has independent responsibility.
           the deputy is asking me to direct an independent commission to do certain things. the questions she asks are valid and need to be answered. i expect they will be answered. she can refer to carefully crafted sentences if she likes. however, the nuns did not take the children out of the houses of ireland. they were sent to these mother and baby homes in the vast majority of cases by the families themselves. such was the disgrace that was heaped upon them in parish after parish simply because young women became pregnant and gave birth to a child that they were driven out to liverpool, birmingham, manchester, london, glasgow and other places.
          these were people who were born and reared in our own country who were sent away, not to foster homes in this country but other places abroad. their stories will be told someday too.
           i expect deputy connolly will allow the commission of investigation to report its official findings. that is its duty, its responsibility and why it was set up. it is two years into a three-year programme of work. i commend catherine corless. she is a heroine in this case who brought forward a stark truth which has lain, literally, underground for so many years and, as i said yesterday, not since the dawn of history, but in our own time.
           there is a process involved. i expect mr. mulryan should be able to get the information he so wishes. there is a court case dealing with that and a judge will give a judgment on that basis."
2017-03-08,dail,https://data.oireachtas.ie/akn/ie/debateRecord/dail/2017-03-08/debate/main,247,Deputy Mary Lou McDonald,Deputy Mary Lou McDonald,"deputy mary lou mcdonald
            i want to raise two issues. first, in respect of the commission on nama and project eagle, i hear a kind of reticence in the taoiseach's presentation that there is somehow a question mark over whether there will in fact be a commission. when we undertook our examination in the pac, it was never understood or intended to be an alternative to the commission we had all agreed to and signed up to in principle. i would like the taoiseach to confirm for us that the commission will in fact go ahead. i understand the taoiseach needs the report from the pac to be factored into the terms of reference and i think that reasonable. however, he should not be using the pac as a means of not carrying forward the commission. i would like him to confirm that.
             second, on the mother and baby homes, i earlier raised the issues around tuam with the taoiseach. i think he made a commitment, although he might confirm this, that he would meet and consult with victims, survivors and advocacy groups. as he does that, one of the core things that needs to be considered is the particular issue of legal representation for survivors because they are currently cast as onlookers or spectators in an inquiry that has had the most traumatic consequences for them and their lives."
2017-03-08,dail,https://data.oireachtas.ie/akn/ie/debateRecord/dail/2017-03-08/debate/main,428,Deputy Michael McGrath,Deputy Michael McGrath,"deputy michael mcgrath
          i commend deputy thomas byrne on introducing this motion on behalf of fianna fáil. i would like to focus on the entry point for children, for which the department of health and the hse, rather than the department of education and skills, are strictly responsible. the lack of real integration between the health and education authorities in dealing with special needs is part of the problem we are discussing. i would also like to focus on the assessment of need. under the disability act 2005, an assessment of need must commence within three months of an application and must be completed within six months of that application being made. those timelines are being consistently and flagrantly disregarded. the fact of the matter is that they are not being met by the hse and the department of health.
           there is nothing like an individual case to bring absolute clarity to an issue like this. i would like to highlight such a case. i could place the details of a different case on every single seat on the government side of the chamber. a young girl in my constituency was put on the waiting list for an assessment of need in september 2016. in november of that year, her parents became aware that the provisions of the disability act 2005 would not be met and the timeline would be breached. they were advised to make a complaint to the hse on the understanding that if the complaint was upheld, the child's application could be prioritised on the waiting list. after they made the complaint in november 2016, they were advised that their daughter was no. 1,026 on the complaints waiting list. i am not talking about the waiting list to have the actual assessment done, but about the waiting list to have the complaint regarding the assessment dealt with. the parents were told at that time that the hse complaints office was dealing with complaint no. 515 and that there was a five-month delay in responding to complaints.
          on 1 march 2017, they requested an update on the complaint and were told the delay had increased from six to seven months from the date the complaint was received and the hse was addressing complaint no. 569. the young child was no. 1,026. she is not a number but rather a young child waiting to be assessed in order to gain access to services so she can access an appropriate place in the education system. there is one person in the hse responsible for administering these complaints and it is not uncommon in our part of the country for children to wait for a year for an assessment of need having gone through the full complaints process. we are told this is being addressed and the hse is doing this, that and the other to deal with the matter but i am not seeing the evidence on the ground. in my ten years as a deputy, i have never had so many inquiries and complaints from families about delays in getting an assessment of need.
           at the end, if these people get an assessment, it is not as if there is a great array of services waiting for them, as, sadly, there is not. if they get diagnosed through a service provider, no one-to-one occupational therapy, speech and language therapy or physiotherapy is provided that i can see. at least it can allow these children to join a waiting list for an appropriate place in a special school or autism spectrum disorder, asd, unit that is part of a mainstream school. that is what the public diagnosis, as such, can do, but they are being denied that opportunity.
           we have correctly seen outcry from the public and elected politicians in the past number of days arising from the revelations in tuam. no doubt there will be further revelations elsewhere in the country about mother and baby homes. let us consider what we are doing today, in 2017, when all the evidence tells us early intervention makes such a difference, leading to appropriate services being provided for children. it is a life-changing experience and if those children get an appropriate place in school and access to the correct services, it changes their life for the better. we are failing the children of ireland with special needs and it is not good enough. as a country we should be ashamed of ourselves. this is our tuam scandal of 2017 but we are in a position to do something about it. let us act on it now."
2017-03-07,dail,https://data.oireachtas.ie/akn/ie/debateRecord/joint_committee_on_education_and_skills/2017-03-07/debate/main,17,Deputy Jim Daly,Deputy Jim Daly,"deputy jim daly
          i thank all of the witnesses who have given of their time so freely. i appreciate many of them were made aware of the meeting at very short notice, and we appreciate the effort they have made. this is an historic day, as it is the first time in the history of the houses a private members' bill and a government bill have been brought to committee side by side for pre-legislative scrutiny. it is a very welcome development. it is 20 years since the education act 1998, one of the most significant and progressive pieces of legislation brought through the houses, and nothing has had the same impact on education.
           i am not saying this in a boastful way, but there is no doubt none of this would be in this room if the education (amendment) bill had not been published in 2015 and brought this issue to a head, albeit 20 years too late to enact section 28 of the education act. the genesis of my bill was frustration. coming from the inside, as i am a former principal as was acknowledged by ms dempsey for which i thank her, and now being a parent, and having dealt with boards of management and witnessed the trials and travails of other parents i was blown away. this is because of the system we inherited, which probably goes back to the days of the church when the religious did the schooling for us and the state was able to operate a hands-off policy. to this very day we take great advantage of this gap. most parents believe if a problem arises they can write to the minister and get it sorted. of course we know they will be told the minister has nothing at all to do with it and it is down to the board of management. in my days as a principal i was told by someone in a trade union that the most important decision i would make as principal was to pick the parents on the board of management because i needed to surround myself with a good body of people who would say ""yes"" to me at all times. this was the basis of the selection criteria for a board of management. i understand the good reason for this. it is not disparaging about anybody, it is just a fact of life. the ippn is before the committee representing principals. i am a former member of the organisation, and i have great memories and great time for what it does, but i can understand how an ombudsman for education would not be popular with its members because it is another layer of scrutiny.
           we must be mindful of the times in which we live. tonight i will be on vincent browne's television show and i will speak about the grace case, the tuam babies and all of the shames of our past. we all have a responsibility to face up in the present and do what we can to bring openness and transparency. we have a responsibility to do more than just defend our patch, which is the line i would like to bring across today. if we do not accept this and move on in this spirit we will be back here again in 20 years' time hanging our heads in shame at what is wrong with the system.
           the letters i have received from parents since i published the bill three years ago are heartbreaking. we see an 11 year old child in hospital with anorexia from being bullied at school by a relative of the principal, but nothing can be done about it by going to the board. i could tell the committee story after story of heartache in the lives of real people. the one voice that is missing from this room is that of the students. they are not here today, which is telling in itself. we must be very cognisant that the system we represent must bring forward the students' voice.
           with regard to expanding the role of the ombudsman for children or whether we have a new ombudsman, i began this journey three years ago by publishing legislation to expand the role of the ombudsman for children to address educational issues. at the time i was rebuffed by the same ombudsman, the department of children and youth affairs and the minister of the day, who was a member of my party. i was told the legislation would not fly and there was no need to expand the role of the ombudsman for children into educational matters, which was my specific objective. here we are, three years on, having come full circle and i am being told the solution to the problem is to expand the remit of the ombudsman for children, which is where i began three years ago.
           this is not about right or wrong or about anybody having a monopoly on the right thing to do. i was one of the first to quote the figure that almost half of complaints to the ombudsman for children related to education.
          perhaps we could end all this and call it the education ombudsman in light of the fact that half the complaints to him are about education. maybe we could get over our hang-up with the title one way or the other.
           i want to make a point on my bill. the legally binding powers aspect of it has been referred to by the department and the ombudsman for children. i made it quite clear on second stage that i have no difficulty with amending the legislation to remove the legally binding aspect of it. i have no difficulty doing that and i want to put that on the record. i am trying to get at educational welfare. i have not seen it addressed in any of the submissions and i read every one of them before coming in here today. people talk about the welfare of children but i am talking about the educational welfare of children. there is a difference. i became interested in that following a case submitted to the ombudsman for children where 39 students were put into junior and senior infants classes. there should have been 24 in each class. the principal wrote to the board of management to complain and asked if there should be a smaller number in junior or senior infants classes. the board of management said that it was none of the principal's business and that it was the board of management. eventually a parent was forced to take it to the ombudsman for children. i saw every letter from the office of the ombudsman for children - there were numerous letters on this case - which it essentially said it had no remit. i investigated it further. there is an educational welfare issue where there are 39 students in a class. it is against the advice of the department in that the smallest number of students should be in junior and senior infants. there are 39 pupils in the class for no good reason but the ombudsman for children said he had no remit. he has no remit because only their educational welfare is impacted. they are not being beaten, starved or bullied. bullying is a grey area and i do not know if it is being addressed satisfactorily by the ombudsman for children. educational welfare is very different from other welfare and it is not being recognised or addressed.
           mr. hanevy from the department of education and skills gave a synopsis of the bill. we have had several conversations on it and i thank him for his engagement. he made the point that if a parent had a grievance about the exclusion of a child from a school sports team, the parent could ask the ombudsman for education, if there was one, to exercise the power of direction to have the team's composition altered. that is bordering on insulting because it is nonsensical and ridiculous. the board of management is not responsible for the make-up of a school team. i do not know of anywhere in the country where the board of management picks the team. the team is picked by the teacher of sports on the day. i am talking about decisions made by the board of management that should be appealed. this is taking it a step too far and there is an over-emphasis on the legal side of it that we could all be tied up in courts for the rest of our lives. i have accepted from the outset that i would be quite happy to remove that.
           i have had discussions with dr. muldoon over a long time, including during his former role within the organisation. one of the cases i read in his report was about a school had expelled a girl because she was pregnant. a parent wrote to dr. muldoon and he carried out his investigation. if my memory serves me correctly, he wrote to the school advising that it should admit the pregnant girl and had no grounds to expel her but from that day to this one, the letter has been ignored. that is my issue with this. even when dr. muldoon suggested something, he was ignored. some 95% or so of schools are good and are doing a wonderful job but 5%, 2% or 1% are letting us down. what are we going to do with them? children's livelihoods, education and well-being are all tied up in that.
           i read mr. tyndall's submission with interest. as i said to the ombudsman for children's office, he does not get the educational aspect of it. he does not understand it. he referred to 87 complaints about student universal support ireland, susi, or 82%. they are about financial matters. they are not educational complaints. i do not see that as him addressing educational issues and educational welfare. they are mathematical by nature and are related to accounting and somebody's income. i am trying to make the point about the difference between educational welfare and financial welfare, general welfare and so on. mr. tyndall mentioned access, finance and administration. they are not really educational issues by nature. if i was to ask mr. tyndall what he thinks of the ongoing teachers' dispute which is affecting only third years but will affect leaving certificate students shortly, which would come under his remit, what would he say? i am not putting him on the spot, because i will not ask the question, but if i was to ask what he thinks of the teachers' refusal to correct their own children's work from an educational aspect and the protection of leaving certificate children, would he have a view on it? i do not expect him to have one and am not asking that question. that is the point i am trying to make. an education ombudsman would be solely dedicated to educational issues.
           on the proliferation of ombudsman offices, given the grace case and tuam mother and baby home, i do not think we can have enough accountability. costs and delays were referred to. one cannot put a price on a child's well-being or mental health, or the child who is in bed at 11 years of age with anorexia. i cannot put a cost on that but if somebody has the expertise and interest to address the educational issues, i would not allow money to come in the way of that. i have never been known for throwing money away either.
           i thank ms dempsey for her forthright and honest comments. they are welcome. i thank her for her acknowledgement of my own comments.
           the first time i saw the irish primary principals' network, ippn, comment on it was in its magazine and i was touched by its concern for the national purse. it is not a substantive reason to oppose it. that was the first i saw of it. it sees it as another layer. i have no difficulty with the ippn's opposition to it and understand that it represents principals who are people behind boards of management and may not want it opened up. i would suggest it is not all but some of them. i thank ms lynch for giving a balanced and welcome view on behalf of parents."
2017-03-07,seanad,https://data.oireachtas.ie/akn/ie/debateRecord/seanad/2017-03-07/debate/main,30,Senator Catherine Ardagh,Senator Catherine Ardagh,"senator catherine ardagh
          i rise to mention the recent developments regarding the tuam bon secours mother and baby home. having read of them, we have all been left touched, shocked and in a state of horror.
           i wish to make a number of comments on this matter. i am glad that the terms of reference of the investigation were flexible enough to be covered by the current investigation into the bon secours home in tuam, where bodies of children aged between three and a half weeks to two and a half years were discovered during exploratory excavations. this discovery is deeply saddening and unveils to us the dark underworld of irish society.
           i welcome the fact that the commission has referred this matter and the relevant files to the galway coroner. it shows that the commission was the correct body to have in place and is working to ensure that we get to the truth of the matter. it is important that the truth comes out and we collectively reflect on our past, not just for ourselves, but for the victims and families concerned. we must ensure that lessons are learned and that they will dictate current and future policy, not just on providing safeguards for vulnerable children in care, but for all children going through our education system. lessons must also be learned about maternity care so as to ensure that it is given the proper resources, and that proper standards are enshrined in it.
           last weekend, i met many people who had no connection with tuam or galway, but i cannot put into words how upset they were and i have been about this discovery.
          i ask the leader to ensure the minister will provide the commission with the necessary resources to deal with this matter and that we do not forget about it next week when ""prime time"" comes up with another news item. it must be kept on the agenda as the truth must come out."
2017-03-07,seanad,https://data.oireachtas.ie/akn/ie/debateRecord/seanad/2017-03-07/debate/main,32,Senator Rose Conway-Walsh,Senator Rose Conway-Walsh,"senator rose conway-walsh
          le cúpla lá anuas tá ceist thábhachtach ann maidir le scéal an-bhrónach a tharla inár saol féin. chuir an scéal seo isteach go mór ormsa. we are all shocked by the most recent revelations about the discovery of what has been described as a substantial amount of human remains at the site of the mother and baby home in tuam. i commend and thank ms catherine corless for her wonderful work and condemn those who tried to stop her and put barriers in her way. let us not forget that many of the mothers did not walk into these places of their own free will. they were put there by the state which licensed the institutions."
2017-03-07,seanad,https://data.oireachtas.ie/akn/ie/debateRecord/seanad/2017-03-07/debate/main,34,Senator Rose Conway-Walsh,Senator Rose Conway-Walsh,"senator rose conway-walsh
          they were then thrown out by it, often without their babies. in many cases, their babies were robbed from them and sold or left to die. the heart-rending stories of mothers begging for their babies are inhumane and gut-wrenching. make no mistake: what has been revealed is decades of state-facilitated torture of mothers and children.
          there is much we should do to recover the truth and restore dignity to those buried and ensure the circumstances which allowed these horrors to take place will not be repeated.
           there are questions to be answered immediately by the government. the burial site is now a crime scene. if the government is to involve an garda síochána, what measures have been taken to secure the site? will the leader confirm whether the garda has been informed and asked formally to investigate the deaths? the united nations has stated the investigation does not meet international standards. will the terms of reference be amended to allow the murphy commission to carry out a complete investigation? will the leader formally request the minister for justice and equality to publish the second interim report of the commission without delay? these is no reason this should fail to happen today.
           i would also like to hear from fianna fáil which was in government for many of the decades when these atrocities took place. why was the party so quick to indemnify the religious orders for a total sum of €128 million when multiples of this figure had to be paid out by citizens of the state? individuals and families who suffered most because of these atrocities must be provided with every resource to obtain truth and justice. the resources provided must reflect the level of atrocity, not only in tuam but also in mother and baby homes throughout the country."
2017-03-07,seanad,https://data.oireachtas.ie/akn/ie/debateRecord/seanad/2017-03-07/debate/main,35,Senator Frances Black,Senator Frances Black,"senator frances black
          i would also like to highlight the horrendous nature of what happened in the tuam mother and baby home. an inquiry is being held into these shocking events. all of the people who have been impacted on by their dealings with mother and baby homes and other institutions such as the magdalen laundries need to be listened to. the coalition of mother and baby home survivors state approximately 35,000 women and girls went to nine mother and baby homes between 1904 and 1996 and that their treatment needs to be investigated. there should not be a hierarchy of women who suffered. all women who passed through the homes and want their stories told must be listened to. we must ensure the ill-treatment is brought to light and will never be allowed to happen again. in a survey of 5,500 people conducted by the journal, 87% felt the mother and baby home inquiry should be expanded. a woman who had a baby at the age of 18 years in the bessborough home in cork says justice for her would mean a full and frank acknowledgement from all of the religious orders and facilities involved. we owe it to the women concerned to give them the closure they request.
           grace is another horrendous case. it is an indictment of our society and how the most vulnerable are treated. grace, a young woman with intellectual disabilities, could not rely on the state to ensure she was kept safe. a full investigation is needed into the decision made in 1996 to remove her from the foster home following allegations of sexual abuse and its subsequent reversal to leave her there following representations made by the foster father. i hope the terms of reference of the commission of investigation will be widened to include the other 46 service users who spent time in the foster home in question. how many similar cases are there? are there other cases where the hse, tusla or the garda were made aware of sexual or physical abuse allegations against a foster parent and the child was not removed from the foster home? it is important that we know that no other children are living in foster homes that have been the subject of allegations of abuse. the most vulnerable in society are always marginalised and still do not have a voice."
2017-03-07,seanad,https://data.oireachtas.ie/akn/ie/debateRecord/seanad/2017-03-07/debate/main,36,Senator Ivana Bacik,Senator Ivana Bacik,"senator ivana bacik
          like others, i wish to highlight the horrific findings the commission of investigation has made regarding the remains of infants and babies in tuam and the appalling suffering experienced in that institution by them, their mothers and siblings, many of whom survive and who have spoken movingly in recent days about their grief and distress at the findings. we all should commend the commission of investigation and, of course, ms catherine corless, the historian who first highlighted the issue. clearly, there is a need to expand the terms of reference of judge yvonne murphy's commission. she carried out the investigation of 14 mother and baby homes and four county homes as a sample, given the extensive number of county homes in which women were incarcerated. according to justice for magdalenes, there may have been as many as 180 institutions across ireland which had in their care women who were pregnant and their babies.
           we need to examine ourselves to see the attitudes that prevailed in irish society right up to the 1990s, when these institutions remained open. i mention not only these institutions but also the magdalen laundries and the industrial schools in which children suffered such abuse over so many decades. we need to question the terrible repressive attitude towards sexuality, towards women and towards children and the deep and silent suffering experienced for so long by so many women and children and their families.
           we need to acknowledge the fact that so many men were responsible for this. an enormous silence surrounds that. for every one of those babies and infants, because some were as old as three, who was found, there was not only a mother but also a father and, indeed, siblings, and we have to think of all that. 
           we have to think about what is still going on today where we are exporting thousands of women to england every year because we cannot face up to the reality of crisis pregnancy and of women's reproductive health needs. that remains the case today and it is shameful that we are still dealing with that issue in such a repressive and oppressive manner and are still oppressing women and refusing to countenance, confront or acknowledge the reality of life in ireland and of crisis pregnancy.
           i thank the leader for arranging a debate on this matter on thursday. i hope he will be able to tell us in advance of that debate that the terms of reference of the commission have been expanded. we will also discuss the grace inquiry, another instance where a child was very badly failed by the state. we need to debate the wider issues and the wider context and, as others have said, the role of religious institutions and of religious orders, such as the bon secours order, which is currently before the courts in regard to tuam where it is facing some serious questioning. we need to have a broader debate.
           on a lighter note, i wish everyone a happy international women's day tomorrow. there will be a series of events. we look forward to the series of events in the oireachtas next year that will commemorate and celebrate the 100th anniversary of women getting the right to vote in ireland."
2017-03-07,seanad,https://data.oireachtas.ie/akn/ie/debateRecord/seanad/2017-03-07/debate/main,38,Senator Gabrielle McFadden,Senator Gabrielle McFadden,"senator gabrielle mcfadden
          that is good news; i am delighted.
           like others, i wish to address the issues arising from the finding of human remains on the site of the former mother and baby home in tuam. i do not intend to rehearse the horror of what happened to those babies and their mothers but i share in the disgust that everyone in the house, and outside it, feels today. it is important we take this opportunity to commend ms catherine corless, as others have done, and also the commission of investigation into mother and baby homes for bringing these issues to light, even though the process has been very difficult at times. i also compliment the minister for children and youth affairs, deputy katherine zappone, for the prompt, open and respectful manner in which she addressed the issue. unfortunately, this frankness and respect was not mirrored last week by the response or, indeed, the lack of response from the bon secours order which ran the home at the time. it is not as if it was blind-sided by the unexpected news. it had a considerable amount of time to prepare a response for this but the decision not to comment on the findings has to have been a conscious one on its part.
           the motto of the bon secours order is: good help to those in need. many of those who spent time in these homes were in need but i do not believe they ever got good help. whatever the circumstances, the children whose lives were very short and ended in tuam did not get the respect of a proper burial. the lack of response from the bon secours order further compounds this indignity and is both mean-spirited and un-christian. i do not believe this approach is reflective of the values of the majority of the serving sisters, if any, and i call on the bon secours order to provide a truly caring response by giving a full apology as soon as possible.
          i ask the leader to urge the minister, deputy katherine zappone, to use whatever powers and resources are at her disposal to ensure that these children are given the dignity of a respectful burial and that their memory is marked in an appropriate way."
2017-03-07,seanad,https://data.oireachtas.ie/akn/ie/debateRecord/seanad/2017-03-07/debate/main,50,Senator Alice-Mary Higgins,Senator Alice-Mary Higgins,"senator alice-mary higgins
          i join other senators in congratulating ms bridget doody on her appointment. i look forward to working with her.
           others have spoken about what we saw in tuam. it was not shocking because it was well signalled but in terms of the idea of hundreds of babies and children buried in septic tanks, and all of the pain that goes with that, i join those who have called for the commission of inquiry's interim report to be published now. i understand the government is waiting to have its response in terms of that but we can no longer delay the publication of the interim report. we need to expand the commission's terms of reference to the 180 or whatever number of other institutions that must be included. we must look to questions around the bessborough mother and baby home, where the mortality rates were shocking and need to be followed up and investigated.
           i want to follow up on what senator bacik said, which is that as well as the debate we will have this week on ireland's appalling history of institutional violence in the case of grace and in the case of the mother and baby homes as highlighted on thursday, we need to have a wider debate on the culture of denial, the overall history of institutional abuse in ireland and how it came about. we need a ""why"" debate that looks to the patterns of denial, obstruction of justice and the inadequacy of redress.
           people have called for an apology from the bon secours sisters. we also need compensation. every order in this country needs to be paying the compensation it should be paying into the funds, which they have neglected. they also need to recognise the moneys made on the backs of those who worked in the magdalen laundries, for example.
           in that same week we had a story that did not get as much coverage. marie collins, an irish survivor of abuse, resigned from the pontifical commission for the protection of minors because of what she referred to as the shameful resistance she met within the church to acting for the protection of minors and facing up to past abuse.
           i concur with senator gavan. we need to ask a fundamental question. is it appropriate that the institutions which are obstructing justice in these areas and have this legacy of abuse would be in charge of institutions such as our health or education services? we, as a state, need to step in and ask that bigger question.
           my last question-----"
2017-03-07,seanad,https://data.oireachtas.ie/akn/ie/debateRecord/seanad/2017-03-07/debate/main,68,Senator Máire Devine,Senator Máire Devine,"senator máire devine
          there are many issues to raise but, along with many others, i really need to raise the tuam babies case and mother and baby institutions. tomorrow is international women’s day and to gel it all together i was at the flowers for magdalenes event on sunday. this is the sixth time we have hosted the event. i listened to the stories of the women. one woman said: ""they took my hair; they took my human rights; they took my clothes; they took my name; but they never took my spirit."" it was shocking. it was tearful. the crowds are growing year on year. people are looking for their children and families. their search goes on. the women from the magdalen institutions are elderly. some are in psychiatric hospitals or what we used to call asylums. a handful remain there. they are unable to speak and have different disabilities. they do not know what is going on and do not know they are entitled to redress. the hse needs to act fast. i have been banging my head against a brick wall in this regard for a long time.
           i was in court yesterday with the magdalen women, including the women who lost their children in tuam and cork. it was horrific. one such woman is 55 years of age. therefore, it did not happen in our parents' time; it happened almost in our generation. she was forced to give her child away. she found him and they were reunited two years ago. each of the 25 women in court yesterday has suffered mental health issues. they need protection and answers. we do not need procrastination. the man bringing the case against the hse is searching for his baby sister, who was in tuam. he does not know whether his baby sister is alive or buried in the graveyard there.
           the wealth of the catholic church in this nation is relevant. at the inception of this country our souls and spirits were handed over collectively to those in the church so that they could do as they wanted with us. what they wanted to do with us, they did. they took us and stripped away, especially in the case of the poor. they attacked and hated poverty. they attacked women and children. we really need equality rather than simply talking about it."
2017-03-07,seanad,https://data.oireachtas.ie/akn/ie/debateRecord/seanad/2017-03-07/debate/main,75,Senator Jennifer Murnane O'Connor,Senator Jennifer Murnane O'Connor,"senator jennifer murnane o'connor
          i agree with the previous speakers on the mother and baby home in tuam and the magdalen laundries. it is absolutely shocking. accountability is needed because this is devastating for families. to bring it up today is heart wrenching.
           i also wish to speak on rural ireland. for the past few weeks, we have been hearing that there is so much extra work available and that is welcome, but it is in the cities. the house will be aware of today's announcement that the government has recommended the closure of 80 post offices in rural ireland. i read it in the irish independent. that the government has recommended the closure of 80 sites, mainly in rural areas, is a massive blow to rural ireland and the future of post offices. at the same time ulster bank is expected to shut up to 30 branches, again mainly in rural locations. i have been fighting for rural ireland since i came into the seanad. rural ireland is forgotten by this government. the communities there - the shopkeepers, the doctors and the post offices - are forgotten about. i ask that the minister be invited to the house to discuss the matter."
2017-03-07,seanad,https://data.oireachtas.ie/akn/ie/debateRecord/seanad/2017-03-07/debate/main,81,Senator Jerry Buttimer,Senator Jerry Buttimer,"senator jerry buttimer
          i thank the 20 senators who contributed to the order of business. ba mhaith liom mo chomhgairdeas a dhéanamh le bridget doody as ucht post nua a glacadh. in congratulating her on her appointment, we are blessed and lucky as a house to have a person of her calibre. i have had the pleasure of working with her on a number of initiatives in the oireachtas and i have always found her to be a professional, courteous, efficient and very kind person. i wish her well in her tenure with us. i hope this is the beginning of a new partnership and that the seanad office will be expanded. i wish her every success. it is a pity that senator o'sullivan outlined her kerry heritage, which might be a red mark against her. i am glad she is wearing a red dress today to represent cork. i wish her well nonetheless.
           i thank the 15 senators who directly or indirectly raised the awful vista of what is emerging about the tuam mother and baby home. it is important to put this tragic story in context. these were young infants and newborns. these human beings were let down by the state, the church, society and their families as a result of the culture that prevailed at the time."
2017-03-07,dail,https://data.oireachtas.ie/akn/ie/debateRecord/dail/2017-03-07/debate/main,1,Deputy Micheál Martin,Deputy Micheál Martin,"deputy micheál martin
          last year, a commission of inquiry was established into the tuam mother and baby home following the outstanding work of historian catherine corless, who has been instrumental in uncovering and revealing a very dark period of and dark side to our history. as the taoiseach knows, the commission's investigators have uncovered a significant number of infant and toddler remains. we now know that up to 796 infants and toddlers lost their lives in this home and were buried in unmarked and unknown graves. there is an enormous sense of shame that such a phenomenon was allowed to happen in this country, with such appalling treatment of women and of children. the state, the church and, indeed, wider society remain culpable for the extraordinary cruelty visited upon many young women and, obviously, upon infants and children, who were considered to be lesser people within society.
           in many ways, the ongoing work of the commission must also inform the current and future treatment of children. as i said, it reveals an appalling attitude in regard to women, to the stigma that was associated with becoming pregnant outside of marriage and to the treatment of children. it is also revealing in the context of the phenomenon of institutionalisation and the dangers of institutionalisation as a means of addressing issues. we had it in our mental health institutions for decades and in the industrial schools and, as is now clear, in the mother and baby homes.
           will the taoiseach confirm that he intends to issue a formal state apology on behalf of all of us and on behalf of the state to all of those affected by such practices? does the taoiseach agree that there is a need for a dignified commemorative memorial so that these children can be remembered with dignity? will the taoiseach confirm that there is a need for the widening of the scope of the inquiry to cover mother and baby homes across the country? above all, there is a need for lessons to be learned from this in terms of how we deal with children.
           as we speak, 2,500 children are homeless or living in hotels. we know that there is a chronic lack of social workers to deal with children at risk in our society. we know that there is a chronic lack of therapists - be it speech and language therapists, physiotherapists or occupational therapists - right across the country, as well as a lack of psychologists. most deputies are frustrated by the long waiting lists for child and adolescent mental health services, camhs, for young children who need access to mental health facilities now. in the midst of all of the outrage and genuine shock and shame, there needs to develop a resolve on behalf of government and this oireachtas to, once and for all, comprehensively address the shortcomings and gaps in services for children in this country by comprehensively investing in such services. that is the only way to deal with the list of current shortages i have outlined. does the taoiseach agree with that?"
2017-03-07,dail,https://data.oireachtas.ie/akn/ie/debateRecord/dail/2017-03-07/debate/main,15,Deputy Bríd Smith,Deputy Bríd Smith,"deputy bríd smith
          yesterday, peter mulryan stood in the high court trying to establish what happened to his sister - was she trafficked or was she buried? as the same time, the taoiseach's minister, deputy noonan, stood outside the old barringtons hospital in limerick welcoming the new addition to the bon secours empire, the biggest private hospital empire in this country. i argue that this empire was built on the bones of the dead tuam babies. i am sick of listening to ministers - including the minister for housing, planning, community and local government, deputy coveney, on radio at the weekend - saying that we are all responsible for what happened in tuam and that we are all responsible for the legacy. that is not the case. what happened in tuam was paid for by this state in the form of a headage payment for each child, as if they were cattle or sheep. the mothers who were forced to go in there, or their mothers who put them in there, did not ask for them to be starved to death, to be neglected to death, to be buried unbeknownst to them or to be trafficked to america. the headage payment involved for the trafficking of each child to america was between $2,000 and $3,000 at the time. a lot of money was made out of the babies of the mothers who went into mother and baby homes. it was systemic abuse. it was abuse that involved the state and the church working together.
           what are we going to do about it, taoiseach? the first thing we should not do is to stand outside the latest addition to the bon secours empire and celebrate its completion two days after this report was published. how obscene.
          the first thing we should do - i call on the taoiseach to do this with me - is ask the bon secours order to reconsider its position and disband. it has no moral authority to remain an order in this country. to that end, i call on all communities in which there are bon secours utilities - in limerick, cork, cavan, dublin and tralee - to stand outside those hospitals at 6 p.m. this friday in a dignified protest, bearing white ribbons in memory of these children and calling on the order to disband. this was a system of abuse and a network of buildings, institutions, organisations, orphanages, magdalen laundries, mother and child homes and industrial schools and the state knew exactly what was going on inside them. then, to add insult to injury, the state, through a deal done in 2002 by the former fianna fáil minister, michael woods, indemnified the church to the tune of €128 million, while the state has paid €1.5 billion in restitution for the abuse that has happened because of the church. in order to really do something about the future, we must drop the woods deal, get rid of it immediately and make the church pay not just for a memorial to the children but for every penny in offence it has caused the families and survivors. we must send a clear signal that the days of abuse of women and the obsession with their pregnancies and bodies are over. to do so, i call on the house to support my bill, to be considered tonight, to end the 14-year sentence for abortion in this country. it is obscene that we have that provision and it must go.
           i am therefore asking the taoiseach to do three things: to join me in a call for the bon secours order to disband today, to support the bill tonight and to call on people to gather in a dignified, quiet manner at the bon secours institutes on friday night to remember these children and ask the order to go."
2017-03-07,dail,https://data.oireachtas.ie/akn/ie/debateRecord/dail/2017-03-07/debate/main,24,Deputy Bríd Smith,Deputy Bríd Smith,"deputy bríd smith
          the bon secours hospitals are the biggest private health provider in this country. they have an accumulated profit of €74 million and have on their hands the bones of the dead children of tuam. if we are serious about putting behind us the legacy of what happened in the mother and baby homes, the very least we should ask this order to do is disband and write itself out of the history books of this country. we also have the continued abuse of women because of our abortion laws, and vera twomey is outside leinster house now with deputy gino kenny seeking access to health care for her very sick child. the abuse of women and children has not stopped and has been outlined time and time again in this dáil.
          is the taoiseach aware the church has offered to pay back €480 million because of the scandals? it has actually paid back €211 million and the state has paid €1.4 billion. when will the church, with all its lucrative lands and wealth, be made to pay back? when will we get it out of our lives, out of our beds, out of our hospitals and out of our schools? the way to do that is to start by calling on the bon secours to disband, to pay for a memorial as a fitting tribute to those children and their families and to pay for the high court cases of the likes of peter mulryan, who has had to go to the high court to find out what happened to his sister."
2017-03-07,dail,https://data.oireachtas.ie/akn/ie/debateRecord/dail/2017-03-07/debate/main,51,Deputy Joan Burton,Deputy Joan Burton,"deputy joan burton
          tá fadhb agam leis an moladh sin.
          in the context of all the discussion we have seen in the media and in homes throughout ireland, the two hours devoted to the discussion of the finding of babies' bones in tuam is completely inadequate. it is not going to give deputies in this house either an opportunity or time to find out the stories of the different institutions in their own constituencies. these institutions were spread all over ireland. if the debate were postponed or took place in two parts, it might be a better arrangement. i am speaking probably as one of the few people in this chamber and down the years in the dáil with a direct connection to these events.
           i find deeply upsetting some of the language being used in this house relating to people who were in mother and baby homes. i did not like the taoiseach yesterday using the term ""sub-species"" in regard to people. i understand the context in which he used it. i do not like a deputy over there talking about headage payments being paid in respect of our children to go to america. i am sure the deputy did not mean any hurt by it but could we just stand back from this? i have had people on the phone to me and people i have known all my life who were in institutions. people are running away with themselves in allowing political points-scoring. we need to have a large dose of compassion with this.
           i am not disagreeing with some of the arguments from the deputies. without a doubt, the very authoritarian catholic church must take the vast amount of responsibility. i have pursued in this house, as have others in the labour party, the fact that the church should pay the money it agreed in the nefarious deal made by the then taoiseach, bertie ahern, along with the former minister, dr. michael woods."
2017-03-07,dail,https://data.oireachtas.ie/akn/ie/debateRecord/dail/2017-03-07/debate/main,69,Deputy Ruth Coppinger,Deputy Ruth Coppinger,"deputy ruth coppinger
          i am glad the issue is being discussed on thursday but i also question if two hours is sufficient.
          the issue has serious repercussions. on thursday, the taoiseach should come here and make a statement about the criminal action that will be taken against the perpetrators who ran these homes and the repercussions for education, given that over 90% of primary schools are under the patronage of the catholic church. he should also tell us whether there will be excavations on the sites of other so-called mother and baby homes? they were far from ""mother and baby"" homes, given that mothers were not let near their babies. this is a key issue and two hours will not be sufficient. we should be willing, if necessary, to table more. regarding the comment on headage payments, which deputy burton brought up-----"
2017-03-07,dail,https://data.oireachtas.ie/akn/ie/debateRecord/dail/2017-03-07/debate/main,74,Deputy Catherine Connolly,Deputy Catherine Connolly,"deputy catherine connolly
          aontaím go bhfuil gá le tuilleadh ama maidir leis an díospóireacht. i fully agree that there should be more time. i am from galway and have intimate connections with what happened in galway. however, the dáil is not the place for it. the dáil is for holding systems to account. this is what the debate should be about this week and in the extended time. in galway city, we have had numerous reports and nobody was held to account, from the hospital to the brothers of charity, to the mother and baby home to the institutions in taylor's hill, letterfrack and lower salthill. i am mentioning only a tiny fraction. i call for a rational holding to account of the system and that we listen to what the groups on the ground are seeking."
2017-03-07,dail,https://data.oireachtas.ie/akn/ie/debateRecord/dail/2017-03-07/debate/main,317,Deputy Margaret Murphy O'Mahony,Deputy Margaret Murphy O'Mahony,"deputy margaret murphy o'mahony
          fianna fáil fully supports the proposal to set up a statutory commission of investigation into the events surrounding the grace case. the formal establishment of this inquiry is long overdue as it is more than six months since the minister received the dignam report, and taking into account that the terms of reference for the inquiry have obviously been greatly influenced by the dignam report, i do not understand why it has taken the minister of state so long to get to this stage.
           the facts surrounding this case are traumatic and very distressing. in light of the long murky history of child abuse in ireland, people are appalled and upset to learn that a child who was in state care was abandoned and abused while being fostered. this is exacerbated when we realise that other children were removed from the home due to concerns. the appalling allegations that have been made, and the inadequacy of the hse's response to them, means this commission of investigation is absolutely necessary.
           this is not some distant scandal from our past, from the early years of the state such as the tuam mother and baby home, which is in the news again. this is a 21st century scandal. the fact is that for all her life grace has been failed by the state and this failure went right up to 2016, and the issues arising from this failure right up to 2016 will now be investigated. that someone so vulnerable should have been subject to such abuse for so long is frightening and inexcusable, and the revelations keep coming.
           last weekend, grace’s mother told us that she never knew of her daughter’s abuse until 2009, despite regular inquiries about her daughter's welfare. grace's mother trusted in the state and placed her child into care as a young, single mother in the late 1970s as she believed it was the right thing to do for the child. she thought it was in the best interests of her child. for 20 years grace’s mother made regular inquiries about her welfare and was reassured that all was well. she said:
          my understanding before all the revelations is that she was happy, she was attending her day services and she was just in a loving caring home. that made me happy knowing that she was happy. because that is what i was made to believe. that is what i was always told.
          at no time before 2009 was she told there was any issue. now she has received a letter of apology that very understandably she feels she cannot accept and she doubts the sincerity of the letter. the actions of the hse only serve to buttress this scepticism.
           last weekend, it was also claimed that the hse waited three years after the completion of the conal devine report before contacting the garda about its contents. the facts of this may be in dispute as the hse said it had ongoing contact with the garda between 2012 and 2014. however, the truth is that the hse has conducted itself so badly throughout this case that we are now at the stage that any damaging claim about it has a whiff of credibility. even yesterday when the hse issued a new apology to grace’s mother, it was another ham-fisted effort on its part. grace's mother, as we know, says that she has many unanswered questions and the hse had the gall to use this to claim that this was ""indicative of just how complex this matter is over a twenty year period"". is it any wonder grace’s mother will not accept its apology when it is couched in such terms. as we discuss the commission of investigation, it is crucial we again acknowledge the bravery and the resolve of the whistleblowers. it is clear that without them we would not be here today.
          i also pay tribute to the work done by the committee of public accounts, specifically deputies mcguinness and deasy, who have been instrumental in bringing this terrible case to public notice. in addition, the reporting and investigations of the irish examiner and rte have been relentless and invaluable.
           the terms of reference are extensive and detailed and there is no doubt but that the recommendations of the dignam report have largely been taken on board, which we welcome. we also welcome the requirement that the commission will complete an interim report within six months and a final report within 12 months. this may turn out to be optimistic when we consider the duration of other commissions but it is important to set a challenging target. this matter is urgent. it is clear, though, from the terms of reference that a conscious decision has been taken to put the case of grace to the front and centre. this is understandable, and my party accepts there is an urgent need to complete the inquiry on grace first. the terms of reference leave it open to the new commission of investigation to recommend further action and ""specify the scope of any further investigations which the commission considers warranted in the public interest having regard to the facts established and information in its possession including the report by conor dignam sc ... and his recommendations regarding the areas to be examined by a commission of investigation contained in chapter 4 of that report"". i know many people want a number of further investigations considered now and i am sure they may well be warranted. we should let the reports on grace be published first. however - and i am not prejudging the outcome of the commission of investigation - the fact is that to read through the terms of reference is to read a catalogue of failures and deficiencies. it therefore seems unimaginable to me that in the light of what we already know, further inquiries would not be undertaken. accountability demands no less and it is a matter to which we should return. nonetheless, it may arise that when reporting in a year's time, the commission finds that it does not consider further investigations warranted. i want to be clear, however, that my party will not accept such a conclusion. the details thus far about other cases may not be on the same spectrum of horror as that of the case of grace. furthermore, to include them at this juncture may prolong the investigation of the grace case. however, the concern is justified and legitimate and cannot be dismissed.
           the heinous allegations of sexual and physical abuse by foster parents in the south east behoves the government to immediately put the national safeguarding policy for vulnerable adults on a statutory basis and i am not alone in urging this. last november, the hiqa chief executive basically called for the children first guidelines to be put in place for vulnerable adults and he set out a clear basis for this. last year, when grace's case was debated in the dáil just before the election, one contributor very rightly stated ""we must put in place adequate protection measures for all people with intellectual disabilities"". that contributor is now a minister of state and i urge deputy finian mcgrath to act on his words. the terms of reference for this promised inquiry are finally here and we accept them in good faith. it may be that in a year's time we will be invited to expand them. if this happens, we will be open to that. what is important now is that the commission gets on with its work, does it as thoroughly and efficiently as possible and provides the answers this house, the public, grace and her mother deserve."
2017-03-07,dail,https://data.oireachtas.ie/akn/ie/debateRecord/dail/2017-03-07/debate/main,319,Deputy Donnchadh Ó Laoghaire,Deputy Donnchadh Ó Laoghaire,"deputy donnchadh ó laoghaire
          bhí faillí i ndiaidh faillí sa chás seo, gach faillí níos measa ná an ceann a chuaigh roimis - failure after failure, each failure potentially worse than the last. what grace endured was appalling, shocking and, in truth, heartbreaking. if revelations this weekend regarding tuam revealed that our failures regarding child protection have deep and institutional roots, then the case of grace reminds us that our failures to the most vulnerable in our society continue right up to this day.
          she and her mother have been failed utterly by the state. i wish to express my concern about the way this has been handled by government in the past few hours. it is unfortunate that the terms of reference have been published. i recognise that the minister of state has taken on board observations from spokespersons. due to the fact that the terms of reference were published such a short time before this debate, however, it meant the main spokespersons only had a very brief period to look over them. that is not a critique of the terms of reference, with which i am generally satisfied. this is not, however, a good way of doing business. there is a precedent. we will now be potentially looking at expanding the terms of reference of another commission of investigation, which an awful lot of deputies will be dissatisfied with, as happened with the mother and baby homes. it is an example of what happens when we do not get the terms of reference right from the get-go. to ensure that the latter happens, there needs to be adequate time to scrutinise the terms of reference.
           i contacted the minister of state's office and i understand that amendments will not be taken on board. i am not sure when, if ever, a vote will be taken on this. will the minister of state clarify that particular point because the language of his contribution was to the effect that this is a motion and, presumably, amendments could be tabled in respect of it?
           i want to express a concern about the terms of reference. it is the right approach to prioritise grace but part x is not explicit enough in guaranteeing that those other families and children who were in that care setting will get an investigation. it is unfair on the families because they will have to wait a year before they are given any guarantee their cases will be looked into after the conclusion of part x. that section of the terms of reference needs to be strengthened in order to give those families reassurance and certainty that their cases will be looked into. the systematic issues in care in the south east also need to be looked at. i call on the minister of state to give a more explicit commitment in the terms of reference in that regard. 
           i want to reinforce what my colleague, deputy ó caoláin, said on the points raised in the dignam report, which has largely been followed in the terms of reference and rightly so. the extraordinary and quite shocking allegation that files may have been destroyed, that there was a fear that files would be destroyed or that threats were made about funding on the back of what the whistleblowers were coming forward and saying needs to be a very substantial part of the inquiry.
           it is good that the chairman of the committee on children and youth affairs is here. it is unfortunate that the minister is not. this is an issue that relates very substantially to child protection. we need to begin a conversation because this is not the first allegation in recent weeks or months about the way child protection and more recent matters relating to tusla have been handled. this matter needs to be part of a broader discussion about how tusla and all our authorities dealing with child protection go about their work. the devine and resilience ireland reports contain 30 recommendations on improving procedures in this regard. the minister for children and youth affairs and the minister for health should outline what has been implemented since then.
           the final point i want to make is on foster care. beidh mé gairid anseo. foster carers play an enormously important role and without them our care system would absolutely collapse. they cover approximately 93% of all children in care. we owe them a great debt of gratitude. the irish association of social workers has issued a call in respect of the need for a better framework and better structures to support it in its work but also to ensure the children in those placements are protected. i echo the calls-----"
2017-03-07,dail,https://data.oireachtas.ie/akn/ie/debateRecord/dail/2017-03-07/debate/main,348,Deputy Bríd Smith,Deputy Bríd Smith,"deputy bríd smith
          déanfaidh mé mo dhícheall amárach agus i rith na seachtaine seo romhainn.
           this is a very simple bill. it is an amendment to the protection of life during pregnancy act 2013. i wish to pre-empt everything i am going to say with a bit of an explanation. the worst criticism i have had of this bill has been from those who say it continues to criminalise women for having an abortion. i will give a little bit of history on it. i have tried twice to amend the protection of life during pregnancy act by removing any reference to the criminalisation of women or medical practitioners who may seek to procure an abortion in this country. on both occasions, parliamentary legal advice - not external legal advice or advice from a solicitor to whom my party and i would go to ask for an opinion - has been that it would be unconstitutional because of the eighth amendment. here, i rest my case. what we really need and the only thing that will end up dealing with all of the complexities of the criminalisation of women and everything else that stems from it, including the likelihood of women who seek an abortion dying in this country because it is illegal to give them one, is a referendum on the eighth amendment.
           as we know, the citizens' assembly is progressing ahead. we have debated all the ins and outs of that quite a bit. i am sure it will come into the debate again tonight as i understand there is an amendment from the government to leave the matter in the hands of the citizens' assembly. i did try to change section 22 of the 2013 act in order for it to state it shall not be an offence for a pregnant woman, her adviser, her doctor or other health worker to terminate a pregnancy as long as this is in the course of a woman making that decision and with her valid consent. i was told that was out of order and that i would have to try something else.
           the anti-austerity alliance-people before profit and i are moving a simple bill, which we would rather not be doing. i am going to explain in the few minutes that i have why we are doing it. it is to amend section 22 of the 2013 act to state that a person guilty of an offence under this section shall be liable to a fine of not more than €1. that sounds like i am being facetious or trivialising it. i am not. au contraire. i am trying to deal with abortion and the stigma that lies around it in this country.
           it has been a strange day insofar as there has been a convergence and a link made between the grace case, which we just discussed, the tuam babies, this bill, and indeed, to some extent, the struggle for a mother, ms vera twomey, to get health services for her child. it has been a day full of the discussion about the rights of women in this country and their control over their own lives. i believe the link between all of these is that for too long we have had a kind of coherent enterprise between the state and the church to dominate and control women's lives. the control of our reproductive lives is unbelievably out of order in the 21st century. in particular, that control has manifested itself as a war on the poor and on working-class women in the recent past and to this day. the last respectable form of that oppression in this country is the eighth amendment and the denial of women in this country of the control of their own fertility and decision-making over their own lives.
           we are trying to begin the process of decriminalising women's choices. the bill is simple and it is not complicated. it is not trying to say abortion must remain criminal but only arguing for a small sentence. the reason for the bill is that, in the very recent past and not very far away from us - probably 60 to 65 miles or 80 km to 90 km away - three women were arrested and charged before the courts in northern ireland for procuring the abortion pill. somebody might say that this bill does not deal with backstreet abortions. the form of backstreet abortions, if it can be called such in this country, is the abortion pill, which is safe as declared by the world health organization and is increasingly being sought by young women as a form of control of their fertility and to deal with crisis pregnancies. in the north, three women - a mother of an under-age child and two women who self-aborted using the pill - have been before the courts. in the north, they could face a life sentence. that is not much different to a 14-year sentence, which is what they could face in this state. that is what the act of 2013 states. section 22 states:
          (1) it shall be an offence to intentionally destroy unborn human life.
          (2) a person who is guilty of an offence under this section shall be liable on indictment to a fine or imprisonment for a term not exceeding 14 years, or both.
          (3) a prosecution for an offence under this section may be brought only by or with the consent of the director of public prosecutions.
          in a very twisted and silly way, the taoiseach in a response to my question during leaders' questions about the tuam babies said that he could not support our bill because ""if, for instance, somebody kicks his pregnant partner and kills the baby she is carrying, he is to be guilty of a fine."" coming from the leader of a country, it is really disgraceful and silly in a way to equate the attempt in this bill with an attempt to decriminalise grievous bodily harm and assault. that is not what i am saying. what we want to do is decriminalise abortion for women, not to decriminalise grievous bodily harm or assault on women. that is what that amounts to.
           it is alarming that in a court recently, a man who beat up his partner very badly in front of her children was referred on for the possibility of doing community service. that has nothing to do with the legislation that i am trying to alter tonight. the process of decriminalising women has to begin before we wait forever for the citizens' assembly to make its adjudication, for the outcome of that and then, if and when, for the possibility of a referendum on the eighth amendment. it has to begin. every day in this country, at least three young women access the abortion pill and therefore at least three young women are faced with a potential 14-year sentence hanging over them. this country is changing. the message has to be sent out through measures like this that we are turning our backs on the days of the killing fields of tuam, on the magdalen laundries and on the days when the church in this country dominated our lives by being obsessed with our pregnant bodies. we cannot allow a sentence of 14 years to remain, while everybody else navel gazes and looks at how we are going to deal with it.
           to those deputies who have indicated to me already that they are either going to abstain or vote against the bill but particularly to those abstaining, the minister, deputy katherine zappone, and the independents in government, i ask them to think. what amendment would they table to this bill that would satisfy their idea of how women who procure an abortion in the state or who take the abortion pill should be responded to? should we give them ten years instead of 14? should the fine be €10 or €100? i ask them to tell me and amend accordingly. let us see then what we can come out with.
          if the government does not agree with the criminalisation of women, it should support this bill. those who tell me they are abstaining because of legal opinion, such as those in sinn féin, should note there are all sorts of legal opinions one can get. i could go down the road and pay a solicitor for another set of legal opinions. the deputies are really saying they are going to leave women, particularly young women, susceptible to a hefty sentence while we wait for a reversal of the other processes instigated in this house to stall the process of decriminalising abortion, decriminalising women and making our choices freely, legally and safely in this country.
           this is not an academic argument because what i describe is happening in northern ireland. it is not a question of waiting because the legal opinion suggests this, that and the other; this is reality. i make a special appeal to those who believe it is acceptable to abstain or that we can wait until the citizens' assembly has completed its deliberations. if one has been campaigning with us, standing on the street with one's ""repeal"" t-shirt and badges and marching and really believes in what one is saying when one protests against the draconian use of legislation against women in this country, one should think twice, vote with one's conscience and not be bound by party restrictions on one's beliefs. if one believes this bill is not good enough, one should propose amendments. one should not, however, support an amendment that kicks for touch, implying that it is acceptable to continually leave women and their medical advisers with the stigma, threat and chill factor of a 14-year sentence hanging over their lives."
2017-03-07,dail,https://data.oireachtas.ie/akn/ie/debateRecord/dail/2017-03-07/debate/main,349,Deputy Ruth Coppinger,Deputy Ruth Coppinger,"deputy ruth coppinger
          i am very happy to support this bill. in march 2016, only a year ago, mr. donald trump, on his campaign trail, made the statement that women should suffer some form of punishment for having an abortion. that statement led to an absolute outcry in the united states. among all the outrageous statements mr. donald trump made, this was the least acceptable to the general population. mr. trump had to back-pedal, yet in ireland there is a 14-year jail sentence for any woman, friend, counsellor or other individual who helps a woman with a crisis pregnancy to have an abortion. that law was enacted only in 2013, which is absolutely unbelievable. it is not a relic. it is not from the victorian area. it is not the offences against the person act 1861. it was a response to the really minimal x case legislation brought in following the death of ms savita halappanavar. the legislation had to be accompanied by the legislation of 2013 because of the conservatism of fine gael, fianna fáil and, unfortunately, even people in the labour party.
           as deputy bríd smith just said, when the taoiseach is asked whether he supports or will continue to support this kind of punishment of women, he answers with something completely different. today, when asked about this matter by deputy bríd smith, he said that if we changed this law, the deputy would be saying that if somebody, ""kicks his pregnant partner and kills the baby she is carrying, he is [only] to be guilty of a fine."" if somebody kicks his pregnant partner, he is guilty of assault; he is not subject to a fine. the taoiseach does not seem to know the difference between an abortion, assault and miscarriage. it is quite incredible. it is a pathetic response to a really serious issue.
           what is the effect of this law and of the ban on abortion in ireland generally? it does not lessen the rate of abortion. legally or illegally, women will find ways to have abortions. therefore, what is the purpose? it has a chilling effect on general practitioners, who cannot even talk to pregnant women in distress. they cannot even talk openly to them about where they can have an abortion, should that be their choice. even women with fatal foetal abnormalities have reported or testified to the deputies opposite that they cannot even be assisted by their doctors. that is the effect of this law.
           the other effect is evident from the case of the woman who was clinically dead and pregnant but who less than two years ago was kept as if in an incubator by doctors because of the chilling effect of the eighth amendment and particularly the chilling effect of the threat of 14 years in jail if they were not seen to be carrying through with the eighth amendment. it was not just the eighth amendment in itself. we also saw the same chilling effect in regard to the care of savita halappanavar.
           women are punished. it is bad enough that women are forced to leave the country at their own expense and in secrecy because of the eighth amendment but the imposition of a criminal record also occurs. this is happening 100 miles up the road in northern ireland. therefore, the idea that it could not happen here at some point is completely wrong. why have a law if it is not going to be invoked?
           are deputies seriously saying they believe a woman who has an abortion in this country should be treated worse than a rapist or somebody who carries out a violent crime? if anyone seriously believes that, there is something mentally wrong with him or her. there is no way that is the case. a woman who simply cannot continue with a pregnancy, which could be for any of a variety of reasons, is not a criminal. therefore, why have this law?
           who are the women? they are sisters of deputies and they are neighbours, workmates and relatives. they are not aliens from outer space; they are women one meets every single day in one's life.
           i have just come from taking part in an event with the rosa bus4repeal. it was part of the global and national actions that are taking place in defiance of the eighth amendment and with the aim of offering assistance to women and giving them access to safe medical abortion pills. i refer to abortion pills such as the ones i have to hand. it is a packet of pills for the dutch and belgian market. they are available to women in every other country in the european union but there is a jail sentence if used in ireland. we are told by deputies how unsafe they are. tell that to women in norway or the 80% of women in finland who have abortions. there is nothing unsafe about them and they should not be sensationalised.
           women who use and gain access to the pills have very positive experiences. a survey was carried out by women on web on women who access their service. three women per day have abortions in their own bedrooms in ireland. are we seriously saying we are going to send around the police to investigate and arrest them and carry out the punishment in the protection of life during pregnancy act? some 70% of the women in question felt relieved and most felt very happy with the decision they made.
           we are on the eve of an extremely important day. international women's day is very historically significant. it commemorates when women workers, in particular, fought for the right to join trade unions and for workers' rights. tomorrow there will be global actions on international women's day on the issue of woman's rights, particularly to draw attention to violence against women. throughout central america and latin america, millions of women have protested. of course, this is not reported much in rte and other irish media. millions of women have marched against femicide. throughout the united states, following the election of mr. donald trump, 3 million women took to the streets in the march on washington. there were also protests in poland and every other country where women's rights are being eroded and endangered. tomorrow in ireland, the focus will be on the repeal of the eighth amendment. at 12.30 p.m., strike4repeal is asking women to assemble on o'connell bridge wearing black. it is asking that they take time off work or go on strike, which i fully support and endorse. at 5.30 p.m., there will be a march for repeal leaving the garden of remembrance and going to the dáil, where deputies will yet again be put under pressure over the outrageous eighth amendment.
           why are these things happening? it is because a new generation will not wait. it will not accept that it should just wait dutifully for the likes of the citizens' assembly and this dáil, which is completely unrepresentative of irish society. it does not reflect the huge societal change and attitudes that have taken place on abortion and many other issues, including that of medical cannabis. the two big parties, particularly fine gael because it is in government and has power, are so conservative that they do not believe children should have access to medical cannabis. the new generation of young men and women will not wait. they look at the revelations coming from tuam, from the so-called mother and baby home. it was not a home but an absolute institution and prison - a concentration camp, in fact, for the young, poor and pregnant women who were put into it and whose offspring mattered nothing to the nuns and the church taking care of them, so much so that the children's bodies were unceremoniously dumped, right up to the age of three. why did those children die? they had no contact with their own mothers. that, in itself, put their health in serious danger in terms of feeding the other emotional supports.
          does the minister seriously think that the church that put the eighth amendment in place - let us not kid ourselves that it was any other church as it was a who's who of catholic groups that argued for the eighth amendment in 1983 - has any moral high ground to lecture women or young people in this country on how they should lead their lives after what we heard at the weekend? it absolutely has not, so forget it. the first thing a bishop was asked at the citizens' assembly by one person was whether he really thought he had the right to tell people what to do after what has happened in his institutions. it is hypocrisy. there must be a separation of church and state now.
           however, the key reason is the delay. the citizens' assembly was put in place last october. it was five years last october since the tragic death of savita halappanavar and we still have not had a referendum. the citizens' assembly has not even got around to discussing women's health as a basis or ground for abortion. when will it get around to it? it will not. it does not consider it important. it is quite unbelievable that what led to the death of savita and the resurgent repeal movement has not even been discussed. the debate is being directed into very narrow channels. the opinion poll that appeared in the irish times over the weekend suddenly inserted the idea of replacement of the eighth amendment, rather than its repeal. it is a concept that did not even exist six months ago and is clearly politically motivated to soften people up for far less than repeal. the pro-choice movement will say with one voice, ""no, we will not accept anything less than repeal."" we reject the tone policing that is taking place, telling us that we are too shrill and loud and that we should accept something less than what is necessary. that was said to the women on the contraception train in 1971 also. they were told they were asking for too much. we deserve nothing less than repeal and that is what we will fight for."
2017-03-07,dail,https://data.oireachtas.ie/akn/ie/debateRecord/dail/2017-03-07/debate/main,376,Deputy Éamon Ó Cuív,Deputy Éamon Ó Cuív,"deputy éamon ó cuív
          i think she would not have accepted that she was not a mother from the time that she started carrying a baby.
           there is a great slagging match going on that those of us who believe in the protection of human life do so at the behest of the catholic church. do i believe in the protection of born human life because of the catholic church? the rest of the deputies here, whom i know would share my belief in the absolute protection of human life after birth, would absolutely dismiss the idea that they believe in it because of the tenets of the catholic church. i would share their belief that capital punishment is an obscenity that has no place in the modern world. i believe that because i believe nobody should take a human life. therefore, it is a much more fundamental belief than a belief that a church might have. to believe that human life in all of its stages of life should be protected is a fundamental right of the human.
           obviously, in the case of somebody who is expecting a baby, that creates a huge issue in that one is trying to protect rights, the rights of the unborn child and the rights of the mother. i know of nobody who says if the woman's life is in danger and if the child has to be taken and if the child cannot survive outside the womb, that should not happen. that has been happening in medicine for years.
           many eminent gynaecologists would say that what happened in the savita halappanavar case was a total lack of care, which seems to be a major challenge in hospitals because we have had a very high number of maternal mortalities in hospitals in recent years. university hospital galway, which had gone for years without any maternal death, had one in recent times that according to many experts was totally avoidable and had nothing to do with the protection of human life under the constitution.
           i share deputy billy kelleher's concern over the citizens' assembly because like the deputies who introduced this bill, i believe ultimately that we are the citizens' assembly. the whole idea of setting up dáil éireann in 1918 was to set up an assembly of the people elected only by the people. to have a parallel assembly elected by some lottery system seems to run counter to the very deep roots of democracy within the state. however, the citizens' assembly is there now. a process has been put in train and let us move forward with that process.
           another thing i would share with the people who introduced the bill is my view that many criminal sanctions are far too high. it is well known that i am not great at the business of the condemnation of people right across society. many have been involved in what society considers criminal activities, but often there are extenuating circumstances to it. it is well known that i would generally be against those people in society who favour throwing away the key when people go to prison and look for even longer sentences.
           i remember being very concerned about the particular provision that had been raised here when this was debated on committee stage in the oireachtas because i thought the sanction was incredibly long, particularly when compared with other sanctions. however, to say the only way that somebody might commit an offence under this law is by taking the abortion pill does not in any way recognise that abortion can come at many stages and in many circumstances. if it is against the law and banned under the constitution, there must be some penalty. i was very concerned at the time that the penalty for the mother and the penalty for the person who would actually do the abortion is the same in the act for all of the reasons that those who know me well would understand - my natural sympathy for a mother in a case of a crisis and what might happen. this particular issue needs to be debated in much more detail.
           what we have is not an effort to deal with a criminal sanction that could be far too high irrespective of the circumstances, but a part of a very open campaign. i admire those who have the view even though i diametrically disagree with them, but it is part of a campaign to allow abortion on demand in this country. it would appear that this is still a minority view, but let the people decide that question.
           there are those of us who take a contrary view and do not believe that abortion is a personal issue for one person, but believe there is a second person involved. will they not respect us for having a belief? will they not at least do us the courtesy of trying to see where we are coming from? i always try to see where the other side is coming from. i recognise that if they do not believe an unborn baby - a baby at 24, 25 or 26 weeks - is a human person, why not have abortion? that is a valid view. however, believing the opposite is an equally valid view and is the one i happen to hold not because any church tells me, but because my reason tells me that it is a person, a human, and therefore entitled to human protection. 
           that is why i believe in this. it is important that, regardless of what happens in this debate, we should respect each other. we will probably never agree, but we should respect the sincerity of people's views. people should stop trying to impugn other people's integrity just because they disagree with them. they should believe that there is sincerity in those who are very understanding who would be very tolerant, but who just cannot get away from the firm belief that what we are talking about here are little humans.
           quite rightly there is absolute condemnation of what happened in tuam and i share that condemnation because we are talking about babies, born and unborn, that were dealt with in a way that is totally wrong. if there is one lesson from that, it is that we must care for children.
          some people define a child the second after birth. some define it after 30 weeks in the womb, while others after 20 weeks. these are all different views, but everyone is entitled to his or her beliefs. while i accept children are not independent because they need parents or somebody else to look after them, what i find distasteful is people not accepting the motivation of those of us who believe a child is a human being and separate person. can people not at least accept that because they are a separate human being, that is our motivation? anyone who has ever come to me over my long career in politics, or before, no matter what dilemma he or she was in or where he or she was, including prison, found nothing ever from me except understanding and compassion as well as an unwillingness to judge or condemn anyone. it is not my business to judge or condemn anybody, irrespective of what he or she ever did."
2017-03-07,dail,https://data.oireachtas.ie/akn/ie/debateRecord/dail/2017-03-07/debate/main,377,Deputy Louise O'Reilly,Deputy Louise O'Reilly,"deputy louise o'reilly
          i thank the aaa-pbp, in particular, deputy bríd smith, for using their private members' time to debate this important issue. it is particularly welcome we are discussing this issue on the eve of international women's day.
           sinn féin is opposed to the criminalisation of women for terminating pregnancies. this was reflected in the contribution we made during the debate on the protection of life during pregnancy bill in 2013. at the time, we tabled several amendments which would have excluded the pregnant woman herself from criminal sanction. while the bill we are debating tonight is well-intentioned, the simple and undeniable fact is that it does not address the issue of the criminalisation of women. this issue cannot be meaningfully addressed until the eighth amendment to the constitution is repealed.
           we in sinn féin do not dispute in any way that the deputies tabling this bill are well intentioned. however, the bill, as drafted, could lead to unforeseen consequences such as reducing the penalty for those who intentionally commit harmful actions against a pregnant woman. we acknowledge this is not the primary intention of the bill. however, as drafted, it is a real possibility and one which means we cannot support it. we cannot ignore the fact that this bill will not address the key issue facing women today. this house cannot, despite its best intentions, give women the help and support they need until the eighth amendment is repealed.
           instead, we have the government refusing to deal with the issue, which is impeding the delivery of rights for women. we have the citizens' assembly, which is supposed to comprise a cross-section of our community. why are we asking 99 people in staged debates in malahide rather than asking everyone? we should have a vote for all. it is past time for the referendum. the people want this referendum. we are fooling nobody if we think we can tinker around the edges of this issue without repeal.
           the eighth amendment stands between this house and our ability to stop the criminalising of women for accessing abortion services. the eighth amendment is an impediment to dealing effectively with crisis pregnancies. without a repeal of the eighth amendment, we are letting women down. we criminalise their actions without giving them a choice. while i welcome this debate, we cannot ignore the fact this legislation seeks to reduce the penalty. however, only after repeal can we effectively deal with the issue of criminalisation. it is time to repeal the eighth amendment because we cannot have a grown-up conversation as a people about the criminalisation of our women until that happens. whether the fine is one cent, €1 or €1 million, the issue of the criminalisation of women, which sinn féin has spoken out against inside and outside this chamber, cannot be dealt with until we repeal the eighth amendment.
           we fully respect the intention of the deputies who tabled this bill but sinn féin cannot support it as drafted. we do not wish, however, to oppose it because we know it is motivated by compassion. we will have to abstain on the bill, but we will work with all those deputies from all parties and none who want to see the eighth amendment repealed.
           on the eve of international women's day, we reflect on cases like that of ann lovett, as well as the women and their babies condemned to the horror of mother and baby homes. as a people, we have not covered ourselves in glory where women are concerned. while we continue to do women a disservice, wait for the citizens' assembly to report and wait for the government to legislate for the repeal of the eighth amendment, we also continue to criminalise our sisters, friends and daughters. these women deserve better. they do not deserve criminalisation. whether the fine is one cent or €1, we cannot ignore the fact there is an amendment to the constitution which impedes those of us who want to do the right thing for women.
           we must stop repeating the mistakes of the past and get on with the business of compassion and understanding for our women and girls. let us repeal the eighth amendment and ensure pregnant women are excluded from any indictment and all penalties. we cannot do this until we repeal the eighth amendment and come together as a parliament to debate and legislate for women."
2017-03-07,dail,https://data.oireachtas.ie/akn/ie/debateRecord/dail/2017-03-07/debate/main,379,Deputy Joan Collins,Deputy Joan Collins,"deputy joan collins
          people are clear on my position on the repeal of the eighth amendment. ireland's historical treatment of women and children is not something of which we can be proud. this was sadly reaffirmed with the news about the findings at the tuam mother and baby home on friday. the legacy of the shameful way in which women were treated in the past is evident in the constitution to this day, and the eighth amendment infringes upon the autonomy of women and impedes on our access to essential reproductive health care services.
           as has been said, 12 women a day leave these shores to travel to britain for an abortion. i read a quote that stated that in the 100 days the citizens' assembly has been sitting approximately 1,000 women have left these shores to go to britain for an abortion, with hundreds more taking the abortion pill. 
           for too long we have exported our abortion dilemma to other shores and we cannot continue to do this. for those who are not in a position to travel, the eighth amendment is a source of discrimination and inequality. the abortion ban hits marginalised and vulnerable women the hardest. these include women on low incomes, for whom the cost of travelling for an abortion can mean up to 15% to 20% of their income. we know those who are disproportionately affected include asylum seekers and undocumented women, children and adolescents, women living with a disability or illness, victims of domestic violence and women who have received a diagnosis of fatal foetal abnormality. we also know that in recent polls there is a strong public desire to have a clear regulatory framework in place that allows access to abortion. 
           people are no longer willing to see people's lives placed at risk. they are no longer willing to see the chilling effect of section 22 of the legislation which provides that anybody who procures or carries out an abortion will be jailed for up to 14 years.
           deputies clare daly, mick wallace and i, former deputy luke 'ming' flanagan and other members attempted to introduce legislation in this area twice in the previous dáil. that played an important role in raising this issue and generating debate on it in the dáil and among those in the community. when we introduced our first bill in this area, we got legal advice on it, and it was very strong legal advice, but while it was defeated, it was supported by action on x and all the other organisations, which have supported the progressive legislation we attempted to introduce. the issue was clearly placed on the agenda and could no longer be ignored by the political elite in the country and that bill played an important role in the movement that has developed around support for the repeal of the eighth amendment.
           i opposed the protection of life during pregnancy bill particularly because of the tuam effect of the legislation with regard to the imposition of a prison sentence of up to 14 years. it is horrendous that a young girl who is very frightened would have that threat hanging over her head. it is disgraceful that we as a dáil continue to allow that situation to continue.
           i understand where deputy bríd smith is coming from in introducing this bill. it seeks to reduce the penalty from a chilling 14 years imprisonment to €1, but, as was mentioned, it does not decriminalise the act of having an abortion in terms of the role of the gp, or that of the women or the girls. health professionals would still be charged with a criminal offence. they would be struck of the register if they assisted in this. a fine of €1 would not have an impact on that. it would still be a criminal offence from that point of view. if a mother were to get an abortion pill for her daughter or if a woman were to get an abortion pill from another country, they would still be criminalised. they would still have to go to a court and would be known to have accessed an abortion pill. this bill does not provide for decriminalising the act of accessing an abortion pill or accessing an abortion and if it was passed tomorrow, i do not believe that any health professional would procure an abortion for a women having regard to it.
          that is a difficult situation.
           i have talked to people about the bill. some have said it is a great bill as it makes an ass of the act in reducing the 14-year sentence to a €1 fine; others have said they do not agree with it because they feel it is a bit of a stunt. however, any debate we have in the dáil on the question of abortion is good. i have yet to talk to a number of people and want to talk to more people and see the feedback i get about the bill. any debate we have here that raises the issue and gets it into the communities and the public arena is worthwhile. that there is legislation that could put one in jail for 14 years for accessing an abortion pill is absolutely outrageous, and this should feed into debate over the next few days and international women's day. nothing can take away from the fact that the only measure that will decriminalise women, doctors, general practitioners and everybody else involved in this issue is repeal of the eighth amendment. we must do that, we must fight for it and we must keep pushing for it. we must also repeal the offences against the person act 1861. abortion should be accessible as early as possible and as late as necessary and there is generally a feeling among the population now that we need that change. i have yet to make my mind up whether i will support the bill. i will vote on it on thursday, but i want to get a little more advice from people before i make a decision."
2017-03-07,dail,https://data.oireachtas.ie/akn/ie/debateRecord/dail/2017-03-07/debate/main,385,Deputy Paul Murphy,Deputy Paul Murphy,"deputy paul murphy
          here we are again with the left bringing the movement for women's bodily autonomy and women's rights into the dáil. outside the dáil there is a majority who support the repeal of the eighth amendment and a majority who support the extension of abortion rights. in here, in this debate, we are in a small minority because of how conservative and how influenced by the catholic church the establishment is. the response of the various political parties is to hide again from this issue. fine gael's response is to hide behind the citizens' assembly, an assembly which is itself a hiding exercise and an attempt to put the question off far into the future. fianna fáil is also hiding behind a citizens' assembly. its leader has said the real citizens' assembly is in the dáil.
          it is hiding behind a spurious argument about legality and constitutionality. there is nothing to that argument. sinn féin, interestingly, is hiding behind the legality argument while also arguing that this bill does not go far enough because it does not repeal the eighth amendment. in reality, it is hiding because it is not a pro-choice party. unfortunately, it is in favour of abortion rights in extremely limited circumstances. while we welcome the support of the labour party, it should be noted that it is ironic that the punishment and criminalisation against which the former minister, deputy alan kelly, and his party colleagues intend to vote was introduced by a government of which they were a part. this raises a question over the so-called ""proud history"" of the labour party. i suggest it would be more accurate to refer to the proud history of the labour movement.
           i want to clarify the question of legality. this bill is an attempt to do as much as possible, within the framework of a barbaric and backward constitution that needs fundamental amendment, to come close to ending the criminalisation of women who access abortion. it is precisely for that reason that the bill is not unconstitutional. rather than eliminating the penalty altogether, which is what we would have liked to do, the most we can do within the framework of the constitution as it stands is to reduce the penalty from 14 years to one year. the arguments being made by fianna fáil and others are nonsense. we agree with those who say they are in favour of the repeal of the eighth amendment and those who say they are pro-choice. we are asking them to vote in favour of this bill. it is very simple.
           the bill does not solve all the problems. it does not repeal the eighth amendment. it does not provide for abortion for women who need it. it does not provide for the necessary health services. we are fighting for all of those things. the establishment tries to hide, but women cannot hide from the criminalisation that is happening on a daily basis. the 12 women a day who are forced to travel abroad and the women who access abortion pills face this potential criminal sanction. the movements outside the dáil will not allow the establishment to hide from the need to repeal the eighth amendment. those who mobilised today on the bus for repeal, those who will mobilise tomorrow with the strike for repeal and those who will participate in the march for repeal will not let the establishment get away with it.
           it is important, and it is not wrong, to name the opponents of the change that is needed in our society. the catholic church and the religious right were responsible for the insertion of the eighth amendment in the first place with the agreement of the establishment parties. deputy éamon ó cuív said that his views on this issue have nothing to do with religion. he said it is his independent belief that a foetus has some sort of independent existence. i do not believe it is an accident that this belief is shared by catholic church. the constitution of this state is riddled with the catholic ethos. this is an expression of the historic relationship between the hierarchy of the catholic church and the state. it is not an accident that the only other constitution in the world with a ban on abortion is the constitution of chile, which was introduced by pinochet with the co-operation of a big part of the clergy during his dictatorship. the catholic church is the church of symphysiotomy, the magdalen laundries and the so-called mother and baby home in tuam. it attempts to lecture women about morality. the church and the rest of the conservative establishment cannot talk seriously about being pro-life. they could be much better described as being pro-birth.
           i will conclude by making a point about respect. many deputies have appealed for respect to be shown during this debate. that is fine. we should have a respectful discussion. this is fundamentally about respect for women. the calls for respect are about policing the tone of women and saying women should not be demanding full abortion rights. the key thing is respect for women's rights and women's bodies."
2017-02-22,seanad,https://data.oireachtas.ie/akn/ie/debateRecord/seanad/2017-02-22/debate/main,156,Senator Máire Devine,Senator Máire Devine,"senator máire devine
          probably. symphysiotomy, a word i have difficulty pronouncing, is a barbaric and medieval practice, which was carried out for many years in this state. it is a procedure that women were advised to undergo without knowledge of what it involved. symphysiotomy is similar to the spatchcock cooking technique used in the preparation of birds. it involves the use of a chainsaw and was often practised without the consent of the women in question. certainly, the women did not make informed decisions. while the procedure was abandoned by the rest of the western world before the turn of the 20th century, hundreds of cases were recorded in ireland in the 20th century. i was not surprised to read that the latest recorded case took place as late as 2005, in other words, in the 21st century.
           survivors of symphysiotomy demanded a truth commission and their demand was eventually granted in the form of the review carried out by judge maureen harding clark. the judge delivered her opinion as judicial assessor on the surgical symphysiotomy payment scheme in november 2016. judge harding clark was tasked with determining the legitimacy of claims made as best as the women's testimony and records available would allow and evaluating the extent of disability and discomfort inflicted by the procedure. she described the payment scheme as an ex gratia non-adversarial scheme under which survivors would be treated in a compassionate and generous manner. for many of the women, who are now elderly, frail and exhausted by the ongoing fight for truth and justice, judge harding clark's report swept aside and demeaned their ongoing experience of ill health and disability. they correctly believed the report was a deliberate whitewash. 
           we have all been witness to the harrowing accounts given by the women affected by symphysiotomy over the years and the debilitating effects the procedure had throughout their lives. senator swanick cited the words of annie, a woman in her late 60s who recalled vividly her account of the procedure which was carried out without her knowledge and consent. she recalled having her legs in the air, being taken to a different room and not knowing what was happening to her. she saw a ""silver thing"", colloquially referred to as ""the chainsaw"", which was inserted in and destroyed her body. annie lives with the agony of the procedure which persists to this day. 
           in her report, judge harding clark stated that 142 of the 183 women who were awarded higher payments were assessed as having suffered significant disability. however, she also stated that the majority of applicants made a good recovery. the minister should tell this to annie and her fellow survivors.
           judge harding clark's report was welcomed by the handful of obstetricians who hold steadfast to their practice and continue to defend the procedure. we must also remember that the hospital system was overseen by senior figures in the catholic church, who would have considered symphysiotomy a better outcome than an unholy caesarean section or the possibility that the woman would no longer be able to procreate.
           judge harding clark, who did not speak to all of the women concerned, further stated that symphysiotomy did not inevitably lead to lifelong pain or disability and patients did not age in a manner which was different from women who did not experience the procedure. how would a body respond to the trauma of symphysiotomy, a procedure in which a chainsaw is used and cartilage and ligaments split? it involves splitting open the woman and flattening her out almost in the manner of poultry being prepared for roasting. a body cannot heal or knit together uniformly after such a procedure. such an out-of-kilter body would produce pain and other disability conditions throughout life, which would add to the emotional trauma the women in question continue to suffer.
          the united nations and the irish council for civil liberties called the use of this operation an assault. it was yet another assault on irish women, another scandal perpetrated against women and girls, joining the revelations about the magdalen laundries, the deaths of children at mother and baby homes, sex abuse within the catholic church and the case of savita halappanavar who bled to death in hospital watched over by a medical team four years ago. a son of one of the survivors wrote recently to deputy caoimhghín ó caoláin about judge harding clark's report. he wrote that a one-sided report that attempted to whitewash over this shameful episode in irish medical history had compounded the traumatic stress of the women involved, rather than seeking the truth, which might have gone some way to helping his mother and the other women involved to come to terms with the consequences of their experiences. judge harding clark has aggravated the butchering of the women concerned and undermined their experiences and trauma. shame on her.
           contrary to the minister's positive statement, the international community is dismayed by the report and our general approach to historical human rights violations. the government ignored the united nations human rights committee's recommendations in 2014 relating to this scheme and ensuring there would be a proper inquiry. it has now been criticised by another un body, the united nations committee on the elimination of discrimination against women, which recently examined the issue and will be giving a judgment in the coming weeks. we do not seem to have learned from the past litany of horror and cruelty. the state continues to punish, harass, criticise and humiliate women for its failure in its duty of care to them and its own severe lack of compassion."
2017-02-14,seanad,https://data.oireachtas.ie/akn/ie/debateRecord/seanad/2017-02-14/debate/main,305,Senator Alice-Mary Higgins,Senator Alice-Mary Higgins,"senator alice-mary higgins
          i am pointing to the fact we did not previously have adequate or appropriate legislation to address the particular breach of trust of a person in authority. the contractual relationship with a person in authority was referred to. there is a relationship of trust and it is a damaging thing when it is broken. it is not simply the actual violence against or abuse or exploitation of an individual which takes place but also the damaging of that individual's trust of an institution. we saw it with the abuse within our education system. we saw it with the abuse that took place in the mother and baby homes. there is a clear issue here which is that we should recognise, and it is appropriate that this legislation has recognised, when that trust is breached. it is not simply the damage that is done to an individual as a result of the acts that take place but also the damage done to that individual's relationship with the institutions of the state in which they should be able to have free, open, proper and full relationships.
           i recognise that there are valid concerns of where the ceilings for sentencing might be. i believe such concerns are valid and that in future we may need to look to them. that said, i welcome that this other issue has been addressed. it is something we have to look back to in terms of the failure of trust in our institutions. much of it stems from the issue not being addressed previously.
           this section points to one of the core aspects of the bill that i imagine we will debate later, that is, the imbalance of power and the exploitation of power. that is a fundamental point we need to bear in mind. there is a particular exploitation of power. that is in both these separate cases. i believe both section 21 and section 22 move our statute book forward, and if not perfectly then at least in the right direction."
2017-01-31,seanad,https://data.oireachtas.ie/akn/ie/debateRecord/seanad/2017-01-31/debate/main,111,Senator Alice-Mary Higgins,Senator Alice-Mary Higgins,"senator alice-mary higgins
          i move amendment no. 5:
          in page 10, between lines 29 and 30, to insert the following:
          “(8) in circumstances where practicable and possible and where the parties agree, provision for an open adoption should be considered.”.
          this amendment deals with an open adoption model. in many parts of the world we are seeing a shift towards open adoption and it is something that has been recommended by many of the organisations that work with children and on the issue of children's rights. open adoption can be seen in the recent case in france. we are seeing examples of both semi-open and open models, neither of which operates in ireland. the bill may represent a missed opportunity in that we are putting something new in place, something that is to be in tune with the child and family relationships act and the constitutional change as a result of the referendum on children's rights.
           at this point i will probably withdraw the amendment but reserve the right to reintroduce it on report stage. however, i would appreciate it if the minister clarified what discussions have taken place on the question of open adoption. what are the major objections to it? in ireland we have a very poor history vis-à-vis mother and baby homes, of which we are all aware, whereby many birth mothers disappeared from the picture. what is the reason for not moving towards open adoption when so many of those who are experts on children's rights and welfare recognise that it has huge benefits? why are we not seizing this opportunity, when we have not just one but two bills dealing with adoption moving through the oireachtas, to ensure we are introducing best practice in this area by including open adoption as an option? i ask the minister to give her views on the matter."
2017-01-26,dail,https://data.oireachtas.ie/akn/ie/debateRecord/dail/2017-01-26/debate/main,19,Deputy Mick Wallace,Deputy Mick Wallace,"deputy mick wallace
          chronic pain, incontinence, hip degeneration, organ prolapse and psychological trauma are some of the horrendous lifelong effects of symphysiotomy. they are also the effects which have been completely rubbished by the assessor of the government's symphysiotomy redress scheme, ms justice harding clark. the exclusion of survivors’ oral evidence from the terms of reference of the scheme and a narrow focus on medical records going back 50 years as proof of disability make it near impossible for many to prove they are in fact victims. hospitals are not required to keep medical records going back more than seven years. the burden of proof, therefore, lies unfairly and disproportionately with the victim. in cases where medical records are available, in many cases symphysiotomy was not recorded, even when it took place. mri scans were also used in assessing victimhood but the report itself admitted that the use of modern radiology to measure disability occurring half a century ago is unsupported by any orthopaedic literature, yet it was used as a diagnostic tool.
           while the un human rights committee classified symphysiotomy as torture, cruel, inhuman or degrading treatment and involuntary medical experimentation, judge harding clark decided it was not that bad. according to her report, it was medically appropriate and patient consent was unnecessary. not only does the state not believe many of the women who came forward as victims, but in classic victim-blaming mode, judge harding clark actually accused many of them of making false statements for financial gain. the voices of the victims were trumped by accounts of doctors who engaged in the practice of symphysiotomy, many of whom were guided by their own religious convictions. it may seem unbelievable now that c-section was once seen as a form of birth control. however, we only have to look at the state’s ongoing violation of the human rights of women through its draconian stance on abortion to see religious nuts still call the shots as regards women's bodily integrity.
           one would think after the magdalen laundries, the death of children in mother and baby homes and the sex abuse scandals in the catholic church, the state might start to take responsibility for its many crimes against women. yet this scheme strips victims of their constitutional rights, denies applicants their right to appeal and forces them to see their abusers as harmless. for anyone who actually read the survivors’ testimonies, the idea of describing the perpetrators as harmless is sickening. the report is an exercise in the protection of the medical hierarchy. it is a load of rubbish."
2017-01-24,seanad,https://data.oireachtas.ie/akn/ie/debateRecord/seanad/2017-01-24/debate/main,102,Senator Fintan Warfield,Senator Fintan Warfield,"senator fintan warfield
          i am very pleased to support this progressive bill. as has been outlined by sinn féin in the dáil, it legislates for what is in the best interests of the child and modernises a system that previously held archaic and restrictive barriers. it is the view of sinn féin that any adoption system must embrace a more modern and progressive view of the family. throughout the state's history with regard to adoption, the moral diktat of the church-state relationship endeavoured to protect the nuclear family model. non-traditional families were not appreciated or considered and were met by stigmatisation. this, as we know, was institutionalised in the magdalen laundries and mother and baby homes and was state policy, even in the adoption act 1952, which legally branded children born outside wedlock as ""illegitimate"". ""illegitimate"" people were banned by the state from joining an garda síochána and by the church from becoming priests without special papal dispensation. this clause was only removed in 1987.
           the disparity in application of equal family rights has been to the fore in recent years, not only with the children's rights referendum campaign but also with the civil marriage equality referendum, which highlighted a legal discrimination in terms of guardianship, kinship, succession and shared parental rights. not so long ago, same-sex couples were restricted from marrying but also from adopting children as a couple and having full and equal legal protection as a family. i welcome the amendments to the children and family relationships act 2015 which seek to remedy this. i also welcome the provision that removes the barriers which require a birth parent to adopt alongside a step-parent who wants to adopt their spouse's child. furthermore, the extension of the adoption age from the age of seven to 18 years and the removal of criteria that only allowed for adoption in exceptional circumstances have our full support. 
           the extension in the powers of the high court to further grant parental consent in situations where it is required and in the interests of the child strengthens children's rights and family rights. the broadening of the criteria in respect of adoption opens up many avenues to loving families, in whatever shape or form they may take, to have the opportunity to display their ability to look after a child and raise them to become an adult with the love and care they deserve and with their best interests at heart. this bill goes a long way towards dispelling the notion that a family in ireland is a nuclear family. the family, in all its function and dysfunction, is diverse and takes many forms. there is no single proposition for the family. where the rights and care of the child are paramount, the state should endeavour to support that family, the children and the parents. the outdated and regressive view of the nuclear family has been destructive to irish society and the biggest losers in that equation were children. 
           should the bill pass, there will still be many unnecessary obstacles for prospective parents, including legal costs. those who can adopt are stifled in their care for that child as hefty legal fees must be repaid. sinn féin proposed an amendment to aid foster parents with this cost when it went through the dáil only for it to be ruled out of order. i ask the minister to propose this amendment as it is logical and fair and would greatly improve parental prospects for so many loving people.
          i also ask the minister to make the tabling of the adoption (information and tracing) bill 2016 a top priority of her department. i understand the bill is ready for introduction to the dáil. i do not need to emphasise the importance of reuniting relatives, but i ask the minister to consider the great impact it will have on many mothers and children who were separated that would benefit from such a bill. for the most part, they are elderly and wish to be able to be reunited as soon as possible.
           the bill is a follow-up to the children's rights referendum in 2012 on the thirty-first amendment of the constitution, in which the rights of the child became part of the fabric of society and the constitution. the referendum and this legislation require that the best interests of the child be considered paramount. the bill must be commended for the vast improvements it makes and i have no doubt that numerous children will benefit from the minister's work, with that of her predecessors. however, sinn féin has some concerns and i feel there is a little more to be done. we will be happy to contribute in that regard. overall, sinn féin is happy to support the bill and encourages the minister in her efforts. we reserve the right to propose amendments on later stages and i hope the minister will take our suggestions on board. i commend the contribution made by senator victor boyhan."
