date,house,debateType,debate_uri,xml_uri
2022-12-17,dail,debate,https://data.oireachtas.ie/akn/ie/debateRecord/dail/2022-12-17/debate/main,https://data.oireachtas.ie/akn/ie/debateRecord/dail/2022-12-17/debate/mul@/main.xml
2022-12-16,seanad,debate,https://data.oireachtas.ie/akn/ie/debateRecord/seanad/2022-12-16/debate/main,https://data.oireachtas.ie/akn/ie/debateRecord/seanad/2022-12-16/debate/mul@/main.xml
2022-12-15,seanad,debate,https://data.oireachtas.ie/akn/ie/debateRecord/seanad/2022-12-15/debate/main,https://data.oireachtas.ie/akn/ie/debateRecord/seanad/2022-12-15/debate/mul@/main.xml
2022-12-15,dail,debate,https://data.oireachtas.ie/akn/ie/debateRecord/committee_of_public_accounts/2022-12-15/debate/main,https://data.oireachtas.ie/akn/ie/debateRecord/committee_of_public_accounts/2022-12-15/debate/mul@/main.xml
2022-12-15,dail,debate,https://data.oireachtas.ie/akn/ie/debateRecord/joint_committee_on_the_implementation_of_the_good_friday_agreement/2022-12-15/debate/main,https://data.oireachtas.ie/akn/ie/debateRecord/joint_committee_on_the_implementation_of_the_good_friday_agreement/2022-12-15/debate/mul@/main.xml
2022-12-15,dail,debate,https://data.oireachtas.ie/akn/ie/debateRecord/dail/2022-12-15/debate/main,https://data.oireachtas.ie/akn/ie/debateRecord/dail/2022-12-15/debate/mul@/main.xml
2022-12-14,seanad,debate,https://data.oireachtas.ie/akn/ie/debateRecord/seanad/2022-12-14/debate/main,https://data.oireachtas.ie/akn/ie/debateRecord/seanad/2022-12-14/debate/mul@/main.xml
2022-12-14,dail,debate,https://data.oireachtas.ie/akn/ie/debateRecord/joint_committee_on_transport_and_communications/2022-12-14/debate/main,https://data.oireachtas.ie/akn/ie/debateRecord/joint_committee_on_transport_and_communications/2022-12-14/debate/mul@/main.xml
2022-12-14,dail,debate,https://data.oireachtas.ie/akn/ie/debateRecord/joint_committee_on_agriculture_food_and_the_marine/2022-12-14/debate/main,https://data.oireachtas.ie/akn/ie/debateRecord/joint_committee_on_agriculture_food_and_the_marine/2022-12-14/debate/mul@/main.xml
2022-12-14,dail,debate,https://data.oireachtas.ie/akn/ie/debateRecord/committee_on_budgetary_oversight/2022-12-14/debate/main,https://data.oireachtas.ie/akn/ie/debateRecord/committee_on_budgetary_oversight/2022-12-14/debate/mul@/main.xml
2022-12-14,dail,debate,https://data.oireachtas.ie/akn/ie/debateRecord/joint_committee_on_finance_public_expenditure_and_reform_and_taoiseach/2022-12-14/debate/main,https://data.oireachtas.ie/akn/ie/debateRecord/joint_committee_on_finance_public_expenditure_and_reform_and_taoiseach/2022-12-14/debate/mul@/main.xml
2022-12-14,dail,debate,https://data.oireachtas.ie/akn/ie/debateRecord/joint_committee_on_health/2022-12-14/debate/main,https://data.oireachtas.ie/akn/ie/debateRecord/joint_committee_on_health/2022-12-14/debate/mul@/main.xml
2022-12-14,dail,debate,https://data.oireachtas.ie/akn/ie/debateRecord/joint_committee_on_enterprise_trade_and_employment/2022-12-14/debate/main,https://data.oireachtas.ie/akn/ie/debateRecord/joint_committee_on_enterprise_trade_and_employment/2022-12-14/debate/mul@/main.xml
2022-12-14,dail,debate,https://data.oireachtas.ie/akn/ie/debateRecord/joint_committee_on_social_protection_community_and_rural_development_and_the_islands/2022-12-14/debate/main,https://data.oireachtas.ie/akn/ie/debateRecord/joint_committee_on_social_protection_community_and_rural_development_and_the_islands/2022-12-14/debate/mul@/main.xml
2022-12-14,dail,debate,https://data.oireachtas.ie/akn/ie/debateRecord/dail/2022-12-14/debate/main,https://data.oireachtas.ie/akn/ie/debateRecord/dail/2022-12-14/debate/mul@/main.xml
2022-12-13,seanad,debate,https://data.oireachtas.ie/akn/ie/debateRecord/seanad/2022-12-13/debate/main,https://data.oireachtas.ie/akn/ie/debateRecord/seanad/2022-12-13/debate/mul@/main.xml
2022-12-13,dail,debate,https://data.oireachtas.ie/akn/ie/debateRecord/joint_committee_on_transport_and_communications/2022-12-13/debate/main,https://data.oireachtas.ie/akn/ie/debateRecord/joint_committee_on_transport_and_communications/2022-12-13/debate/mul@/main.xml
2022-12-13,dail,debate,https://data.oireachtas.ie/akn/ie/debateRecord/joint_committee_on_environment_and_climate_action/2022-12-13/debate/main,https://data.oireachtas.ie/akn/ie/debateRecord/joint_committee_on_environment_and_climate_action/2022-12-13/debate/mul@/main.xml
2022-12-13,dail,debate,https://data.oireachtas.ie/akn/ie/debateRecord/joint_committee_on_autism/2022-12-13/debate/main,https://data.oireachtas.ie/akn/ie/debateRecord/joint_committee_on_autism/2022-12-13/debate/mul@/main.xml
2022-12-13,dail,debate,https://data.oireachtas.ie/akn/ie/debateRecord/joint_committee_on_housing_local_government_and_heritage/2022-12-13/debate/main,https://data.oireachtas.ie/akn/ie/debateRecord/joint_committee_on_housing_local_government_and_heritage/2022-12-13/debate/mul@/main.xml
2022-12-13,dail,debate,https://data.oireachtas.ie/akn/ie/debateRecord/joint_committee_on_children_equality_disability_integration_and_youth/2022-12-13/debate/main,https://data.oireachtas.ie/akn/ie/debateRecord/joint_committee_on_children_equality_disability_integration_and_youth/2022-12-13/debate/mul@/main.xml
2022-12-13,dail,debate,https://data.oireachtas.ie/akn/ie/debateRecord/joint_committee_on_agriculture_food_and_the_marine/2022-12-13/debate/main,https://data.oireachtas.ie/akn/ie/debateRecord/joint_committee_on_agriculture_food_and_the_marine/2022-12-13/debate/mul@/main.xml
2022-12-13,dail,debate,https://data.oireachtas.ie/akn/ie/debateRecord/dail/2022-12-13/debate/main,https://data.oireachtas.ie/akn/ie/debateRecord/dail/2022-12-13/debate/mul@/main.xml
2022-12-12,seanad,debate,https://data.oireachtas.ie/akn/ie/debateRecord/seanad/2022-12-12/debate/main,https://data.oireachtas.ie/akn/ie/debateRecord/seanad/2022-12-12/debate/mul@/main.xml
2022-12-08,seanad,debate,https://data.oireachtas.ie/akn/ie/debateRecord/seanad/2022-12-08/debate/main,https://data.oireachtas.ie/akn/ie/debateRecord/seanad/2022-12-08/debate/mul@/main.xml
2022-12-08,dail,debate,https://data.oireachtas.ie/akn/ie/debateRecord/committee_on_public_petitions/2022-12-08/debate/main,https://data.oireachtas.ie/akn/ie/debateRecord/committee_on_public_petitions/2022-12-08/debate/mul@/main.xml
2022-12-08,dail,debate,https://data.oireachtas.ie/akn/ie/debateRecord/joint_committee_on_the_implementation_of_the_good_friday_agreement/2022-12-08/debate/main,https://data.oireachtas.ie/akn/ie/debateRecord/joint_committee_on_the_implementation_of_the_good_friday_agreement/2022-12-08/debate/mul@/main.xml
2022-12-08,dail,debate,https://data.oireachtas.ie/akn/ie/debateRecord/committee_of_public_accounts/2022-12-08/debate/main,https://data.oireachtas.ie/akn/ie/debateRecord/committee_of_public_accounts/2022-12-08/debate/mul@/main.xml
2022-12-08,dail,debate,https://data.oireachtas.ie/akn/ie/debateRecord/joint_committee_on_housing_local_government_and_heritage/2022-12-08/debate/main,https://data.oireachtas.ie/akn/ie/debateRecord/joint_committee_on_housing_local_government_and_heritage/2022-12-08/debate/mul@/main.xml
2022-12-08,dail,debate,https://data.oireachtas.ie/akn/ie/debateRecord/select_committee_on_housing_local_government_and_heritage/2022-12-08/debate/main,https://data.oireachtas.ie/akn/ie/debateRecord/select_committee_on_housing_local_government_and_heritage/2022-12-08/debate/mul@/main.xml
2022-12-08,dail,debate,https://data.oireachtas.ie/akn/ie/debateRecord/joint_committee_on_disability_matters/2022-12-08/debate/main,https://data.oireachtas.ie/akn/ie/debateRecord/joint_committee_on_disability_matters/2022-12-08/debate/mul@/main.xml
2022-12-08,dail,debate,https://data.oireachtas.ie/akn/ie/debateRecord/dail/2022-12-08/debate/main,https://data.oireachtas.ie/akn/ie/debateRecord/dail/2022-12-08/debate/mul@/main.xml
2022-12-07,seanad,debate,https://data.oireachtas.ie/akn/ie/debateRecord/seanad/2022-12-07/debate/main,https://data.oireachtas.ie/akn/ie/debateRecord/seanad/2022-12-07/debate/mul@/main.xml
2022-12-07,dail,debate,https://data.oireachtas.ie/akn/ie/debateRecord/joint_committee_on_european_union_affairs/2022-12-07/debate/main,https://data.oireachtas.ie/akn/ie/debateRecord/joint_committee_on_european_union_affairs/2022-12-07/debate/mul@/main.xml
2022-12-07,dail,debate,https://data.oireachtas.ie/akn/ie/debateRecord/joint_committee_on_transport_and_communications/2022-12-07/debate/main,https://data.oireachtas.ie/akn/ie/debateRecord/joint_committee_on_transport_and_communications/2022-12-07/debate/mul@/main.xml
2022-12-07,dail,debate,https://data.oireachtas.ie/akn/ie/debateRecord/comhchoiste_na_gaeilge_na_gaeltachta_agus_phobal_labhartha_na_gaeilge/2022-12-07/debate/main,https://data.oireachtas.ie/akn/ie/debateRecord/comhchoiste_na_gaeilge_na_gaeltachta_agus_phobal_labhartha_na_gaeilge/2022-12-07/debate/mul@/main.xml
2022-12-07,dail,debate,https://data.oireachtas.ie/akn/ie/debateRecord/joint_committee_on_social_protection_community_and_rural_development_and_the_islands/2022-12-07/debate/main,https://data.oireachtas.ie/akn/ie/debateRecord/joint_committee_on_social_protection_community_and_rural_development_and_the_islands/2022-12-07/debate/mul@/main.xml
2022-12-07,dail,debate,https://data.oireachtas.ie/akn/ie/debateRecord/joint_committee_on_agriculture_food_and_the_marine/2022-12-07/debate/main,https://data.oireachtas.ie/akn/ie/debateRecord/joint_committee_on_agriculture_food_and_the_marine/2022-12-07/debate/mul@/main.xml
2022-12-07,dail,debate,https://data.oireachtas.ie/akn/ie/debateRecord/joint_committee_on_tourism_culture_arts_sport_and_media/2022-12-07/debate/main,https://data.oireachtas.ie/akn/ie/debateRecord/joint_committee_on_tourism_culture_arts_sport_and_media/2022-12-07/debate/mul@/main.xml
2022-12-07,dail,debate,https://data.oireachtas.ie/akn/ie/debateRecord/joint_committee_on_enterprise_trade_and_employment/2022-12-07/debate/main,https://data.oireachtas.ie/akn/ie/debateRecord/joint_committee_on_enterprise_trade_and_employment/2022-12-07/debate/mul@/main.xml
2022-12-07,dail,debate,https://data.oireachtas.ie/akn/ie/debateRecord/joint_committee_on_health/2022-12-07/debate/main,https://data.oireachtas.ie/akn/ie/debateRecord/joint_committee_on_health/2022-12-07/debate/mul@/main.xml
2022-12-07,dail,debate,https://data.oireachtas.ie/akn/ie/debateRecord/select_committee_on_finance_public_expenditure_and_reform_and_taoiseach/2022-12-07/debate/main,https://data.oireachtas.ie/akn/ie/debateRecord/select_committee_on_finance_public_expenditure_and_reform_and_taoiseach/2022-12-07/debate/mul@/main.xml
2022-12-07,dail,debate,https://data.oireachtas.ie/akn/ie/debateRecord/dail/2022-12-07/debate/main,https://data.oireachtas.ie/akn/ie/debateRecord/dail/2022-12-07/debate/mul@/main.xml
2022-12-06,seanad,debate,https://data.oireachtas.ie/akn/ie/debateRecord/seanad/2022-12-06/debate/main,https://data.oireachtas.ie/akn/ie/debateRecord/seanad/2022-12-06/debate/mul@/main.xml
2022-12-06,dail,debate,https://data.oireachtas.ie/akn/ie/debateRecord/joint_committee_on_environment_and_climate_action/2022-12-06/debate/main,https://data.oireachtas.ie/akn/ie/debateRecord/joint_committee_on_environment_and_climate_action/2022-12-06/debate/mul@/main.xml
2022-12-06,dail,debate,https://data.oireachtas.ie/akn/ie/debateRecord/select_committee_on_health/2022-12-06/debate/main,https://data.oireachtas.ie/akn/ie/debateRecord/select_committee_on_health/2022-12-06/debate/mul@/main.xml
2022-12-06,dail,debate,https://data.oireachtas.ie/akn/ie/debateRecord/joint_committee_on_housing_local_government_and_heritage/2022-12-06/debate/main,https://data.oireachtas.ie/akn/ie/debateRecord/joint_committee_on_housing_local_government_and_heritage/2022-12-06/debate/mul@/main.xml
2022-12-06,dail,debate,https://data.oireachtas.ie/akn/ie/debateRecord/joint_committee_on_justice/2022-12-06/debate/main,https://data.oireachtas.ie/akn/ie/debateRecord/joint_committee_on_justice/2022-12-06/debate/mul@/main.xml
2022-12-06,dail,debate,https://data.oireachtas.ie/akn/ie/debateRecord/joint_committee_on_foreign_affairs_and_defence/2022-12-06/debate/main,https://data.oireachtas.ie/akn/ie/debateRecord/joint_committee_on_foreign_affairs_and_defence/2022-12-06/debate/mul@/main.xml
2022-12-06,dail,debate,https://data.oireachtas.ie/akn/ie/debateRecord/joint_sub_committee_on_mental_health/2022-12-06/debate/main,https://data.oireachtas.ie/akn/ie/debateRecord/joint_sub_committee_on_mental_health/2022-12-06/debate/mul@/main.xml
2022-12-06,dail,debate,https://data.oireachtas.ie/akn/ie/debateRecord/dail/2022-12-06/debate/main,https://data.oireachtas.ie/akn/ie/debateRecord/dail/2022-12-06/debate/mul@/main.xml
2022-12-01,dail,debate,https://data.oireachtas.ie/akn/ie/debateRecord/roghchoiste_na_gaeilge_na_gaeltachta_agus_phobal_labhartha_na_gaeilge/2022-12-01/debate/main,https://data.oireachtas.ie/akn/ie/debateRecord/roghchoiste_na_gaeilge_na_gaeltachta_agus_phobal_labhartha_na_gaeilge/2022-12-01/debate/mul@/main.xml
2022-12-01,seanad,debate,https://data.oireachtas.ie/akn/ie/debateRecord/seanad/2022-12-01/debate/main,https://data.oireachtas.ie/akn/ie/debateRecord/seanad/2022-12-01/debate/mul@/main.xml
2022-12-01,dail,debate,https://data.oireachtas.ie/akn/ie/debateRecord/joint_committee_on_disability_matters/2022-12-01/debate/main,https://data.oireachtas.ie/akn/ie/debateRecord/joint_committee_on_disability_matters/2022-12-01/debate/mul@/main.xml
2022-12-01,dail,debate,https://data.oireachtas.ie/akn/ie/debateRecord/committee_of_public_accounts/2022-12-01/debate/main,https://data.oireachtas.ie/akn/ie/debateRecord/committee_of_public_accounts/2022-12-01/debate/mul@/main.xml
2022-12-01,dail,debate,https://data.oireachtas.ie/akn/ie/debateRecord/dail/2022-12-01/debate/main,https://data.oireachtas.ie/akn/ie/debateRecord/dail/2022-12-01/debate/mul@/main.xml
2022-11-30,dail,debate,https://data.oireachtas.ie/akn/ie/debateRecord/comhchoiste_na_gaeilge_na_gaeltachta_agus_phobal_labhartha_na_gaeilge/2022-11-30/debate/main,https://data.oireachtas.ie/akn/ie/debateRecord/comhchoiste_na_gaeilge_na_gaeltachta_agus_phobal_labhartha_na_gaeilge/2022-11-30/debate/mul@/main.xml
2022-11-30,seanad,debate,https://data.oireachtas.ie/akn/ie/debateRecord/seanad/2022-11-30/debate/main,https://data.oireachtas.ie/akn/ie/debateRecord/seanad/2022-11-30/debate/mul@/main.xml
2022-11-30,dail,debate,https://data.oireachtas.ie/akn/ie/debateRecord/select_committee_on_finance_public_expenditure_and_reform_and_taoiseach/2022-11-30/debate/main,https://data.oireachtas.ie/akn/ie/debateRecord/select_committee_on_finance_public_expenditure_and_reform_and_taoiseach/2022-11-30/debate/mul@/main.xml
2022-11-30,dail,debate,https://data.oireachtas.ie/akn/ie/debateRecord/select_committee_on_enterprise_trade_and_employment/2022-11-30/debate/main,https://data.oireachtas.ie/akn/ie/debateRecord/select_committee_on_enterprise_trade_and_employment/2022-11-30/debate/mul@/main.xml
2022-11-30,dail,debate,https://data.oireachtas.ie/akn/ie/debateRecord/select_committee_on_education_further_and_higher_education_research_innovation_and_science/2022-11-30/debate/main,https://data.oireachtas.ie/akn/ie/debateRecord/select_committee_on_education_further_and_higher_education_research_innovation_and_science/2022-11-30/debate/mul@/main.xml
2022-11-30,dail,debate,https://data.oireachtas.ie/akn/ie/debateRecord/joint_committee_on_agriculture_food_and_the_marine/2022-11-30/debate/main,https://data.oireachtas.ie/akn/ie/debateRecord/joint_committee_on_agriculture_food_and_the_marine/2022-11-30/debate/mul@/main.xml
2022-11-30,dail,debate,https://data.oireachtas.ie/akn/ie/debateRecord/select_committee_on_health/2022-11-30/debate/main,https://data.oireachtas.ie/akn/ie/debateRecord/select_committee_on_health/2022-11-30/debate/mul@/main.xml
2022-11-30,dail,debate,https://data.oireachtas.ie/akn/ie/debateRecord/joint_committee_on_transport_and_communications/2022-11-30/debate/main,https://data.oireachtas.ie/akn/ie/debateRecord/joint_committee_on_transport_and_communications/2022-11-30/debate/mul@/main.xml
2022-11-30,dail,debate,https://data.oireachtas.ie/akn/ie/debateRecord/committee_on_budgetary_oversight/2022-11-30/debate/main,https://data.oireachtas.ie/akn/ie/debateRecord/committee_on_budgetary_oversight/2022-11-30/debate/mul@/main.xml
2022-11-30,dail,debate,https://data.oireachtas.ie/akn/ie/debateRecord/dail/2022-11-30/debate/main,https://data.oireachtas.ie/akn/ie/debateRecord/dail/2022-11-30/debate/mul@/main.xml
2022-11-29,seanad,debate,https://data.oireachtas.ie/akn/ie/debateRecord/seanad/2022-11-29/debate/main,https://data.oireachtas.ie/akn/ie/debateRecord/seanad/2022-11-29/debate/mul@/main.xml
2022-11-29,dail,debate,https://data.oireachtas.ie/akn/ie/debateRecord/joint_committee_on_foreign_affairs_and_defence/2022-11-29/debate/main,https://data.oireachtas.ie/akn/ie/debateRecord/joint_committee_on_foreign_affairs_and_defence/2022-11-29/debate/mul@/main.xml
2022-11-29,dail,debate,https://data.oireachtas.ie/akn/ie/debateRecord/joint_committee_on_transport_and_communications/2022-11-29/debate/main,https://data.oireachtas.ie/akn/ie/debateRecord/joint_committee_on_transport_and_communications/2022-11-29/debate/mul@/main.xml
2022-11-29,dail,debate,https://data.oireachtas.ie/akn/ie/debateRecord/joint_committee_on_education_further_and_higher_education_research_innovation_and_science/2022-11-29/debate/main,https://data.oireachtas.ie/akn/ie/debateRecord/joint_committee_on_education_further_and_higher_education_research_innovation_and_science/2022-11-29/debate/mul@/main.xml
2022-11-29,dail,debate,https://data.oireachtas.ie/akn/ie/debateRecord/joint_committee_on_environment_and_climate_action/2022-11-29/debate/main,https://data.oireachtas.ie/akn/ie/debateRecord/joint_committee_on_environment_and_climate_action/2022-11-29/debate/mul@/main.xml
2022-11-29,dail,debate,https://data.oireachtas.ie/akn/ie/debateRecord/joint_committee_on_children_equality_disability_integration_and_youth/2022-11-29/debate/main,https://data.oireachtas.ie/akn/ie/debateRecord/joint_committee_on_children_equality_disability_integration_and_youth/2022-11-29/debate/mul@/main.xml
2022-11-29,dail,debate,https://data.oireachtas.ie/akn/ie/debateRecord/joint_committee_on_housing_local_government_and_heritage/2022-11-29/debate/main,https://data.oireachtas.ie/akn/ie/debateRecord/joint_committee_on_housing_local_government_and_heritage/2022-11-29/debate/mul@/main.xml
2022-11-29,dail,debate,https://data.oireachtas.ie/akn/ie/debateRecord/select_committee_on_justice/2022-11-29/debate/main,https://data.oireachtas.ie/akn/ie/debateRecord/select_committee_on_justice/2022-11-29/debate/mul@/main.xml
2022-11-29,dail,debate,https://data.oireachtas.ie/akn/ie/debateRecord/dail/2022-11-29/debate/main,https://data.oireachtas.ie/akn/ie/debateRecord/dail/2022-11-29/debate/mul@/main.xml
2022-11-24,seanad,debate,https://data.oireachtas.ie/akn/ie/debateRecord/seanad/2022-11-24/debate/main,https://data.oireachtas.ie/akn/ie/debateRecord/seanad/2022-11-24/debate/mul@/main.xml
2022-11-24,dail,debate,https://data.oireachtas.ie/akn/ie/debateRecord/joint_committee_on_disability_matters/2022-11-24/debate/main,https://data.oireachtas.ie/akn/ie/debateRecord/joint_committee_on_disability_matters/2022-11-24/debate/mul@/main.xml
2022-11-24,dail,debate,https://data.oireachtas.ie/akn/ie/debateRecord/committee_of_public_accounts/2022-11-24/debate/main,https://data.oireachtas.ie/akn/ie/debateRecord/committee_of_public_accounts/2022-11-24/debate/mul@/main.xml
2022-11-24,dail,debate,https://data.oireachtas.ie/akn/ie/debateRecord/joint_committee_on_european_union_affairs/2022-11-24/debate/main,https://data.oireachtas.ie/akn/ie/debateRecord/joint_committee_on_european_union_affairs/2022-11-24/debate/mul@/main.xml
2022-11-24,dail,debate,https://data.oireachtas.ie/akn/ie/debateRecord/select_committee_on_housing_local_government_and_heritage/2022-11-24/debate/main,https://data.oireachtas.ie/akn/ie/debateRecord/select_committee_on_housing_local_government_and_heritage/2022-11-24/debate/mul@/main.xml
2022-11-24,dail,debate,https://data.oireachtas.ie/akn/ie/debateRecord/joint_committee_on_tourism_culture_arts_sport_and_media/2022-11-24/debate/main,https://data.oireachtas.ie/akn/ie/debateRecord/joint_committee_on_tourism_culture_arts_sport_and_media/2022-11-24/debate/mul@/main.xml
2022-11-24,dail,debate,https://data.oireachtas.ie/akn/ie/debateRecord/committee_on_public_petitions/2022-11-24/debate/main,https://data.oireachtas.ie/akn/ie/debateRecord/committee_on_public_petitions/2022-11-24/debate/mul@/main.xml
2022-11-24,dail,debate,https://data.oireachtas.ie/akn/ie/debateRecord/dail/2022-11-24/debate/main,https://data.oireachtas.ie/akn/ie/debateRecord/dail/2022-11-24/debate/mul@/main.xml
2022-11-23,dail,debate,https://data.oireachtas.ie/akn/ie/debateRecord/select_committee_on_social_protection_community_and_rural_development_and_the_islands/2022-11-23/debate/main,https://data.oireachtas.ie/akn/ie/debateRecord/select_committee_on_social_protection_community_and_rural_development_and_the_islands/2022-11-23/debate/mul@/main.xml
2022-11-23,seanad,debate,https://data.oireachtas.ie/akn/ie/debateRecord/seanad/2022-11-23/debate/main,https://data.oireachtas.ie/akn/ie/debateRecord/seanad/2022-11-23/debate/mul@/main.xml
2022-11-23,dail,debate,https://data.oireachtas.ie/akn/ie/debateRecord/select_committee_on_transport_and_communications/2022-11-23/debate/main,https://data.oireachtas.ie/akn/ie/debateRecord/select_committee_on_transport_and_communications/2022-11-23/debate/mul@/main.xml
2022-11-23,dail,debate,https://data.oireachtas.ie/akn/ie/debateRecord/select_committee_on_tourism_culture_arts_sport_and_media/2022-11-23/debate/main,https://data.oireachtas.ie/akn/ie/debateRecord/select_committee_on_tourism_culture_arts_sport_and_media/2022-11-23/debate/mul@/main.xml
2022-11-23,dail,debate,https://data.oireachtas.ie/akn/ie/debateRecord/joint_committee_on_agriculture_food_and_the_marine/2022-11-23/debate/main,https://data.oireachtas.ie/akn/ie/debateRecord/joint_committee_on_agriculture_food_and_the_marine/2022-11-23/debate/mul@/main.xml
2022-11-23,dail,debate,https://data.oireachtas.ie/akn/ie/debateRecord/joint_committee_on_enterprise_trade_and_employment/2022-11-23/debate/main,https://data.oireachtas.ie/akn/ie/debateRecord/joint_committee_on_enterprise_trade_and_employment/2022-11-23/debate/mul@/main.xml
2022-11-23,dail,debate,https://data.oireachtas.ie/akn/ie/debateRecord/committee_on_budgetary_oversight/2022-11-23/debate/main,https://data.oireachtas.ie/akn/ie/debateRecord/committee_on_budgetary_oversight/2022-11-23/debate/mul@/main.xml
2022-11-23,dail,debate,https://data.oireachtas.ie/akn/ie/debateRecord/joint_committee_on_european_union_affairs/2022-11-23/debate/main,https://data.oireachtas.ie/akn/ie/debateRecord/joint_committee_on_european_union_affairs/2022-11-23/debate/mul@/main.xml
2022-11-23,dail,debate,https://data.oireachtas.ie/akn/ie/debateRecord/joint_committee_on_health/2022-11-23/debate/main,https://data.oireachtas.ie/akn/ie/debateRecord/joint_committee_on_health/2022-11-23/debate/mul@/main.xml
2022-11-23,dail,debate,https://data.oireachtas.ie/akn/ie/debateRecord/comhchoiste_na_gaeilge_na_gaeltachta_agus_phobal_labhartha_na_gaeilge/2022-11-23/debate/main,https://data.oireachtas.ie/akn/ie/debateRecord/comhchoiste_na_gaeilge_na_gaeltachta_agus_phobal_labhartha_na_gaeilge/2022-11-23/debate/mul@/main.xml
2022-11-23,dail,debate,https://data.oireachtas.ie/akn/ie/debateRecord/dail/2022-11-23/debate/main,https://data.oireachtas.ie/akn/ie/debateRecord/dail/2022-11-23/debate/mul@/main.xml
2022-11-22,dail,debate,https://data.oireachtas.ie/akn/ie/debateRecord/joint_committee_on_children_equality_disability_integration_and_youth/2022-11-22/debate/main,https://data.oireachtas.ie/akn/ie/debateRecord/joint_committee_on_children_equality_disability_integration_and_youth/2022-11-22/debate/mul@/main.xml
2022-11-22,dail,debate,https://data.oireachtas.ie/akn/ie/debateRecord/joint_committee_on_housing_local_government_and_heritage/2022-11-22/debate/main,https://data.oireachtas.ie/akn/ie/debateRecord/joint_committee_on_housing_local_government_and_heritage/2022-11-22/debate/mul@/main.xml
2022-11-22,seanad,debate,https://data.oireachtas.ie/akn/ie/debateRecord/seanad/2022-11-22/debate/main,https://data.oireachtas.ie/akn/ie/debateRecord/seanad/2022-11-22/debate/mul@/main.xml
2022-11-22,dail,debate,https://data.oireachtas.ie/akn/ie/debateRecord/joint_committee_on_autism/2022-11-22/debate/main,https://data.oireachtas.ie/akn/ie/debateRecord/joint_committee_on_autism/2022-11-22/debate/mul@/main.xml
2022-11-22,dail,debate,https://data.oireachtas.ie/akn/ie/debateRecord/joint_committee_on_environment_and_climate_action/2022-11-22/debate/main,https://data.oireachtas.ie/akn/ie/debateRecord/joint_committee_on_environment_and_climate_action/2022-11-22/debate/mul@/main.xml
2022-11-22,dail,debate,https://data.oireachtas.ie/akn/ie/debateRecord/select_committee_on_justice/2022-11-22/debate/main,https://data.oireachtas.ie/akn/ie/debateRecord/select_committee_on_justice/2022-11-22/debate/mul@/main.xml
2022-11-22,dail,debate,https://data.oireachtas.ie/akn/ie/debateRecord/joint_committee_on_education_further_and_higher_education_research_innovation_and_science/2022-11-22/debate/main,https://data.oireachtas.ie/akn/ie/debateRecord/joint_committee_on_education_further_and_higher_education_research_innovation_and_science/2022-11-22/debate/mul@/main.xml
2022-11-22,dail,debate,https://data.oireachtas.ie/akn/ie/debateRecord/dail/2022-11-22/debate/main,https://data.oireachtas.ie/akn/ie/debateRecord/dail/2022-11-22/debate/mul@/main.xml
2022-11-17,dail,debate,https://data.oireachtas.ie/akn/ie/debateRecord/joint_committee_on_housing_local_government_and_heritage/2022-11-17/debate/main,https://data.oireachtas.ie/akn/ie/debateRecord/joint_committee_on_housing_local_government_and_heritage/2022-11-17/debate/mul@/main.xml
2022-11-17,seanad,debate,https://data.oireachtas.ie/akn/ie/debateRecord/seanad/2022-11-17/debate/main,https://data.oireachtas.ie/akn/ie/debateRecord/seanad/2022-11-17/debate/mul@/main.xml
2022-11-17,dail,debate,https://data.oireachtas.ie/akn/ie/debateRecord/committee_of_public_accounts/2022-11-17/debate/main,https://data.oireachtas.ie/akn/ie/debateRecord/committee_of_public_accounts/2022-11-17/debate/mul@/main.xml
2022-11-17,dail,debate,https://data.oireachtas.ie/akn/ie/debateRecord/committee_on_public_petitions/2022-11-17/debate/main,https://data.oireachtas.ie/akn/ie/debateRecord/committee_on_public_petitions/2022-11-17/debate/mul@/main.xml
2022-11-17,dail,debate,https://data.oireachtas.ie/akn/ie/debateRecord/joint_committee_on_disability_matters/2022-11-17/debate/main,https://data.oireachtas.ie/akn/ie/debateRecord/joint_committee_on_disability_matters/2022-11-17/debate/mul@/main.xml
2022-11-17,dail,debate,https://data.oireachtas.ie/akn/ie/debateRecord/dail/2022-11-17/debate/main,https://data.oireachtas.ie/akn/ie/debateRecord/dail/2022-11-17/debate/mul@/main.xml
2022-11-16,dail,debate,https://data.oireachtas.ie/akn/ie/debateRecord/joint_committee_on_transport_and_communications/2022-11-16/debate/main,https://data.oireachtas.ie/akn/ie/debateRecord/joint_committee_on_transport_and_communications/2022-11-16/debate/mul@/main.xml
2022-11-16,seanad,debate,https://data.oireachtas.ie/akn/ie/debateRecord/seanad/2022-11-16/debate/main,https://data.oireachtas.ie/akn/ie/debateRecord/seanad/2022-11-16/debate/mul@/main.xml
2022-11-16,dail,debate,https://data.oireachtas.ie/akn/ie/debateRecord/select_committee_on_finance_public_expenditure_and_reform_and_taoiseach/2022-11-16/debate/main,https://data.oireachtas.ie/akn/ie/debateRecord/select_committee_on_finance_public_expenditure_and_reform_and_taoiseach/2022-11-16/debate/mul@/main.xml
2022-11-16,dail,debate,https://data.oireachtas.ie/akn/ie/debateRecord/joint_committee_on_agriculture_food_and_the_marine/2022-11-16/debate/main,https://data.oireachtas.ie/akn/ie/debateRecord/joint_committee_on_agriculture_food_and_the_marine/2022-11-16/debate/mul@/main.xml
2022-11-16,dail,debate,https://data.oireachtas.ie/akn/ie/debateRecord/joint_committee_on_enterprise_trade_and_employment/2022-11-16/debate/main,https://data.oireachtas.ie/akn/ie/debateRecord/joint_committee_on_enterprise_trade_and_employment/2022-11-16/debate/mul@/main.xml
2022-11-16,dail,debate,https://data.oireachtas.ie/akn/ie/debateRecord/committee_on_budgetary_oversight/2022-11-16/debate/main,https://data.oireachtas.ie/akn/ie/debateRecord/committee_on_budgetary_oversight/2022-11-16/debate/mul@/main.xml
2022-11-16,dail,debate,https://data.oireachtas.ie/akn/ie/debateRecord/joint_committee_on_health/2022-11-16/debate/main,https://data.oireachtas.ie/akn/ie/debateRecord/joint_committee_on_health/2022-11-16/debate/mul@/main.xml
2022-11-16,dail,debate,https://data.oireachtas.ie/akn/ie/debateRecord/comhchoiste_na_gaeilge_na_gaeltachta_agus_phobal_labhartha_na_gaeilge/2022-11-16/debate/main,https://data.oireachtas.ie/akn/ie/debateRecord/comhchoiste_na_gaeilge_na_gaeltachta_agus_phobal_labhartha_na_gaeilge/2022-11-16/debate/mul@/main.xml
2022-11-16,dail,debate,https://data.oireachtas.ie/akn/ie/debateRecord/dail/2022-11-16/debate/main,https://data.oireachtas.ie/akn/ie/debateRecord/dail/2022-11-16/debate/mul@/main.xml
2022-11-15,dail,debate,https://data.oireachtas.ie/akn/ie/debateRecord/joint_committee_on_environment_and_climate_action/2022-11-15/debate/main,https://data.oireachtas.ie/akn/ie/debateRecord/joint_committee_on_environment_and_climate_action/2022-11-15/debate/mul@/main.xml
2022-11-15,seanad,debate,https://data.oireachtas.ie/akn/ie/debateRecord/seanad/2022-11-15/debate/main,https://data.oireachtas.ie/akn/ie/debateRecord/seanad/2022-11-15/debate/mul@/main.xml
2022-11-15,dail,debate,https://data.oireachtas.ie/akn/ie/debateRecord/select_committee_on_finance_public_expenditure_and_reform_and_taoiseach/2022-11-15/debate/main,https://data.oireachtas.ie/akn/ie/debateRecord/select_committee_on_finance_public_expenditure_and_reform_and_taoiseach/2022-11-15/debate/mul@/main.xml
2022-11-15,dail,debate,https://data.oireachtas.ie/akn/ie/debateRecord/select_committee_on_children_equality_disability_integration_and_youth/2022-11-15/debate/main,https://data.oireachtas.ie/akn/ie/debateRecord/select_committee_on_children_equality_disability_integration_and_youth/2022-11-15/debate/mul@/main.xml
2022-11-15,dail,debate,https://data.oireachtas.ie/akn/ie/debateRecord/joint_committee_on_education_further_and_higher_education_research_innovation_and_science/2022-11-15/debate/main,https://data.oireachtas.ie/akn/ie/debateRecord/joint_committee_on_education_further_and_higher_education_research_innovation_and_science/2022-11-15/debate/mul@/main.xml
2022-11-15,dail,debate,https://data.oireachtas.ie/akn/ie/debateRecord/dail/2022-11-15/debate/main,https://data.oireachtas.ie/akn/ie/debateRecord/dail/2022-11-15/debate/mul@/main.xml
2022-11-10,dail,debate,https://data.oireachtas.ie/akn/ie/debateRecord/joint_committee_on_the_implementation_of_the_good_friday_agreement/2022-11-10/debate/main,https://data.oireachtas.ie/akn/ie/debateRecord/joint_committee_on_the_implementation_of_the_good_friday_agreement/2022-11-10/debate/mul@/main.xml
2022-11-10,seanad,debate,https://data.oireachtas.ie/akn/ie/debateRecord/seanad/2022-11-10/debate/main,https://data.oireachtas.ie/akn/ie/debateRecord/seanad/2022-11-10/debate/mul@/main.xml
2022-11-10,dail,debate,https://data.oireachtas.ie/akn/ie/debateRecord/select_committee_on_foreign_affairs_and_defence/2022-11-10/debate/main,https://data.oireachtas.ie/akn/ie/debateRecord/select_committee_on_foreign_affairs_and_defence/2022-11-10/debate/mul@/main.xml
2022-11-10,dail,debate,https://data.oireachtas.ie/akn/ie/debateRecord/select_committee_on_finance_public_expenditure_and_reform_and_taoiseach/2022-11-10/debate/main,https://data.oireachtas.ie/akn/ie/debateRecord/select_committee_on_finance_public_expenditure_and_reform_and_taoiseach/2022-11-10/debate/mul@/main.xml
2022-11-10,dail,debate,https://data.oireachtas.ie/akn/ie/debateRecord/committee_of_public_accounts/2022-11-10/debate/main,https://data.oireachtas.ie/akn/ie/debateRecord/committee_of_public_accounts/2022-11-10/debate/mul@/main.xml
2022-11-10,dail,debate,https://data.oireachtas.ie/akn/ie/debateRecord/joint_committee_on_disability_matters/2022-11-10/debate/main,https://data.oireachtas.ie/akn/ie/debateRecord/joint_committee_on_disability_matters/2022-11-10/debate/mul@/main.xml
2022-11-10,dail,debate,https://data.oireachtas.ie/akn/ie/debateRecord/joint_committee_on_housing_local_government_and_heritage/2022-11-10/debate/main,https://data.oireachtas.ie/akn/ie/debateRecord/joint_committee_on_housing_local_government_and_heritage/2022-11-10/debate/mul@/main.xml
2022-11-10,dail,debate,https://data.oireachtas.ie/akn/ie/debateRecord/dail/2022-11-10/debate/main,https://data.oireachtas.ie/akn/ie/debateRecord/dail/2022-11-10/debate/mul@/main.xml
2022-11-09,dail,debate,https://data.oireachtas.ie/akn/ie/debateRecord/joint_committee_on_agriculture_food_and_the_marine/2022-11-09/debate/main,https://data.oireachtas.ie/akn/ie/debateRecord/joint_committee_on_agriculture_food_and_the_marine/2022-11-09/debate/mul@/main.xml
2022-11-09,dail,debate,https://data.oireachtas.ie/akn/ie/debateRecord/select_committee_on_agriculture_food_and_the_marine/2022-11-09/debate/main,https://data.oireachtas.ie/akn/ie/debateRecord/select_committee_on_agriculture_food_and_the_marine/2022-11-09/debate/mul@/main.xml
2022-11-09,dail,debate,https://data.oireachtas.ie/akn/ie/debateRecord/joint_committee_on_enterprise_trade_and_employment/2022-11-09/debate/main,https://data.oireachtas.ie/akn/ie/debateRecord/joint_committee_on_enterprise_trade_and_employment/2022-11-09/debate/mul@/main.xml
2022-11-09,dail,debate,https://data.oireachtas.ie/akn/ie/debateRecord/committee_on_budgetary_oversight/2022-11-09/debate/main,https://data.oireachtas.ie/akn/ie/debateRecord/committee_on_budgetary_oversight/2022-11-09/debate/mul@/main.xml
2022-11-09,dail,debate,https://data.oireachtas.ie/akn/ie/debateRecord/joint_committee_on_european_union_affairs/2022-11-09/debate/main,https://data.oireachtas.ie/akn/ie/debateRecord/joint_committee_on_european_union_affairs/2022-11-09/debate/mul@/main.xml
2022-11-09,dail,debate,https://data.oireachtas.ie/akn/ie/debateRecord/joint_committee_on_health/2022-11-09/debate/main,https://data.oireachtas.ie/akn/ie/debateRecord/joint_committee_on_health/2022-11-09/debate/mul@/main.xml
2022-11-09,dail,debate,https://data.oireachtas.ie/akn/ie/debateRecord/joint_committee_on_tourism_culture_arts_sport_and_media/2022-11-09/debate/main,https://data.oireachtas.ie/akn/ie/debateRecord/joint_committee_on_tourism_culture_arts_sport_and_media/2022-11-09/debate/mul@/main.xml
2022-11-09,dail,debate,https://data.oireachtas.ie/akn/ie/debateRecord/joint_committee_on_social_protection_community_and_rural_development_and_the_islands/2022-11-09/debate/main,https://data.oireachtas.ie/akn/ie/debateRecord/joint_committee_on_social_protection_community_and_rural_development_and_the_islands/2022-11-09/debate/mul@/main.xml
2022-11-09,seanad,debate,https://data.oireachtas.ie/akn/ie/debateRecord/seanad/2022-11-09/debate/main,https://data.oireachtas.ie/akn/ie/debateRecord/seanad/2022-11-09/debate/mul@/main.xml
2022-11-09,dail,debate,https://data.oireachtas.ie/akn/ie/debateRecord/dail/2022-11-09/debate/main,https://data.oireachtas.ie/akn/ie/debateRecord/dail/2022-11-09/debate/mul@/main.xml
2022-11-08,dail,debate,https://data.oireachtas.ie/akn/ie/debateRecord/joint_committee_on_autism/2022-11-08/debate/main,https://data.oireachtas.ie/akn/ie/debateRecord/joint_committee_on_autism/2022-11-08/debate/mul@/main.xml
2022-11-08,dail,debate,https://data.oireachtas.ie/akn/ie/debateRecord/joint_committee_on_environment_and_climate_action/2022-11-08/debate/main,https://data.oireachtas.ie/akn/ie/debateRecord/joint_committee_on_environment_and_climate_action/2022-11-08/debate/mul@/main.xml
2022-11-08,dail,debate,https://data.oireachtas.ie/akn/ie/debateRecord/select_committee_on_children_equality_disability_integration_and_youth/2022-11-08/debate/main,https://data.oireachtas.ie/akn/ie/debateRecord/select_committee_on_children_equality_disability_integration_and_youth/2022-11-08/debate/mul@/main.xml
2022-11-08,dail,debate,https://data.oireachtas.ie/akn/ie/debateRecord/joint_committee_on_education_further_and_higher_education_research_innovation_and_science/2022-11-08/debate/main,https://data.oireachtas.ie/akn/ie/debateRecord/joint_committee_on_education_further_and_higher_education_research_innovation_and_science/2022-11-08/debate/mul@/main.xml
2022-11-08,dail,debate,https://data.oireachtas.ie/akn/ie/debateRecord/joint_committee_on_foreign_affairs_and_defence/2022-11-08/debate/main,https://data.oireachtas.ie/akn/ie/debateRecord/joint_committee_on_foreign_affairs_and_defence/2022-11-08/debate/mul@/main.xml
2022-11-08,dail,debate,https://data.oireachtas.ie/akn/ie/debateRecord/joint_committee_on_housing_local_government_and_heritage/2022-11-08/debate/main,https://data.oireachtas.ie/akn/ie/debateRecord/joint_committee_on_housing_local_government_and_heritage/2022-11-08/debate/mul@/main.xml
2022-11-08,dail,debate,https://data.oireachtas.ie/akn/ie/debateRecord/select_committee_on_justice/2022-11-08/debate/main,https://data.oireachtas.ie/akn/ie/debateRecord/select_committee_on_justice/2022-11-08/debate/mul@/main.xml
2022-11-08,dail,debate,https://data.oireachtas.ie/akn/ie/debateRecord/joint_committee_on_transport_and_communications/2022-11-08/debate/main,https://data.oireachtas.ie/akn/ie/debateRecord/joint_committee_on_transport_and_communications/2022-11-08/debate/mul@/main.xml
2022-11-08,seanad,debate,https://data.oireachtas.ie/akn/ie/debateRecord/seanad/2022-11-08/debate/main,https://data.oireachtas.ie/akn/ie/debateRecord/seanad/2022-11-08/debate/mul@/main.xml
2022-11-08,dail,debate,https://data.oireachtas.ie/akn/ie/debateRecord/dail/2022-11-08/debate/main,https://data.oireachtas.ie/akn/ie/debateRecord/dail/2022-11-08/debate/mul@/main.xml
2022-10-27,seanad,debate,https://data.oireachtas.ie/akn/ie/debateRecord/seanad/2022-10-27/debate/main,https://data.oireachtas.ie/akn/ie/debateRecord/seanad/2022-10-27/debate/mul@/main.xml
2022-10-27,dail,debate,https://data.oireachtas.ie/akn/ie/debateRecord/committee_of_public_accounts/2022-10-27/debate/main,https://data.oireachtas.ie/akn/ie/debateRecord/committee_of_public_accounts/2022-10-27/debate/mul@/main.xml
2022-10-27,dail,debate,https://data.oireachtas.ie/akn/ie/debateRecord/committee_on_public_petitions/2022-10-27/debate/main,https://data.oireachtas.ie/akn/ie/debateRecord/committee_on_public_petitions/2022-10-27/debate/mul@/main.xml
2022-10-27,dail,debate,https://data.oireachtas.ie/akn/ie/debateRecord/joint_committee_on_gender_equality/2022-10-27/debate/main,https://data.oireachtas.ie/akn/ie/debateRecord/joint_committee_on_gender_equality/2022-10-27/debate/mul@/main.xml
2022-10-27,dail,debate,https://data.oireachtas.ie/akn/ie/debateRecord/joint_committee_on_the_implementation_of_the_good_friday_agreement/2022-10-27/debate/main,https://data.oireachtas.ie/akn/ie/debateRecord/joint_committee_on_the_implementation_of_the_good_friday_agreement/2022-10-27/debate/mul@/main.xml
2022-10-27,dail,debate,https://data.oireachtas.ie/akn/ie/debateRecord/seanad_public_consultation_committee/2022-10-27/debate/main,https://data.oireachtas.ie/akn/ie/debateRecord/seanad_public_consultation_committee/2022-10-27/debate/mul@/main.xml
2022-10-27,dail,debate,https://data.oireachtas.ie/akn/ie/debateRecord/joint_committee_on_disability_matters/2022-10-27/debate/main,https://data.oireachtas.ie/akn/ie/debateRecord/joint_committee_on_disability_matters/2022-10-27/debate/mul@/main.xml
2022-10-27,dail,debate,https://data.oireachtas.ie/akn/ie/debateRecord/dail/2022-10-27/debate/main,https://data.oireachtas.ie/akn/ie/debateRecord/dail/2022-10-27/debate/mul@/main.xml
2022-10-26,dail,debate,https://data.oireachtas.ie/akn/ie/debateRecord/comhchoiste_na_gaeilge_na_gaeltachta_agus_phobal_labhartha_na_gaeilge/2022-10-26/debate/main,https://data.oireachtas.ie/akn/ie/debateRecord/comhchoiste_na_gaeilge_na_gaeltachta_agus_phobal_labhartha_na_gaeilge/2022-10-26/debate/mul@/main.xml
2022-10-26,seanad,debate,https://data.oireachtas.ie/akn/ie/debateRecord/seanad/2022-10-26/debate/main,https://data.oireachtas.ie/akn/ie/debateRecord/seanad/2022-10-26/debate/mul@/main.xml
2022-10-26,dail,debate,https://data.oireachtas.ie/akn/ie/debateRecord/joint_committee_on_finance_public_expenditure_and_reform_and_taoiseach/2022-10-26/debate/main,https://data.oireachtas.ie/akn/ie/debateRecord/joint_committee_on_finance_public_expenditure_and_reform_and_taoiseach/2022-10-26/debate/mul@/main.xml
2022-10-26,dail,debate,https://data.oireachtas.ie/akn/ie/debateRecord/joint_committee_on_enterprise_trade_and_employment/2022-10-26/debate/main,https://data.oireachtas.ie/akn/ie/debateRecord/joint_committee_on_enterprise_trade_and_employment/2022-10-26/debate/mul@/main.xml
2022-10-26,dail,debate,https://data.oireachtas.ie/akn/ie/debateRecord/select_committee_on_enterprise_trade_and_employment/2022-10-26/debate/main,https://data.oireachtas.ie/akn/ie/debateRecord/select_committee_on_enterprise_trade_and_employment/2022-10-26/debate/mul@/main.xml
2022-10-26,dail,debate,https://data.oireachtas.ie/akn/ie/debateRecord/joint_committee_on_health/2022-10-26/debate/main,https://data.oireachtas.ie/akn/ie/debateRecord/joint_committee_on_health/2022-10-26/debate/mul@/main.xml
2022-10-26,dail,debate,https://data.oireachtas.ie/akn/ie/debateRecord/select_committee_on_tourism_culture_arts_sport_and_media/2022-10-26/debate/main,https://data.oireachtas.ie/akn/ie/debateRecord/select_committee_on_tourism_culture_arts_sport_and_media/2022-10-26/debate/mul@/main.xml
2022-10-26,dail,debate,https://data.oireachtas.ie/akn/ie/debateRecord/joint_committee_on_agriculture_food_and_the_marine/2022-10-26/debate/main,https://data.oireachtas.ie/akn/ie/debateRecord/joint_committee_on_agriculture_food_and_the_marine/2022-10-26/debate/mul@/main.xml
2022-10-26,dail,debate,https://data.oireachtas.ie/akn/ie/debateRecord/committee_on_budgetary_oversight/2022-10-26/debate/main,https://data.oireachtas.ie/akn/ie/debateRecord/committee_on_budgetary_oversight/2022-10-26/debate/mul@/main.xml
2022-10-26,dail,debate,https://data.oireachtas.ie/akn/ie/debateRecord/select_committee_on_transport_and_communications/2022-10-26/debate/main,https://data.oireachtas.ie/akn/ie/debateRecord/select_committee_on_transport_and_communications/2022-10-26/debate/mul@/main.xml
2022-10-26,dail,debate,https://data.oireachtas.ie/akn/ie/debateRecord/dail/2022-10-26/debate/main,https://data.oireachtas.ie/akn/ie/debateRecord/dail/2022-10-26/debate/mul@/main.xml
2022-10-25,seanad,debate,https://data.oireachtas.ie/akn/ie/debateRecord/seanad/2022-10-25/debate/main,https://data.oireachtas.ie/akn/ie/debateRecord/seanad/2022-10-25/debate/mul@/main.xml
2022-10-25,dail,debate,https://data.oireachtas.ie/akn/ie/debateRecord/joint_committee_on_agriculture_food_and_the_marine/2022-10-25/debate/main,https://data.oireachtas.ie/akn/ie/debateRecord/joint_committee_on_agriculture_food_and_the_marine/2022-10-25/debate/mul@/main.xml
2022-10-25,dail,debate,https://data.oireachtas.ie/akn/ie/debateRecord/joint_committee_on_autism/2022-10-25/debate/main,https://data.oireachtas.ie/akn/ie/debateRecord/joint_committee_on_autism/2022-10-25/debate/mul@/main.xml
2022-10-25,dail,debate,https://data.oireachtas.ie/akn/ie/debateRecord/joint_committee_on_environment_and_climate_action/2022-10-25/debate/main,https://data.oireachtas.ie/akn/ie/debateRecord/joint_committee_on_environment_and_climate_action/2022-10-25/debate/mul@/main.xml
2022-10-25,dail,debate,https://data.oireachtas.ie/akn/ie/debateRecord/joint_committee_on_education_further_and_higher_education_research_innovation_and_science/2022-10-25/debate/main,https://data.oireachtas.ie/akn/ie/debateRecord/joint_committee_on_education_further_and_higher_education_research_innovation_and_science/2022-10-25/debate/mul@/main.xml
2022-10-25,dail,debate,https://data.oireachtas.ie/akn/ie/debateRecord/joint_committee_on_foreign_affairs_and_defence/2022-10-25/debate/main,https://data.oireachtas.ie/akn/ie/debateRecord/joint_committee_on_foreign_affairs_and_defence/2022-10-25/debate/mul@/main.xml
2022-10-25,dail,debate,https://data.oireachtas.ie/akn/ie/debateRecord/joint_committee_on_justice/2022-10-25/debate/main,https://data.oireachtas.ie/akn/ie/debateRecord/joint_committee_on_justice/2022-10-25/debate/mul@/main.xml
2022-10-25,dail,debate,https://data.oireachtas.ie/akn/ie/debateRecord/select_committee_on_tourism_culture_arts_sport_and_media/2022-10-25/debate/main,https://data.oireachtas.ie/akn/ie/debateRecord/select_committee_on_tourism_culture_arts_sport_and_media/2022-10-25/debate/mul@/main.xml
2022-10-25,dail,debate,https://data.oireachtas.ie/akn/ie/debateRecord/dail/2022-10-25/debate/main,https://data.oireachtas.ie/akn/ie/debateRecord/dail/2022-10-25/debate/mul@/main.xml
2022-10-25,dail,debate,https://data.oireachtas.ie/akn/ie/debateRecord/joint_committee_on_housing_local_government_and_heritage/2022-10-25/debate/main,https://data.oireachtas.ie/akn/ie/debateRecord/joint_committee_on_housing_local_government_and_heritage/2022-10-25/debate/mul@/main.xml
2022-10-21,dail,debate,https://data.oireachtas.ie/akn/ie/debateRecord/joint_committee_on_environment_and_climate_action/2022-10-21/debate/main,https://data.oireachtas.ie/akn/ie/debateRecord/joint_committee_on_environment_and_climate_action/2022-10-21/debate/mul@/main.xml
2022-10-20,seanad,debate,https://data.oireachtas.ie/akn/ie/debateRecord/seanad/2022-10-20/debate/main,https://data.oireachtas.ie/akn/ie/debateRecord/seanad/2022-10-20/debate/mul@/main.xml
2022-10-20,dail,debate,https://data.oireachtas.ie/akn/ie/debateRecord/committee_of_public_accounts/2022-10-20/debate/main,https://data.oireachtas.ie/akn/ie/debateRecord/committee_of_public_accounts/2022-10-20/debate/mul@/main.xml
2022-10-20,dail,debate,https://data.oireachtas.ie/akn/ie/debateRecord/joint_committee_on_disability_matters/2022-10-20/debate/main,https://data.oireachtas.ie/akn/ie/debateRecord/joint_committee_on_disability_matters/2022-10-20/debate/mul@/main.xml
2022-10-20,dail,debate,https://data.oireachtas.ie/akn/ie/debateRecord/joint_committee_on_gender_equality/2022-10-20/debate/main,https://data.oireachtas.ie/akn/ie/debateRecord/joint_committee_on_gender_equality/2022-10-20/debate/mul@/main.xml
2022-10-20,dail,debate,https://data.oireachtas.ie/akn/ie/debateRecord/joint_committee_on_the_implementation_of_the_good_friday_agreement/2022-10-20/debate/main,https://data.oireachtas.ie/akn/ie/debateRecord/joint_committee_on_the_implementation_of_the_good_friday_agreement/2022-10-20/debate/mul@/main.xml
2022-10-20,dail,debate,https://data.oireachtas.ie/akn/ie/debateRecord/dail/2022-10-20/debate/main,https://data.oireachtas.ie/akn/ie/debateRecord/dail/2022-10-20/debate/mul@/main.xml
2022-10-19,dail,debate,https://data.oireachtas.ie/akn/ie/debateRecord/comhchoiste_na_gaeilge_na_gaeltachta_agus_phobal_labhartha_na_gaeilge/2022-10-19/debate/main,https://data.oireachtas.ie/akn/ie/debateRecord/comhchoiste_na_gaeilge_na_gaeltachta_agus_phobal_labhartha_na_gaeilge/2022-10-19/debate/mul@/main.xml
2022-10-19,seanad,debate,https://data.oireachtas.ie/akn/ie/debateRecord/seanad/2022-10-19/debate/main,https://data.oireachtas.ie/akn/ie/debateRecord/seanad/2022-10-19/debate/mul@/main.xml
2022-10-19,dail,debate,https://data.oireachtas.ie/akn/ie/debateRecord/joint_committee_on_agriculture_food_and_the_marine/2022-10-19/debate/main,https://data.oireachtas.ie/akn/ie/debateRecord/joint_committee_on_agriculture_food_and_the_marine/2022-10-19/debate/mul@/main.xml
2022-10-19,dail,debate,https://data.oireachtas.ie/akn/ie/debateRecord/joint_committee_on_enterprise_trade_and_employment/2022-10-19/debate/main,https://data.oireachtas.ie/akn/ie/debateRecord/joint_committee_on_enterprise_trade_and_employment/2022-10-19/debate/mul@/main.xml
2022-10-19,dail,debate,https://data.oireachtas.ie/akn/ie/debateRecord/committee_on_budgetary_oversight/2022-10-19/debate/main,https://data.oireachtas.ie/akn/ie/debateRecord/committee_on_budgetary_oversight/2022-10-19/debate/mul@/main.xml
2022-10-19,dail,debate,https://data.oireachtas.ie/akn/ie/debateRecord/joint_committee_on_education_further_and_higher_education_research_innovation_and_science/2022-10-19/debate/main,https://data.oireachtas.ie/akn/ie/debateRecord/joint_committee_on_education_further_and_higher_education_research_innovation_and_science/2022-10-19/debate/mul@/main.xml
2022-10-19,dail,debate,https://data.oireachtas.ie/akn/ie/debateRecord/joint_committee_on_european_union_affairs/2022-10-19/debate/main,https://data.oireachtas.ie/akn/ie/debateRecord/joint_committee_on_european_union_affairs/2022-10-19/debate/mul@/main.xml
2022-10-19,dail,debate,https://data.oireachtas.ie/akn/ie/debateRecord/joint_committee_on_finance_public_expenditure_and_reform_and_taoiseach/2022-10-19/debate/main,https://data.oireachtas.ie/akn/ie/debateRecord/joint_committee_on_finance_public_expenditure_and_reform_and_taoiseach/2022-10-19/debate/mul@/main.xml
2022-10-19,dail,debate,https://data.oireachtas.ie/akn/ie/debateRecord/joint_committee_on_health/2022-10-19/debate/main,https://data.oireachtas.ie/akn/ie/debateRecord/joint_committee_on_health/2022-10-19/debate/mul@/main.xml
2022-10-19,dail,debate,https://data.oireachtas.ie/akn/ie/debateRecord/select_committee_on_tourism_culture_arts_sport_and_media/2022-10-19/debate/main,https://data.oireachtas.ie/akn/ie/debateRecord/select_committee_on_tourism_culture_arts_sport_and_media/2022-10-19/debate/mul@/main.xml
2022-10-19,dail,debate,https://data.oireachtas.ie/akn/ie/debateRecord/joint_committee_on_transport_and_communications/2022-10-19/debate/main,https://data.oireachtas.ie/akn/ie/debateRecord/joint_committee_on_transport_and_communications/2022-10-19/debate/mul@/main.xml
2022-10-19,dail,debate,https://data.oireachtas.ie/akn/ie/debateRecord/dail/2022-10-19/debate/main,https://data.oireachtas.ie/akn/ie/debateRecord/dail/2022-10-19/debate/mul@/main.xml
2022-10-18,seanad,debate,https://data.oireachtas.ie/akn/ie/debateRecord/seanad/2022-10-18/debate/main,https://data.oireachtas.ie/akn/ie/debateRecord/seanad/2022-10-18/debate/mul@/main.xml
2022-10-18,dail,debate,https://data.oireachtas.ie/akn/ie/debateRecord/joint_committee_on_children_equality_disability_integration_and_youth/2022-10-18/debate/main,https://data.oireachtas.ie/akn/ie/debateRecord/joint_committee_on_children_equality_disability_integration_and_youth/2022-10-18/debate/mul@/main.xml
2022-10-18,dail,debate,https://data.oireachtas.ie/akn/ie/debateRecord/joint_committee_on_foreign_affairs_and_defence/2022-10-18/debate/main,https://data.oireachtas.ie/akn/ie/debateRecord/joint_committee_on_foreign_affairs_and_defence/2022-10-18/debate/mul@/main.xml
2022-10-18,dail,debate,https://data.oireachtas.ie/akn/ie/debateRecord/joint_committee_on_housing_local_government_and_heritage/2022-10-18/debate/main,https://data.oireachtas.ie/akn/ie/debateRecord/joint_committee_on_housing_local_government_and_heritage/2022-10-18/debate/mul@/main.xml
2022-10-18,dail,debate,https://data.oireachtas.ie/akn/ie/debateRecord/joint_committee_on_justice/2022-10-18/debate/main,https://data.oireachtas.ie/akn/ie/debateRecord/joint_committee_on_justice/2022-10-18/debate/mul@/main.xml
2022-10-18,dail,debate,https://data.oireachtas.ie/akn/ie/debateRecord/joint_committee_on_education_further_and_higher_education_research_innovation_and_science/2022-10-18/debate/main,https://data.oireachtas.ie/akn/ie/debateRecord/joint_committee_on_education_further_and_higher_education_research_innovation_and_science/2022-10-18/debate/mul@/main.xml
2022-10-18,dail,debate,https://data.oireachtas.ie/akn/ie/debateRecord/joint_sub_committee_on_mental_health/2022-10-18/debate/main,https://data.oireachtas.ie/akn/ie/debateRecord/joint_sub_committee_on_mental_health/2022-10-18/debate/mul@/main.xml
2022-10-18,dail,debate,https://data.oireachtas.ie/akn/ie/debateRecord/joint_committee_on_autism/2022-10-18/debate/main,https://data.oireachtas.ie/akn/ie/debateRecord/joint_committee_on_autism/2022-10-18/debate/mul@/main.xml
2022-10-18,dail,debate,https://data.oireachtas.ie/akn/ie/debateRecord/select_committee_on_environment_and_climate_action/2022-10-18/debate/main,https://data.oireachtas.ie/akn/ie/debateRecord/select_committee_on_environment_and_climate_action/2022-10-18/debate/mul@/main.xml
2022-10-18,dail,debate,https://data.oireachtas.ie/akn/ie/debateRecord/dail/2022-10-18/debate/main,https://data.oireachtas.ie/akn/ie/debateRecord/dail/2022-10-18/debate/mul@/main.xml
2022-10-14,dail,debate,https://data.oireachtas.ie/akn/ie/debateRecord/seanad_public_consultation_committee/2022-10-14/debate/main,https://data.oireachtas.ie/akn/ie/debateRecord/seanad_public_consultation_committee/2022-10-14/debate/mul@/main.xml
2022-10-13,seanad,debate,https://data.oireachtas.ie/akn/ie/debateRecord/seanad/2022-10-13/debate/main,https://data.oireachtas.ie/akn/ie/debateRecord/seanad/2022-10-13/debate/mul@/main.xml
2022-10-13,dail,debate,https://data.oireachtas.ie/akn/ie/debateRecord/committee_on_public_petitions/2022-10-13/debate/main,https://data.oireachtas.ie/akn/ie/debateRecord/committee_on_public_petitions/2022-10-13/debate/mul@/main.xml
2022-10-13,dail,debate,https://data.oireachtas.ie/akn/ie/debateRecord/joint_committee_on_disability_matters/2022-10-13/debate/main,https://data.oireachtas.ie/akn/ie/debateRecord/joint_committee_on_disability_matters/2022-10-13/debate/mul@/main.xml
2022-10-13,dail,debate,https://data.oireachtas.ie/akn/ie/debateRecord/committee_of_public_accounts/2022-10-13/debate/main,https://data.oireachtas.ie/akn/ie/debateRecord/committee_of_public_accounts/2022-10-13/debate/mul@/main.xml
2022-10-13,dail,debate,https://data.oireachtas.ie/akn/ie/debateRecord/joint_committee_on_gender_equality/2022-10-13/debate/main,https://data.oireachtas.ie/akn/ie/debateRecord/joint_committee_on_gender_equality/2022-10-13/debate/mul@/main.xml
2022-10-13,dail,debate,https://data.oireachtas.ie/akn/ie/debateRecord/select_committee_on_housing_local_government_and_heritage/2022-10-13/debate/main,https://data.oireachtas.ie/akn/ie/debateRecord/select_committee_on_housing_local_government_and_heritage/2022-10-13/debate/mul@/main.xml
2022-10-13,dail,debate,https://data.oireachtas.ie/akn/ie/debateRecord/dail/2022-10-13/debate/main,https://data.oireachtas.ie/akn/ie/debateRecord/dail/2022-10-13/debate/mul@/main.xml
2022-10-12,dail,debate,https://data.oireachtas.ie/akn/ie/debateRecord/comhchoiste_na_gaeilge_na_gaeltachta_agus_phobal_labhartha_na_gaeilge/2022-10-12/debate/main,https://data.oireachtas.ie/akn/ie/debateRecord/comhchoiste_na_gaeilge_na_gaeltachta_agus_phobal_labhartha_na_gaeilge/2022-10-12/debate/mul@/main.xml
2022-10-12,seanad,debate,https://data.oireachtas.ie/akn/ie/debateRecord/seanad/2022-10-12/debate/main,https://data.oireachtas.ie/akn/ie/debateRecord/seanad/2022-10-12/debate/mul@/main.xml
2022-10-12,dail,debate,https://data.oireachtas.ie/akn/ie/debateRecord/joint_committee_on_enterprise_trade_and_employment/2022-10-12/debate/main,https://data.oireachtas.ie/akn/ie/debateRecord/joint_committee_on_enterprise_trade_and_employment/2022-10-12/debate/mul@/main.xml
2022-10-12,dail,debate,https://data.oireachtas.ie/akn/ie/debateRecord/joint_committee_on_european_union_affairs/2022-10-12/debate/main,https://data.oireachtas.ie/akn/ie/debateRecord/joint_committee_on_european_union_affairs/2022-10-12/debate/mul@/main.xml
2022-10-12,dail,debate,https://data.oireachtas.ie/akn/ie/debateRecord/joint_committee_on_health/2022-10-12/debate/main,https://data.oireachtas.ie/akn/ie/debateRecord/joint_committee_on_health/2022-10-12/debate/mul@/main.xml
2022-10-12,dail,debate,https://data.oireachtas.ie/akn/ie/debateRecord/joint_committee_on_social_protection_community_and_rural_development_and_the_islands/2022-10-12/debate/main,https://data.oireachtas.ie/akn/ie/debateRecord/joint_committee_on_social_protection_community_and_rural_development_and_the_islands/2022-10-12/debate/mul@/main.xml
2022-10-12,dail,debate,https://data.oireachtas.ie/akn/ie/debateRecord/joint_committee_on_agriculture_food_and_the_marine/2022-10-12/debate/main,https://data.oireachtas.ie/akn/ie/debateRecord/joint_committee_on_agriculture_food_and_the_marine/2022-10-12/debate/mul@/main.xml
2022-10-12,dail,debate,https://data.oireachtas.ie/akn/ie/debateRecord/committee_on_budgetary_oversight/2022-10-12/debate/main,https://data.oireachtas.ie/akn/ie/debateRecord/committee_on_budgetary_oversight/2022-10-12/debate/mul@/main.xml
2022-10-12,dail,debate,https://data.oireachtas.ie/akn/ie/debateRecord/select_committee_on_children_equality_disability_integration_and_youth/2022-10-12/debate/main,https://data.oireachtas.ie/akn/ie/debateRecord/select_committee_on_children_equality_disability_integration_and_youth/2022-10-12/debate/mul@/main.xml
2022-10-12,dail,debate,https://data.oireachtas.ie/akn/ie/debateRecord/joint_committee_on_education_further_and_higher_education_research_innovation_and_science/2022-10-12/debate/main,https://data.oireachtas.ie/akn/ie/debateRecord/joint_committee_on_education_further_and_higher_education_research_innovation_and_science/2022-10-12/debate/mul@/main.xml
2022-10-12,dail,debate,https://data.oireachtas.ie/akn/ie/debateRecord/joint_committee_on_finance_public_expenditure_and_reform_and_taoiseach/2022-10-12/debate/main,https://data.oireachtas.ie/akn/ie/debateRecord/joint_committee_on_finance_public_expenditure_and_reform_and_taoiseach/2022-10-12/debate/mul@/main.xml
2022-10-12,dail,debate,https://data.oireachtas.ie/akn/ie/debateRecord/joint_committee_on_transport_and_communications/2022-10-12/debate/main,https://data.oireachtas.ie/akn/ie/debateRecord/joint_committee_on_transport_and_communications/2022-10-12/debate/mul@/main.xml
2022-10-12,dail,debate,https://data.oireachtas.ie/akn/ie/debateRecord/joint_committee_on_gender_equality/2022-10-12/debate/main,https://data.oireachtas.ie/akn/ie/debateRecord/joint_committee_on_gender_equality/2022-10-12/debate/mul@/main.xml
2022-10-12,dail,debate,https://data.oireachtas.ie/akn/ie/debateRecord/dail/2022-10-12/debate/main,https://data.oireachtas.ie/akn/ie/debateRecord/dail/2022-10-12/debate/mul@/main.xml
2022-10-11,dail,debate,https://data.oireachtas.ie/akn/ie/debateRecord/joint_committee_on_children_equality_disability_integration_and_youth/2022-10-11/debate/main,https://data.oireachtas.ie/akn/ie/debateRecord/joint_committee_on_children_equality_disability_integration_and_youth/2022-10-11/debate/mul@/main.xml
2022-10-11,seanad,debate,https://data.oireachtas.ie/akn/ie/debateRecord/seanad/2022-10-11/debate/main,https://data.oireachtas.ie/akn/ie/debateRecord/seanad/2022-10-11/debate/mul@/main.xml
2022-10-11,dail,debate,https://data.oireachtas.ie/akn/ie/debateRecord/joint_committee_on_environment_and_climate_action/2022-10-11/debate/main,https://data.oireachtas.ie/akn/ie/debateRecord/joint_committee_on_environment_and_climate_action/2022-10-11/debate/mul@/main.xml
2022-10-11,dail,debate,https://data.oireachtas.ie/akn/ie/debateRecord/joint_committee_on_agriculture_food_and_the_marine/2022-10-11/debate/main,https://data.oireachtas.ie/akn/ie/debateRecord/joint_committee_on_agriculture_food_and_the_marine/2022-10-11/debate/mul@/main.xml
2022-10-11,dail,debate,https://data.oireachtas.ie/akn/ie/debateRecord/joint_committee_on_housing_local_government_and_heritage/2022-10-11/debate/main,https://data.oireachtas.ie/akn/ie/debateRecord/joint_committee_on_housing_local_government_and_heritage/2022-10-11/debate/mul@/main.xml
2022-10-11,dail,debate,https://data.oireachtas.ie/akn/ie/debateRecord/joint_committee_on_justice/2022-10-11/debate/main,https://data.oireachtas.ie/akn/ie/debateRecord/joint_committee_on_justice/2022-10-11/debate/mul@/main.xml
2022-10-11,dail,debate,https://data.oireachtas.ie/akn/ie/debateRecord/dail/2022-10-11/debate/main,https://data.oireachtas.ie/akn/ie/debateRecord/dail/2022-10-11/debate/mul@/main.xml
2022-10-07,dail,debate,https://data.oireachtas.ie/akn/ie/debateRecord/seanad_public_consultation_committee/2022-10-07/debate/main,https://data.oireachtas.ie/akn/ie/debateRecord/seanad_public_consultation_committee/2022-10-07/debate/mul@/main.xml
2022-10-06,dail,debate,https://data.oireachtas.ie/akn/ie/debateRecord/select_committee_on_housing_local_government_and_heritage/2022-10-06/debate/main,https://data.oireachtas.ie/akn/ie/debateRecord/select_committee_on_housing_local_government_and_heritage/2022-10-06/debate/mul@/main.xml
2022-10-06,seanad,debate,https://data.oireachtas.ie/akn/ie/debateRecord/seanad/2022-10-06/debate/main,https://data.oireachtas.ie/akn/ie/debateRecord/seanad/2022-10-06/debate/mul@/main.xml
2022-10-06,dail,debate,https://data.oireachtas.ie/akn/ie/debateRecord/joint_committee_on_disability_matters/2022-10-06/debate/main,https://data.oireachtas.ie/akn/ie/debateRecord/joint_committee_on_disability_matters/2022-10-06/debate/mul@/main.xml
2022-10-06,dail,debate,https://data.oireachtas.ie/akn/ie/debateRecord/joint_committee_on_gender_equality/2022-10-06/debate/main,https://data.oireachtas.ie/akn/ie/debateRecord/joint_committee_on_gender_equality/2022-10-06/debate/mul@/main.xml
2022-10-06,dail,debate,https://data.oireachtas.ie/akn/ie/debateRecord/joint_committee_on_the_implementation_of_the_good_friday_agreement/2022-10-06/debate/main,https://data.oireachtas.ie/akn/ie/debateRecord/joint_committee_on_the_implementation_of_the_good_friday_agreement/2022-10-06/debate/mul@/main.xml
2022-10-06,dail,debate,https://data.oireachtas.ie/akn/ie/debateRecord/committee_of_public_accounts/2022-10-06/debate/main,https://data.oireachtas.ie/akn/ie/debateRecord/committee_of_public_accounts/2022-10-06/debate/mul@/main.xml
2022-10-06,dail,debate,https://data.oireachtas.ie/akn/ie/debateRecord/dail/2022-10-06/debate/main,https://data.oireachtas.ie/akn/ie/debateRecord/dail/2022-10-06/debate/mul@/main.xml
2022-10-05,dail,debate,https://data.oireachtas.ie/akn/ie/debateRecord/comhchoiste_na_gaeilge_na_gaeltachta_agus_phobal_labhartha_na_gaeilge/2022-10-05/debate/main,https://data.oireachtas.ie/akn/ie/debateRecord/comhchoiste_na_gaeilge_na_gaeltachta_agus_phobal_labhartha_na_gaeilge/2022-10-05/debate/mul@/main.xml
2022-10-05,seanad,debate,https://data.oireachtas.ie/akn/ie/debateRecord/seanad/2022-10-05/debate/main,https://data.oireachtas.ie/akn/ie/debateRecord/seanad/2022-10-05/debate/mul@/main.xml
2022-10-05,dail,debate,https://data.oireachtas.ie/akn/ie/debateRecord/joint_committee_on_agriculture_food_and_the_marine/2022-10-05/debate/main,https://data.oireachtas.ie/akn/ie/debateRecord/joint_committee_on_agriculture_food_and_the_marine/2022-10-05/debate/mul@/main.xml
2022-10-05,dail,debate,https://data.oireachtas.ie/akn/ie/debateRecord/joint_committee_on_enterprise_trade_and_employment/2022-10-05/debate/main,https://data.oireachtas.ie/akn/ie/debateRecord/joint_committee_on_enterprise_trade_and_employment/2022-10-05/debate/mul@/main.xml
2022-10-05,dail,debate,https://data.oireachtas.ie/akn/ie/debateRecord/committee_on_budgetary_oversight/2022-10-05/debate/main,https://data.oireachtas.ie/akn/ie/debateRecord/committee_on_budgetary_oversight/2022-10-05/debate/mul@/main.xml
2022-10-05,dail,debate,https://data.oireachtas.ie/akn/ie/debateRecord/joint_committee_on_european_union_affairs/2022-10-05/debate/main,https://data.oireachtas.ie/akn/ie/debateRecord/joint_committee_on_european_union_affairs/2022-10-05/debate/mul@/main.xml
2022-10-05,dail,debate,https://data.oireachtas.ie/akn/ie/debateRecord/joint_committee_on_finance_public_expenditure_and_reform_and_taoiseach/2022-10-05/debate/main,https://data.oireachtas.ie/akn/ie/debateRecord/joint_committee_on_finance_public_expenditure_and_reform_and_taoiseach/2022-10-05/debate/mul@/main.xml
2022-10-05,dail,debate,https://data.oireachtas.ie/akn/ie/debateRecord/joint_committee_on_health/2022-10-05/debate/main,https://data.oireachtas.ie/akn/ie/debateRecord/joint_committee_on_health/2022-10-05/debate/mul@/main.xml
2022-10-05,dail,debate,https://data.oireachtas.ie/akn/ie/debateRecord/joint_committee_on_transport_and_communications/2022-10-05/debate/main,https://data.oireachtas.ie/akn/ie/debateRecord/joint_committee_on_transport_and_communications/2022-10-05/debate/mul@/main.xml
2022-10-05,dail,debate,https://data.oireachtas.ie/akn/ie/debateRecord/joint_committee_on_social_protection_community_and_rural_development_and_the_islands/2022-10-05/debate/main,https://data.oireachtas.ie/akn/ie/debateRecord/joint_committee_on_social_protection_community_and_rural_development_and_the_islands/2022-10-05/debate/mul@/main.xml
2022-10-05,dail,debate,https://data.oireachtas.ie/akn/ie/debateRecord/dail/2022-10-05/debate/main,https://data.oireachtas.ie/akn/ie/debateRecord/dail/2022-10-05/debate/mul@/main.xml
2022-10-04,seanad,debate,https://data.oireachtas.ie/akn/ie/debateRecord/seanad/2022-10-04/debate/main,https://data.oireachtas.ie/akn/ie/debateRecord/seanad/2022-10-04/debate/mul@/main.xml
2022-10-04,dail,debate,https://data.oireachtas.ie/akn/ie/debateRecord/joint_committee_on_autism/2022-10-04/debate/main,https://data.oireachtas.ie/akn/ie/debateRecord/joint_committee_on_autism/2022-10-04/debate/mul@/main.xml
2022-10-04,dail,debate,https://data.oireachtas.ie/akn/ie/debateRecord/joint_committee_on_environment_and_climate_action/2022-10-04/debate/main,https://data.oireachtas.ie/akn/ie/debateRecord/joint_committee_on_environment_and_climate_action/2022-10-04/debate/mul@/main.xml
2022-10-04,dail,debate,https://data.oireachtas.ie/akn/ie/debateRecord/joint_committee_on_children_equality_disability_integration_and_youth/2022-10-04/debate/main,https://data.oireachtas.ie/akn/ie/debateRecord/joint_committee_on_children_equality_disability_integration_and_youth/2022-10-04/debate/mul@/main.xml
2022-10-04,dail,debate,https://data.oireachtas.ie/akn/ie/debateRecord/joint_committee_on_foreign_affairs_and_defence/2022-10-04/debate/main,https://data.oireachtas.ie/akn/ie/debateRecord/joint_committee_on_foreign_affairs_and_defence/2022-10-04/debate/mul@/main.xml
2022-10-04,dail,debate,https://data.oireachtas.ie/akn/ie/debateRecord/joint_committee_on_housing_local_government_and_heritage/2022-10-04/debate/main,https://data.oireachtas.ie/akn/ie/debateRecord/joint_committee_on_housing_local_government_and_heritage/2022-10-04/debate/mul@/main.xml
2022-10-04,dail,debate,https://data.oireachtas.ie/akn/ie/debateRecord/joint_committee_on_justice/2022-10-04/debate/main,https://data.oireachtas.ie/akn/ie/debateRecord/joint_committee_on_justice/2022-10-04/debate/mul@/main.xml
2022-10-04,dail,debate,https://data.oireachtas.ie/akn/ie/debateRecord/dail/2022-10-04/debate/main,https://data.oireachtas.ie/akn/ie/debateRecord/dail/2022-10-04/debate/mul@/main.xml
2022-09-30,dail,debate,https://data.oireachtas.ie/akn/ie/debateRecord/seanad_public_consultation_committee/2022-09-30/debate/main,https://data.oireachtas.ie/akn/ie/debateRecord/seanad_public_consultation_committee/2022-09-30/debate/mul@/main.xml
2022-09-29,seanad,debate,https://data.oireachtas.ie/akn/ie/debateRecord/seanad/2022-09-29/debate/main,https://data.oireachtas.ie/akn/ie/debateRecord/seanad/2022-09-29/debate/mul@/main.xml
2022-09-29,dail,debate,https://data.oireachtas.ie/akn/ie/debateRecord/committee_of_public_accounts/2022-09-29/debate/main,https://data.oireachtas.ie/akn/ie/debateRecord/committee_of_public_accounts/2022-09-29/debate/mul@/main.xml
2022-09-29,dail,debate,https://data.oireachtas.ie/akn/ie/debateRecord/joint_committee_on_autism/2022-09-29/debate/main,https://data.oireachtas.ie/akn/ie/debateRecord/joint_committee_on_autism/2022-09-29/debate/mul@/main.xml
2022-09-29,dail,debate,https://data.oireachtas.ie/akn/ie/debateRecord/joint_committee_on_disability_matters/2022-09-29/debate/main,https://data.oireachtas.ie/akn/ie/debateRecord/joint_committee_on_disability_matters/2022-09-29/debate/mul@/main.xml
2022-09-29,dail,debate,https://data.oireachtas.ie/akn/ie/debateRecord/committee_on_public_petitions/2022-09-29/debate/main,https://data.oireachtas.ie/akn/ie/debateRecord/committee_on_public_petitions/2022-09-29/debate/mul@/main.xml
2022-09-29,dail,debate,https://data.oireachtas.ie/akn/ie/debateRecord/joint_committee_on_gender_equality/2022-09-29/debate/main,https://data.oireachtas.ie/akn/ie/debateRecord/joint_committee_on_gender_equality/2022-09-29/debate/mul@/main.xml
2022-09-29,dail,debate,https://data.oireachtas.ie/akn/ie/debateRecord/joint_committee_on_the_implementation_of_the_good_friday_agreement/2022-09-29/debate/main,https://data.oireachtas.ie/akn/ie/debateRecord/joint_committee_on_the_implementation_of_the_good_friday_agreement/2022-09-29/debate/mul@/main.xml
2022-09-29,dail,debate,https://data.oireachtas.ie/akn/ie/debateRecord/joint_committee_on_housing_local_government_and_heritage/2022-09-29/debate/main,https://data.oireachtas.ie/akn/ie/debateRecord/joint_committee_on_housing_local_government_and_heritage/2022-09-29/debate/mul@/main.xml
2022-09-29,dail,debate,https://data.oireachtas.ie/akn/ie/debateRecord/dail/2022-09-29/debate/main,https://data.oireachtas.ie/akn/ie/debateRecord/dail/2022-09-29/debate/mul@/main.xml
2022-09-28,seanad,debate,https://data.oireachtas.ie/akn/ie/debateRecord/seanad/2022-09-28/debate/main,https://data.oireachtas.ie/akn/ie/debateRecord/seanad/2022-09-28/debate/mul@/main.xml
2022-09-28,dail,debate,https://data.oireachtas.ie/akn/ie/debateRecord/joint_committee_on_agriculture_food_and_the_marine/2022-09-28/debate/main,https://data.oireachtas.ie/akn/ie/debateRecord/joint_committee_on_agriculture_food_and_the_marine/2022-09-28/debate/mul@/main.xml
2022-09-28,dail,debate,https://data.oireachtas.ie/akn/ie/debateRecord/joint_committee_on_enterprise_trade_and_employment/2022-09-28/debate/main,https://data.oireachtas.ie/akn/ie/debateRecord/joint_committee_on_enterprise_trade_and_employment/2022-09-28/debate/mul@/main.xml
2022-09-28,dail,debate,https://data.oireachtas.ie/akn/ie/debateRecord/joint_committee_on_european_union_affairs/2022-09-28/debate/main,https://data.oireachtas.ie/akn/ie/debateRecord/joint_committee_on_european_union_affairs/2022-09-28/debate/mul@/main.xml
2022-09-28,dail,debate,https://data.oireachtas.ie/akn/ie/debateRecord/joint_committee_on_health/2022-09-28/debate/main,https://data.oireachtas.ie/akn/ie/debateRecord/joint_committee_on_health/2022-09-28/debate/mul@/main.xml
2022-09-28,dail,debate,https://data.oireachtas.ie/akn/ie/debateRecord/joint_committee_on_tourism_culture_arts_sport_and_media/2022-09-28/debate/main,https://data.oireachtas.ie/akn/ie/debateRecord/joint_committee_on_tourism_culture_arts_sport_and_media/2022-09-28/debate/mul@/main.xml
2022-09-28,dail,debate,https://data.oireachtas.ie/akn/ie/debateRecord/dail/2022-09-28/debate/main,https://data.oireachtas.ie/akn/ie/debateRecord/dail/2022-09-28/debate/mul@/main.xml
2022-09-27,seanad,debate,https://data.oireachtas.ie/akn/ie/debateRecord/seanad/2022-09-27/debate/main,https://data.oireachtas.ie/akn/ie/debateRecord/seanad/2022-09-27/debate/mul@/main.xml
2022-09-27,dail,debate,https://data.oireachtas.ie/akn/ie/debateRecord/dail/2022-09-27/debate/main,https://data.oireachtas.ie/akn/ie/debateRecord/dail/2022-09-27/debate/mul@/main.xml
2022-09-22,seanad,debate,https://data.oireachtas.ie/akn/ie/debateRecord/seanad/2022-09-22/debate/main,https://data.oireachtas.ie/akn/ie/debateRecord/seanad/2022-09-22/debate/mul@/main.xml
2022-09-22,dail,debate,https://data.oireachtas.ie/akn/ie/debateRecord/committee_of_public_accounts/2022-09-22/debate/main,https://data.oireachtas.ie/akn/ie/debateRecord/committee_of_public_accounts/2022-09-22/debate/mul@/main.xml
2022-09-22,dail,debate,https://data.oireachtas.ie/akn/ie/debateRecord/joint_committee_on_housing_local_government_and_heritage/2022-09-22/debate/main,https://data.oireachtas.ie/akn/ie/debateRecord/joint_committee_on_housing_local_government_and_heritage/2022-09-22/debate/mul@/main.xml
2022-09-22,dail,debate,https://data.oireachtas.ie/akn/ie/debateRecord/joint_committee_on_justice/2022-09-22/debate/main,https://data.oireachtas.ie/akn/ie/debateRecord/joint_committee_on_justice/2022-09-22/debate/mul@/main.xml
2022-09-22,dail,debate,https://data.oireachtas.ie/akn/ie/debateRecord/joint_committee_on_gender_equality/2022-09-22/debate/main,https://data.oireachtas.ie/akn/ie/debateRecord/joint_committee_on_gender_equality/2022-09-22/debate/mul@/main.xml
2022-09-22,dail,debate,https://data.oireachtas.ie/akn/ie/debateRecord/joint_committee_on_the_implementation_of_the_good_friday_agreement/2022-09-22/debate/main,https://data.oireachtas.ie/akn/ie/debateRecord/joint_committee_on_the_implementation_of_the_good_friday_agreement/2022-09-22/debate/mul@/main.xml
2022-09-22,dail,debate,https://data.oireachtas.ie/akn/ie/debateRecord/dail/2022-09-22/debate/main,https://data.oireachtas.ie/akn/ie/debateRecord/dail/2022-09-22/debate/mul@/main.xml
2022-09-21,dail,debate,https://data.oireachtas.ie/akn/ie/debateRecord/comhchoiste_na_gaeilge_na_gaeltachta_agus_phobal_labhartha_na_gaeilge/2022-09-21/debate/main,https://data.oireachtas.ie/akn/ie/debateRecord/comhchoiste_na_gaeilge_na_gaeltachta_agus_phobal_labhartha_na_gaeilge/2022-09-21/debate/mul@/main.xml
2022-09-21,seanad,debate,https://data.oireachtas.ie/akn/ie/debateRecord/seanad/2022-09-21/debate/main,https://data.oireachtas.ie/akn/ie/debateRecord/seanad/2022-09-21/debate/mul@/main.xml
2022-09-21,dail,debate,https://data.oireachtas.ie/akn/ie/debateRecord/joint_committee_on_agriculture_food_and_the_marine/2022-09-21/debate/main,https://data.oireachtas.ie/akn/ie/debateRecord/joint_committee_on_agriculture_food_and_the_marine/2022-09-21/debate/mul@/main.xml
2022-09-21,dail,debate,https://data.oireachtas.ie/akn/ie/debateRecord/joint_committee_on_education_further_and_higher_education_research_innovation_and_science/2022-09-21/debate/main,https://data.oireachtas.ie/akn/ie/debateRecord/joint_committee_on_education_further_and_higher_education_research_innovation_and_science/2022-09-21/debate/mul@/main.xml
2022-09-21,dail,debate,https://data.oireachtas.ie/akn/ie/debateRecord/joint_committee_on_european_union_affairs/2022-09-21/debate/main,https://data.oireachtas.ie/akn/ie/debateRecord/joint_committee_on_european_union_affairs/2022-09-21/debate/mul@/main.xml
2022-09-21,dail,debate,https://data.oireachtas.ie/akn/ie/debateRecord/joint_committee_on_finance_public_expenditure_and_reform_and_taoiseach/2022-09-21/debate/main,https://data.oireachtas.ie/akn/ie/debateRecord/joint_committee_on_finance_public_expenditure_and_reform_and_taoiseach/2022-09-21/debate/mul@/main.xml
2022-09-21,dail,debate,https://data.oireachtas.ie/akn/ie/debateRecord/joint_committee_on_health/2022-09-21/debate/main,https://data.oireachtas.ie/akn/ie/debateRecord/joint_committee_on_health/2022-09-21/debate/mul@/main.xml
2022-09-21,dail,debate,https://data.oireachtas.ie/akn/ie/debateRecord/joint_committee_on_social_protection_community_and_rural_development_and_the_islands/2022-09-21/debate/main,https://data.oireachtas.ie/akn/ie/debateRecord/joint_committee_on_social_protection_community_and_rural_development_and_the_islands/2022-09-21/debate/mul@/main.xml
2022-09-21,dail,debate,https://data.oireachtas.ie/akn/ie/debateRecord/joint_committee_on_transport_and_communications/2022-09-21/debate/main,https://data.oireachtas.ie/akn/ie/debateRecord/joint_committee_on_transport_and_communications/2022-09-21/debate/mul@/main.xml
2022-09-21,dail,debate,https://data.oireachtas.ie/akn/ie/debateRecord/dail/2022-09-21/debate/main,https://data.oireachtas.ie/akn/ie/debateRecord/dail/2022-09-21/debate/mul@/main.xml
2022-09-20,dail,debate,https://data.oireachtas.ie/akn/ie/debateRecord/joint_committee_on_environment_and_climate_action/2022-09-20/debate/main,https://data.oireachtas.ie/akn/ie/debateRecord/joint_committee_on_environment_and_climate_action/2022-09-20/debate/mul@/main.xml
2022-09-20,dail,debate,https://data.oireachtas.ie/akn/ie/debateRecord/joint_committee_on_children_equality_disability_integration_and_youth/2022-09-20/debate/main,https://data.oireachtas.ie/akn/ie/debateRecord/joint_committee_on_children_equality_disability_integration_and_youth/2022-09-20/debate/mul@/main.xml
2022-09-20,dail,debate,https://data.oireachtas.ie/akn/ie/debateRecord/joint_committee_on_disability_matters/2022-09-20/debate/main,https://data.oireachtas.ie/akn/ie/debateRecord/joint_committee_on_disability_matters/2022-09-20/debate/mul@/main.xml
2022-09-20,seanad,debate,https://data.oireachtas.ie/akn/ie/debateRecord/seanad/2022-09-20/debate/main,https://data.oireachtas.ie/akn/ie/debateRecord/seanad/2022-09-20/debate/mul@/main.xml
2022-09-20,dail,debate,https://data.oireachtas.ie/akn/ie/debateRecord/joint_committee_on_autism/2022-09-20/debate/main,https://data.oireachtas.ie/akn/ie/debateRecord/joint_committee_on_autism/2022-09-20/debate/mul@/main.xml
2022-09-20,dail,debate,https://data.oireachtas.ie/akn/ie/debateRecord/joint_committee_on_housing_local_government_and_heritage/2022-09-20/debate/main,https://data.oireachtas.ie/akn/ie/debateRecord/joint_committee_on_housing_local_government_and_heritage/2022-09-20/debate/mul@/main.xml
2022-09-20,dail,debate,https://data.oireachtas.ie/akn/ie/debateRecord/dail/2022-09-20/debate/main,https://data.oireachtas.ie/akn/ie/debateRecord/dail/2022-09-20/debate/mul@/main.xml
2022-09-15,seanad,debate,https://data.oireachtas.ie/akn/ie/debateRecord/seanad/2022-09-15/debate/main,https://data.oireachtas.ie/akn/ie/debateRecord/seanad/2022-09-15/debate/mul@/main.xml
2022-09-15,dail,debate,https://data.oireachtas.ie/akn/ie/debateRecord/committee_on_public_petitions/2022-09-15/debate/main,https://data.oireachtas.ie/akn/ie/debateRecord/committee_on_public_petitions/2022-09-15/debate/mul@/main.xml
2022-09-15,dail,debate,https://data.oireachtas.ie/akn/ie/debateRecord/joint_committee_on_gender_equality/2022-09-15/debate/main,https://data.oireachtas.ie/akn/ie/debateRecord/joint_committee_on_gender_equality/2022-09-15/debate/mul@/main.xml
2022-09-15,dail,debate,https://data.oireachtas.ie/akn/ie/debateRecord/committee_of_public_accounts/2022-09-15/debate/main,https://data.oireachtas.ie/akn/ie/debateRecord/committee_of_public_accounts/2022-09-15/debate/mul@/main.xml
2022-09-15,dail,debate,https://data.oireachtas.ie/akn/ie/debateRecord/dail/2022-09-15/debate/main,https://data.oireachtas.ie/akn/ie/debateRecord/dail/2022-09-15/debate/mul@/main.xml
2022-09-14,dail,debate,https://data.oireachtas.ie/akn/ie/debateRecord/comhchoiste_na_gaeilge_na_gaeltachta_agus_phobal_labhartha_na_gaeilge/2022-09-14/debate/main,https://data.oireachtas.ie/akn/ie/debateRecord/comhchoiste_na_gaeilge_na_gaeltachta_agus_phobal_labhartha_na_gaeilge/2022-09-14/debate/mul@/main.xml
2022-09-14,seanad,debate,https://data.oireachtas.ie/akn/ie/debateRecord/seanad/2022-09-14/debate/main,https://data.oireachtas.ie/akn/ie/debateRecord/seanad/2022-09-14/debate/mul@/main.xml
2022-09-14,dail,debate,https://data.oireachtas.ie/akn/ie/debateRecord/joint_committee_on_agriculture_food_and_the_marine/2022-09-14/debate/main,https://data.oireachtas.ie/akn/ie/debateRecord/joint_committee_on_agriculture_food_and_the_marine/2022-09-14/debate/mul@/main.xml
2022-09-14,dail,debate,https://data.oireachtas.ie/akn/ie/debateRecord/joint_committee_on_enterprise_trade_and_employment/2022-09-14/debate/main,https://data.oireachtas.ie/akn/ie/debateRecord/joint_committee_on_enterprise_trade_and_employment/2022-09-14/debate/mul@/main.xml
2022-09-14,dail,debate,https://data.oireachtas.ie/akn/ie/debateRecord/committee_on_budgetary_oversight/2022-09-14/debate/main,https://data.oireachtas.ie/akn/ie/debateRecord/committee_on_budgetary_oversight/2022-09-14/debate/mul@/main.xml
2022-09-14,dail,debate,https://data.oireachtas.ie/akn/ie/debateRecord/joint_committee_on_finance_public_expenditure_and_reform_and_taoiseach/2022-09-14/debate/main,https://data.oireachtas.ie/akn/ie/debateRecord/joint_committee_on_finance_public_expenditure_and_reform_and_taoiseach/2022-09-14/debate/mul@/main.xml
2022-09-14,dail,debate,https://data.oireachtas.ie/akn/ie/debateRecord/joint_committee_on_tourism_culture_arts_sport_and_media/2022-09-14/debate/main,https://data.oireachtas.ie/akn/ie/debateRecord/joint_committee_on_tourism_culture_arts_sport_and_media/2022-09-14/debate/mul@/main.xml
2022-09-14,dail,debate,https://data.oireachtas.ie/akn/ie/debateRecord/joint_committee_on_transport_and_communications/2022-09-14/debate/main,https://data.oireachtas.ie/akn/ie/debateRecord/joint_committee_on_transport_and_communications/2022-09-14/debate/mul@/main.xml
2022-09-14,dail,debate,https://data.oireachtas.ie/akn/ie/debateRecord/dail/2022-09-14/debate/main,https://data.oireachtas.ie/akn/ie/debateRecord/dail/2022-09-14/debate/mul@/main.xml
2022-09-13,dail,debate,https://data.oireachtas.ie/akn/ie/debateRecord/joint_committee_on_environment_and_climate_action/2022-09-13/debate/main,https://data.oireachtas.ie/akn/ie/debateRecord/joint_committee_on_environment_and_climate_action/2022-09-13/debate/mul@/main.xml
2022-09-08,dail,debate,https://data.oireachtas.ie/akn/ie/debateRecord/dail/2022-09-08/debate/main,https://data.oireachtas.ie/akn/ie/debateRecord/dail/2022-09-08/debate/mul@/main.xml
2022-09-07,dail,debate,https://data.oireachtas.ie/akn/ie/debateRecord/committee_on_budgetary_oversight/2022-09-07/debate/main,https://data.oireachtas.ie/akn/ie/debateRecord/committee_on_budgetary_oversight/2022-09-07/debate/mul@/main.xml
2022-08-30,dail,debate,https://data.oireachtas.ie/akn/ie/debateRecord/joint_committee_on_environment_and_climate_action/2022-08-30/debate/main,https://data.oireachtas.ie/akn/ie/debateRecord/joint_committee_on_environment_and_climate_action/2022-08-30/debate/mul@/main.xml
2022-07-26,dail,debate,https://data.oireachtas.ie/akn/ie/debateRecord/joint_committee_on_transport_and_communications/2022-07-26/debate/main,https://data.oireachtas.ie/akn/ie/debateRecord/joint_committee_on_transport_and_communications/2022-07-26/debate/mul@/main.xml
2022-07-26,dail,debate,https://data.oireachtas.ie/akn/ie/debateRecord/dail/2022-07-26/debate/main,https://data.oireachtas.ie/akn/ie/debateRecord/dail/2022-07-26/debate/mul@/main.xml
2022-07-20,dail,debate,https://data.oireachtas.ie/akn/ie/debateRecord/joint_committee_on_agriculture_food_and_the_marine/2022-07-20/debate/main,https://data.oireachtas.ie/akn/ie/debateRecord/joint_committee_on_agriculture_food_and_the_marine/2022-07-20/debate/mul@/main.xml
2022-07-14,dail,debate,https://data.oireachtas.ie/akn/ie/debateRecord/committee_of_public_accounts/2022-07-14/debate/main,https://data.oireachtas.ie/akn/ie/debateRecord/committee_of_public_accounts/2022-07-14/debate/mul@/main.xml
2022-07-14,dail,debate,https://data.oireachtas.ie/akn/ie/debateRecord/committee_on_budgetary_oversight/2022-07-14/debate/main,https://data.oireachtas.ie/akn/ie/debateRecord/committee_on_budgetary_oversight/2022-07-14/debate/mul@/main.xml
2022-07-14,dail,debate,https://data.oireachtas.ie/akn/ie/debateRecord/joint_committee_on_gender_equality/2022-07-14/debate/main,https://data.oireachtas.ie/akn/ie/debateRecord/joint_committee_on_gender_equality/2022-07-14/debate/mul@/main.xml
2022-07-14,dail,debate,https://data.oireachtas.ie/akn/ie/debateRecord/joint_committee_on_disability_matters/2022-07-14/debate/main,https://data.oireachtas.ie/akn/ie/debateRecord/joint_committee_on_disability_matters/2022-07-14/debate/mul@/main.xml
2022-07-14,seanad,debate,https://data.oireachtas.ie/akn/ie/debateRecord/seanad/2022-07-14/debate/main,https://data.oireachtas.ie/akn/ie/debateRecord/seanad/2022-07-14/debate/mul@/main.xml
2022-07-14,dail,debate,https://data.oireachtas.ie/akn/ie/debateRecord/dail/2022-07-14/debate/main,https://data.oireachtas.ie/akn/ie/debateRecord/dail/2022-07-14/debate/mul@/main.xml
2022-07-13,dail,debate,https://data.oireachtas.ie/akn/ie/debateRecord/joint_committee_on_european_union_affairs/2022-07-13/debate/main,https://data.oireachtas.ie/akn/ie/debateRecord/joint_committee_on_european_union_affairs/2022-07-13/debate/mul@/main.xml
2022-07-13,dail,debate,https://data.oireachtas.ie/akn/ie/debateRecord/joint_committee_on_transport_and_communications/2022-07-13/debate/main,https://data.oireachtas.ie/akn/ie/debateRecord/joint_committee_on_transport_and_communications/2022-07-13/debate/mul@/main.xml
2022-07-13,dail,debate,https://data.oireachtas.ie/akn/ie/debateRecord/joint_committee_on_agriculture_food_and_the_marine/2022-07-13/debate/main,https://data.oireachtas.ie/akn/ie/debateRecord/joint_committee_on_agriculture_food_and_the_marine/2022-07-13/debate/mul@/main.xml
2022-07-13,dail,debate,https://data.oireachtas.ie/akn/ie/debateRecord/joint_committee_on_enterprise_trade_and_employment/2022-07-13/debate/main,https://data.oireachtas.ie/akn/ie/debateRecord/joint_committee_on_enterprise_trade_and_employment/2022-07-13/debate/mul@/main.xml
2022-07-13,dail,debate,https://data.oireachtas.ie/akn/ie/debateRecord/joint_committee_on_finance_public_expenditure_and_reform_and_taoiseach/2022-07-13/debate/main,https://data.oireachtas.ie/akn/ie/debateRecord/joint_committee_on_finance_public_expenditure_and_reform_and_taoiseach/2022-07-13/debate/mul@/main.xml
2022-07-13,dail,debate,https://data.oireachtas.ie/akn/ie/debateRecord/joint_committee_on_health/2022-07-13/debate/main,https://data.oireachtas.ie/akn/ie/debateRecord/joint_committee_on_health/2022-07-13/debate/mul@/main.xml
2022-07-13,dail,debate,https://data.oireachtas.ie/akn/ie/debateRecord/joint_committee_on_tourism_culture_arts_sport_and_media/2022-07-13/debate/main,https://data.oireachtas.ie/akn/ie/debateRecord/joint_committee_on_tourism_culture_arts_sport_and_media/2022-07-13/debate/mul@/main.xml
2022-07-13,dail,debate,https://data.oireachtas.ie/akn/ie/debateRecord/comhchoiste_na_gaeilge_na_gaeltachta_agus_phobal_labhartha_na_gaeilge/2022-07-13/debate/main,https://data.oireachtas.ie/akn/ie/debateRecord/comhchoiste_na_gaeilge_na_gaeltachta_agus_phobal_labhartha_na_gaeilge/2022-07-13/debate/mul@/main.xml
2022-07-13,seanad,debate,https://data.oireachtas.ie/akn/ie/debateRecord/seanad/2022-07-13/debate/main,https://data.oireachtas.ie/akn/ie/debateRecord/seanad/2022-07-13/debate/mul@/main.xml
2022-07-13,dail,debate,https://data.oireachtas.ie/akn/ie/debateRecord/dail/2022-07-13/debate/main,https://data.oireachtas.ie/akn/ie/debateRecord/dail/2022-07-13/debate/mul@/main.xml
2022-07-12,dail,debate,https://data.oireachtas.ie/akn/ie/debateRecord/joint_committee_on_autism/2022-07-12/debate/main,https://data.oireachtas.ie/akn/ie/debateRecord/joint_committee_on_autism/2022-07-12/debate/mul@/main.xml
2022-07-12,dail,debate,https://data.oireachtas.ie/akn/ie/debateRecord/select_committee_on_environment_and_climate_action/2022-07-12/debate/main,https://data.oireachtas.ie/akn/ie/debateRecord/select_committee_on_environment_and_climate_action/2022-07-12/debate/mul@/main.xml
2022-07-12,dail,debate,https://data.oireachtas.ie/akn/ie/debateRecord/joint_committee_on_foreign_affairs_and_defence/2022-07-12/debate/main,https://data.oireachtas.ie/akn/ie/debateRecord/joint_committee_on_foreign_affairs_and_defence/2022-07-12/debate/mul@/main.xml
2022-07-12,dail,debate,https://data.oireachtas.ie/akn/ie/debateRecord/joint_committee_on_housing_local_government_and_heritage/2022-07-12/debate/main,https://data.oireachtas.ie/akn/ie/debateRecord/joint_committee_on_housing_local_government_and_heritage/2022-07-12/debate/mul@/main.xml
2022-07-12,dail,debate,https://data.oireachtas.ie/akn/ie/debateRecord/joint_committee_on_justice/2022-07-12/debate/main,https://data.oireachtas.ie/akn/ie/debateRecord/joint_committee_on_justice/2022-07-12/debate/mul@/main.xml
2022-07-12,seanad,debate,https://data.oireachtas.ie/akn/ie/debateRecord/seanad/2022-07-12/debate/main,https://data.oireachtas.ie/akn/ie/debateRecord/seanad/2022-07-12/debate/mul@/main.xml
2022-07-12,dail,debate,https://data.oireachtas.ie/akn/ie/debateRecord/dail/2022-07-12/debate/main,https://data.oireachtas.ie/akn/ie/debateRecord/dail/2022-07-12/debate/mul@/main.xml
2022-07-11,seanad,debate,https://data.oireachtas.ie/akn/ie/debateRecord/seanad/2022-07-11/debate/main,https://data.oireachtas.ie/akn/ie/debateRecord/seanad/2022-07-11/debate/mul@/main.xml
2022-07-07,dail,debate,https://data.oireachtas.ie/akn/ie/debateRecord/committee_on_public_petitions/2022-07-07/debate/main,https://data.oireachtas.ie/akn/ie/debateRecord/committee_on_public_petitions/2022-07-07/debate/mul@/main.xml
2022-07-07,dail,debate,https://data.oireachtas.ie/akn/ie/debateRecord/joint_committee_on_disability_matters/2022-07-07/debate/main,https://data.oireachtas.ie/akn/ie/debateRecord/joint_committee_on_disability_matters/2022-07-07/debate/mul@/main.xml
2022-07-07,dail,debate,https://data.oireachtas.ie/akn/ie/debateRecord/joint_committee_on_the_implementation_of_the_good_friday_agreement/2022-07-07/debate/main,https://data.oireachtas.ie/akn/ie/debateRecord/joint_committee_on_the_implementation_of_the_good_friday_agreement/2022-07-07/debate/mul@/main.xml
2022-07-07,dail,debate,https://data.oireachtas.ie/akn/ie/debateRecord/committee_of_public_accounts/2022-07-07/debate/main,https://data.oireachtas.ie/akn/ie/debateRecord/committee_of_public_accounts/2022-07-07/debate/mul@/main.xml
2022-07-07,seanad,debate,https://data.oireachtas.ie/akn/ie/debateRecord/seanad/2022-07-07/debate/main,https://data.oireachtas.ie/akn/ie/debateRecord/seanad/2022-07-07/debate/mul@/main.xml
2022-07-07,dail,debate,https://data.oireachtas.ie/akn/ie/debateRecord/dail/2022-07-07/debate/main,https://data.oireachtas.ie/akn/ie/debateRecord/dail/2022-07-07/debate/mul@/main.xml
2022-07-06,dail,debate,https://data.oireachtas.ie/akn/ie/debateRecord/committee_on_budgetary_oversight/2022-07-06/debate/main,https://data.oireachtas.ie/akn/ie/debateRecord/committee_on_budgetary_oversight/2022-07-06/debate/mul@/main.xml
2022-07-06,dail,debate,https://data.oireachtas.ie/akn/ie/debateRecord/joint_committee_on_agriculture_food_and_the_marine/2022-07-06/debate/main,https://data.oireachtas.ie/akn/ie/debateRecord/joint_committee_on_agriculture_food_and_the_marine/2022-07-06/debate/mul@/main.xml
2022-07-06,dail,debate,https://data.oireachtas.ie/akn/ie/debateRecord/joint_committee_on_enterprise_trade_and_employment/2022-07-06/debate/main,https://data.oireachtas.ie/akn/ie/debateRecord/joint_committee_on_enterprise_trade_and_employment/2022-07-06/debate/mul@/main.xml
2022-07-06,dail,debate,https://data.oireachtas.ie/akn/ie/debateRecord/joint_committee_on_european_union_affairs/2022-07-06/debate/main,https://data.oireachtas.ie/akn/ie/debateRecord/joint_committee_on_european_union_affairs/2022-07-06/debate/mul@/main.xml
2022-07-06,dail,debate,https://data.oireachtas.ie/akn/ie/debateRecord/joint_committee_on_health/2022-07-06/debate/main,https://data.oireachtas.ie/akn/ie/debateRecord/joint_committee_on_health/2022-07-06/debate/mul@/main.xml
2022-07-06,dail,debate,https://data.oireachtas.ie/akn/ie/debateRecord/joint_committee_on_social_protection_community_and_rural_development_and_the_islands/2022-07-06/debate/main,https://data.oireachtas.ie/akn/ie/debateRecord/joint_committee_on_social_protection_community_and_rural_development_and_the_islands/2022-07-06/debate/mul@/main.xml
2022-07-06,dail,debate,https://data.oireachtas.ie/akn/ie/debateRecord/select_committee_on_transport_and_communications/2022-07-06/debate/main,https://data.oireachtas.ie/akn/ie/debateRecord/select_committee_on_transport_and_communications/2022-07-06/debate/mul@/main.xml
2022-07-06,dail,debate,https://data.oireachtas.ie/akn/ie/debateRecord/comhchoiste_na_gaeilge_na_gaeltachta_agus_phobal_labhartha_na_gaeilge/2022-07-06/debate/main,https://data.oireachtas.ie/akn/ie/debateRecord/comhchoiste_na_gaeilge_na_gaeltachta_agus_phobal_labhartha_na_gaeilge/2022-07-06/debate/mul@/main.xml
2022-07-06,seanad,debate,https://data.oireachtas.ie/akn/ie/debateRecord/seanad/2022-07-06/debate/main,https://data.oireachtas.ie/akn/ie/debateRecord/seanad/2022-07-06/debate/mul@/main.xml
2022-07-06,dail,debate,https://data.oireachtas.ie/akn/ie/debateRecord/dail/2022-07-06/debate/main,https://data.oireachtas.ie/akn/ie/debateRecord/dail/2022-07-06/debate/mul@/main.xml
2022-07-05,dail,debate,https://data.oireachtas.ie/akn/ie/debateRecord/joint_committee_on_housing_local_government_and_heritage/2022-07-05/debate/main,https://data.oireachtas.ie/akn/ie/debateRecord/joint_committee_on_housing_local_government_and_heritage/2022-07-05/debate/mul@/main.xml
2022-07-05,dail,debate,https://data.oireachtas.ie/akn/ie/debateRecord/joint_committee_on_autism/2022-07-05/debate/main,https://data.oireachtas.ie/akn/ie/debateRecord/joint_committee_on_autism/2022-07-05/debate/mul@/main.xml
2022-07-05,dail,debate,https://data.oireachtas.ie/akn/ie/debateRecord/joint_committee_on_environment_and_climate_action/2022-07-05/debate/main,https://data.oireachtas.ie/akn/ie/debateRecord/joint_committee_on_environment_and_climate_action/2022-07-05/debate/mul@/main.xml
2022-07-05,dail,debate,https://data.oireachtas.ie/akn/ie/debateRecord/joint_committee_on_education_further_and_higher_education_research_innovation_and_science/2022-07-05/debate/main,https://data.oireachtas.ie/akn/ie/debateRecord/joint_committee_on_education_further_and_higher_education_research_innovation_and_science/2022-07-05/debate/mul@/main.xml
2022-07-05,seanad,debate,https://data.oireachtas.ie/akn/ie/debateRecord/seanad/2022-07-05/debate/main,https://data.oireachtas.ie/akn/ie/debateRecord/seanad/2022-07-05/debate/mul@/main.xml
2022-07-05,dail,debate,https://data.oireachtas.ie/akn/ie/debateRecord/dail/2022-07-05/debate/main,https://data.oireachtas.ie/akn/ie/debateRecord/dail/2022-07-05/debate/mul@/main.xml
2022-07-01,dail,debate,https://data.oireachtas.ie/akn/ie/debateRecord/dail/2022-07-01/debate/main,https://data.oireachtas.ie/akn/ie/debateRecord/dail/2022-07-01/debate/mul@/main.xml
2022-06-30,dail,debate,https://data.oireachtas.ie/akn/ie/debateRecord/joint_committee_on_gender_equality/2022-06-30/debate/main,https://data.oireachtas.ie/akn/ie/debateRecord/joint_committee_on_gender_equality/2022-06-30/debate/mul@/main.xml
2022-06-30,dail,debate,https://data.oireachtas.ie/akn/ie/debateRecord/joint_committee_on_transport_and_communications/2022-06-30/debate/main,https://data.oireachtas.ie/akn/ie/debateRecord/joint_committee_on_transport_and_communications/2022-06-30/debate/mul@/main.xml
2022-06-30,dail,debate,https://data.oireachtas.ie/akn/ie/debateRecord/committee_of_public_accounts/2022-06-30/debate/main,https://data.oireachtas.ie/akn/ie/debateRecord/committee_of_public_accounts/2022-06-30/debate/mul@/main.xml
2022-06-30,dail,debate,https://data.oireachtas.ie/akn/ie/debateRecord/joint_committee_on_the_implementation_of_the_good_friday_agreement/2022-06-30/debate/main,https://data.oireachtas.ie/akn/ie/debateRecord/joint_committee_on_the_implementation_of_the_good_friday_agreement/2022-06-30/debate/mul@/main.xml
2022-06-30,dail,debate,https://data.oireachtas.ie/akn/ie/debateRecord/joint_committee_on_justice/2022-06-30/debate/main,https://data.oireachtas.ie/akn/ie/debateRecord/joint_committee_on_justice/2022-06-30/debate/mul@/main.xml
2022-06-30,seanad,debate,https://data.oireachtas.ie/akn/ie/debateRecord/seanad/2022-06-30/debate/main,https://data.oireachtas.ie/akn/ie/debateRecord/seanad/2022-06-30/debate/mul@/main.xml
2022-06-30,dail,debate,https://data.oireachtas.ie/akn/ie/debateRecord/dail/2022-06-30/debate/main,https://data.oireachtas.ie/akn/ie/debateRecord/dail/2022-06-30/debate/mul@/main.xml
2022-06-30,dail,debate,https://data.oireachtas.ie/akn/ie/debateRecord/select_committee_on_foreign_affairs_and_defence/2022-06-30/debate/main,https://data.oireachtas.ie/akn/ie/debateRecord/select_committee_on_foreign_affairs_and_defence/2022-06-30/debate/mul@/main.xml
2022-06-29,dail,debate,https://data.oireachtas.ie/akn/ie/debateRecord/joint_committee_on_european_union_affairs/2022-06-29/debate/main,https://data.oireachtas.ie/akn/ie/debateRecord/joint_committee_on_european_union_affairs/2022-06-29/debate/mul@/main.xml
2022-06-29,dail,debate,https://data.oireachtas.ie/akn/ie/debateRecord/joint_committee_on_agriculture_food_and_the_marine/2022-06-29/debate/main,https://data.oireachtas.ie/akn/ie/debateRecord/joint_committee_on_agriculture_food_and_the_marine/2022-06-29/debate/mul@/main.xml
2022-06-29,dail,debate,https://data.oireachtas.ie/akn/ie/debateRecord/joint_committee_on_enterprise_trade_and_employment/2022-06-29/debate/main,https://data.oireachtas.ie/akn/ie/debateRecord/joint_committee_on_enterprise_trade_and_employment/2022-06-29/debate/mul@/main.xml
2022-06-29,dail,debate,https://data.oireachtas.ie/akn/ie/debateRecord/comhchoiste_na_gaeilge_na_gaeltachta_agus_phobal_labhartha_na_gaeilge/2022-06-29/debate/main,https://data.oireachtas.ie/akn/ie/debateRecord/comhchoiste_na_gaeilge_na_gaeltachta_agus_phobal_labhartha_na_gaeilge/2022-06-29/debate/mul@/main.xml
2022-06-29,dail,debate,https://data.oireachtas.ie/akn/ie/debateRecord/joint_committee_on_transport_and_communications/2022-06-29/debate/main,https://data.oireachtas.ie/akn/ie/debateRecord/joint_committee_on_transport_and_communications/2022-06-29/debate/mul@/main.xml
2022-06-29,seanad,debate,https://data.oireachtas.ie/akn/ie/debateRecord/seanad/2022-06-29/debate/main,https://data.oireachtas.ie/akn/ie/debateRecord/seanad/2022-06-29/debate/mul@/main.xml
2022-06-29,dail,debate,https://data.oireachtas.ie/akn/ie/debateRecord/joint_committee_on_tourism_culture_arts_sport_and_media/2022-06-29/debate/main,https://data.oireachtas.ie/akn/ie/debateRecord/joint_committee_on_tourism_culture_arts_sport_and_media/2022-06-29/debate/mul@/main.xml
2022-06-29,dail,debate,https://data.oireachtas.ie/akn/ie/debateRecord/dail/2022-06-29/debate/main,https://data.oireachtas.ie/akn/ie/debateRecord/dail/2022-06-29/debate/mul@/main.xml
2022-06-29,dail,debate,https://data.oireachtas.ie/akn/ie/debateRecord/select_committee_on_finance_public_expenditure_and_reform_and_taoiseach/2022-06-29/debate/main,https://data.oireachtas.ie/akn/ie/debateRecord/select_committee_on_finance_public_expenditure_and_reform_and_taoiseach/2022-06-29/debate/mul@/main.xml
2022-06-29,dail,debate,https://data.oireachtas.ie/akn/ie/debateRecord/joint_committee_on_health/2022-06-29/debate/main,https://data.oireachtas.ie/akn/ie/debateRecord/joint_committee_on_health/2022-06-29/debate/mul@/main.xml
2022-06-28,dail,debate,https://data.oireachtas.ie/akn/ie/debateRecord/joint_committee_on_autism/2022-06-28/debate/main,https://data.oireachtas.ie/akn/ie/debateRecord/joint_committee_on_autism/2022-06-28/debate/mul@/main.xml
2022-06-28,dail,debate,https://data.oireachtas.ie/akn/ie/debateRecord/joint_committee_on_environment_and_climate_action/2022-06-28/debate/main,https://data.oireachtas.ie/akn/ie/debateRecord/joint_committee_on_environment_and_climate_action/2022-06-28/debate/mul@/main.xml
2022-06-28,dail,debate,https://data.oireachtas.ie/akn/ie/debateRecord/joint_sub_committee_on_mental_health/2022-06-28/debate/main,https://data.oireachtas.ie/akn/ie/debateRecord/joint_sub_committee_on_mental_health/2022-06-28/debate/mul@/main.xml
2022-06-28,dail,debate,https://data.oireachtas.ie/akn/ie/debateRecord/joint_committee_on_housing_local_government_and_heritage/2022-06-28/debate/main,https://data.oireachtas.ie/akn/ie/debateRecord/joint_committee_on_housing_local_government_and_heritage/2022-06-28/debate/mul@/main.xml
2022-06-28,dail,debate,https://data.oireachtas.ie/akn/ie/debateRecord/joint_committee_on_foreign_affairs_and_defence/2022-06-28/debate/main,https://data.oireachtas.ie/akn/ie/debateRecord/joint_committee_on_foreign_affairs_and_defence/2022-06-28/debate/mul@/main.xml
2022-06-28,dail,debate,https://data.oireachtas.ie/akn/ie/debateRecord/select_committee_on_education_further_and_higher_education_research_innovation_and_science/2022-06-28/debate/main,https://data.oireachtas.ie/akn/ie/debateRecord/select_committee_on_education_further_and_higher_education_research_innovation_and_science/2022-06-28/debate/mul@/main.xml
2022-06-28,dail,debate,https://data.oireachtas.ie/akn/ie/debateRecord/select_committee_on_justice/2022-06-28/debate/main,https://data.oireachtas.ie/akn/ie/debateRecord/select_committee_on_justice/2022-06-28/debate/mul@/main.xml
2022-06-28,dail,debate,https://data.oireachtas.ie/akn/ie/debateRecord/joint_committee_on_transport_and_communications/2022-06-28/debate/main,https://data.oireachtas.ie/akn/ie/debateRecord/joint_committee_on_transport_and_communications/2022-06-28/debate/mul@/main.xml
2022-06-28,seanad,debate,https://data.oireachtas.ie/akn/ie/debateRecord/seanad/2022-06-28/debate/main,https://data.oireachtas.ie/akn/ie/debateRecord/seanad/2022-06-28/debate/mul@/main.xml
2022-06-28,dail,debate,https://data.oireachtas.ie/akn/ie/debateRecord/joint_committee_on_education_further_and_higher_education_research_innovation_and_science/2022-06-28/debate/main,https://data.oireachtas.ie/akn/ie/debateRecord/joint_committee_on_education_further_and_higher_education_research_innovation_and_science/2022-06-28/debate/mul@/main.xml
2022-06-28,dail,debate,https://data.oireachtas.ie/akn/ie/debateRecord/dail/2022-06-28/debate/main,https://data.oireachtas.ie/akn/ie/debateRecord/dail/2022-06-28/debate/mul@/main.xml
2022-06-23,dail,debate,https://data.oireachtas.ie/akn/ie/debateRecord/joint_committee_on_disability_matters/2022-06-23/debate/main,https://data.oireachtas.ie/akn/ie/debateRecord/joint_committee_on_disability_matters/2022-06-23/debate/mul@/main.xml
2022-06-23,dail,debate,https://data.oireachtas.ie/akn/ie/debateRecord/committee_of_public_accounts/2022-06-23/debate/main,https://data.oireachtas.ie/akn/ie/debateRecord/committee_of_public_accounts/2022-06-23/debate/mul@/main.xml
2022-06-23,dail,debate,https://data.oireachtas.ie/akn/ie/debateRecord/committee_on_public_petitions/2022-06-23/debate/main,https://data.oireachtas.ie/akn/ie/debateRecord/committee_on_public_petitions/2022-06-23/debate/mul@/main.xml
2022-06-23,dail,debate,https://data.oireachtas.ie/akn/ie/debateRecord/joint_committee_on_gender_equality/2022-06-23/debate/main,https://data.oireachtas.ie/akn/ie/debateRecord/joint_committee_on_gender_equality/2022-06-23/debate/mul@/main.xml
2022-06-23,dail,debate,https://data.oireachtas.ie/akn/ie/debateRecord/joint_committee_on_housing_local_government_and_heritage/2022-06-23/debate/main,https://data.oireachtas.ie/akn/ie/debateRecord/joint_committee_on_housing_local_government_and_heritage/2022-06-23/debate/mul@/main.xml
2022-06-23,seanad,debate,https://data.oireachtas.ie/akn/ie/debateRecord/seanad/2022-06-23/debate/main,https://data.oireachtas.ie/akn/ie/debateRecord/seanad/2022-06-23/debate/mul@/main.xml
2022-06-23,dail,debate,https://data.oireachtas.ie/akn/ie/debateRecord/dail/2022-06-23/debate/main,https://data.oireachtas.ie/akn/ie/debateRecord/dail/2022-06-23/debate/mul@/main.xml
2022-06-22,dail,debate,https://data.oireachtas.ie/akn/ie/debateRecord/joint_committee_on_agriculture_food_and_the_marine/2022-06-22/debate/main,https://data.oireachtas.ie/akn/ie/debateRecord/joint_committee_on_agriculture_food_and_the_marine/2022-06-22/debate/mul@/main.xml
2022-06-22,dail,debate,https://data.oireachtas.ie/akn/ie/debateRecord/joint_committee_on_finance_public_expenditure_and_reform_and_taoiseach/2022-06-22/debate/main,https://data.oireachtas.ie/akn/ie/debateRecord/joint_committee_on_finance_public_expenditure_and_reform_and_taoiseach/2022-06-22/debate/mul@/main.xml
2022-06-22,dail,debate,https://data.oireachtas.ie/akn/ie/debateRecord/joint_committee_on_health/2022-06-22/debate/main,https://data.oireachtas.ie/akn/ie/debateRecord/joint_committee_on_health/2022-06-22/debate/mul@/main.xml
2022-06-22,dail,debate,https://data.oireachtas.ie/akn/ie/debateRecord/comhchoiste_na_gaeilge_na_gaeltachta_agus_phobal_labhartha_na_gaeilge/2022-06-22/debate/main,https://data.oireachtas.ie/akn/ie/debateRecord/comhchoiste_na_gaeilge_na_gaeltachta_agus_phobal_labhartha_na_gaeilge/2022-06-22/debate/mul@/main.xml
2022-06-22,dail,debate,https://data.oireachtas.ie/akn/ie/debateRecord/select_committee_on_transport_and_communications/2022-06-22/debate/main,https://data.oireachtas.ie/akn/ie/debateRecord/select_committee_on_transport_and_communications/2022-06-22/debate/mul@/main.xml
2022-06-22,seanad,debate,https://data.oireachtas.ie/akn/ie/debateRecord/seanad/2022-06-22/debate/main,https://data.oireachtas.ie/akn/ie/debateRecord/seanad/2022-06-22/debate/mul@/main.xml
2022-06-22,dail,debate,https://data.oireachtas.ie/akn/ie/debateRecord/committee_on_budgetary_oversight/2022-06-22/debate/main,https://data.oireachtas.ie/akn/ie/debateRecord/committee_on_budgetary_oversight/2022-06-22/debate/mul@/main.xml
2022-06-22,dail,debate,https://data.oireachtas.ie/akn/ie/debateRecord/dail/2022-06-22/debate/main,https://data.oireachtas.ie/akn/ie/debateRecord/dail/2022-06-22/debate/mul@/main.xml
2022-06-22,dail,debate,https://data.oireachtas.ie/akn/ie/debateRecord/joint_committee_on_enterprise_trade_and_employment/2022-06-22/debate/main,https://data.oireachtas.ie/akn/ie/debateRecord/joint_committee_on_enterprise_trade_and_employment/2022-06-22/debate/mul@/main.xml
2022-06-21,dail,debate,https://data.oireachtas.ie/akn/ie/debateRecord/joint_committee_on_education_further_and_higher_education_research_innovation_and_science/2022-06-21/debate/main,https://data.oireachtas.ie/akn/ie/debateRecord/joint_committee_on_education_further_and_higher_education_research_innovation_and_science/2022-06-21/debate/mul@/main.xml
2022-06-21,dail,debate,https://data.oireachtas.ie/akn/ie/debateRecord/joint_committee_on_foreign_affairs_and_defence/2022-06-21/debate/main,https://data.oireachtas.ie/akn/ie/debateRecord/joint_committee_on_foreign_affairs_and_defence/2022-06-21/debate/mul@/main.xml
2022-06-21,dail,debate,https://data.oireachtas.ie/akn/ie/debateRecord/joint_committee_on_housing_local_government_and_heritage/2022-06-21/debate/main,https://data.oireachtas.ie/akn/ie/debateRecord/joint_committee_on_housing_local_government_and_heritage/2022-06-21/debate/mul@/main.xml
2022-06-21,dail,debate,https://data.oireachtas.ie/akn/ie/debateRecord/joint_committee_on_justice/2022-06-21/debate/main,https://data.oireachtas.ie/akn/ie/debateRecord/joint_committee_on_justice/2022-06-21/debate/mul@/main.xml
2022-06-21,seanad,debate,https://data.oireachtas.ie/akn/ie/debateRecord/seanad/2022-06-21/debate/main,https://data.oireachtas.ie/akn/ie/debateRecord/seanad/2022-06-21/debate/mul@/main.xml
2022-06-21,dail,debate,https://data.oireachtas.ie/akn/ie/debateRecord/dail/2022-06-21/debate/main,https://data.oireachtas.ie/akn/ie/debateRecord/dail/2022-06-21/debate/mul@/main.xml
2022-06-16,dail,debate,https://data.oireachtas.ie/akn/ie/debateRecord/committee_of_public_accounts/2022-06-16/debate/main,https://data.oireachtas.ie/akn/ie/debateRecord/committee_of_public_accounts/2022-06-16/debate/mul@/main.xml
2022-06-16,dail,debate,https://data.oireachtas.ie/akn/ie/debateRecord/joint_committee_on_gender_equality/2022-06-16/debate/main,https://data.oireachtas.ie/akn/ie/debateRecord/joint_committee_on_gender_equality/2022-06-16/debate/mul@/main.xml
2022-06-16,seanad,debate,https://data.oireachtas.ie/akn/ie/debateRecord/seanad/2022-06-16/debate/main,https://data.oireachtas.ie/akn/ie/debateRecord/seanad/2022-06-16/debate/mul@/main.xml
2022-06-16,dail,debate,https://data.oireachtas.ie/akn/ie/debateRecord/dail/2022-06-16/debate/main,https://data.oireachtas.ie/akn/ie/debateRecord/dail/2022-06-16/debate/mul@/main.xml
2022-06-15,dail,debate,https://data.oireachtas.ie/akn/ie/debateRecord/comhchoiste_na_gaeilge_na_gaeltachta_agus_phobal_labhartha_na_gaeilge/2022-06-15/debate/main,https://data.oireachtas.ie/akn/ie/debateRecord/comhchoiste_na_gaeilge_na_gaeltachta_agus_phobal_labhartha_na_gaeilge/2022-06-15/debate/mul@/main.xml
2022-06-15,dail,debate,https://data.oireachtas.ie/akn/ie/debateRecord/joint_committee_on_agriculture_food_and_the_marine/2022-06-15/debate/main,https://data.oireachtas.ie/akn/ie/debateRecord/joint_committee_on_agriculture_food_and_the_marine/2022-06-15/debate/mul@/main.xml
2022-06-15,dail,debate,https://data.oireachtas.ie/akn/ie/debateRecord/joint_committee_on_enterprise_trade_and_employment/2022-06-15/debate/main,https://data.oireachtas.ie/akn/ie/debateRecord/joint_committee_on_enterprise_trade_and_employment/2022-06-15/debate/mul@/main.xml
2022-06-15,dail,debate,https://data.oireachtas.ie/akn/ie/debateRecord/joint_committee_on_european_union_affairs/2022-06-15/debate/main,https://data.oireachtas.ie/akn/ie/debateRecord/joint_committee_on_european_union_affairs/2022-06-15/debate/mul@/main.xml
2022-06-15,dail,debate,https://data.oireachtas.ie/akn/ie/debateRecord/joint_committee_on_finance_public_expenditure_and_reform_and_taoiseach/2022-06-15/debate/main,https://data.oireachtas.ie/akn/ie/debateRecord/joint_committee_on_finance_public_expenditure_and_reform_and_taoiseach/2022-06-15/debate/mul@/main.xml
2022-06-15,dail,debate,https://data.oireachtas.ie/akn/ie/debateRecord/joint_committee_on_health/2022-06-15/debate/main,https://data.oireachtas.ie/akn/ie/debateRecord/joint_committee_on_health/2022-06-15/debate/mul@/main.xml
2022-06-15,dail,debate,https://data.oireachtas.ie/akn/ie/debateRecord/joint_committee_on_social_protection_community_and_rural_development_and_the_islands/2022-06-15/debate/main,https://data.oireachtas.ie/akn/ie/debateRecord/joint_committee_on_social_protection_community_and_rural_development_and_the_islands/2022-06-15/debate/mul@/main.xml
2022-06-15,dail,debate,https://data.oireachtas.ie/akn/ie/debateRecord/joint_committee_on_tourism_culture_arts_sport_and_media/2022-06-15/debate/main,https://data.oireachtas.ie/akn/ie/debateRecord/joint_committee_on_tourism_culture_arts_sport_and_media/2022-06-15/debate/mul@/main.xml
2022-06-15,dail,debate,https://data.oireachtas.ie/akn/ie/debateRecord/joint_committee_on_transport_and_communications/2022-06-15/debate/main,https://data.oireachtas.ie/akn/ie/debateRecord/joint_committee_on_transport_and_communications/2022-06-15/debate/mul@/main.xml
2022-06-15,seanad,debate,https://data.oireachtas.ie/akn/ie/debateRecord/seanad/2022-06-15/debate/main,https://data.oireachtas.ie/akn/ie/debateRecord/seanad/2022-06-15/debate/mul@/main.xml
2022-06-15,dail,debate,https://data.oireachtas.ie/akn/ie/debateRecord/dail/2022-06-15/debate/main,https://data.oireachtas.ie/akn/ie/debateRecord/dail/2022-06-15/debate/mul@/main.xml
2022-06-14,dail,debate,https://data.oireachtas.ie/akn/ie/debateRecord/joint_committee_on_environment_and_climate_action/2022-06-14/debate/main,https://data.oireachtas.ie/akn/ie/debateRecord/joint_committee_on_environment_and_climate_action/2022-06-14/debate/mul@/main.xml
2022-06-14,dail,debate,https://data.oireachtas.ie/akn/ie/debateRecord/joint_committee_on_education_further_and_higher_education_research_innovation_and_science/2022-06-14/debate/main,https://data.oireachtas.ie/akn/ie/debateRecord/joint_committee_on_education_further_and_higher_education_research_innovation_and_science/2022-06-14/debate/mul@/main.xml
2022-06-14,dail,debate,https://data.oireachtas.ie/akn/ie/debateRecord/joint_sub_committee_on_mental_health/2022-06-14/debate/main,https://data.oireachtas.ie/akn/ie/debateRecord/joint_sub_committee_on_mental_health/2022-06-14/debate/mul@/main.xml
2022-06-14,dail,debate,https://data.oireachtas.ie/akn/ie/debateRecord/joint_committee_on_housing_local_government_and_heritage/2022-06-14/debate/main,https://data.oireachtas.ie/akn/ie/debateRecord/joint_committee_on_housing_local_government_and_heritage/2022-06-14/debate/mul@/main.xml
2022-06-14,dail,debate,https://data.oireachtas.ie/akn/ie/debateRecord/select_committee_on_children_equality_disability_integration_and_youth/2022-06-14/debate/main,https://data.oireachtas.ie/akn/ie/debateRecord/select_committee_on_children_equality_disability_integration_and_youth/2022-06-14/debate/mul@/main.xml
2022-06-14,dail,debate,https://data.oireachtas.ie/akn/ie/debateRecord/joint_committee_on_foreign_affairs_and_defence/2022-06-14/debate/main,https://data.oireachtas.ie/akn/ie/debateRecord/joint_committee_on_foreign_affairs_and_defence/2022-06-14/debate/mul@/main.xml
2022-06-14,seanad,debate,https://data.oireachtas.ie/akn/ie/debateRecord/seanad/2022-06-14/debate/main,https://data.oireachtas.ie/akn/ie/debateRecord/seanad/2022-06-14/debate/mul@/main.xml
2022-06-14,dail,debate,https://data.oireachtas.ie/akn/ie/debateRecord/dail/2022-06-14/debate/main,https://data.oireachtas.ie/akn/ie/debateRecord/dail/2022-06-14/debate/mul@/main.xml
2022-06-09,dail,debate,https://data.oireachtas.ie/akn/ie/debateRecord/joint_committee_on_international_surrogacy/2022-06-09/debate/main,https://data.oireachtas.ie/akn/ie/debateRecord/joint_committee_on_international_surrogacy/2022-06-09/debate/mul@/main.xml
2022-06-03,dail,debate,https://data.oireachtas.ie/akn/ie/debateRecord/joint_committee_on_environment_and_climate_action/2022-06-03/debate/main,https://data.oireachtas.ie/akn/ie/debateRecord/joint_committee_on_environment_and_climate_action/2022-06-03/debate/mul@/main.xml
2022-06-02,dail,debate,https://data.oireachtas.ie/akn/ie/debateRecord/committee_of_public_accounts/2022-06-02/debate/main,https://data.oireachtas.ie/akn/ie/debateRecord/committee_of_public_accounts/2022-06-02/debate/mul@/main.xml
2022-06-02,dail,debate,https://data.oireachtas.ie/akn/ie/debateRecord/joint_committee_on_environment_and_climate_action/2022-06-02/debate/main,https://data.oireachtas.ie/akn/ie/debateRecord/joint_committee_on_environment_and_climate_action/2022-06-02/debate/mul@/main.xml
2022-06-02,dail,debate,https://data.oireachtas.ie/akn/ie/debateRecord/joint_committee_on_gender_equality/2022-06-02/debate/main,https://data.oireachtas.ie/akn/ie/debateRecord/joint_committee_on_gender_equality/2022-06-02/debate/mul@/main.xml
2022-06-02,dail,debate,https://data.oireachtas.ie/akn/ie/debateRecord/joint_committee_on_the_implementation_of_the_good_friday_agreement/2022-06-02/debate/main,https://data.oireachtas.ie/akn/ie/debateRecord/joint_committee_on_the_implementation_of_the_good_friday_agreement/2022-06-02/debate/mul@/main.xml
2022-06-02,dail,debate,https://data.oireachtas.ie/akn/ie/debateRecord/joint_committee_on_international_surrogacy/2022-06-02/debate/main,https://data.oireachtas.ie/akn/ie/debateRecord/joint_committee_on_international_surrogacy/2022-06-02/debate/mul@/main.xml
2022-06-02,dail,debate,https://data.oireachtas.ie/akn/ie/debateRecord/joint_committee_on_children_equality_disability_integration_and_youth/2022-06-02/debate/main,https://data.oireachtas.ie/akn/ie/debateRecord/joint_committee_on_children_equality_disability_integration_and_youth/2022-06-02/debate/mul@/main.xml
2022-06-02,dail,debate,https://data.oireachtas.ie/akn/ie/debateRecord/joint_committee_on_disability_matters/2022-06-02/debate/main,https://data.oireachtas.ie/akn/ie/debateRecord/joint_committee_on_disability_matters/2022-06-02/debate/mul@/main.xml
2022-06-02,seanad,debate,https://data.oireachtas.ie/akn/ie/debateRecord/seanad/2022-06-02/debate/main,https://data.oireachtas.ie/akn/ie/debateRecord/seanad/2022-06-02/debate/mul@/main.xml
2022-06-02,dail,debate,https://data.oireachtas.ie/akn/ie/debateRecord/dail/2022-06-02/debate/main,https://data.oireachtas.ie/akn/ie/debateRecord/dail/2022-06-02/debate/mul@/main.xml
2022-06-01,dail,debate,https://data.oireachtas.ie/akn/ie/debateRecord/select_committee_on_enterprise_trade_and_employment/2022-06-01/debate/main,https://data.oireachtas.ie/akn/ie/debateRecord/select_committee_on_enterprise_trade_and_employment/2022-06-01/debate/mul@/main.xml
2022-06-01,dail,debate,https://data.oireachtas.ie/akn/ie/debateRecord/joint_committee_on_education_further_and_higher_education_research_innovation_and_science/2022-06-01/debate/main,https://data.oireachtas.ie/akn/ie/debateRecord/joint_committee_on_education_further_and_higher_education_research_innovation_and_science/2022-06-01/debate/mul@/main.xml
2022-06-01,dail,debate,https://data.oireachtas.ie/akn/ie/debateRecord/joint_committee_on_finance_public_expenditure_and_reform_and_taoiseach/2022-06-01/debate/main,https://data.oireachtas.ie/akn/ie/debateRecord/joint_committee_on_finance_public_expenditure_and_reform_and_taoiseach/2022-06-01/debate/mul@/main.xml
2022-06-01,dail,debate,https://data.oireachtas.ie/akn/ie/debateRecord/comhchoiste_na_gaeilge_na_gaeltachta_agus_phobal_labhartha_na_gaeilge/2022-06-01/debate/main,https://data.oireachtas.ie/akn/ie/debateRecord/comhchoiste_na_gaeilge_na_gaeltachta_agus_phobal_labhartha_na_gaeilge/2022-06-01/debate/mul@/main.xml
2022-06-01,dail,debate,https://data.oireachtas.ie/akn/ie/debateRecord/joint_committee_on_social_protection_community_and_rural_development_and_the_islands/2022-06-01/debate/main,https://data.oireachtas.ie/akn/ie/debateRecord/joint_committee_on_social_protection_community_and_rural_development_and_the_islands/2022-06-01/debate/mul@/main.xml
2022-06-01,dail,debate,https://data.oireachtas.ie/akn/ie/debateRecord/joint_committee_on_tourism_culture_arts_sport_and_media/2022-06-01/debate/main,https://data.oireachtas.ie/akn/ie/debateRecord/joint_committee_on_tourism_culture_arts_sport_and_media/2022-06-01/debate/mul@/main.xml
2022-06-01,dail,debate,https://data.oireachtas.ie/akn/ie/debateRecord/joint_committee_on_agriculture_food_and_the_marine/2022-06-01/debate/main,https://data.oireachtas.ie/akn/ie/debateRecord/joint_committee_on_agriculture_food_and_the_marine/2022-06-01/debate/mul@/main.xml
2022-06-01,dail,debate,https://data.oireachtas.ie/akn/ie/debateRecord/committee_on_budgetary_oversight/2022-06-01/debate/main,https://data.oireachtas.ie/akn/ie/debateRecord/committee_on_budgetary_oversight/2022-06-01/debate/mul@/main.xml
2022-06-01,dail,debate,https://data.oireachtas.ie/akn/ie/debateRecord/joint_committee_on_health/2022-06-01/debate/main,https://data.oireachtas.ie/akn/ie/debateRecord/joint_committee_on_health/2022-06-01/debate/mul@/main.xml
2022-06-01,dail,debate,https://data.oireachtas.ie/akn/ie/debateRecord/joint_committee_on_transport_and_communications/2022-06-01/debate/main,https://data.oireachtas.ie/akn/ie/debateRecord/joint_committee_on_transport_and_communications/2022-06-01/debate/mul@/main.xml
2022-06-01,seanad,debate,https://data.oireachtas.ie/akn/ie/debateRecord/seanad/2022-06-01/debate/main,https://data.oireachtas.ie/akn/ie/debateRecord/seanad/2022-06-01/debate/mul@/main.xml
2022-06-01,dail,debate,https://data.oireachtas.ie/akn/ie/debateRecord/select_committee_on_housing_local_government_and_heritage/2022-06-01/debate/main,https://data.oireachtas.ie/akn/ie/debateRecord/select_committee_on_housing_local_government_and_heritage/2022-06-01/debate/mul@/main.xml
2022-06-01,dail,debate,https://data.oireachtas.ie/akn/ie/debateRecord/dail/2022-06-01/debate/main,https://data.oireachtas.ie/akn/ie/debateRecord/dail/2022-06-01/debate/mul@/main.xml
2022-05-31,dail,debate,https://data.oireachtas.ie/akn/ie/debateRecord/select_committee_on_housing_local_government_and_heritage/2022-05-31/debate/main,https://data.oireachtas.ie/akn/ie/debateRecord/select_committee_on_housing_local_government_and_heritage/2022-05-31/debate/mul@/main.xml
2022-05-31,dail,debate,https://data.oireachtas.ie/akn/ie/debateRecord/joint_committee_on_justice/2022-05-31/debate/main,https://data.oireachtas.ie/akn/ie/debateRecord/joint_committee_on_justice/2022-05-31/debate/mul@/main.xml
2022-05-31,dail,debate,https://data.oireachtas.ie/akn/ie/debateRecord/joint_committee_on_environment_and_climate_action/2022-05-31/debate/main,https://data.oireachtas.ie/akn/ie/debateRecord/joint_committee_on_environment_and_climate_action/2022-05-31/debate/mul@/main.xml
2022-05-31,seanad,debate,https://data.oireachtas.ie/akn/ie/debateRecord/seanad/2022-05-31/debate/main,https://data.oireachtas.ie/akn/ie/debateRecord/seanad/2022-05-31/debate/mul@/main.xml
2022-05-31,dail,debate,https://data.oireachtas.ie/akn/ie/debateRecord/dail/2022-05-31/debate/main,https://data.oireachtas.ie/akn/ie/debateRecord/dail/2022-05-31/debate/mul@/main.xml
2022-05-31,dail,debate,https://data.oireachtas.ie/akn/ie/debateRecord/joint_committee_on_foreign_affairs_and_defence/2022-05-31/debate/main,https://data.oireachtas.ie/akn/ie/debateRecord/joint_committee_on_foreign_affairs_and_defence/2022-05-31/debate/mul@/main.xml
2022-05-26,dail,debate,https://data.oireachtas.ie/akn/ie/debateRecord/committee_on_public_petitions/2022-05-26/debate/main,https://data.oireachtas.ie/akn/ie/debateRecord/committee_on_public_petitions/2022-05-26/debate/mul@/main.xml
2022-05-26,dail,debate,https://data.oireachtas.ie/akn/ie/debateRecord/joint_committee_on_disability_matters/2022-05-26/debate/main,https://data.oireachtas.ie/akn/ie/debateRecord/joint_committee_on_disability_matters/2022-05-26/debate/mul@/main.xml
2022-05-26,dail,debate,https://data.oireachtas.ie/akn/ie/debateRecord/joint_committee_on_gender_equality/2022-05-26/debate/main,https://data.oireachtas.ie/akn/ie/debateRecord/joint_committee_on_gender_equality/2022-05-26/debate/mul@/main.xml
2022-05-26,dail,debate,https://data.oireachtas.ie/akn/ie/debateRecord/joint_committee_on_housing_local_government_and_heritage/2022-05-26/debate/main,https://data.oireachtas.ie/akn/ie/debateRecord/joint_committee_on_housing_local_government_and_heritage/2022-05-26/debate/mul@/main.xml
2022-05-26,dail,debate,https://data.oireachtas.ie/akn/ie/debateRecord/joint_committee_on_international_surrogacy/2022-05-26/debate/main,https://data.oireachtas.ie/akn/ie/debateRecord/joint_committee_on_international_surrogacy/2022-05-26/debate/mul@/main.xml
2022-05-26,dail,debate,https://data.oireachtas.ie/akn/ie/debateRecord/joint_committee_on_the_implementation_of_the_good_friday_agreement/2022-05-26/debate/main,https://data.oireachtas.ie/akn/ie/debateRecord/joint_committee_on_the_implementation_of_the_good_friday_agreement/2022-05-26/debate/mul@/main.xml
2022-05-26,seanad,debate,https://data.oireachtas.ie/akn/ie/debateRecord/seanad/2022-05-26/debate/main,https://data.oireachtas.ie/akn/ie/debateRecord/seanad/2022-05-26/debate/mul@/main.xml
2022-05-26,dail,debate,https://data.oireachtas.ie/akn/ie/debateRecord/committee_of_public_accounts/2022-05-26/debate/main,https://data.oireachtas.ie/akn/ie/debateRecord/committee_of_public_accounts/2022-05-26/debate/mul@/main.xml
2022-05-26,dail,debate,https://data.oireachtas.ie/akn/ie/debateRecord/dail/2022-05-26/debate/main,https://data.oireachtas.ie/akn/ie/debateRecord/dail/2022-05-26/debate/mul@/main.xml
2022-05-25,dail,debate,https://data.oireachtas.ie/akn/ie/debateRecord/joint_committee_on_agriculture_food_and_the_marine/2022-05-25/debate/main,https://data.oireachtas.ie/akn/ie/debateRecord/joint_committee_on_agriculture_food_and_the_marine/2022-05-25/debate/mul@/main.xml
2022-05-25,dail,debate,https://data.oireachtas.ie/akn/ie/debateRecord/committee_on_budgetary_oversight/2022-05-25/debate/main,https://data.oireachtas.ie/akn/ie/debateRecord/committee_on_budgetary_oversight/2022-05-25/debate/mul@/main.xml
2022-05-25,dail,debate,https://data.oireachtas.ie/akn/ie/debateRecord/joint_committee_on_european_union_affairs/2022-05-25/debate/main,https://data.oireachtas.ie/akn/ie/debateRecord/joint_committee_on_european_union_affairs/2022-05-25/debate/mul@/main.xml
2022-05-25,dail,debate,https://data.oireachtas.ie/akn/ie/debateRecord/joint_committee_on_finance_public_expenditure_and_reform_and_taoiseach/2022-05-25/debate/main,https://data.oireachtas.ie/akn/ie/debateRecord/joint_committee_on_finance_public_expenditure_and_reform_and_taoiseach/2022-05-25/debate/mul@/main.xml
2022-05-25,dail,debate,https://data.oireachtas.ie/akn/ie/debateRecord/joint_committee_on_social_protection_community_and_rural_development_and_the_islands/2022-05-25/debate/main,https://data.oireachtas.ie/akn/ie/debateRecord/joint_committee_on_social_protection_community_and_rural_development_and_the_islands/2022-05-25/debate/mul@/main.xml
2022-05-25,dail,debate,https://data.oireachtas.ie/akn/ie/debateRecord/joint_committee_on_enterprise_trade_and_employment/2022-05-25/debate/main,https://data.oireachtas.ie/akn/ie/debateRecord/joint_committee_on_enterprise_trade_and_employment/2022-05-25/debate/mul@/main.xml
2022-05-25,dail,debate,https://data.oireachtas.ie/akn/ie/debateRecord/joint_committee_on_tourism_culture_arts_sport_and_media/2022-05-25/debate/main,https://data.oireachtas.ie/akn/ie/debateRecord/joint_committee_on_tourism_culture_arts_sport_and_media/2022-05-25/debate/mul@/main.xml
2022-05-25,dail,debate,https://data.oireachtas.ie/akn/ie/debateRecord/joint_committee_on_transport_and_communications/2022-05-25/debate/main,https://data.oireachtas.ie/akn/ie/debateRecord/joint_committee_on_transport_and_communications/2022-05-25/debate/mul@/main.xml
2022-05-25,dail,debate,https://data.oireachtas.ie/akn/ie/debateRecord/comhchoiste_na_gaeilge_na_gaeltachta_agus_phobal_labhartha_na_gaeilge/2022-05-25/debate/main,https://data.oireachtas.ie/akn/ie/debateRecord/comhchoiste_na_gaeilge_na_gaeltachta_agus_phobal_labhartha_na_gaeilge/2022-05-25/debate/mul@/main.xml
2022-05-25,seanad,debate,https://data.oireachtas.ie/akn/ie/debateRecord/seanad/2022-05-25/debate/main,https://data.oireachtas.ie/akn/ie/debateRecord/seanad/2022-05-25/debate/mul@/main.xml
2022-05-25,dail,debate,https://data.oireachtas.ie/akn/ie/debateRecord/dail/2022-05-25/debate/main,https://data.oireachtas.ie/akn/ie/debateRecord/dail/2022-05-25/debate/mul@/main.xml
2022-05-24,dail,debate,https://data.oireachtas.ie/akn/ie/debateRecord/joint_committee_on_foreign_affairs_and_defence/2022-05-24/debate/main,https://data.oireachtas.ie/akn/ie/debateRecord/joint_committee_on_foreign_affairs_and_defence/2022-05-24/debate/mul@/main.xml
2022-05-24,dail,debate,https://data.oireachtas.ie/akn/ie/debateRecord/joint_committee_on_environment_and_climate_action/2022-05-24/debate/main,https://data.oireachtas.ie/akn/ie/debateRecord/joint_committee_on_environment_and_climate_action/2022-05-24/debate/mul@/main.xml
2022-05-24,dail,debate,https://data.oireachtas.ie/akn/ie/debateRecord/joint_committee_on_children_equality_disability_integration_and_youth/2022-05-24/debate/main,https://data.oireachtas.ie/akn/ie/debateRecord/joint_committee_on_children_equality_disability_integration_and_youth/2022-05-24/debate/mul@/main.xml
2022-05-24,dail,debate,https://data.oireachtas.ie/akn/ie/debateRecord/joint_committee_on_housing_local_government_and_heritage/2022-05-24/debate/main,https://data.oireachtas.ie/akn/ie/debateRecord/joint_committee_on_housing_local_government_and_heritage/2022-05-24/debate/mul@/main.xml
2022-05-24,dail,debate,https://data.oireachtas.ie/akn/ie/debateRecord/select_committee_on_justice/2022-05-24/debate/main,https://data.oireachtas.ie/akn/ie/debateRecord/select_committee_on_justice/2022-05-24/debate/mul@/main.xml
2022-05-24,seanad,debate,https://data.oireachtas.ie/akn/ie/debateRecord/seanad/2022-05-24/debate/main,https://data.oireachtas.ie/akn/ie/debateRecord/seanad/2022-05-24/debate/mul@/main.xml
2022-05-24,dail,debate,https://data.oireachtas.ie/akn/ie/debateRecord/dail/2022-05-24/debate/main,https://data.oireachtas.ie/akn/ie/debateRecord/dail/2022-05-24/debate/mul@/main.xml
2022-05-24,dail,debate,https://data.oireachtas.ie/akn/ie/debateRecord/joint_committee_on_education_further_and_higher_education_research_innovation_and_science/2022-05-24/debate/main,https://data.oireachtas.ie/akn/ie/debateRecord/joint_committee_on_education_further_and_higher_education_research_innovation_and_science/2022-05-24/debate/mul@/main.xml
2022-05-19,dail,debate,https://data.oireachtas.ie/akn/ie/debateRecord/joint_committee_on_international_surrogacy/2022-05-19/debate/main,https://data.oireachtas.ie/akn/ie/debateRecord/joint_committee_on_international_surrogacy/2022-05-19/debate/mul@/main.xml
2022-05-19,dail,debate,https://data.oireachtas.ie/akn/ie/debateRecord/joint_committee_on_disability_matters/2022-05-19/debate/main,https://data.oireachtas.ie/akn/ie/debateRecord/joint_committee_on_disability_matters/2022-05-19/debate/mul@/main.xml
2022-05-19,dail,debate,https://data.oireachtas.ie/akn/ie/debateRecord/joint_committee_on_finance_public_expenditure_and_reform_and_taoiseach/2022-05-19/debate/main,https://data.oireachtas.ie/akn/ie/debateRecord/joint_committee_on_finance_public_expenditure_and_reform_and_taoiseach/2022-05-19/debate/mul@/main.xml
2022-05-19,dail,debate,https://data.oireachtas.ie/akn/ie/debateRecord/joint_committee_on_gender_equality/2022-05-19/debate/main,https://data.oireachtas.ie/akn/ie/debateRecord/joint_committee_on_gender_equality/2022-05-19/debate/mul@/main.xml
2022-05-19,dail,debate,https://data.oireachtas.ie/akn/ie/debateRecord/joint_committee_on_the_implementation_of_the_good_friday_agreement/2022-05-19/debate/main,https://data.oireachtas.ie/akn/ie/debateRecord/joint_committee_on_the_implementation_of_the_good_friday_agreement/2022-05-19/debate/mul@/main.xml
2022-05-19,dail,debate,https://data.oireachtas.ie/akn/ie/debateRecord/committee_of_public_accounts/2022-05-19/debate/main,https://data.oireachtas.ie/akn/ie/debateRecord/committee_of_public_accounts/2022-05-19/debate/mul@/main.xml
2022-05-19,seanad,debate,https://data.oireachtas.ie/akn/ie/debateRecord/seanad/2022-05-19/debate/main,https://data.oireachtas.ie/akn/ie/debateRecord/seanad/2022-05-19/debate/mul@/main.xml
2022-05-19,dail,debate,https://data.oireachtas.ie/akn/ie/debateRecord/dail/2022-05-19/debate/main,https://data.oireachtas.ie/akn/ie/debateRecord/dail/2022-05-19/debate/mul@/main.xml
2022-05-18,dail,debate,https://data.oireachtas.ie/akn/ie/debateRecord/joint_committee_on_agriculture_food_and_the_marine/2022-05-18/debate/main,https://data.oireachtas.ie/akn/ie/debateRecord/joint_committee_on_agriculture_food_and_the_marine/2022-05-18/debate/mul@/main.xml
2022-05-18,dail,debate,https://data.oireachtas.ie/akn/ie/debateRecord/joint_committee_on_finance_public_expenditure_and_reform_and_taoiseach/2022-05-18/debate/main,https://data.oireachtas.ie/akn/ie/debateRecord/joint_committee_on_finance_public_expenditure_and_reform_and_taoiseach/2022-05-18/debate/mul@/main.xml
2022-05-18,dail,debate,https://data.oireachtas.ie/akn/ie/debateRecord/joint_committee_on_social_protection_community_and_rural_development_and_the_islands/2022-05-18/debate/main,https://data.oireachtas.ie/akn/ie/debateRecord/joint_committee_on_social_protection_community_and_rural_development_and_the_islands/2022-05-18/debate/mul@/main.xml
2022-05-18,dail,debate,https://data.oireachtas.ie/akn/ie/debateRecord/joint_committee_on_transport_and_communications/2022-05-18/debate/main,https://data.oireachtas.ie/akn/ie/debateRecord/joint_committee_on_transport_and_communications/2022-05-18/debate/mul@/main.xml
2022-05-18,dail,debate,https://data.oireachtas.ie/akn/ie/debateRecord/joint_committee_on_health/2022-05-18/debate/main,https://data.oireachtas.ie/akn/ie/debateRecord/joint_committee_on_health/2022-05-18/debate/mul@/main.xml
2022-05-18,dail,debate,https://data.oireachtas.ie/akn/ie/debateRecord/joint_committee_on_enterprise_trade_and_employment/2022-05-18/debate/main,https://data.oireachtas.ie/akn/ie/debateRecord/joint_committee_on_enterprise_trade_and_employment/2022-05-18/debate/mul@/main.xml
2022-05-18,dail,debate,https://data.oireachtas.ie/akn/ie/debateRecord/comhchoiste_na_gaeilge_na_gaeltachta_agus_phobal_labhartha_na_gaeilge/2022-05-18/debate/main,https://data.oireachtas.ie/akn/ie/debateRecord/comhchoiste_na_gaeilge_na_gaeltachta_agus_phobal_labhartha_na_gaeilge/2022-05-18/debate/mul@/main.xml
2022-05-18,seanad,debate,https://data.oireachtas.ie/akn/ie/debateRecord/seanad/2022-05-18/debate/main,https://data.oireachtas.ie/akn/ie/debateRecord/seanad/2022-05-18/debate/mul@/main.xml
2022-05-18,dail,debate,https://data.oireachtas.ie/akn/ie/debateRecord/dail/2022-05-18/debate/main,https://data.oireachtas.ie/akn/ie/debateRecord/dail/2022-05-18/debate/mul@/main.xml
2022-05-17,dail,debate,https://data.oireachtas.ie/akn/ie/debateRecord/joint_committee_on_children_equality_disability_integration_and_youth/2022-05-17/debate/main,https://data.oireachtas.ie/akn/ie/debateRecord/joint_committee_on_children_equality_disability_integration_and_youth/2022-05-17/debate/mul@/main.xml
2022-05-17,dail,debate,https://data.oireachtas.ie/akn/ie/debateRecord/joint_sub_committee_on_mental_health/2022-05-17/debate/main,https://data.oireachtas.ie/akn/ie/debateRecord/joint_sub_committee_on_mental_health/2022-05-17/debate/mul@/main.xml
2022-05-17,dail,debate,https://data.oireachtas.ie/akn/ie/debateRecord/joint_committee_on_education_further_and_higher_education_research_innovation_and_science/2022-05-17/debate/main,https://data.oireachtas.ie/akn/ie/debateRecord/joint_committee_on_education_further_and_higher_education_research_innovation_and_science/2022-05-17/debate/mul@/main.xml
2022-05-17,dail,debate,https://data.oireachtas.ie/akn/ie/debateRecord/joint_committee_on_housing_local_government_and_heritage/2022-05-17/debate/main,https://data.oireachtas.ie/akn/ie/debateRecord/joint_committee_on_housing_local_government_and_heritage/2022-05-17/debate/mul@/main.xml
2022-05-17,seanad,debate,https://data.oireachtas.ie/akn/ie/debateRecord/seanad/2022-05-17/debate/main,https://data.oireachtas.ie/akn/ie/debateRecord/seanad/2022-05-17/debate/mul@/main.xml
2022-05-17,dail,debate,https://data.oireachtas.ie/akn/ie/debateRecord/dail/2022-05-17/debate/main,https://data.oireachtas.ie/akn/ie/debateRecord/dail/2022-05-17/debate/mul@/main.xml
2022-05-16,dail,debate,https://data.oireachtas.ie/akn/ie/debateRecord/joint_committee_on_health/2022-05-16/debate/main,https://data.oireachtas.ie/akn/ie/debateRecord/joint_committee_on_health/2022-05-16/debate/mul@/main.xml
2022-05-12,dail,debate,https://data.oireachtas.ie/akn/ie/debateRecord/joint_committee_on_gender_equality/2022-05-12/debate/main,https://data.oireachtas.ie/akn/ie/debateRecord/joint_committee_on_gender_equality/2022-05-12/debate/mul@/main.xml
2022-05-12,dail,debate,https://data.oireachtas.ie/akn/ie/debateRecord/joint_committee_on_health/2022-05-12/debate/main,https://data.oireachtas.ie/akn/ie/debateRecord/joint_committee_on_health/2022-05-12/debate/mul@/main.xml
2022-05-12,dail,debate,https://data.oireachtas.ie/akn/ie/debateRecord/joint_committee_on_housing_local_government_and_heritage/2022-05-12/debate/main,https://data.oireachtas.ie/akn/ie/debateRecord/joint_committee_on_housing_local_government_and_heritage/2022-05-12/debate/mul@/main.xml
2022-05-12,dail,debate,https://data.oireachtas.ie/akn/ie/debateRecord/joint_committee_on_international_surrogacy/2022-05-12/debate/main,https://data.oireachtas.ie/akn/ie/debateRecord/joint_committee_on_international_surrogacy/2022-05-12/debate/mul@/main.xml
2022-05-12,dail,debate,https://data.oireachtas.ie/akn/ie/debateRecord/working_group_of_committee_cathaoirligh/2022-05-12/debate/main,https://data.oireachtas.ie/akn/ie/debateRecord/working_group_of_committee_cathaoirligh/2022-05-12/debate/mul@/main.xml
2022-05-12,dail,debate,https://data.oireachtas.ie/akn/ie/debateRecord/committee_of_public_accounts/2022-05-12/debate/main,https://data.oireachtas.ie/akn/ie/debateRecord/committee_of_public_accounts/2022-05-12/debate/mul@/main.xml
2022-05-12,dail,debate,https://data.oireachtas.ie/akn/ie/debateRecord/committee_on_public_petitions/2022-05-12/debate/main,https://data.oireachtas.ie/akn/ie/debateRecord/committee_on_public_petitions/2022-05-12/debate/mul@/main.xml
2022-05-12,dail,debate,https://data.oireachtas.ie/akn/ie/debateRecord/joint_committee_on_disability_matters/2022-05-12/debate/main,https://data.oireachtas.ie/akn/ie/debateRecord/joint_committee_on_disability_matters/2022-05-12/debate/mul@/main.xml
2022-05-12,seanad,debate,https://data.oireachtas.ie/akn/ie/debateRecord/seanad/2022-05-12/debate/main,https://data.oireachtas.ie/akn/ie/debateRecord/seanad/2022-05-12/debate/mul@/main.xml
2022-05-12,dail,debate,https://data.oireachtas.ie/akn/ie/debateRecord/dail/2022-05-12/debate/main,https://data.oireachtas.ie/akn/ie/debateRecord/dail/2022-05-12/debate/mul@/main.xml
2022-05-11,dail,debate,https://data.oireachtas.ie/akn/ie/debateRecord/joint_committee_on_transport_and_communications/2022-05-11/debate/main,https://data.oireachtas.ie/akn/ie/debateRecord/joint_committee_on_transport_and_communications/2022-05-11/debate/mul@/main.xml
2022-05-11,dail,debate,https://data.oireachtas.ie/akn/ie/debateRecord/joint_committee_on_enterprise_trade_and_employment/2022-05-11/debate/main,https://data.oireachtas.ie/akn/ie/debateRecord/joint_committee_on_enterprise_trade_and_employment/2022-05-11/debate/mul@/main.xml
2022-05-11,dail,debate,https://data.oireachtas.ie/akn/ie/debateRecord/committee_on_budgetary_oversight/2022-05-11/debate/main,https://data.oireachtas.ie/akn/ie/debateRecord/committee_on_budgetary_oversight/2022-05-11/debate/mul@/main.xml
2022-05-11,dail,debate,https://data.oireachtas.ie/akn/ie/debateRecord/joint_committee_on_european_union_affairs/2022-05-11/debate/main,https://data.oireachtas.ie/akn/ie/debateRecord/joint_committee_on_european_union_affairs/2022-05-11/debate/mul@/main.xml
2022-05-11,dail,debate,https://data.oireachtas.ie/akn/ie/debateRecord/joint_committee_on_finance_public_expenditure_and_reform_and_taoiseach/2022-05-11/debate/main,https://data.oireachtas.ie/akn/ie/debateRecord/joint_committee_on_finance_public_expenditure_and_reform_and_taoiseach/2022-05-11/debate/mul@/main.xml
2022-05-11,dail,debate,https://data.oireachtas.ie/akn/ie/debateRecord/joint_committee_on_health/2022-05-11/debate/main,https://data.oireachtas.ie/akn/ie/debateRecord/joint_committee_on_health/2022-05-11/debate/mul@/main.xml
2022-05-11,dail,debate,https://data.oireachtas.ie/akn/ie/debateRecord/joint_committee_on_tourism_culture_arts_sport_and_media/2022-05-11/debate/main,https://data.oireachtas.ie/akn/ie/debateRecord/joint_committee_on_tourism_culture_arts_sport_and_media/2022-05-11/debate/mul@/main.xml
2022-05-11,dail,debate,https://data.oireachtas.ie/akn/ie/debateRecord/joint_committee_on_social_protection_community_and_rural_development_and_the_islands/2022-05-11/debate/main,https://data.oireachtas.ie/akn/ie/debateRecord/joint_committee_on_social_protection_community_and_rural_development_and_the_islands/2022-05-11/debate/mul@/main.xml
2022-05-11,dail,debate,https://data.oireachtas.ie/akn/ie/debateRecord/select_committee_on_finance_public_expenditure_and_reform_and_taoiseach/2022-05-11/debate/main,https://data.oireachtas.ie/akn/ie/debateRecord/select_committee_on_finance_public_expenditure_and_reform_and_taoiseach/2022-05-11/debate/mul@/main.xml
2022-05-11,seanad,debate,https://data.oireachtas.ie/akn/ie/debateRecord/seanad/2022-05-11/debate/main,https://data.oireachtas.ie/akn/ie/debateRecord/seanad/2022-05-11/debate/mul@/main.xml
2022-05-11,dail,debate,https://data.oireachtas.ie/akn/ie/debateRecord/dail/2022-05-11/debate/main,https://data.oireachtas.ie/akn/ie/debateRecord/dail/2022-05-11/debate/mul@/main.xml
2022-05-10,dail,debate,https://data.oireachtas.ie/akn/ie/debateRecord/joint_committee_on_environment_and_climate_action/2022-05-10/debate/main,https://data.oireachtas.ie/akn/ie/debateRecord/joint_committee_on_environment_and_climate_action/2022-05-10/debate/mul@/main.xml
2022-05-10,dail,debate,https://data.oireachtas.ie/akn/ie/debateRecord/joint_committee_on_children_equality_disability_integration_and_youth/2022-05-10/debate/main,https://data.oireachtas.ie/akn/ie/debateRecord/joint_committee_on_children_equality_disability_integration_and_youth/2022-05-10/debate/mul@/main.xml
2022-05-10,dail,debate,https://data.oireachtas.ie/akn/ie/debateRecord/joint_committee_on_housing_local_government_and_heritage/2022-05-10/debate/main,https://data.oireachtas.ie/akn/ie/debateRecord/joint_committee_on_housing_local_government_and_heritage/2022-05-10/debate/mul@/main.xml
2022-05-10,seanad,debate,https://data.oireachtas.ie/akn/ie/debateRecord/seanad/2022-05-10/debate/main,https://data.oireachtas.ie/akn/ie/debateRecord/seanad/2022-05-10/debate/mul@/main.xml
2022-05-10,dail,debate,https://data.oireachtas.ie/akn/ie/debateRecord/dail/2022-05-10/debate/main,https://data.oireachtas.ie/akn/ie/debateRecord/dail/2022-05-10/debate/mul@/main.xml
2022-05-05,dail,debate,https://data.oireachtas.ie/akn/ie/debateRecord/committee_of_public_accounts/2022-05-05/debate/main,https://data.oireachtas.ie/akn/ie/debateRecord/committee_of_public_accounts/2022-05-05/debate/mul@/main.xml
2022-05-05,dail,debate,https://data.oireachtas.ie/akn/ie/debateRecord/joint_committee_on_disability_matters/2022-05-05/debate/main,https://data.oireachtas.ie/akn/ie/debateRecord/joint_committee_on_disability_matters/2022-05-05/debate/mul@/main.xml
2022-05-05,dail,debate,https://data.oireachtas.ie/akn/ie/debateRecord/joint_committee_on_international_surrogacy/2022-05-05/debate/main,https://data.oireachtas.ie/akn/ie/debateRecord/joint_committee_on_international_surrogacy/2022-05-05/debate/mul@/main.xml
2022-05-05,dail,debate,https://data.oireachtas.ie/akn/ie/debateRecord/joint_committee_on_gender_equality/2022-05-05/debate/main,https://data.oireachtas.ie/akn/ie/debateRecord/joint_committee_on_gender_equality/2022-05-05/debate/mul@/main.xml
2022-05-05,seanad,debate,https://data.oireachtas.ie/akn/ie/debateRecord/seanad/2022-05-05/debate/main,https://data.oireachtas.ie/akn/ie/debateRecord/seanad/2022-05-05/debate/mul@/main.xml
2022-05-05,dail,debate,https://data.oireachtas.ie/akn/ie/debateRecord/dail/2022-05-05/debate/main,https://data.oireachtas.ie/akn/ie/debateRecord/dail/2022-05-05/debate/mul@/main.xml
2022-05-04,dail,debate,https://data.oireachtas.ie/akn/ie/debateRecord/committee_on_budgetary_oversight/2022-05-04/debate/main,https://data.oireachtas.ie/akn/ie/debateRecord/committee_on_budgetary_oversight/2022-05-04/debate/mul@/main.xml
2022-05-04,dail,debate,https://data.oireachtas.ie/akn/ie/debateRecord/joint_committee_on_finance_public_expenditure_and_reform_and_taoiseach/2022-05-04/debate/main,https://data.oireachtas.ie/akn/ie/debateRecord/joint_committee_on_finance_public_expenditure_and_reform_and_taoiseach/2022-05-04/debate/mul@/main.xml
2022-05-04,dail,debate,https://data.oireachtas.ie/akn/ie/debateRecord/joint_committee_on_health/2022-05-04/debate/main,https://data.oireachtas.ie/akn/ie/debateRecord/joint_committee_on_health/2022-05-04/debate/mul@/main.xml
2022-05-04,dail,debate,https://data.oireachtas.ie/akn/ie/debateRecord/joint_committee_on_transport_and_communications/2022-05-04/debate/main,https://data.oireachtas.ie/akn/ie/debateRecord/joint_committee_on_transport_and_communications/2022-05-04/debate/mul@/main.xml
2022-05-04,dail,debate,https://data.oireachtas.ie/akn/ie/debateRecord/joint_committee_on_agriculture_food_and_the_marine/2022-05-04/debate/main,https://data.oireachtas.ie/akn/ie/debateRecord/joint_committee_on_agriculture_food_and_the_marine/2022-05-04/debate/mul@/main.xml
2022-05-04,dail,debate,https://data.oireachtas.ie/akn/ie/debateRecord/select_committee_on_enterprise_trade_and_employment/2022-05-04/debate/main,https://data.oireachtas.ie/akn/ie/debateRecord/select_committee_on_enterprise_trade_and_employment/2022-05-04/debate/mul@/main.xml
2022-05-04,seanad,debate,https://data.oireachtas.ie/akn/ie/debateRecord/seanad/2022-05-04/debate/main,https://data.oireachtas.ie/akn/ie/debateRecord/seanad/2022-05-04/debate/mul@/main.xml
2022-05-04,dail,debate,https://data.oireachtas.ie/akn/ie/debateRecord/dail/2022-05-04/debate/main,https://data.oireachtas.ie/akn/ie/debateRecord/dail/2022-05-04/debate/mul@/main.xml
2022-05-03,dail,debate,https://data.oireachtas.ie/akn/ie/debateRecord/select_committee_on_environment_and_climate_action/2022-05-03/debate/main,https://data.oireachtas.ie/akn/ie/debateRecord/select_committee_on_environment_and_climate_action/2022-05-03/debate/mul@/main.xml
2022-05-03,dail,debate,https://data.oireachtas.ie/akn/ie/debateRecord/select_committee_on_children_equality_disability_integration_and_youth/2022-05-03/debate/main,https://data.oireachtas.ie/akn/ie/debateRecord/select_committee_on_children_equality_disability_integration_and_youth/2022-05-03/debate/mul@/main.xml
2022-05-03,dail,debate,https://data.oireachtas.ie/akn/ie/debateRecord/joint_committee_on_housing_local_government_and_heritage/2022-05-03/debate/main,https://data.oireachtas.ie/akn/ie/debateRecord/joint_committee_on_housing_local_government_and_heritage/2022-05-03/debate/mul@/main.xml
2022-04-28,dail,debate,https://data.oireachtas.ie/akn/ie/debateRecord/committee_on_public_petitions/2022-04-28/debate/main,https://data.oireachtas.ie/akn/ie/debateRecord/committee_on_public_petitions/2022-04-28/debate/mul@/main.xml
2022-04-28,dail,debate,https://data.oireachtas.ie/akn/ie/debateRecord/joint_committee_on_the_implementation_of_the_good_friday_agreement/2022-04-28/debate/main,https://data.oireachtas.ie/akn/ie/debateRecord/joint_committee_on_the_implementation_of_the_good_friday_agreement/2022-04-28/debate/mul@/main.xml
2022-04-28,dail,debate,https://data.oireachtas.ie/akn/ie/debateRecord/joint_committee_on_housing_local_government_and_heritage/2022-04-28/debate/main,https://data.oireachtas.ie/akn/ie/debateRecord/joint_committee_on_housing_local_government_and_heritage/2022-04-28/debate/mul@/main.xml
2022-04-28,dail,debate,https://data.oireachtas.ie/akn/ie/debateRecord/committee_of_public_accounts/2022-04-28/debate/main,https://data.oireachtas.ie/akn/ie/debateRecord/committee_of_public_accounts/2022-04-28/debate/mul@/main.xml
2022-04-28,dail,debate,https://data.oireachtas.ie/akn/ie/debateRecord/joint_committee_on_disability_matters/2022-04-28/debate/main,https://data.oireachtas.ie/akn/ie/debateRecord/joint_committee_on_disability_matters/2022-04-28/debate/mul@/main.xml
2022-04-28,dail,debate,https://data.oireachtas.ie/akn/ie/debateRecord/joint_committee_on_gender_equality/2022-04-28/debate/main,https://data.oireachtas.ie/akn/ie/debateRecord/joint_committee_on_gender_equality/2022-04-28/debate/mul@/main.xml
2022-04-28,dail,debate,https://data.oireachtas.ie/akn/ie/debateRecord/joint_committee_on_international_surrogacy/2022-04-28/debate/main,https://data.oireachtas.ie/akn/ie/debateRecord/joint_committee_on_international_surrogacy/2022-04-28/debate/mul@/main.xml
2022-04-28,seanad,debate,https://data.oireachtas.ie/akn/ie/debateRecord/seanad/2022-04-28/debate/main,https://data.oireachtas.ie/akn/ie/debateRecord/seanad/2022-04-28/debate/mul@/main.xml
2022-04-28,dail,debate,https://data.oireachtas.ie/akn/ie/debateRecord/dail/2022-04-28/debate/main,https://data.oireachtas.ie/akn/ie/debateRecord/dail/2022-04-28/debate/mul@/main.xml
2022-04-27,dail,debate,https://data.oireachtas.ie/akn/ie/debateRecord/joint_committee_on_enterprise_trade_and_employment/2022-04-27/debate/main,https://data.oireachtas.ie/akn/ie/debateRecord/joint_committee_on_enterprise_trade_and_employment/2022-04-27/debate/mul@/main.xml
2022-04-27,dail,debate,https://data.oireachtas.ie/akn/ie/debateRecord/joint_committee_on_finance_public_expenditure_and_reform_and_taoiseach/2022-04-27/debate/main,https://data.oireachtas.ie/akn/ie/debateRecord/joint_committee_on_finance_public_expenditure_and_reform_and_taoiseach/2022-04-27/debate/mul@/main.xml
2022-04-27,dail,debate,https://data.oireachtas.ie/akn/ie/debateRecord/joint_committee_on_health/2022-04-27/debate/main,https://data.oireachtas.ie/akn/ie/debateRecord/joint_committee_on_health/2022-04-27/debate/mul@/main.xml
2022-04-27,dail,debate,https://data.oireachtas.ie/akn/ie/debateRecord/joint_committee_on_transport_and_communications/2022-04-27/debate/main,https://data.oireachtas.ie/akn/ie/debateRecord/joint_committee_on_transport_and_communications/2022-04-27/debate/mul@/main.xml
2022-04-27,dail,debate,https://data.oireachtas.ie/akn/ie/debateRecord/joint_committee_on_agriculture_food_and_the_marine/2022-04-27/debate/main,https://data.oireachtas.ie/akn/ie/debateRecord/joint_committee_on_agriculture_food_and_the_marine/2022-04-27/debate/mul@/main.xml
2022-04-27,dail,debate,https://data.oireachtas.ie/akn/ie/debateRecord/comhchoiste_na_gaeilge_na_gaeltachta_agus_phobal_labhartha_na_gaeilge/2022-04-27/debate/main,https://data.oireachtas.ie/akn/ie/debateRecord/comhchoiste_na_gaeilge_na_gaeltachta_agus_phobal_labhartha_na_gaeilge/2022-04-27/debate/mul@/main.xml
2022-04-27,dail,debate,https://data.oireachtas.ie/akn/ie/debateRecord/select_committee_on_education_further_and_higher_education_research_innovation_and_science/2022-04-27/debate/main,https://data.oireachtas.ie/akn/ie/debateRecord/select_committee_on_education_further_and_higher_education_research_innovation_and_science/2022-04-27/debate/mul@/main.xml
2022-04-27,dail,debate,https://data.oireachtas.ie/akn/ie/debateRecord/joint_committee_on_european_union_affairs/2022-04-27/debate/main,https://data.oireachtas.ie/akn/ie/debateRecord/joint_committee_on_european_union_affairs/2022-04-27/debate/mul@/main.xml
2022-04-27,seanad,debate,https://data.oireachtas.ie/akn/ie/debateRecord/seanad/2022-04-27/debate/main,https://data.oireachtas.ie/akn/ie/debateRecord/seanad/2022-04-27/debate/mul@/main.xml
2022-04-27,dail,debate,https://data.oireachtas.ie/akn/ie/debateRecord/dail/2022-04-27/debate/main,https://data.oireachtas.ie/akn/ie/debateRecord/dail/2022-04-27/debate/mul@/main.xml
2022-04-26,dail,debate,https://data.oireachtas.ie/akn/ie/debateRecord/joint_committee_on_environment_and_climate_action/2022-04-26/debate/main,https://data.oireachtas.ie/akn/ie/debateRecord/joint_committee_on_environment_and_climate_action/2022-04-26/debate/mul@/main.xml
2022-04-26,dail,debate,https://data.oireachtas.ie/akn/ie/debateRecord/joint_committee_on_education_further_and_higher_education_research_innovation_and_science/2022-04-26/debate/main,https://data.oireachtas.ie/akn/ie/debateRecord/joint_committee_on_education_further_and_higher_education_research_innovation_and_science/2022-04-26/debate/mul@/main.xml
2022-04-26,dail,debate,https://data.oireachtas.ie/akn/ie/debateRecord/select_committee_on_justice/2022-04-26/debate/main,https://data.oireachtas.ie/akn/ie/debateRecord/select_committee_on_justice/2022-04-26/debate/mul@/main.xml
2022-04-26,dail,debate,https://data.oireachtas.ie/akn/ie/debateRecord/joint_committee_on_children_equality_disability_integration_and_youth/2022-04-26/debate/main,https://data.oireachtas.ie/akn/ie/debateRecord/joint_committee_on_children_equality_disability_integration_and_youth/2022-04-26/debate/mul@/main.xml
2022-04-26,dail,debate,https://data.oireachtas.ie/akn/ie/debateRecord/joint_committee_on_foreign_affairs_and_defence/2022-04-26/debate/main,https://data.oireachtas.ie/akn/ie/debateRecord/joint_committee_on_foreign_affairs_and_defence/2022-04-26/debate/mul@/main.xml
2022-04-26,seanad,debate,https://data.oireachtas.ie/akn/ie/debateRecord/seanad/2022-04-26/debate/main,https://data.oireachtas.ie/akn/ie/debateRecord/seanad/2022-04-26/debate/mul@/main.xml
2022-04-26,dail,debate,https://data.oireachtas.ie/akn/ie/debateRecord/dail/2022-04-26/debate/main,https://data.oireachtas.ie/akn/ie/debateRecord/dail/2022-04-26/debate/mul@/main.xml
2022-04-21,dail,debate,https://data.oireachtas.ie/akn/ie/debateRecord/joint_committee_on_international_surrogacy/2022-04-21/debate/main,https://data.oireachtas.ie/akn/ie/debateRecord/joint_committee_on_international_surrogacy/2022-04-21/debate/mul@/main.xml
2022-04-20,dail,debate,https://data.oireachtas.ie/akn/ie/debateRecord/joint_committee_on_international_surrogacy/2022-04-20/debate/main,https://data.oireachtas.ie/akn/ie/debateRecord/joint_committee_on_international_surrogacy/2022-04-20/debate/mul@/main.xml
2022-04-14,dail,debate,https://data.oireachtas.ie/akn/ie/debateRecord/joint_committee_on_international_surrogacy/2022-04-14/debate/main,https://data.oireachtas.ie/akn/ie/debateRecord/joint_committee_on_international_surrogacy/2022-04-14/debate/mul@/main.xml
2022-04-13,dail,debate,https://data.oireachtas.ie/akn/ie/debateRecord/joint_committee_on_agriculture_food_and_the_marine/2022-04-13/debate/main,https://data.oireachtas.ie/akn/ie/debateRecord/joint_committee_on_agriculture_food_and_the_marine/2022-04-13/debate/mul@/main.xml
2022-04-13,dail,debate,https://data.oireachtas.ie/akn/ie/debateRecord/comhchoiste_na_gaeilge_na_gaeltachta_agus_phobal_labhartha_na_gaeilge/2022-04-13/debate/main,https://data.oireachtas.ie/akn/ie/debateRecord/comhchoiste_na_gaeilge_na_gaeltachta_agus_phobal_labhartha_na_gaeilge/2022-04-13/debate/mul@/main.xml
2022-04-12,dail,debate,https://data.oireachtas.ie/akn/ie/debateRecord/select_committee_on_foreign_affairs_and_defence/2022-04-12/debate/main,https://data.oireachtas.ie/akn/ie/debateRecord/select_committee_on_foreign_affairs_and_defence/2022-04-12/debate/mul@/main.xml
2022-04-07,dail,debate,https://data.oireachtas.ie/akn/ie/debateRecord/committee_of_public_accounts/2022-04-07/debate/main,https://data.oireachtas.ie/akn/ie/debateRecord/committee_of_public_accounts/2022-04-07/debate/mul@/main.xml
2022-04-07,dail,debate,https://data.oireachtas.ie/akn/ie/debateRecord/joint_committee_on_disability_matters/2022-04-07/debate/main,https://data.oireachtas.ie/akn/ie/debateRecord/joint_committee_on_disability_matters/2022-04-07/debate/mul@/main.xml
2022-04-07,dail,debate,https://data.oireachtas.ie/akn/ie/debateRecord/joint_committee_on_gender_equality/2022-04-07/debate/main,https://data.oireachtas.ie/akn/ie/debateRecord/joint_committee_on_gender_equality/2022-04-07/debate/mul@/main.xml
2022-04-07,dail,debate,https://data.oireachtas.ie/akn/ie/debateRecord/joint_committee_on_housing_local_government_and_heritage/2022-04-07/debate/main,https://data.oireachtas.ie/akn/ie/debateRecord/joint_committee_on_housing_local_government_and_heritage/2022-04-07/debate/mul@/main.xml
2022-04-07,dail,debate,https://data.oireachtas.ie/akn/ie/debateRecord/joint_committee_on_international_surrogacy/2022-04-07/debate/main,https://data.oireachtas.ie/akn/ie/debateRecord/joint_committee_on_international_surrogacy/2022-04-07/debate/mul@/main.xml
2022-04-07,dail,debate,https://data.oireachtas.ie/akn/ie/debateRecord/joint_committee_on_the_implementation_of_the_good_friday_agreement/2022-04-07/debate/main,https://data.oireachtas.ie/akn/ie/debateRecord/joint_committee_on_the_implementation_of_the_good_friday_agreement/2022-04-07/debate/mul@/main.xml
2022-04-07,seanad,debate,https://data.oireachtas.ie/akn/ie/debateRecord/seanad/2022-04-07/debate/main,https://data.oireachtas.ie/akn/ie/debateRecord/seanad/2022-04-07/debate/mul@/main.xml
2022-04-07,dail,debate,https://data.oireachtas.ie/akn/ie/debateRecord/dail/2022-04-07/debate/main,https://data.oireachtas.ie/akn/ie/debateRecord/dail/2022-04-07/debate/mul@/main.xml
2022-04-06,dail,debate,https://data.oireachtas.ie/akn/ie/debateRecord/joint_committee_on_social_protection_community_and_rural_development_and_the_islands/2022-04-06/debate/main,https://data.oireachtas.ie/akn/ie/debateRecord/joint_committee_on_social_protection_community_and_rural_development_and_the_islands/2022-04-06/debate/mul@/main.xml
2022-04-06,dail,debate,https://data.oireachtas.ie/akn/ie/debateRecord/select_committee_on_education_further_and_higher_education_research_innovation_and_science/2022-04-06/debate/main,https://data.oireachtas.ie/akn/ie/debateRecord/select_committee_on_education_further_and_higher_education_research_innovation_and_science/2022-04-06/debate/mul@/main.xml
2022-04-06,dail,debate,https://data.oireachtas.ie/akn/ie/debateRecord/joint_committee_on_agriculture_food_and_the_marine/2022-04-06/debate/main,https://data.oireachtas.ie/akn/ie/debateRecord/joint_committee_on_agriculture_food_and_the_marine/2022-04-06/debate/mul@/main.xml
2022-04-06,dail,debate,https://data.oireachtas.ie/akn/ie/debateRecord/joint_committee_on_finance_public_expenditure_and_reform_and_taoiseach/2022-04-06/debate/main,https://data.oireachtas.ie/akn/ie/debateRecord/joint_committee_on_finance_public_expenditure_and_reform_and_taoiseach/2022-04-06/debate/mul@/main.xml
2022-04-06,seanad,debate,https://data.oireachtas.ie/akn/ie/debateRecord/seanad/2022-04-06/debate/main,https://data.oireachtas.ie/akn/ie/debateRecord/seanad/2022-04-06/debate/mul@/main.xml
2022-04-06,dail,debate,https://data.oireachtas.ie/akn/ie/debateRecord/select_committee_on_enterprise_trade_and_employment/2022-04-06/debate/main,https://data.oireachtas.ie/akn/ie/debateRecord/select_committee_on_enterprise_trade_and_employment/2022-04-06/debate/mul@/main.xml
2022-04-06,dail,debate,https://data.oireachtas.ie/akn/ie/debateRecord/joint_committee_on_health/2022-04-06/debate/main,https://data.oireachtas.ie/akn/ie/debateRecord/joint_committee_on_health/2022-04-06/debate/mul@/main.xml
2022-04-06,dail,debate,https://data.oireachtas.ie/akn/ie/debateRecord/joint_committee_on_tourism_culture_arts_sport_and_media/2022-04-06/debate/main,https://data.oireachtas.ie/akn/ie/debateRecord/joint_committee_on_tourism_culture_arts_sport_and_media/2022-04-06/debate/mul@/main.xml
2022-04-06,dail,debate,https://data.oireachtas.ie/akn/ie/debateRecord/joint_committee_on_transport_and_communications/2022-04-06/debate/main,https://data.oireachtas.ie/akn/ie/debateRecord/joint_committee_on_transport_and_communications/2022-04-06/debate/mul@/main.xml
2022-04-06,dail,debate,https://data.oireachtas.ie/akn/ie/debateRecord/select_committee_on_finance_public_expenditure_and_reform_and_taoiseach/2022-04-06/debate/main,https://data.oireachtas.ie/akn/ie/debateRecord/select_committee_on_finance_public_expenditure_and_reform_and_taoiseach/2022-04-06/debate/mul@/main.xml
2022-04-06,dail,debate,https://data.oireachtas.ie/akn/ie/debateRecord/dail/2022-04-06/debate/main,https://data.oireachtas.ie/akn/ie/debateRecord/dail/2022-04-06/debate/mul@/main.xml
2022-04-05,dail,debate,https://data.oireachtas.ie/akn/ie/debateRecord/joint_committee_on_transport_and_communications/2022-04-05/debate/main,https://data.oireachtas.ie/akn/ie/debateRecord/joint_committee_on_transport_and_communications/2022-04-05/debate/mul@/main.xml
2022-04-05,dail,debate,https://data.oireachtas.ie/akn/ie/debateRecord/joint_committee_on_education_further_and_higher_education_research_innovation_and_science/2022-04-05/debate/main,https://data.oireachtas.ie/akn/ie/debateRecord/joint_committee_on_education_further_and_higher_education_research_innovation_and_science/2022-04-05/debate/mul@/main.xml
2022-04-05,dail,debate,https://data.oireachtas.ie/akn/ie/debateRecord/joint_sub_committee_on_mental_health/2022-04-05/debate/main,https://data.oireachtas.ie/akn/ie/debateRecord/joint_sub_committee_on_mental_health/2022-04-05/debate/mul@/main.xml
2022-04-05,seanad,debate,https://data.oireachtas.ie/akn/ie/debateRecord/seanad/2022-04-05/debate/main,https://data.oireachtas.ie/akn/ie/debateRecord/seanad/2022-04-05/debate/mul@/main.xml
2022-04-05,dail,debate,https://data.oireachtas.ie/akn/ie/debateRecord/joint_committee_on_environment_and_climate_action/2022-04-05/debate/main,https://data.oireachtas.ie/akn/ie/debateRecord/joint_committee_on_environment_and_climate_action/2022-04-05/debate/mul@/main.xml
2022-04-05,dail,debate,https://data.oireachtas.ie/akn/ie/debateRecord/joint_committee_on_foreign_affairs_and_defence/2022-04-05/debate/main,https://data.oireachtas.ie/akn/ie/debateRecord/joint_committee_on_foreign_affairs_and_defence/2022-04-05/debate/mul@/main.xml
2022-04-05,dail,debate,https://data.oireachtas.ie/akn/ie/debateRecord/joint_committee_on_housing_local_government_and_heritage/2022-04-05/debate/main,https://data.oireachtas.ie/akn/ie/debateRecord/joint_committee_on_housing_local_government_and_heritage/2022-04-05/debate/mul@/main.xml
2022-04-05,dail,debate,https://data.oireachtas.ie/akn/ie/debateRecord/dail/2022-04-05/debate/main,https://data.oireachtas.ie/akn/ie/debateRecord/dail/2022-04-05/debate/mul@/main.xml
2022-03-31,dail,debate,https://data.oireachtas.ie/akn/ie/debateRecord/joint_committee_on_disability_matters/2022-03-31/debate/main,https://data.oireachtas.ie/akn/ie/debateRecord/joint_committee_on_disability_matters/2022-03-31/debate/mul@/main.xml
2022-03-31,dail,debate,https://data.oireachtas.ie/akn/ie/debateRecord/joint_committee_on_gender_equality/2022-03-31/debate/main,https://data.oireachtas.ie/akn/ie/debateRecord/joint_committee_on_gender_equality/2022-03-31/debate/mul@/main.xml
2022-03-31,dail,debate,https://data.oireachtas.ie/akn/ie/debateRecord/joint_committee_on_agriculture_food_and_the_marine/2022-03-31/debate/main,https://data.oireachtas.ie/akn/ie/debateRecord/joint_committee_on_agriculture_food_and_the_marine/2022-03-31/debate/mul@/main.xml
2022-03-31,dail,debate,https://data.oireachtas.ie/akn/ie/debateRecord/joint_committee_on_environment_and_climate_action/2022-03-31/debate/main,https://data.oireachtas.ie/akn/ie/debateRecord/joint_committee_on_environment_and_climate_action/2022-03-31/debate/mul@/main.xml
2022-03-31,dail,debate,https://data.oireachtas.ie/akn/ie/debateRecord/committee_on_public_petitions/2022-03-31/debate/main,https://data.oireachtas.ie/akn/ie/debateRecord/committee_on_public_petitions/2022-03-31/debate/mul@/main.xml
2022-03-31,dail,debate,https://data.oireachtas.ie/akn/ie/debateRecord/joint_committee_on_foreign_affairs_and_defence/2022-03-31/debate/main,https://data.oireachtas.ie/akn/ie/debateRecord/joint_committee_on_foreign_affairs_and_defence/2022-03-31/debate/mul@/main.xml
2022-03-31,seanad,debate,https://data.oireachtas.ie/akn/ie/debateRecord/seanad/2022-03-31/debate/main,https://data.oireachtas.ie/akn/ie/debateRecord/seanad/2022-03-31/debate/mul@/main.xml
2022-03-31,dail,debate,https://data.oireachtas.ie/akn/ie/debateRecord/committee_of_public_accounts/2022-03-31/debate/main,https://data.oireachtas.ie/akn/ie/debateRecord/committee_of_public_accounts/2022-03-31/debate/mul@/main.xml
2022-03-31,dail,debate,https://data.oireachtas.ie/akn/ie/debateRecord/dail/2022-03-31/debate/main,https://data.oireachtas.ie/akn/ie/debateRecord/dail/2022-03-31/debate/mul@/main.xml
2022-03-30,dail,debate,https://data.oireachtas.ie/akn/ie/debateRecord/joint_committee_on_european_union_affairs/2022-03-30/debate/main,https://data.oireachtas.ie/akn/ie/debateRecord/joint_committee_on_european_union_affairs/2022-03-30/debate/mul@/main.xml
2022-03-30,dail,debate,https://data.oireachtas.ie/akn/ie/debateRecord/joint_committee_on_finance_public_expenditure_and_reform_and_taoiseach/2022-03-30/debate/main,https://data.oireachtas.ie/akn/ie/debateRecord/joint_committee_on_finance_public_expenditure_and_reform_and_taoiseach/2022-03-30/debate/mul@/main.xml
2022-03-30,dail,debate,https://data.oireachtas.ie/akn/ie/debateRecord/select_committee_on_finance_public_expenditure_and_reform_and_taoiseach/2022-03-30/debate/main,https://data.oireachtas.ie/akn/ie/debateRecord/select_committee_on_finance_public_expenditure_and_reform_and_taoiseach/2022-03-30/debate/mul@/main.xml
2022-03-30,dail,debate,https://data.oireachtas.ie/akn/ie/debateRecord/joint_committee_on_health/2022-03-30/debate/main,https://data.oireachtas.ie/akn/ie/debateRecord/joint_committee_on_health/2022-03-30/debate/mul@/main.xml
2022-03-30,dail,debate,https://data.oireachtas.ie/akn/ie/debateRecord/joint_committee_on_transport_and_communications/2022-03-30/debate/main,https://data.oireachtas.ie/akn/ie/debateRecord/joint_committee_on_transport_and_communications/2022-03-30/debate/mul@/main.xml
2022-03-30,dail,debate,https://data.oireachtas.ie/akn/ie/debateRecord/joint_committee_on_agriculture_food_and_the_marine/2022-03-30/debate/main,https://data.oireachtas.ie/akn/ie/debateRecord/joint_committee_on_agriculture_food_and_the_marine/2022-03-30/debate/mul@/main.xml
2022-03-30,dail,debate,https://data.oireachtas.ie/akn/ie/debateRecord/joint_committee_on_enterprise_trade_and_employment/2022-03-30/debate/main,https://data.oireachtas.ie/akn/ie/debateRecord/joint_committee_on_enterprise_trade_and_employment/2022-03-30/debate/mul@/main.xml
2022-03-30,dail,debate,https://data.oireachtas.ie/akn/ie/debateRecord/comhchoiste_na_gaeilge_na_gaeltachta_agus_phobal_labhartha_na_gaeilge/2022-03-30/debate/main,https://data.oireachtas.ie/akn/ie/debateRecord/comhchoiste_na_gaeilge_na_gaeltachta_agus_phobal_labhartha_na_gaeilge/2022-03-30/debate/mul@/main.xml
2022-03-30,dail,debate,https://data.oireachtas.ie/akn/ie/debateRecord/joint_committee_on_social_protection_community_and_rural_development_and_the_islands/2022-03-30/debate/main,https://data.oireachtas.ie/akn/ie/debateRecord/joint_committee_on_social_protection_community_and_rural_development_and_the_islands/2022-03-30/debate/mul@/main.xml
2022-03-30,seanad,debate,https://data.oireachtas.ie/akn/ie/debateRecord/seanad/2022-03-30/debate/main,https://data.oireachtas.ie/akn/ie/debateRecord/seanad/2022-03-30/debate/mul@/main.xml
2022-03-30,dail,debate,https://data.oireachtas.ie/akn/ie/debateRecord/dail/2022-03-30/debate/main,https://data.oireachtas.ie/akn/ie/debateRecord/dail/2022-03-30/debate/mul@/main.xml
2022-03-29,dail,debate,https://data.oireachtas.ie/akn/ie/debateRecord/joint_committee_on_education_further_and_higher_education_research_innovation_and_science/2022-03-29/debate/main,https://data.oireachtas.ie/akn/ie/debateRecord/joint_committee_on_education_further_and_higher_education_research_innovation_and_science/2022-03-29/debate/mul@/main.xml
2022-03-29,dail,debate,https://data.oireachtas.ie/akn/ie/debateRecord/joint_committee_on_justice/2022-03-29/debate/main,https://data.oireachtas.ie/akn/ie/debateRecord/joint_committee_on_justice/2022-03-29/debate/mul@/main.xml
2022-03-29,dail,debate,https://data.oireachtas.ie/akn/ie/debateRecord/joint_committee_on_environment_and_climate_action/2022-03-29/debate/main,https://data.oireachtas.ie/akn/ie/debateRecord/joint_committee_on_environment_and_climate_action/2022-03-29/debate/mul@/main.xml
2022-03-29,seanad,debate,https://data.oireachtas.ie/akn/ie/debateRecord/seanad/2022-03-29/debate/main,https://data.oireachtas.ie/akn/ie/debateRecord/seanad/2022-03-29/debate/mul@/main.xml
2022-03-29,dail,debate,https://data.oireachtas.ie/akn/ie/debateRecord/joint_committee_on_housing_local_government_and_heritage/2022-03-29/debate/main,https://data.oireachtas.ie/akn/ie/debateRecord/joint_committee_on_housing_local_government_and_heritage/2022-03-29/debate/mul@/main.xml
2022-03-29,dail,debate,https://data.oireachtas.ie/akn/ie/debateRecord/dail/2022-03-29/debate/main,https://data.oireachtas.ie/akn/ie/debateRecord/dail/2022-03-29/debate/mul@/main.xml
2022-03-24,dail,debate,https://data.oireachtas.ie/akn/ie/debateRecord/joint_committee_on_education_further_and_higher_education_research_innovation_and_science/2022-03-24/debate/main,https://data.oireachtas.ie/akn/ie/debateRecord/joint_committee_on_education_further_and_higher_education_research_innovation_and_science/2022-03-24/debate/mul@/main.xml
2022-03-24,dail,debate,https://data.oireachtas.ie/akn/ie/debateRecord/select_committee_on_education_further_and_higher_education_research_innovation_and_science/2022-03-24/debate/main,https://data.oireachtas.ie/akn/ie/debateRecord/select_committee_on_education_further_and_higher_education_research_innovation_and_science/2022-03-24/debate/mul@/main.xml
2022-03-24,dail,debate,https://data.oireachtas.ie/akn/ie/debateRecord/joint_committee_on_gender_equality/2022-03-24/debate/main,https://data.oireachtas.ie/akn/ie/debateRecord/joint_committee_on_gender_equality/2022-03-24/debate/mul@/main.xml
2022-03-24,dail,debate,https://data.oireachtas.ie/akn/ie/debateRecord/committee_of_public_accounts/2022-03-24/debate/main,https://data.oireachtas.ie/akn/ie/debateRecord/committee_of_public_accounts/2022-03-24/debate/mul@/main.xml
2022-03-24,dail,debate,https://data.oireachtas.ie/akn/ie/debateRecord/joint_committee_on_agriculture_food_and_the_marine/2022-03-24/debate/main,https://data.oireachtas.ie/akn/ie/debateRecord/joint_committee_on_agriculture_food_and_the_marine/2022-03-24/debate/mul@/main.xml
2022-03-24,seanad,debate,https://data.oireachtas.ie/akn/ie/debateRecord/seanad/2022-03-24/debate/main,https://data.oireachtas.ie/akn/ie/debateRecord/seanad/2022-03-24/debate/mul@/main.xml
2022-03-24,dail,debate,https://data.oireachtas.ie/akn/ie/debateRecord/joint_committee_on_disability_matters/2022-03-24/debate/main,https://data.oireachtas.ie/akn/ie/debateRecord/joint_committee_on_disability_matters/2022-03-24/debate/mul@/main.xml
2022-03-24,dail,debate,https://data.oireachtas.ie/akn/ie/debateRecord/dail/2022-03-24/debate/main,https://data.oireachtas.ie/akn/ie/debateRecord/dail/2022-03-24/debate/mul@/main.xml
2022-03-23,dail,debate,https://data.oireachtas.ie/akn/ie/debateRecord/joint_committee_on_enterprise_trade_and_employment/2022-03-23/debate/main,https://data.oireachtas.ie/akn/ie/debateRecord/joint_committee_on_enterprise_trade_and_employment/2022-03-23/debate/mul@/main.xml
2022-03-23,dail,debate,https://data.oireachtas.ie/akn/ie/debateRecord/joint_committee_on_european_union_affairs/2022-03-23/debate/main,https://data.oireachtas.ie/akn/ie/debateRecord/joint_committee_on_european_union_affairs/2022-03-23/debate/mul@/main.xml
2022-03-23,dail,debate,https://data.oireachtas.ie/akn/ie/debateRecord/joint_committee_on_health/2022-03-23/debate/main,https://data.oireachtas.ie/akn/ie/debateRecord/joint_committee_on_health/2022-03-23/debate/mul@/main.xml
2022-03-23,dail,debate,https://data.oireachtas.ie/akn/ie/debateRecord/joint_committee_on_tourism_culture_arts_sport_and_media/2022-03-23/debate/main,https://data.oireachtas.ie/akn/ie/debateRecord/joint_committee_on_tourism_culture_arts_sport_and_media/2022-03-23/debate/mul@/main.xml
2022-03-23,dail,debate,https://data.oireachtas.ie/akn/ie/debateRecord/joint_committee_on_transport_and_communications/2022-03-23/debate/main,https://data.oireachtas.ie/akn/ie/debateRecord/joint_committee_on_transport_and_communications/2022-03-23/debate/mul@/main.xml
2022-03-23,dail,debate,https://data.oireachtas.ie/akn/ie/debateRecord/comhchoiste_na_gaeilge_na_gaeltachta_agus_phobal_labhartha_na_gaeilge/2022-03-23/debate/main,https://data.oireachtas.ie/akn/ie/debateRecord/comhchoiste_na_gaeilge_na_gaeltachta_agus_phobal_labhartha_na_gaeilge/2022-03-23/debate/mul@/main.xml
2022-03-23,dail,debate,https://data.oireachtas.ie/akn/ie/debateRecord/committee_on_budgetary_oversight/2022-03-23/debate/main,https://data.oireachtas.ie/akn/ie/debateRecord/committee_on_budgetary_oversight/2022-03-23/debate/mul@/main.xml
2022-03-23,seanad,debate,https://data.oireachtas.ie/akn/ie/debateRecord/seanad/2022-03-23/debate/main,https://data.oireachtas.ie/akn/ie/debateRecord/seanad/2022-03-23/debate/mul@/main.xml
2022-03-23,dail,debate,https://data.oireachtas.ie/akn/ie/debateRecord/joint_committee_on_agriculture_food_and_the_marine/2022-03-23/debate/main,https://data.oireachtas.ie/akn/ie/debateRecord/joint_committee_on_agriculture_food_and_the_marine/2022-03-23/debate/mul@/main.xml
2022-03-23,dail,debate,https://data.oireachtas.ie/akn/ie/debateRecord/select_committee_on_finance_public_expenditure_and_reform_and_taoiseach/2022-03-23/debate/main,https://data.oireachtas.ie/akn/ie/debateRecord/select_committee_on_finance_public_expenditure_and_reform_and_taoiseach/2022-03-23/debate/mul@/main.xml
2022-03-23,dail,debate,https://data.oireachtas.ie/akn/ie/debateRecord/dail/2022-03-23/debate/main,https://data.oireachtas.ie/akn/ie/debateRecord/dail/2022-03-23/debate/mul@/main.xml
2022-03-22,dail,debate,https://data.oireachtas.ie/akn/ie/debateRecord/joint_committee_on_environment_and_climate_action/2022-03-22/debate/main,https://data.oireachtas.ie/akn/ie/debateRecord/joint_committee_on_environment_and_climate_action/2022-03-22/debate/mul@/main.xml
2022-03-22,dail,debate,https://data.oireachtas.ie/akn/ie/debateRecord/joint_committee_on_children_equality_disability_integration_and_youth/2022-03-22/debate/main,https://data.oireachtas.ie/akn/ie/debateRecord/joint_committee_on_children_equality_disability_integration_and_youth/2022-03-22/debate/mul@/main.xml
2022-03-22,dail,debate,https://data.oireachtas.ie/akn/ie/debateRecord/joint_committee_on_housing_local_government_and_heritage/2022-03-22/debate/main,https://data.oireachtas.ie/akn/ie/debateRecord/joint_committee_on_housing_local_government_and_heritage/2022-03-22/debate/mul@/main.xml
2022-03-22,dail,debate,https://data.oireachtas.ie/akn/ie/debateRecord/joint_committee_on_justice/2022-03-22/debate/main,https://data.oireachtas.ie/akn/ie/debateRecord/joint_committee_on_justice/2022-03-22/debate/mul@/main.xml
2022-03-22,dail,debate,https://data.oireachtas.ie/akn/ie/debateRecord/joint_committee_on_education_further_and_higher_education_research_innovation_and_science/2022-03-22/debate/main,https://data.oireachtas.ie/akn/ie/debateRecord/joint_committee_on_education_further_and_higher_education_research_innovation_and_science/2022-03-22/debate/mul@/main.xml
2022-03-22,seanad,debate,https://data.oireachtas.ie/akn/ie/debateRecord/seanad/2022-03-22/debate/main,https://data.oireachtas.ie/akn/ie/debateRecord/seanad/2022-03-22/debate/mul@/main.xml
2022-03-22,dail,debate,https://data.oireachtas.ie/akn/ie/debateRecord/joint_committee_on_foreign_affairs_and_defence/2022-03-22/debate/main,https://data.oireachtas.ie/akn/ie/debateRecord/joint_committee_on_foreign_affairs_and_defence/2022-03-22/debate/mul@/main.xml
2022-03-22,dail,debate,https://data.oireachtas.ie/akn/ie/debateRecord/joint_sub_committee_on_mental_health/2022-03-22/debate/main,https://data.oireachtas.ie/akn/ie/debateRecord/joint_sub_committee_on_mental_health/2022-03-22/debate/mul@/main.xml
2022-03-22,dail,debate,https://data.oireachtas.ie/akn/ie/debateRecord/dail/2022-03-22/debate/main,https://data.oireachtas.ie/akn/ie/debateRecord/dail/2022-03-22/debate/mul@/main.xml
2022-03-15,dail,debate,https://data.oireachtas.ie/akn/ie/debateRecord/joint_committee_on_european_union_affairs/2022-03-15/debate/main,https://data.oireachtas.ie/akn/ie/debateRecord/joint_committee_on_european_union_affairs/2022-03-15/debate/mul@/main.xml
2022-03-10,dail,debate,https://data.oireachtas.ie/akn/ie/debateRecord/joint_committee_on_foreign_affairs_and_defence/2022-03-10/debate/main,https://data.oireachtas.ie/akn/ie/debateRecord/joint_committee_on_foreign_affairs_and_defence/2022-03-10/debate/mul@/main.xml
2022-03-10,dail,debate,https://data.oireachtas.ie/akn/ie/debateRecord/select_committee_on_foreign_affairs_and_defence/2022-03-10/debate/main,https://data.oireachtas.ie/akn/ie/debateRecord/select_committee_on_foreign_affairs_and_defence/2022-03-10/debate/mul@/main.xml
2022-03-10,dail,debate,https://data.oireachtas.ie/akn/ie/debateRecord/select_committee_on_housing_local_government_and_heritage/2022-03-10/debate/main,https://data.oireachtas.ie/akn/ie/debateRecord/select_committee_on_housing_local_government_and_heritage/2022-03-10/debate/mul@/main.xml
2022-03-10,dail,debate,https://data.oireachtas.ie/akn/ie/debateRecord/joint_committee_on_finance_public_expenditure_and_reform_and_taoiseach/2022-03-10/debate/main,https://data.oireachtas.ie/akn/ie/debateRecord/joint_committee_on_finance_public_expenditure_and_reform_and_taoiseach/2022-03-10/debate/mul@/main.xml
2022-03-10,dail,debate,https://data.oireachtas.ie/akn/ie/debateRecord/joint_committee_on_disability_matters/2022-03-10/debate/main,https://data.oireachtas.ie/akn/ie/debateRecord/joint_committee_on_disability_matters/2022-03-10/debate/mul@/main.xml
2022-03-10,dail,debate,https://data.oireachtas.ie/akn/ie/debateRecord/joint_committee_on_the_implementation_of_the_good_friday_agreement/2022-03-10/debate/main,https://data.oireachtas.ie/akn/ie/debateRecord/joint_committee_on_the_implementation_of_the_good_friday_agreement/2022-03-10/debate/mul@/main.xml
2022-03-10,dail,debate,https://data.oireachtas.ie/akn/ie/debateRecord/committee_of_public_accounts/2022-03-10/debate/main,https://data.oireachtas.ie/akn/ie/debateRecord/committee_of_public_accounts/2022-03-10/debate/mul@/main.xml
2022-03-10,dail,debate,https://data.oireachtas.ie/akn/ie/debateRecord/joint_committee_on_gender_equality/2022-03-10/debate/main,https://data.oireachtas.ie/akn/ie/debateRecord/joint_committee_on_gender_equality/2022-03-10/debate/mul@/main.xml
2022-03-10,dail,debate,https://data.oireachtas.ie/akn/ie/debateRecord/select_committee_on_health/2022-03-10/debate/main,https://data.oireachtas.ie/akn/ie/debateRecord/select_committee_on_health/2022-03-10/debate/mul@/main.xml
2022-03-10,dail,debate,https://data.oireachtas.ie/akn/ie/debateRecord/committee_on_public_petitions/2022-03-10/debate/main,https://data.oireachtas.ie/akn/ie/debateRecord/committee_on_public_petitions/2022-03-10/debate/mul@/main.xml
2022-03-10,seanad,debate,https://data.oireachtas.ie/akn/ie/debateRecord/seanad/2022-03-10/debate/main,https://data.oireachtas.ie/akn/ie/debateRecord/seanad/2022-03-10/debate/mul@/main.xml
2022-03-10,dail,debate,https://data.oireachtas.ie/akn/ie/debateRecord/dail/2022-03-10/debate/main,https://data.oireachtas.ie/akn/ie/debateRecord/dail/2022-03-10/debate/mul@/main.xml
2022-03-09,dail,debate,https://data.oireachtas.ie/akn/ie/debateRecord/select_committee_on_children_equality_disability_integration_and_youth/2022-03-09/debate/main,https://data.oireachtas.ie/akn/ie/debateRecord/select_committee_on_children_equality_disability_integration_and_youth/2022-03-09/debate/mul@/main.xml
2022-03-09,dail,debate,https://data.oireachtas.ie/akn/ie/debateRecord/joint_committee_on_agriculture_food_and_the_marine/2022-03-09/debate/main,https://data.oireachtas.ie/akn/ie/debateRecord/joint_committee_on_agriculture_food_and_the_marine/2022-03-09/debate/mul@/main.xml
2022-03-09,dail,debate,https://data.oireachtas.ie/akn/ie/debateRecord/joint_committee_on_enterprise_trade_and_employment/2022-03-09/debate/main,https://data.oireachtas.ie/akn/ie/debateRecord/joint_committee_on_enterprise_trade_and_employment/2022-03-09/debate/mul@/main.xml
2022-03-09,dail,debate,https://data.oireachtas.ie/akn/ie/debateRecord/committee_on_budgetary_oversight/2022-03-09/debate/main,https://data.oireachtas.ie/akn/ie/debateRecord/committee_on_budgetary_oversight/2022-03-09/debate/mul@/main.xml
2022-03-09,dail,debate,https://data.oireachtas.ie/akn/ie/debateRecord/select_committee_on_finance_public_expenditure_and_reform_and_taoiseach/2022-03-09/debate/main,https://data.oireachtas.ie/akn/ie/debateRecord/select_committee_on_finance_public_expenditure_and_reform_and_taoiseach/2022-03-09/debate/mul@/main.xml
2022-03-09,dail,debate,https://data.oireachtas.ie/akn/ie/debateRecord/joint_committee_on_health/2022-03-09/debate/main,https://data.oireachtas.ie/akn/ie/debateRecord/joint_committee_on_health/2022-03-09/debate/mul@/main.xml
2022-03-09,dail,debate,https://data.oireachtas.ie/akn/ie/debateRecord/joint_committee_on_transport_and_communications/2022-03-09/debate/main,https://data.oireachtas.ie/akn/ie/debateRecord/joint_committee_on_transport_and_communications/2022-03-09/debate/mul@/main.xml
2022-03-09,dail,debate,https://data.oireachtas.ie/akn/ie/debateRecord/comhchoiste_na_gaeilge_na_gaeltachta_agus_phobal_labhartha_na_gaeilge/2022-03-09/debate/main,https://data.oireachtas.ie/akn/ie/debateRecord/comhchoiste_na_gaeilge_na_gaeltachta_agus_phobal_labhartha_na_gaeilge/2022-03-09/debate/mul@/main.xml
2022-03-09,dail,debate,https://data.oireachtas.ie/akn/ie/debateRecord/joint_committee_on_european_union_affairs/2022-03-09/debate/main,https://data.oireachtas.ie/akn/ie/debateRecord/joint_committee_on_european_union_affairs/2022-03-09/debate/mul@/main.xml
2022-03-09,dail,debate,https://data.oireachtas.ie/akn/ie/debateRecord/select_committee_on_foreign_affairs_and_defence/2022-03-09/debate/main,https://data.oireachtas.ie/akn/ie/debateRecord/select_committee_on_foreign_affairs_and_defence/2022-03-09/debate/mul@/main.xml
2022-03-09,seanad,debate,https://data.oireachtas.ie/akn/ie/debateRecord/seanad/2022-03-09/debate/main,https://data.oireachtas.ie/akn/ie/debateRecord/seanad/2022-03-09/debate/mul@/main.xml
2022-03-09,dail,debate,https://data.oireachtas.ie/akn/ie/debateRecord/dail/2022-03-09/debate/main,https://data.oireachtas.ie/akn/ie/debateRecord/dail/2022-03-09/debate/mul@/main.xml
2022-03-09,dail,debate,https://data.oireachtas.ie/akn/ie/debateRecord/select_committee_on_tourism_culture_arts_sport_and_media/2022-03-09/debate/main,https://data.oireachtas.ie/akn/ie/debateRecord/select_committee_on_tourism_culture_arts_sport_and_media/2022-03-09/debate/mul@/main.xml
2022-03-08,dail,debate,https://data.oireachtas.ie/akn/ie/debateRecord/joint_committee_on_environment_and_climate_action/2022-03-08/debate/main,https://data.oireachtas.ie/akn/ie/debateRecord/joint_committee_on_environment_and_climate_action/2022-03-08/debate/mul@/main.xml
2022-03-08,dail,debate,https://data.oireachtas.ie/akn/ie/debateRecord/select_committee_on_environment_and_climate_action/2022-03-08/debate/main,https://data.oireachtas.ie/akn/ie/debateRecord/select_committee_on_environment_and_climate_action/2022-03-08/debate/mul@/main.xml
2022-03-08,dail,debate,https://data.oireachtas.ie/akn/ie/debateRecord/select_committee_on_children_equality_disability_integration_and_youth/2022-03-08/debate/main,https://data.oireachtas.ie/akn/ie/debateRecord/select_committee_on_children_equality_disability_integration_and_youth/2022-03-08/debate/mul@/main.xml
2022-03-08,dail,debate,https://data.oireachtas.ie/akn/ie/debateRecord/joint_committee_on_education_further_and_higher_education_research_innovation_and_science/2022-03-08/debate/main,https://data.oireachtas.ie/akn/ie/debateRecord/joint_committee_on_education_further_and_higher_education_research_innovation_and_science/2022-03-08/debate/mul@/main.xml
2022-03-08,dail,debate,https://data.oireachtas.ie/akn/ie/debateRecord/joint_sub_committee_on_mental_health/2022-03-08/debate/main,https://data.oireachtas.ie/akn/ie/debateRecord/joint_sub_committee_on_mental_health/2022-03-08/debate/mul@/main.xml
2022-03-08,dail,debate,https://data.oireachtas.ie/akn/ie/debateRecord/joint_committee_on_housing_local_government_and_heritage/2022-03-08/debate/main,https://data.oireachtas.ie/akn/ie/debateRecord/joint_committee_on_housing_local_government_and_heritage/2022-03-08/debate/mul@/main.xml
2022-03-08,dail,debate,https://data.oireachtas.ie/akn/ie/debateRecord/joint_committee_on_justice/2022-03-08/debate/main,https://data.oireachtas.ie/akn/ie/debateRecord/joint_committee_on_justice/2022-03-08/debate/mul@/main.xml
2022-03-08,dail,debate,https://data.oireachtas.ie/akn/ie/debateRecord/joint_committee_on_transport_and_communications/2022-03-08/debate/main,https://data.oireachtas.ie/akn/ie/debateRecord/joint_committee_on_transport_and_communications/2022-03-08/debate/mul@/main.xml
2022-03-08,seanad,debate,https://data.oireachtas.ie/akn/ie/debateRecord/seanad/2022-03-08/debate/main,https://data.oireachtas.ie/akn/ie/debateRecord/seanad/2022-03-08/debate/mul@/main.xml
2022-03-08,dail,debate,https://data.oireachtas.ie/akn/ie/debateRecord/dail/2022-03-08/debate/main,https://data.oireachtas.ie/akn/ie/debateRecord/dail/2022-03-08/debate/mul@/main.xml
2022-03-03,dail,debate,https://data.oireachtas.ie/akn/ie/debateRecord/committee_of_public_accounts/2022-03-03/debate/main,https://data.oireachtas.ie/akn/ie/debateRecord/committee_of_public_accounts/2022-03-03/debate/mul@/main.xml
2022-03-03,dail,debate,https://data.oireachtas.ie/akn/ie/debateRecord/joint_committee_on_enterprise_trade_and_employment/2022-03-03/debate/main,https://data.oireachtas.ie/akn/ie/debateRecord/joint_committee_on_enterprise_trade_and_employment/2022-03-03/debate/mul@/main.xml
2022-03-03,dail,debate,https://data.oireachtas.ie/akn/ie/debateRecord/joint_committee_on_disability_matters/2022-03-03/debate/main,https://data.oireachtas.ie/akn/ie/debateRecord/joint_committee_on_disability_matters/2022-03-03/debate/mul@/main.xml
2022-03-03,dail,debate,https://data.oireachtas.ie/akn/ie/debateRecord/joint_committee_on_gender_equality/2022-03-03/debate/main,https://data.oireachtas.ie/akn/ie/debateRecord/joint_committee_on_gender_equality/2022-03-03/debate/mul@/main.xml
2022-03-03,dail,debate,https://data.oireachtas.ie/akn/ie/debateRecord/joint_committee_on_the_implementation_of_the_good_friday_agreement/2022-03-03/debate/main,https://data.oireachtas.ie/akn/ie/debateRecord/joint_committee_on_the_implementation_of_the_good_friday_agreement/2022-03-03/debate/mul@/main.xml
2022-03-03,dail,debate,https://data.oireachtas.ie/akn/ie/debateRecord/select_committee_on_housing_local_government_and_heritage/2022-03-03/debate/main,https://data.oireachtas.ie/akn/ie/debateRecord/select_committee_on_housing_local_government_and_heritage/2022-03-03/debate/mul@/main.xml
2022-03-03,seanad,debate,https://data.oireachtas.ie/akn/ie/debateRecord/seanad/2022-03-03/debate/main,https://data.oireachtas.ie/akn/ie/debateRecord/seanad/2022-03-03/debate/mul@/main.xml
2022-03-03,dail,debate,https://data.oireachtas.ie/akn/ie/debateRecord/dail/2022-03-03/debate/main,https://data.oireachtas.ie/akn/ie/debateRecord/dail/2022-03-03/debate/mul@/main.xml
2022-03-02,dail,debate,https://data.oireachtas.ie/akn/ie/debateRecord/comhchoiste_na_gaeilge_na_gaeltachta_agus_phobal_labhartha_na_gaeilge/2022-03-02/debate/main,https://data.oireachtas.ie/akn/ie/debateRecord/comhchoiste_na_gaeilge_na_gaeltachta_agus_phobal_labhartha_na_gaeilge/2022-03-02/debate/mul@/main.xml
2022-03-02,dail,debate,https://data.oireachtas.ie/akn/ie/debateRecord/joint_committee_on_agriculture_food_and_the_marine/2022-03-02/debate/main,https://data.oireachtas.ie/akn/ie/debateRecord/joint_committee_on_agriculture_food_and_the_marine/2022-03-02/debate/mul@/main.xml
2022-03-02,dail,debate,https://data.oireachtas.ie/akn/ie/debateRecord/select_committee_on_children_equality_disability_integration_and_youth/2022-03-02/debate/main,https://data.oireachtas.ie/akn/ie/debateRecord/select_committee_on_children_equality_disability_integration_and_youth/2022-03-02/debate/mul@/main.xml
2022-03-02,dail,debate,https://data.oireachtas.ie/akn/ie/debateRecord/joint_committee_on_social_protection_community_and_rural_development_and_the_islands/2022-03-02/debate/main,https://data.oireachtas.ie/akn/ie/debateRecord/joint_committee_on_social_protection_community_and_rural_development_and_the_islands/2022-03-02/debate/mul@/main.xml
2022-03-02,dail,debate,https://data.oireachtas.ie/akn/ie/debateRecord/joint_committee_on_enterprise_trade_and_employment/2022-03-02/debate/main,https://data.oireachtas.ie/akn/ie/debateRecord/joint_committee_on_enterprise_trade_and_employment/2022-03-02/debate/mul@/main.xml
2022-03-02,seanad,debate,https://data.oireachtas.ie/akn/ie/debateRecord/seanad/2022-03-02/debate/main,https://data.oireachtas.ie/akn/ie/debateRecord/seanad/2022-03-02/debate/mul@/main.xml
2022-03-02,dail,debate,https://data.oireachtas.ie/akn/ie/debateRecord/joint_committee_on_health/2022-03-02/debate/main,https://data.oireachtas.ie/akn/ie/debateRecord/joint_committee_on_health/2022-03-02/debate/mul@/main.xml
2022-03-02,dail,debate,https://data.oireachtas.ie/akn/ie/debateRecord/joint_committee_on_transport_and_communications/2022-03-02/debate/main,https://data.oireachtas.ie/akn/ie/debateRecord/joint_committee_on_transport_and_communications/2022-03-02/debate/mul@/main.xml
2022-03-02,dail,debate,https://data.oireachtas.ie/akn/ie/debateRecord/dail/2022-03-02/debate/main,https://data.oireachtas.ie/akn/ie/debateRecord/dail/2022-03-02/debate/mul@/main.xml
2022-03-01,dail,debate,https://data.oireachtas.ie/akn/ie/debateRecord/joint_committee_on_environment_and_climate_action/2022-03-01/debate/main,https://data.oireachtas.ie/akn/ie/debateRecord/joint_committee_on_environment_and_climate_action/2022-03-01/debate/mul@/main.xml
2022-03-01,dail,debate,https://data.oireachtas.ie/akn/ie/debateRecord/joint_committee_on_education_further_and_higher_education_research_innovation_and_science/2022-03-01/debate/main,https://data.oireachtas.ie/akn/ie/debateRecord/joint_committee_on_education_further_and_higher_education_research_innovation_and_science/2022-03-01/debate/mul@/main.xml
2022-03-01,dail,debate,https://data.oireachtas.ie/akn/ie/debateRecord/joint_committee_on_health/2022-03-01/debate/main,https://data.oireachtas.ie/akn/ie/debateRecord/joint_committee_on_health/2022-03-01/debate/mul@/main.xml
2022-03-01,dail,debate,https://data.oireachtas.ie/akn/ie/debateRecord/joint_committee_on_housing_local_government_and_heritage/2022-03-01/debate/main,https://data.oireachtas.ie/akn/ie/debateRecord/joint_committee_on_housing_local_government_and_heritage/2022-03-01/debate/mul@/main.xml
2022-03-01,dail,debate,https://data.oireachtas.ie/akn/ie/debateRecord/joint_committee_on_transport_and_communications/2022-03-01/debate/main,https://data.oireachtas.ie/akn/ie/debateRecord/joint_committee_on_transport_and_communications/2022-03-01/debate/mul@/main.xml
2022-03-01,seanad,debate,https://data.oireachtas.ie/akn/ie/debateRecord/seanad/2022-03-01/debate/main,https://data.oireachtas.ie/akn/ie/debateRecord/seanad/2022-03-01/debate/mul@/main.xml
2022-03-01,dail,debate,https://data.oireachtas.ie/akn/ie/debateRecord/dail/2022-03-01/debate/main,https://data.oireachtas.ie/akn/ie/debateRecord/dail/2022-03-01/debate/mul@/main.xml
2022-02-24,dail,debate,https://data.oireachtas.ie/akn/ie/debateRecord/committee_of_public_accounts/2022-02-24/debate/main,https://data.oireachtas.ie/akn/ie/debateRecord/committee_of_public_accounts/2022-02-24/debate/mul@/main.xml
2022-02-24,dail,debate,https://data.oireachtas.ie/akn/ie/debateRecord/joint_committee_on_disability_matters/2022-02-24/debate/main,https://data.oireachtas.ie/akn/ie/debateRecord/joint_committee_on_disability_matters/2022-02-24/debate/mul@/main.xml
2022-02-24,dail,debate,https://data.oireachtas.ie/akn/ie/debateRecord/joint_committee_on_the_implementation_of_the_good_friday_agreement/2022-02-24/debate/main,https://data.oireachtas.ie/akn/ie/debateRecord/joint_committee_on_the_implementation_of_the_good_friday_agreement/2022-02-24/debate/mul@/main.xml
2022-02-24,dail,debate,https://data.oireachtas.ie/akn/ie/debateRecord/select_committee_on_health/2022-02-24/debate/main,https://data.oireachtas.ie/akn/ie/debateRecord/select_committee_on_health/2022-02-24/debate/mul@/main.xml
2022-02-24,seanad,debate,https://data.oireachtas.ie/akn/ie/debateRecord/seanad/2022-02-24/debate/main,https://data.oireachtas.ie/akn/ie/debateRecord/seanad/2022-02-24/debate/mul@/main.xml
2022-02-24,dail,debate,https://data.oireachtas.ie/akn/ie/debateRecord/dail/2022-02-24/debate/main,https://data.oireachtas.ie/akn/ie/debateRecord/dail/2022-02-24/debate/mul@/main.xml
2022-02-23,dail,debate,https://data.oireachtas.ie/akn/ie/debateRecord/joint_committee_on_european_union_affairs/2022-02-23/debate/main,https://data.oireachtas.ie/akn/ie/debateRecord/joint_committee_on_european_union_affairs/2022-02-23/debate/mul@/main.xml
2022-02-23,dail,debate,https://data.oireachtas.ie/akn/ie/debateRecord/comhchoiste_na_gaeilge_na_gaeltachta_agus_phobal_labhartha_na_gaeilge/2022-02-23/debate/main,https://data.oireachtas.ie/akn/ie/debateRecord/comhchoiste_na_gaeilge_na_gaeltachta_agus_phobal_labhartha_na_gaeilge/2022-02-23/debate/mul@/main.xml
2022-02-23,dail,debate,https://data.oireachtas.ie/akn/ie/debateRecord/joint_committee_on_agriculture_food_and_the_marine/2022-02-23/debate/main,https://data.oireachtas.ie/akn/ie/debateRecord/joint_committee_on_agriculture_food_and_the_marine/2022-02-23/debate/mul@/main.xml
2022-02-23,dail,debate,https://data.oireachtas.ie/akn/ie/debateRecord/select_committee_on_enterprise_trade_and_employment/2022-02-23/debate/main,https://data.oireachtas.ie/akn/ie/debateRecord/select_committee_on_enterprise_trade_and_employment/2022-02-23/debate/mul@/main.xml
2022-02-23,dail,debate,https://data.oireachtas.ie/akn/ie/debateRecord/select_committee_on_finance_public_expenditure_and_reform_and_taoiseach/2022-02-23/debate/main,https://data.oireachtas.ie/akn/ie/debateRecord/select_committee_on_finance_public_expenditure_and_reform_and_taoiseach/2022-02-23/debate/mul@/main.xml
2022-02-23,dail,debate,https://data.oireachtas.ie/akn/ie/debateRecord/select_committee_on_health/2022-02-23/debate/main,https://data.oireachtas.ie/akn/ie/debateRecord/select_committee_on_health/2022-02-23/debate/mul@/main.xml
2022-02-23,dail,debate,https://data.oireachtas.ie/akn/ie/debateRecord/joint_committee_on_tourism_culture_arts_sport_and_media/2022-02-23/debate/main,https://data.oireachtas.ie/akn/ie/debateRecord/joint_committee_on_tourism_culture_arts_sport_and_media/2022-02-23/debate/mul@/main.xml
2022-02-23,dail,debate,https://data.oireachtas.ie/akn/ie/debateRecord/joint_committee_on_transport_and_communications/2022-02-23/debate/main,https://data.oireachtas.ie/akn/ie/debateRecord/joint_committee_on_transport_and_communications/2022-02-23/debate/mul@/main.xml
2022-02-23,seanad,debate,https://data.oireachtas.ie/akn/ie/debateRecord/seanad/2022-02-23/debate/main,https://data.oireachtas.ie/akn/ie/debateRecord/seanad/2022-02-23/debate/mul@/main.xml
2022-02-23,dail,debate,https://data.oireachtas.ie/akn/ie/debateRecord/dail/2022-02-23/debate/main,https://data.oireachtas.ie/akn/ie/debateRecord/dail/2022-02-23/debate/mul@/main.xml
2022-02-22,dail,debate,https://data.oireachtas.ie/akn/ie/debateRecord/joint_committee_on_environment_and_climate_action/2022-02-22/debate/main,https://data.oireachtas.ie/akn/ie/debateRecord/joint_committee_on_environment_and_climate_action/2022-02-22/debate/mul@/main.xml
2022-02-22,dail,debate,https://data.oireachtas.ie/akn/ie/debateRecord/joint_committee_on_foreign_affairs_and_defence/2022-02-22/debate/main,https://data.oireachtas.ie/akn/ie/debateRecord/joint_committee_on_foreign_affairs_and_defence/2022-02-22/debate/mul@/main.xml
2022-02-22,dail,debate,https://data.oireachtas.ie/akn/ie/debateRecord/joint_committee_on_education_further_and_higher_education_research_innovation_and_science/2022-02-22/debate/main,https://data.oireachtas.ie/akn/ie/debateRecord/joint_committee_on_education_further_and_higher_education_research_innovation_and_science/2022-02-22/debate/mul@/main.xml
2022-02-22,dail,debate,https://data.oireachtas.ie/akn/ie/debateRecord/joint_committee_on_justice/2022-02-22/debate/main,https://data.oireachtas.ie/akn/ie/debateRecord/joint_committee_on_justice/2022-02-22/debate/mul@/main.xml
2022-02-22,seanad,debate,https://data.oireachtas.ie/akn/ie/debateRecord/seanad/2022-02-22/debate/main,https://data.oireachtas.ie/akn/ie/debateRecord/seanad/2022-02-22/debate/mul@/main.xml
2022-02-22,dail,debate,https://data.oireachtas.ie/akn/ie/debateRecord/dail/2022-02-22/debate/main,https://data.oireachtas.ie/akn/ie/debateRecord/dail/2022-02-22/debate/mul@/main.xml
2022-02-17,dail,debate,https://data.oireachtas.ie/akn/ie/debateRecord/committee_of_public_accounts/2022-02-17/debate/main,https://data.oireachtas.ie/akn/ie/debateRecord/committee_of_public_accounts/2022-02-17/debate/mul@/main.xml
2022-02-17,dail,debate,https://data.oireachtas.ie/akn/ie/debateRecord/joint_committee_on_housing_local_government_and_heritage/2022-02-17/debate/main,https://data.oireachtas.ie/akn/ie/debateRecord/joint_committee_on_housing_local_government_and_heritage/2022-02-17/debate/mul@/main.xml
2022-02-17,dail,debate,https://data.oireachtas.ie/akn/ie/debateRecord/joint_committee_on_transport_and_communications/2022-02-17/debate/main,https://data.oireachtas.ie/akn/ie/debateRecord/joint_committee_on_transport_and_communications/2022-02-17/debate/mul@/main.xml
2022-02-17,dail,debate,https://data.oireachtas.ie/akn/ie/debateRecord/joint_committee_on_the_implementation_of_the_good_friday_agreement/2022-02-17/debate/main,https://data.oireachtas.ie/akn/ie/debateRecord/joint_committee_on_the_implementation_of_the_good_friday_agreement/2022-02-17/debate/mul@/main.xml
2022-02-17,seanad,debate,https://data.oireachtas.ie/akn/ie/debateRecord/seanad/2022-02-17/debate/main,https://data.oireachtas.ie/akn/ie/debateRecord/seanad/2022-02-17/debate/mul@/main.xml
2022-02-17,dail,debate,https://data.oireachtas.ie/akn/ie/debateRecord/joint_committee_on_disability_matters/2022-02-17/debate/main,https://data.oireachtas.ie/akn/ie/debateRecord/joint_committee_on_disability_matters/2022-02-17/debate/mul@/main.xml
2022-02-17,dail,debate,https://data.oireachtas.ie/akn/ie/debateRecord/committee_on_public_petitions/2022-02-17/debate/main,https://data.oireachtas.ie/akn/ie/debateRecord/committee_on_public_petitions/2022-02-17/debate/mul@/main.xml
2022-02-17,dail,debate,https://data.oireachtas.ie/akn/ie/debateRecord/dail/2022-02-17/debate/main,https://data.oireachtas.ie/akn/ie/debateRecord/dail/2022-02-17/debate/mul@/main.xml
2022-02-16,dail,debate,https://data.oireachtas.ie/akn/ie/debateRecord/select_committee_on_transport_and_communications/2022-02-16/debate/main,https://data.oireachtas.ie/akn/ie/debateRecord/select_committee_on_transport_and_communications/2022-02-16/debate/mul@/main.xml
2022-02-16,dail,debate,https://data.oireachtas.ie/akn/ie/debateRecord/joint_committee_on_enterprise_trade_and_employment/2022-02-16/debate/main,https://data.oireachtas.ie/akn/ie/debateRecord/joint_committee_on_enterprise_trade_and_employment/2022-02-16/debate/mul@/main.xml
2022-02-16,dail,debate,https://data.oireachtas.ie/akn/ie/debateRecord/committee_on_budgetary_oversight/2022-02-16/debate/main,https://data.oireachtas.ie/akn/ie/debateRecord/committee_on_budgetary_oversight/2022-02-16/debate/mul@/main.xml
2022-02-16,dail,debate,https://data.oireachtas.ie/akn/ie/debateRecord/joint_committee_on_children_equality_disability_integration_and_youth/2022-02-16/debate/main,https://data.oireachtas.ie/akn/ie/debateRecord/joint_committee_on_children_equality_disability_integration_and_youth/2022-02-16/debate/mul@/main.xml
2022-02-16,dail,debate,https://data.oireachtas.ie/akn/ie/debateRecord/joint_committee_on_health/2022-02-16/debate/main,https://data.oireachtas.ie/akn/ie/debateRecord/joint_committee_on_health/2022-02-16/debate/mul@/main.xml
2022-02-16,dail,debate,https://data.oireachtas.ie/akn/ie/debateRecord/select_committee_on_social_protection_community_and_rural_development_and_the_islands/2022-02-16/debate/main,https://data.oireachtas.ie/akn/ie/debateRecord/select_committee_on_social_protection_community_and_rural_development_and_the_islands/2022-02-16/debate/mul@/main.xml
2022-02-16,dail,debate,https://data.oireachtas.ie/akn/ie/debateRecord/joint_committee_on_tourism_culture_arts_sport_and_media/2022-02-16/debate/main,https://data.oireachtas.ie/akn/ie/debateRecord/joint_committee_on_tourism_culture_arts_sport_and_media/2022-02-16/debate/mul@/main.xml
2022-02-16,seanad,debate,https://data.oireachtas.ie/akn/ie/debateRecord/seanad/2022-02-16/debate/main,https://data.oireachtas.ie/akn/ie/debateRecord/seanad/2022-02-16/debate/mul@/main.xml
2022-02-16,dail,debate,https://data.oireachtas.ie/akn/ie/debateRecord/joint_committee_on_agriculture_food_and_the_marine/2022-02-16/debate/main,https://data.oireachtas.ie/akn/ie/debateRecord/joint_committee_on_agriculture_food_and_the_marine/2022-02-16/debate/mul@/main.xml
2022-02-16,dail,debate,https://data.oireachtas.ie/akn/ie/debateRecord/joint_committee_on_finance_public_expenditure_and_reform_and_taoiseach/2022-02-16/debate/main,https://data.oireachtas.ie/akn/ie/debateRecord/joint_committee_on_finance_public_expenditure_and_reform_and_taoiseach/2022-02-16/debate/mul@/main.xml
2022-02-16,dail,debate,https://data.oireachtas.ie/akn/ie/debateRecord/dail/2022-02-16/debate/main,https://data.oireachtas.ie/akn/ie/debateRecord/dail/2022-02-16/debate/mul@/main.xml
2022-02-15,dail,debate,https://data.oireachtas.ie/akn/ie/debateRecord/joint_committee_on_environment_and_climate_action/2022-02-15/debate/main,https://data.oireachtas.ie/akn/ie/debateRecord/joint_committee_on_environment_and_climate_action/2022-02-15/debate/mul@/main.xml
2022-02-15,dail,debate,https://data.oireachtas.ie/akn/ie/debateRecord/joint_committee_on_children_equality_disability_integration_and_youth/2022-02-15/debate/main,https://data.oireachtas.ie/akn/ie/debateRecord/joint_committee_on_children_equality_disability_integration_and_youth/2022-02-15/debate/mul@/main.xml
2022-02-15,dail,debate,https://data.oireachtas.ie/akn/ie/debateRecord/joint_committee_on_foreign_affairs_and_defence/2022-02-15/debate/main,https://data.oireachtas.ie/akn/ie/debateRecord/joint_committee_on_foreign_affairs_and_defence/2022-02-15/debate/mul@/main.xml
2022-02-15,dail,debate,https://data.oireachtas.ie/akn/ie/debateRecord/joint_committee_on_health/2022-02-15/debate/main,https://data.oireachtas.ie/akn/ie/debateRecord/joint_committee_on_health/2022-02-15/debate/mul@/main.xml
2022-02-15,dail,debate,https://data.oireachtas.ie/akn/ie/debateRecord/joint_committee_on_justice/2022-02-15/debate/main,https://data.oireachtas.ie/akn/ie/debateRecord/joint_committee_on_justice/2022-02-15/debate/mul@/main.xml
2022-02-15,dail,debate,https://data.oireachtas.ie/akn/ie/debateRecord/joint_committee_on_transport_and_communications/2022-02-15/debate/main,https://data.oireachtas.ie/akn/ie/debateRecord/joint_committee_on_transport_and_communications/2022-02-15/debate/mul@/main.xml
2022-02-15,seanad,debate,https://data.oireachtas.ie/akn/ie/debateRecord/seanad/2022-02-15/debate/main,https://data.oireachtas.ie/akn/ie/debateRecord/seanad/2022-02-15/debate/mul@/main.xml
2022-02-15,dail,debate,https://data.oireachtas.ie/akn/ie/debateRecord/dail/2022-02-15/debate/main,https://data.oireachtas.ie/akn/ie/debateRecord/dail/2022-02-15/debate/mul@/main.xml
2022-02-10,dail,debate,https://data.oireachtas.ie/akn/ie/debateRecord/committee_of_public_accounts/2022-02-10/debate/main,https://data.oireachtas.ie/akn/ie/debateRecord/committee_of_public_accounts/2022-02-10/debate/mul@/main.xml
2022-02-10,dail,debate,https://data.oireachtas.ie/akn/ie/debateRecord/select_committee_on_education_further_and_higher_education_research_innovation_and_science/2022-02-10/debate/main,https://data.oireachtas.ie/akn/ie/debateRecord/select_committee_on_education_further_and_higher_education_research_innovation_and_science/2022-02-10/debate/mul@/main.xml
2022-02-10,dail,debate,https://data.oireachtas.ie/akn/ie/debateRecord/joint_committee_on_the_implementation_of_the_good_friday_agreement/2022-02-10/debate/main,https://data.oireachtas.ie/akn/ie/debateRecord/joint_committee_on_the_implementation_of_the_good_friday_agreement/2022-02-10/debate/mul@/main.xml
2022-02-10,seanad,debate,https://data.oireachtas.ie/akn/ie/debateRecord/seanad/2022-02-10/debate/main,https://data.oireachtas.ie/akn/ie/debateRecord/seanad/2022-02-10/debate/mul@/main.xml
2022-02-10,dail,debate,https://data.oireachtas.ie/akn/ie/debateRecord/joint_committee_on_disability_matters/2022-02-10/debate/main,https://data.oireachtas.ie/akn/ie/debateRecord/joint_committee_on_disability_matters/2022-02-10/debate/mul@/main.xml
2022-02-10,dail,debate,https://data.oireachtas.ie/akn/ie/debateRecord/joint_committee_on_housing_local_government_and_heritage/2022-02-10/debate/main,https://data.oireachtas.ie/akn/ie/debateRecord/joint_committee_on_housing_local_government_and_heritage/2022-02-10/debate/mul@/main.xml
2022-02-10,dail,debate,https://data.oireachtas.ie/akn/ie/debateRecord/dail/2022-02-10/debate/main,https://data.oireachtas.ie/akn/ie/debateRecord/dail/2022-02-10/debate/mul@/main.xml
2022-02-10,dail,debate,https://data.oireachtas.ie/akn/ie/debateRecord/select_committee_on_housing_local_government_and_heritage/2022-02-10/debate/main,https://data.oireachtas.ie/akn/ie/debateRecord/select_committee_on_housing_local_government_and_heritage/2022-02-10/debate/mul@/main.xml
2022-02-09,dail,debate,https://data.oireachtas.ie/akn/ie/debateRecord/select_committee_on_transport_and_communications/2022-02-09/debate/main,https://data.oireachtas.ie/akn/ie/debateRecord/select_committee_on_transport_and_communications/2022-02-09/debate/mul@/main.xml
2022-02-09,dail,debate,https://data.oireachtas.ie/akn/ie/debateRecord/joint_committee_on_agriculture_food_and_the_marine/2022-02-09/debate/main,https://data.oireachtas.ie/akn/ie/debateRecord/joint_committee_on_agriculture_food_and_the_marine/2022-02-09/debate/mul@/main.xml
2022-02-09,dail,debate,https://data.oireachtas.ie/akn/ie/debateRecord/joint_committee_on_enterprise_trade_and_employment/2022-02-09/debate/main,https://data.oireachtas.ie/akn/ie/debateRecord/joint_committee_on_enterprise_trade_and_employment/2022-02-09/debate/mul@/main.xml
2022-02-09,dail,debate,https://data.oireachtas.ie/akn/ie/debateRecord/committee_on_budgetary_oversight/2022-02-09/debate/main,https://data.oireachtas.ie/akn/ie/debateRecord/committee_on_budgetary_oversight/2022-02-09/debate/mul@/main.xml
2022-02-09,dail,debate,https://data.oireachtas.ie/akn/ie/debateRecord/select_committee_on_finance_public_expenditure_and_reform_and_taoiseach/2022-02-09/debate/main,https://data.oireachtas.ie/akn/ie/debateRecord/select_committee_on_finance_public_expenditure_and_reform_and_taoiseach/2022-02-09/debate/mul@/main.xml
2022-02-09,dail,debate,https://data.oireachtas.ie/akn/ie/debateRecord/roghchoiste_na_gaeilge_na_gaeltachta_agus_phobal_labhartha_na_gaeilge/2022-02-09/debate/main,https://data.oireachtas.ie/akn/ie/debateRecord/roghchoiste_na_gaeilge_na_gaeltachta_agus_phobal_labhartha_na_gaeilge/2022-02-09/debate/mul@/main.xml
2022-02-09,seanad,debate,https://data.oireachtas.ie/akn/ie/debateRecord/seanad/2022-02-09/debate/main,https://data.oireachtas.ie/akn/ie/debateRecord/seanad/2022-02-09/debate/mul@/main.xml
2022-02-09,dail,debate,https://data.oireachtas.ie/akn/ie/debateRecord/joint_committee_on_health/2022-02-09/debate/main,https://data.oireachtas.ie/akn/ie/debateRecord/joint_committee_on_health/2022-02-09/debate/mul@/main.xml
2022-02-09,dail,debate,https://data.oireachtas.ie/akn/ie/debateRecord/dail/2022-02-09/debate/main,https://data.oireachtas.ie/akn/ie/debateRecord/dail/2022-02-09/debate/mul@/main.xml
2022-02-08,dail,debate,https://data.oireachtas.ie/akn/ie/debateRecord/select_committee_on_environment_and_climate_action/2022-02-08/debate/main,https://data.oireachtas.ie/akn/ie/debateRecord/select_committee_on_environment_and_climate_action/2022-02-08/debate/mul@/main.xml
2022-02-08,dail,debate,https://data.oireachtas.ie/akn/ie/debateRecord/joint_committee_on_education_further_and_higher_education_research_innovation_and_science/2022-02-08/debate/main,https://data.oireachtas.ie/akn/ie/debateRecord/joint_committee_on_education_further_and_higher_education_research_innovation_and_science/2022-02-08/debate/mul@/main.xml
2022-02-08,dail,debate,https://data.oireachtas.ie/akn/ie/debateRecord/select_committee_on_european_union_affairs/2022-02-08/debate/main,https://data.oireachtas.ie/akn/ie/debateRecord/select_committee_on_european_union_affairs/2022-02-08/debate/mul@/main.xml
2022-02-08,dail,debate,https://data.oireachtas.ie/akn/ie/debateRecord/joint_committee_on_foreign_affairs_and_defence/2022-02-08/debate/main,https://data.oireachtas.ie/akn/ie/debateRecord/joint_committee_on_foreign_affairs_and_defence/2022-02-08/debate/mul@/main.xml
2022-02-08,dail,debate,https://data.oireachtas.ie/akn/ie/debateRecord/joint_sub_committee_on_mental_health/2022-02-08/debate/main,https://data.oireachtas.ie/akn/ie/debateRecord/joint_sub_committee_on_mental_health/2022-02-08/debate/mul@/main.xml
2022-02-08,dail,debate,https://data.oireachtas.ie/akn/ie/debateRecord/select_committee_on_justice/2022-02-08/debate/main,https://data.oireachtas.ie/akn/ie/debateRecord/select_committee_on_justice/2022-02-08/debate/mul@/main.xml
2022-02-08,seanad,debate,https://data.oireachtas.ie/akn/ie/debateRecord/seanad/2022-02-08/debate/main,https://data.oireachtas.ie/akn/ie/debateRecord/seanad/2022-02-08/debate/mul@/main.xml
2022-02-08,dail,debate,https://data.oireachtas.ie/akn/ie/debateRecord/joint_committee_on_housing_local_government_and_heritage/2022-02-08/debate/main,https://data.oireachtas.ie/akn/ie/debateRecord/joint_committee_on_housing_local_government_and_heritage/2022-02-08/debate/mul@/main.xml
2022-02-08,dail,debate,https://data.oireachtas.ie/akn/ie/debateRecord/select_committee_on_children_equality_disability_integration_and_youth/2022-02-08/debate/main,https://data.oireachtas.ie/akn/ie/debateRecord/select_committee_on_children_equality_disability_integration_and_youth/2022-02-08/debate/mul@/main.xml
2022-02-08,dail,debate,https://data.oireachtas.ie/akn/ie/debateRecord/dail/2022-02-08/debate/main,https://data.oireachtas.ie/akn/ie/debateRecord/dail/2022-02-08/debate/mul@/main.xml
2022-02-03,dail,debate,https://data.oireachtas.ie/akn/ie/debateRecord/committee_on_public_petitions/2022-02-03/debate/main,https://data.oireachtas.ie/akn/ie/debateRecord/committee_on_public_petitions/2022-02-03/debate/mul@/main.xml
2022-02-03,dail,debate,https://data.oireachtas.ie/akn/ie/debateRecord/joint_committee_on_housing_local_government_and_heritage/2022-02-03/debate/main,https://data.oireachtas.ie/akn/ie/debateRecord/joint_committee_on_housing_local_government_and_heritage/2022-02-03/debate/mul@/main.xml
2022-02-03,dail,debate,https://data.oireachtas.ie/akn/ie/debateRecord/committee_of_public_accounts/2022-02-03/debate/main,https://data.oireachtas.ie/akn/ie/debateRecord/committee_of_public_accounts/2022-02-03/debate/mul@/main.xml
2022-02-03,seanad,debate,https://data.oireachtas.ie/akn/ie/debateRecord/seanad/2022-02-03/debate/main,https://data.oireachtas.ie/akn/ie/debateRecord/seanad/2022-02-03/debate/mul@/main.xml
2022-02-03,dail,debate,https://data.oireachtas.ie/akn/ie/debateRecord/joint_committee_on_disability_matters/2022-02-03/debate/main,https://data.oireachtas.ie/akn/ie/debateRecord/joint_committee_on_disability_matters/2022-02-03/debate/mul@/main.xml
2022-02-03,dail,debate,https://data.oireachtas.ie/akn/ie/debateRecord/dail/2022-02-03/debate/main,https://data.oireachtas.ie/akn/ie/debateRecord/dail/2022-02-03/debate/mul@/main.xml
2022-02-02,dail,debate,https://data.oireachtas.ie/akn/ie/debateRecord/comhchoiste_na_gaeilge_na_gaeltachta_agus_phobal_labhartha_na_gaeilge/2022-02-02/debate/main,https://data.oireachtas.ie/akn/ie/debateRecord/comhchoiste_na_gaeilge_na_gaeltachta_agus_phobal_labhartha_na_gaeilge/2022-02-02/debate/mul@/main.xml
2022-02-02,dail,debate,https://data.oireachtas.ie/akn/ie/debateRecord/select_committee_on_agriculture_food_and_the_marine/2022-02-02/debate/main,https://data.oireachtas.ie/akn/ie/debateRecord/select_committee_on_agriculture_food_and_the_marine/2022-02-02/debate/mul@/main.xml
2022-02-02,dail,debate,https://data.oireachtas.ie/akn/ie/debateRecord/committee_on_budgetary_oversight/2022-02-02/debate/main,https://data.oireachtas.ie/akn/ie/debateRecord/committee_on_budgetary_oversight/2022-02-02/debate/mul@/main.xml
2022-02-02,dail,debate,https://data.oireachtas.ie/akn/ie/debateRecord/joint_committee_on_european_union_affairs/2022-02-02/debate/main,https://data.oireachtas.ie/akn/ie/debateRecord/joint_committee_on_european_union_affairs/2022-02-02/debate/mul@/main.xml
2022-02-02,dail,debate,https://data.oireachtas.ie/akn/ie/debateRecord/select_committee_on_finance_public_expenditure_and_reform_and_taoiseach/2022-02-02/debate/main,https://data.oireachtas.ie/akn/ie/debateRecord/select_committee_on_finance_public_expenditure_and_reform_and_taoiseach/2022-02-02/debate/mul@/main.xml
2022-02-02,dail,debate,https://data.oireachtas.ie/akn/ie/debateRecord/select_committee_on_social_protection_community_and_rural_development_and_the_islands/2022-02-02/debate/main,https://data.oireachtas.ie/akn/ie/debateRecord/select_committee_on_social_protection_community_and_rural_development_and_the_islands/2022-02-02/debate/mul@/main.xml
2022-02-02,dail,debate,https://data.oireachtas.ie/akn/ie/debateRecord/joint_committee_on_transport_and_communications/2022-02-02/debate/main,https://data.oireachtas.ie/akn/ie/debateRecord/joint_committee_on_transport_and_communications/2022-02-02/debate/mul@/main.xml
2022-02-02,dail,debate,https://data.oireachtas.ie/akn/ie/debateRecord/joint_committee_on_foreign_affairs_and_defence/2022-02-02/debate/main,https://data.oireachtas.ie/akn/ie/debateRecord/joint_committee_on_foreign_affairs_and_defence/2022-02-02/debate/mul@/main.xml
2022-02-02,dail,debate,https://data.oireachtas.ie/akn/ie/debateRecord/joint_committee_on_tourism_culture_arts_sport_and_media/2022-02-02/debate/main,https://data.oireachtas.ie/akn/ie/debateRecord/joint_committee_on_tourism_culture_arts_sport_and_media/2022-02-02/debate/mul@/main.xml
2022-02-02,seanad,debate,https://data.oireachtas.ie/akn/ie/debateRecord/seanad/2022-02-02/debate/main,https://data.oireachtas.ie/akn/ie/debateRecord/seanad/2022-02-02/debate/mul@/main.xml
2022-02-02,dail,debate,https://data.oireachtas.ie/akn/ie/debateRecord/select_committee_on_enterprise_trade_and_employment/2022-02-02/debate/main,https://data.oireachtas.ie/akn/ie/debateRecord/select_committee_on_enterprise_trade_and_employment/2022-02-02/debate/mul@/main.xml
2022-02-02,dail,debate,https://data.oireachtas.ie/akn/ie/debateRecord/joint_committee_on_health/2022-02-02/debate/main,https://data.oireachtas.ie/akn/ie/debateRecord/joint_committee_on_health/2022-02-02/debate/mul@/main.xml
2022-02-02,dail,debate,https://data.oireachtas.ie/akn/ie/debateRecord/dail/2022-02-02/debate/main,https://data.oireachtas.ie/akn/ie/debateRecord/dail/2022-02-02/debate/mul@/main.xml
2022-02-01,dail,debate,https://data.oireachtas.ie/akn/ie/debateRecord/joint_committee_on_environment_and_climate_action/2022-02-01/debate/main,https://data.oireachtas.ie/akn/ie/debateRecord/joint_committee_on_environment_and_climate_action/2022-02-01/debate/mul@/main.xml
2022-02-01,dail,debate,https://data.oireachtas.ie/akn/ie/debateRecord/joint_committee_on_children_equality_disability_integration_and_youth/2022-02-01/debate/main,https://data.oireachtas.ie/akn/ie/debateRecord/joint_committee_on_children_equality_disability_integration_and_youth/2022-02-01/debate/mul@/main.xml
2022-02-01,dail,debate,https://data.oireachtas.ie/akn/ie/debateRecord/joint_committee_on_education_further_and_higher_education_research_innovation_and_science/2022-02-01/debate/main,https://data.oireachtas.ie/akn/ie/debateRecord/joint_committee_on_education_further_and_higher_education_research_innovation_and_science/2022-02-01/debate/mul@/main.xml
2022-02-01,seanad,debate,https://data.oireachtas.ie/akn/ie/debateRecord/seanad/2022-02-01/debate/main,https://data.oireachtas.ie/akn/ie/debateRecord/seanad/2022-02-01/debate/mul@/main.xml
2022-02-01,dail,debate,https://data.oireachtas.ie/akn/ie/debateRecord/dail/2022-02-01/debate/main,https://data.oireachtas.ie/akn/ie/debateRecord/dail/2022-02-01/debate/mul@/main.xml
2022-01-27,dail,debate,https://data.oireachtas.ie/akn/ie/debateRecord/committee_of_public_accounts/2022-01-27/debate/main,https://data.oireachtas.ie/akn/ie/debateRecord/committee_of_public_accounts/2022-01-27/debate/mul@/main.xml
2022-01-27,dail,debate,https://data.oireachtas.ie/akn/ie/debateRecord/joint_committee_on_the_implementation_of_the_good_friday_agreement/2022-01-27/debate/main,https://data.oireachtas.ie/akn/ie/debateRecord/joint_committee_on_the_implementation_of_the_good_friday_agreement/2022-01-27/debate/mul@/main.xml
2022-01-27,dail,debate,https://data.oireachtas.ie/akn/ie/debateRecord/joint_committee_on_housing_local_government_and_heritage/2022-01-27/debate/main,https://data.oireachtas.ie/akn/ie/debateRecord/joint_committee_on_housing_local_government_and_heritage/2022-01-27/debate/mul@/main.xml
2022-01-27,dail,debate,https://data.oireachtas.ie/akn/ie/debateRecord/joint_committee_on_transport_and_communications/2022-01-27/debate/main,https://data.oireachtas.ie/akn/ie/debateRecord/joint_committee_on_transport_and_communications/2022-01-27/debate/mul@/main.xml
2022-01-27,seanad,debate,https://data.oireachtas.ie/akn/ie/debateRecord/seanad/2022-01-27/debate/main,https://data.oireachtas.ie/akn/ie/debateRecord/seanad/2022-01-27/debate/mul@/main.xml
2022-01-27,dail,debate,https://data.oireachtas.ie/akn/ie/debateRecord/dail/2022-01-27/debate/main,https://data.oireachtas.ie/akn/ie/debateRecord/dail/2022-01-27/debate/mul@/main.xml
2022-01-26,dail,debate,https://data.oireachtas.ie/akn/ie/debateRecord/select_committee_on_finance_public_expenditure_and_reform_and_taoiseach/2022-01-26/debate/main,https://data.oireachtas.ie/akn/ie/debateRecord/select_committee_on_finance_public_expenditure_and_reform_and_taoiseach/2022-01-26/debate/mul@/main.xml
2022-01-26,dail,debate,https://data.oireachtas.ie/akn/ie/debateRecord/joint_committee_on_health/2022-01-26/debate/main,https://data.oireachtas.ie/akn/ie/debateRecord/joint_committee_on_health/2022-01-26/debate/mul@/main.xml
2022-01-26,dail,debate,https://data.oireachtas.ie/akn/ie/debateRecord/joint_committee_on_tourism_culture_arts_sport_and_media/2022-01-26/debate/main,https://data.oireachtas.ie/akn/ie/debateRecord/joint_committee_on_tourism_culture_arts_sport_and_media/2022-01-26/debate/mul@/main.xml
2022-01-26,dail,debate,https://data.oireachtas.ie/akn/ie/debateRecord/joint_committee_on_agriculture_food_and_the_marine/2022-01-26/debate/main,https://data.oireachtas.ie/akn/ie/debateRecord/joint_committee_on_agriculture_food_and_the_marine/2022-01-26/debate/mul@/main.xml
2022-01-26,dail,debate,https://data.oireachtas.ie/akn/ie/debateRecord/joint_committee_on_transport_and_communications/2022-01-26/debate/main,https://data.oireachtas.ie/akn/ie/debateRecord/joint_committee_on_transport_and_communications/2022-01-26/debate/mul@/main.xml
2022-01-26,dail,debate,https://data.oireachtas.ie/akn/ie/debateRecord/comhchoiste_na_gaeilge_na_gaeltachta_agus_phobal_labhartha_na_gaeilge/2022-01-26/debate/main,https://data.oireachtas.ie/akn/ie/debateRecord/comhchoiste_na_gaeilge_na_gaeltachta_agus_phobal_labhartha_na_gaeilge/2022-01-26/debate/mul@/main.xml
2022-01-26,dail,debate,https://data.oireachtas.ie/akn/ie/debateRecord/committee_on_budgetary_oversight/2022-01-26/debate/main,https://data.oireachtas.ie/akn/ie/debateRecord/committee_on_budgetary_oversight/2022-01-26/debate/mul@/main.xml
2022-01-26,seanad,debate,https://data.oireachtas.ie/akn/ie/debateRecord/seanad/2022-01-26/debate/main,https://data.oireachtas.ie/akn/ie/debateRecord/seanad/2022-01-26/debate/mul@/main.xml
2022-01-26,dail,debate,https://data.oireachtas.ie/akn/ie/debateRecord/joint_committee_on_enterprise_trade_and_employment/2022-01-26/debate/main,https://data.oireachtas.ie/akn/ie/debateRecord/joint_committee_on_enterprise_trade_and_employment/2022-01-26/debate/mul@/main.xml
2022-01-26,dail,debate,https://data.oireachtas.ie/akn/ie/debateRecord/joint_committee_on_european_union_affairs/2022-01-26/debate/main,https://data.oireachtas.ie/akn/ie/debateRecord/joint_committee_on_european_union_affairs/2022-01-26/debate/mul@/main.xml
2022-01-26,dail,debate,https://data.oireachtas.ie/akn/ie/debateRecord/dail/2022-01-26/debate/main,https://data.oireachtas.ie/akn/ie/debateRecord/dail/2022-01-26/debate/mul@/main.xml
2022-01-25,dail,debate,https://data.oireachtas.ie/akn/ie/debateRecord/joint_committee_on_foreign_affairs_and_defence/2022-01-25/debate/main,https://data.oireachtas.ie/akn/ie/debateRecord/joint_committee_on_foreign_affairs_and_defence/2022-01-25/debate/mul@/main.xml
2022-01-25,dail,debate,https://data.oireachtas.ie/akn/ie/debateRecord/joint_committee_on_children_equality_disability_integration_and_youth/2022-01-25/debate/main,https://data.oireachtas.ie/akn/ie/debateRecord/joint_committee_on_children_equality_disability_integration_and_youth/2022-01-25/debate/mul@/main.xml
2022-01-25,dail,debate,https://data.oireachtas.ie/akn/ie/debateRecord/joint_committee_on_education_further_and_higher_education_research_innovation_and_science/2022-01-25/debate/main,https://data.oireachtas.ie/akn/ie/debateRecord/joint_committee_on_education_further_and_higher_education_research_innovation_and_science/2022-01-25/debate/mul@/main.xml
2022-01-25,dail,debate,https://data.oireachtas.ie/akn/ie/debateRecord/joint_committee_on_housing_local_government_and_heritage/2022-01-25/debate/main,https://data.oireachtas.ie/akn/ie/debateRecord/joint_committee_on_housing_local_government_and_heritage/2022-01-25/debate/mul@/main.xml
2022-01-25,seanad,debate,https://data.oireachtas.ie/akn/ie/debateRecord/seanad/2022-01-25/debate/main,https://data.oireachtas.ie/akn/ie/debateRecord/seanad/2022-01-25/debate/mul@/main.xml
2022-01-25,dail,debate,https://data.oireachtas.ie/akn/ie/debateRecord/joint_sub_committee_on_mental_health/2022-01-25/debate/main,https://data.oireachtas.ie/akn/ie/debateRecord/joint_sub_committee_on_mental_health/2022-01-25/debate/mul@/main.xml
2022-01-25,dail,debate,https://data.oireachtas.ie/akn/ie/debateRecord/dail/2022-01-25/debate/main,https://data.oireachtas.ie/akn/ie/debateRecord/dail/2022-01-25/debate/mul@/main.xml
2022-01-20,seanad,debate,https://data.oireachtas.ie/akn/ie/debateRecord/seanad/2022-01-20/debate/main,https://data.oireachtas.ie/akn/ie/debateRecord/seanad/2022-01-20/debate/mul@/main.xml
2022-01-20,dail,debate,https://data.oireachtas.ie/akn/ie/debateRecord/committee_of_public_accounts/2022-01-20/debate/main,https://data.oireachtas.ie/akn/ie/debateRecord/committee_of_public_accounts/2022-01-20/debate/mul@/main.xml
2022-01-20,dail,debate,https://data.oireachtas.ie/akn/ie/debateRecord/committee_on_public_petitions/2022-01-20/debate/main,https://data.oireachtas.ie/akn/ie/debateRecord/committee_on_public_petitions/2022-01-20/debate/mul@/main.xml
2022-01-20,dail,debate,https://data.oireachtas.ie/akn/ie/debateRecord/joint_committee_on_housing_local_government_and_heritage/2022-01-20/debate/main,https://data.oireachtas.ie/akn/ie/debateRecord/joint_committee_on_housing_local_government_and_heritage/2022-01-20/debate/mul@/main.xml
2022-01-20,dail,debate,https://data.oireachtas.ie/akn/ie/debateRecord/dail/2022-01-20/debate/main,https://data.oireachtas.ie/akn/ie/debateRecord/dail/2022-01-20/debate/mul@/main.xml
2022-01-19,dail,debate,https://data.oireachtas.ie/akn/ie/debateRecord/comhchoiste_na_gaeilge_na_gaeltachta_agus_phobal_labhartha_na_gaeilge/2022-01-19/debate/main,https://data.oireachtas.ie/akn/ie/debateRecord/comhchoiste_na_gaeilge_na_gaeltachta_agus_phobal_labhartha_na_gaeilge/2022-01-19/debate/mul@/main.xml
2022-01-19,seanad,debate,https://data.oireachtas.ie/akn/ie/debateRecord/seanad/2022-01-19/debate/main,https://data.oireachtas.ie/akn/ie/debateRecord/seanad/2022-01-19/debate/mul@/main.xml
2022-01-19,dail,debate,https://data.oireachtas.ie/akn/ie/debateRecord/joint_committee_on_agriculture_food_and_the_marine/2022-01-19/debate/main,https://data.oireachtas.ie/akn/ie/debateRecord/joint_committee_on_agriculture_food_and_the_marine/2022-01-19/debate/mul@/main.xml
2022-01-19,dail,debate,https://data.oireachtas.ie/akn/ie/debateRecord/joint_committee_on_european_union_affairs/2022-01-19/debate/main,https://data.oireachtas.ie/akn/ie/debateRecord/joint_committee_on_european_union_affairs/2022-01-19/debate/mul@/main.xml
2022-01-19,dail,debate,https://data.oireachtas.ie/akn/ie/debateRecord/joint_committee_on_finance_public_expenditure_and_reform_and_taoiseach/2022-01-19/debate/main,https://data.oireachtas.ie/akn/ie/debateRecord/joint_committee_on_finance_public_expenditure_and_reform_and_taoiseach/2022-01-19/debate/mul@/main.xml
2022-01-19,dail,debate,https://data.oireachtas.ie/akn/ie/debateRecord/joint_committee_on_health/2022-01-19/debate/main,https://data.oireachtas.ie/akn/ie/debateRecord/joint_committee_on_health/2022-01-19/debate/mul@/main.xml
2022-01-19,dail,debate,https://data.oireachtas.ie/akn/ie/debateRecord/joint_committee_on_tourism_culture_arts_sport_and_media/2022-01-19/debate/main,https://data.oireachtas.ie/akn/ie/debateRecord/joint_committee_on_tourism_culture_arts_sport_and_media/2022-01-19/debate/mul@/main.xml
2022-01-19,dail,debate,https://data.oireachtas.ie/akn/ie/debateRecord/joint_committee_on_transport_and_communications/2022-01-19/debate/main,https://data.oireachtas.ie/akn/ie/debateRecord/joint_committee_on_transport_and_communications/2022-01-19/debate/mul@/main.xml
2022-01-19,dail,debate,https://data.oireachtas.ie/akn/ie/debateRecord/dail/2022-01-19/debate/main,https://data.oireachtas.ie/akn/ie/debateRecord/dail/2022-01-19/debate/mul@/main.xml
2022-01-18,dail,debate,https://data.oireachtas.ie/akn/ie/debateRecord/joint_committee_on_environment_and_climate_action/2022-01-18/debate/main,https://data.oireachtas.ie/akn/ie/debateRecord/joint_committee_on_environment_and_climate_action/2022-01-18/debate/mul@/main.xml
2022-01-18,dail,debate,https://data.oireachtas.ie/akn/ie/debateRecord/joint_committee_on_housing_local_government_and_heritage/2022-01-18/debate/main,https://data.oireachtas.ie/akn/ie/debateRecord/joint_committee_on_housing_local_government_and_heritage/2022-01-18/debate/mul@/main.xml
2022-01-13,dail,debate,https://data.oireachtas.ie/akn/ie/debateRecord/joint_committee_on_environment_and_climate_action/2022-01-13/debate/main,https://data.oireachtas.ie/akn/ie/debateRecord/joint_committee_on_environment_and_climate_action/2022-01-13/debate/mul@/main.xml
2022-01-12,dail,debate,https://data.oireachtas.ie/akn/ie/debateRecord/joint_committee_on_environment_and_climate_action/2022-01-12/debate/main,https://data.oireachtas.ie/akn/ie/debateRecord/joint_committee_on_environment_and_climate_action/2022-01-12/debate/mul@/main.xml
2022-01-11,dail,debate,https://data.oireachtas.ie/akn/ie/debateRecord/joint_committee_on_environment_and_climate_action/2022-01-11/debate/main,https://data.oireachtas.ie/akn/ie/debateRecord/joint_committee_on_environment_and_climate_action/2022-01-11/debate/mul@/main.xml
