date,house,debate_uri,speech_number,speaker,member_name,text
2019-11-26,dail,https://data.oireachtas.ie/akn/ie/debateRecord/joint_committee_on_education_and_skills/2019-11-26/debate/main,7,Ms Catriona Crowe,Ms Catriona Crowe,"ms catriona crowe
          i thank the committee for inviting me to come here today to talk about this very important matter. i know legislators are incredibly busy people, but it would be nice to see a few more members of the committee here. this is very important legislation with significant implications. i am talking to the committee after members have had the privilege of listening to four survivors of the events described in the records that are proposed to be locked up. members have heard their dignified, respectful, compelling and deeply moving testimony. it is right that they were the first people to testify to the committee this morning. i will now read my opening statement.
           i refer members to the longer statement already circulated to the committee for fuller information on the points i am going to make. the retention of records bill proposes to withhold from public inspection for 75 years certain state records dealing with the commission of inquiry into child abuse, the ryan commission. the national archives act 1986 has served the country perfectly well since its passage as regards the withholding of records from public inspection. the section of the act that provides for this allows for officers of departments, with the consent of the department of the taoiseach, to certify that the release of departmental records that are over 30 years old would in certain circumstances be contrary to the public interest, or would or might constitute a breach of statutory duty or a breach of good faith on the ground that they contain information supplied in confidence, or would or might cause distress or danger to living persons.
          why that is not seen as adequate protection by the proposers of this bill in unclear. the oireachtas joint committee on education and skills in 2015 recommended the use of the national archives act, but the minister turned it down on unspecified grounds. to put it succinctly, this is using a sledgehammer to crack a nut and it begs the question of why it seems to be required to create an entirely new set of archival legislation when we already have a perfectly good act in existence that covers the case.
           the committee has heard the survivors tell it what their wishes are. the only serious attempt to ascertain the wishes of survivors, commissioned by the department of education and skills, is a recent research study that consulted 100 of those who had made submissions to the redress bodies to ascertain their views on the fate of the records, and which resulted in a majority expressing concern at the proposed sealing of the records. those who made submissions to the various inquiries should be given copies of their submissions. this is a glaring gap in both respect for survivors and normal best practice when people are giving testimony to any inquiry. they should get copies of their own submissions. why they have not, nobody has properly explained. the same should apply to other commissions of inquiry of this sort, particularly the mother and baby homes commission, which is currently in session.
           administrative records tell us how these organisations worked. they are currently held in the archives of the ryan commission, the mcaleese committee and the murphy mother and baby homes commission, and they should be available when they are more than 30 - soon to be 20 - years old. there are no privacy issues with these records. it would set an extraordinary precedent if this bill made it possible for the state, wrongly, to close important archives when it so chooses without recourse to the national archives act.
           i have six basic recommendations to make to the committee. first, there would seem to be no good reason not to use the provisions of existing legislation to preserve, withhold and make accessible these very important records. second, information on the desires of those who gave testimony to the ryan commission and the mcaleese committee, and who are currently giving testimony to the mother and baby homes commission, should be gathered to ascertain what they would wish to happen to the records. third, copies of submissions made to these bodies should be given to those who made them. fourth, administrative records of these bodies should be subject only to the provisions of the national archives act and not swept up in this ill-considered attempt to bypass its provisions. fifth, a quote for digitisation and redaction of the records should be sought from a reputable it company, given this is a huge part of the history of our country and these are ways of dealing with sensitive records that would allow scholars to see them, for example. beyond a statement from the minister that it would be prohibitively expensive to do this, we have no other information, so we should find out what it might cost. sixth, the elephant in the room is that the records of religious congregations who ran the institutions should be brought under the aegis of the state, either through the national archives act or through the establishment of a state-run religious records repository. ireland has the opportunity, after these very traumatic events and commissions, to lead the world in terms of preservation and access to records. however, we cannot do that without the state grasping the nettle of requiring the religious orders to give up their records of these institutions. i thank committee members for their attention."
2019-11-26,dail,https://data.oireachtas.ie/akn/ie/debateRecord/joint_committee_on_education_and_skills/2019-11-26/debate/main,9,Dr. Maeve O'Rourke,Dr. Maeve O'Rourke,"dr. maeve o'rourke
          i made my written submission to the committee with máiréad enright, reader at birmingham law school, and dr. sinéad ring, assistant professor at maynooth university school of law.
           since 2009, i have been researching, writing and advocating on the topic of the state’s constitutional law, as well as international and european human rights law, responsibilities towards those who were abused as children or women - incarcerated, tortured, forced into servitude, systematically degraded, denied identity and education and separated from family members - and those who died in the network of catholic church-related, state-supported institutions and the forced adoption system of the 20th century.
           it is absolutely clear to me that an overriding human rights violation is continuing to affect every single person who experienced abuse in that network, as well as their families. that is the state’s failure to date to ensure truth-telling through the production of both its own state records and the records held by non-state bodies, which relate to the individuals who suffered abuse and the administration of the institutions and the network as a whole.
           the failure to produce the records and to house them in an archive where individuals can retrieve their own life and family history, along with where administrative records and voluntarily deposited testimony can contribute to national education, undermines all efforts at reparation. at the time of the ryan commission’s work, european and international human rights law required that survivors should have had access to the substance of the evidence that the investigation was considering so they could have commented on it and suggested further lines of inquiry.
           i have major concerns that the state’s investigating practice continues to breach this requirement, a basic one under european international human rights law. for example, the ongoing mother and baby homes commission is proceeding entirely in private. survivors who have requested public hearings of their own evidence have been denied them. survivors have no access to any of the evidence being gathered. they are also being denied a copy of their own transcript of evidence, as well as their own personal records that the commission holds of the death and burial of family members. as for the mcaleese committee’s state records relating to the magdalen laundries, the department of the taoiseach is currently holding that entire archive secret, claiming it is holding it for safekeeping and not for the purposes of the freedom of information act. this is the general approach.
          beyond the right to an effective investigation that survivors of industrial and reformatory schools had at the time of the redress board and the ryan commission, the secrecy of these records violates other reparation rights. without records, personal rehabilitation is gravely hampered. without records, revisionism by those who would prefer the past to disappear is a risk, while memorialisation and national education – basic human rights obligations in this context - are not what they should be. without records, accountability is denied.
           we know that garda investigations into the residential schools were insufficient. if survivors and their advocates cannot access records or information, they cannot press for investigations or prosecutions. due to the passage of time, however, and because of the redress board legal waiver, criminal and civil legal accountability have become less available. at this point, access to records and national truth-telling is where accountability lies. it is where dignity lies. it is a vital measure of justice.
           i recommend that, while work is ongoing to consult on and redesign the retention of records bill, some small but crucial amendments should be made to existing legislation. i can make these amendments available to committee members later. i recommend that the commission to inquire into child abuse act 2000 and the residential institutions redress act 2002 be amended to state explicitly that survivors and relatives of children who died while incarcerated have a right to all personal data held in those archives, including information about how they were treated by others, in the interests of vindicating their right to a remedy and respecting their right to privacy. i recommend section 28(6) of the residential institutions redress act 2002 be amended to make clear that it does not prohibit survivors from publishing information about their own life experiences.
           i draw the committee’s attention in particular to section 3 of our joint submission which explains our understanding of the existing legislative provisions, including that the ryan commission’s archive currently appears to fall within the remit of the national archives."
2019-11-26,dail,https://data.oireachtas.ie/akn/ie/debateRecord/joint_committee_on_education_and_skills/2019-11-26/debate/main,53,Ms Catriona Crowe,Ms Catriona Crowe,"ms catriona crowe
          i thank senator gallagher. it is mysterious. the ostensible motivation would be presumably to protect the names of people who were accused but not convicted that may show up in some of the statements made by our eloquent friends here. that is a matter that is easily dealt with by redaction. it is not a problem. it should not put anyone out.
           a more sinister interpretation would be, and dr. buckley made the point earlier on, that the overwhelming majority of those who went into these institutions were poor. i do not want to get into a long discussion about class in ireland but it is of interest that a certain cohort of citizens can be dealt with differently from everybody else. that is sinister. we have archival legislation that is perfectly adequate, as i think we have all demonstrated this morning to the committee, to deal with this matter sensitively and appropriately. why do we need something new for a particular cohort of citizens?
           it is also likely that this is paving the way for this bill, if it becomes an act, which i sincerely hope it does not, to become a way of dealing with other similar kinds of records. the one that is most evident at present is the commission of investigation into mother and baby homes and certain related matters, which represents the same kind of survivors and the same kind of need for people to see their records.
           it would be lovely if we could just flip this. what is wrong with this country that we cannot understand the eloquent statements of the sort that we have just heard from ms molloy and dr. lodato about what happened to people and make them the centre of our law-making? why are we constantly coming up against situations where ordinary citizens are treated badly and they must go through hell and high water to get redress for the problems they have?
           surely these people here should be at the centre of what we are doing about this extraordinary period in our history. there is an atrocious record of treatment of children and women at a certain time. can they not be put at the centre of this? if they were, we would be seriously listening to them, consulting them far more than the derisory level of consultation that has taken place by the department to date, and taking on board what they say their needs are. there are ways of protecting people. there are ways of giving them everything that they require. it seems unbelievable that we are still at the stage where we cannot say, ""of course, you can have your records."""
2019-11-26,dail,https://data.oireachtas.ie/akn/ie/debateRecord/joint_committee_on_education_and_skills/2019-11-26/debate/main,54,Dr. Maeve O'Rourke,Dr. Maeve O'Rourke,"dr. maeve o'rourke
          i thank the senator for the question. what is behind it is power and the issue of accountability, and the state not wanting to accept any. we talk about redress. we hear a great deal about redress. what redress means is not airy-fairy from a human rights perspective and in hard law, according to the european court of human rights interpreting the european convention on human rights, which ireland ratified in 1953 and which, one would imagine, might be the interpretation of the constitution by the supreme court if anybody was ever able to get to court but which, without records and with the statute of limitations, he or she cannot.
           the right to redress is not only about money. for massive human rights violations involving torture, arbitrary detention - we also see this in many of the other institutions, and this will serve as a model, which is my massive concern too - violations of the right to life, where people die in institutions and nothing is known of their fate or whereabouts or they are separated from family members, redress means accountability, ideally, in court. it means truth-telling. it means national, public truth-telling, not just truth-telling to the person individually. again, that is something that is clear in european court of human rights jurisprudence. where there have been systematic and gross human rights violations, the right to truth is not just a very important right of the individual, it is also a societal right, because it is connected to another element of the right to redress, which is guarantees of non-repetition and education of state personnel. the reason people have spoken out and the reason everybody is here today is for dignity, to feel that they matter and to make sure that it does not happen again.
           it was asked what the net effect of this would be. it would be a massive ongoing violation of human rights, a risk that this is now how all of the records of the mother and baby homes commission of investigation will be dealt with, and a risk that the department of the taoiseach thinks it is okay to continue to hold all of the records from state bodies relating to the magdalen laundries, even though i cannot see the legal reason for that and they should be in the national archives. ultimately, it would be a massive risk that we do not learn what is in, unfortunately, our national dna, not that we are that different from anybody else, but that we do not learn how institutionalisation works, how massive discrimination against certain groups and socio-economic difference is exploited, and the types of things that we are doing still today that we choose not to stop because we refuse to deal with the entire 20th century habits that we had."
2019-11-20,dail,https://data.oireachtas.ie/akn/ie/debateRecord/dail/2019-11-20/debate/main,235,Deputy Micheál Martin,Deputy Micheál Martin,"deputy micheál martin
            i welcome the children and teachers of our lady of lourdes national school in ballinlough who are in the visitors gallery. it is pure coincidence that i happen to be in chamber at this time. it is appropriate that the minister for children and youth affairs is also here to welcome them.
             this important issue involves the bessborough centre, previously the bessborough mother and baby home. that was controversial in itself, but i am not dealing with that aspect today. the trustees of the sisters of the sacred hearts of jesus and mary have decided to sell the land. on that land are vital family services for vulnerable families and children. what has developed there over recent years is an extraordinarily high quality intervention service funded by tusla on a current basis. the family assessment and treatment services include a parent and infant residential unit. it is an 11-bed facility that provides a continuum of assessment and parenting capacity building, a therapeutic intervention for high risk parent-infant families.
            the parenting capacity provision is very significant, as is the acute residential unit, as has been well recognised. post discharge, the lime tree project comprises community-based family support service and supervised access service. that is exclusively commissioned for families involved in the south lee social work department. there is a very extensive community crèche and preschool with pobal subvention. i understand the nuns wish to sell this as a going concern. this has a capacity of 139 with a staff team of 34, including an administrative manager and childcare manager.
             there is a secondary school for second-chance education provided by the education and training board to some of the mothers who avail of this facility. vulnerable adult students are intensively supported to achieve a leaving certificate to enter further education or vocational opportunities. that school works in harmony with all other bessborough services, particularly providing parents opportunities to consolidate positive life change while using clinical family services. the centre's ethos of inclusion and unconditional respect engages pupils typically resistant to formal education or statutory involvement. there are comprehensive employment support services on the bessborough lands, again facilitating vocational training and experiences for individuals to return to the workplace or seek employment. that is critical in facilitating the therapeutic and trauma-informed physical environment of the bessborough centres. there are tremendous synergies between all these different strands of provision. on the wider campus, eist linn, an inpatient mental health facility operated by the hse, is also on these lands. an 11-year lease is left on that facility and €2 million extra capital investment has been added to the premises in recent years.
             in one parliamentary answer, the minister said she had no role to play in intervening in the sale. i put it to her straight that the government should buy it on behalf of the people. the minister should work with other ministers - health, education and skills, and housing, planning and local government - along with the local city council and combine to buy this entire facility. a master plan could be developed for its extensive lands, which would add to its existing synergies. the sod was turned for the event centre in cork four years ago and nothing has happened. the developer said he could not complete the project for €10 million or whatever, and i reckon €20 million is now going into it. why is it that the most vulnerable and most needy of families and children are always at the bottom of the queue? there is a real danger that these services will dissipate as a result of this sale."
2019-10-15,dail,https://data.oireachtas.ie/akn/ie/debateRecord/dail/2019-10-15/debate/main,22,Deputy Mick Barry,Deputy Mick Barry,"deputy mick barry
          i would like to start by extending sympathy to the family and friends of timmy hourihane.
           a sharp clash is looming between the interests of the church and the interests of the state in cork city. i refer to the decision of the sisters of sacred hearts of jesus and mary to withdraw from involvement at bessborough by the end of the year, to attempt to sell the land there and to effectively evict the onsite services which cater to the needs of vulnerable families, especially women and children at the bessborough campus. these services include fostering services, psychological services, secondary school services, family outreach services, services for children with attention deficit hyperactivity disorder, adhd, and supervised access services. the centre caters for the needs of 50 families every week. residential accommodation is provided for six vulnerable adults and seven children at bessborough. where are these people to go now? services are provided at bessborough which will not be found anywhere else in this state. the parent and infant unit is just one example of this. more than 100 people work at this centre. a question mark now hangs over these jobs.
           a statement issued by the staff last week said: ""the nuns are about to run off with a significant amount of money, leaving none in ireland to compensate staff or the state for the huge investment that they have made in the family services."" this begs the question: is the state going to allow an order of nuns with headquarters outside this state to break up a family centre in which the state has invested €30 million? these are the same sisters of the sacred hearts of jesus and mary who ran the infamous bessborough mother and baby home, who profited from the illegal sale of children, snatched from their mothers, to the us, canada and australia and who to this day have failed to account for the whereabouts of well over 800 children who died. every june for the past five years people from all over the world have travelled to bessborough to remember the women and children. will that ceremony be possible if the lands are in private ownership?
           i put it to the taoiseach that the state should acquire these lands and the buildings constructed upon them preferably by way of nationalisation without compensation to guarantee the future of the family services and the jobs and to allow real discussion with survivors' groups about what work might need to be done to identify the whereabouts of the more than 800 children who died who are missing. is the state prepared to intervene to defend this family centre and to guarantee those jobs?"
2019-10-15,dail,https://data.oireachtas.ie/akn/ie/debateRecord/dail/2019-10-15/debate/main,119,Deputy Mary Lou McDonald,Deputy Mary Lou McDonald,"deputy mary lou mcdonald
            the changes to which deputy boyd barrett referred will actually occur next monday.
             i refer to the matter of former mother and baby homes. as the taoiseach knows, four years have passed since the commission of investigation into this issue was established. in that period, five interim reports have been published and the inquiry has been granted a one-year extension. that extension was necessary in part due to the lateness of materials submitted through discovery by the departments of health and children and youth affairs. i am sure the taoiseach is as shocked as i am to discover the extent of documentation that had not been submitted or may even have been suppressed. last year, the commission acknowledged the efforts made by hse staff to find relevant documentation, but was dismayed at how little had been found. even relatively recent information was not available.
             this should cause us concern. there are very few burial records for the tuam or bessborough homes, despite their significantly high child mortality rates. i am sure church leaders, just like members of this house, are anxious that departments and state agencies do not stymie the commission's efforts to gather all necessary documentation to complete its work. i hope the taoiseach can give them and us that reassurance and encouragement, in order that this work is finished completely and expeditiously."
2019-10-02,dail,https://data.oireachtas.ie/akn/ie/debateRecord/joint_committee_on_culture_heritage_and_the_gaeltacht/2019-10-02/debate/main,37,Deputy Josepha Madigan,Deputy Josepha Madigan,"deputy josepha madigan
          it is over ten years. the title says 2040 but it the plan is for a ten-year period.
           the 2019 work programme included many highlights, such as the exhibition on the first dáil, which was opened by the ceann comhairle on 17 january. the national museum of ireland's strategic plan for 2019 to 2022 was launched in early march, and an exhibition by the down-based artist alison lowry, which was an artistic response to the tuam mother and baby home, the magdalen laundries, and domestic violence, was also launched in march. as part of the traveller's journey exhibition, the department of education and skills has collaborated with our colleagues in the folk life curatorial team to launch an installation entitled ""camp"", which will include work created by students from limerick school of art and design and communities of travellers in the west of ireland, and will be displayed in the museum of country life. other exhibitions include the henri cartier-bresson exhibition and the rural electrification exhibition, which was launched on 11 july. it is a very exciting programme and other progress is happening in 2019 as well. the physical developments across the site over the next 15 years will be underpinned by three principles: protection, which includes providing the best conditions for the care of its collections, as well as access for education and research; safeguarding, that is, ensuring that all national museum of ireland sites are safe and secure as collections for the public; and accessibility, which means making the sites, exhibitions and interpretations fully accessible for all our people.
           the deputy asked about the audiovisual action plan and screen ireland. we have a ten-year audiovisual action plan with funding of €200 million under project ireland 2040, which will support the development of the industry. i agree with the deputy's sentiment about making ireland somewhere special for the film industry. the section 481 film tax relief has been extended and there has been a regional uplift of 5%, which is important. i know from talking to film industry representatives from other jurisdictions that space is a big issue for them. that is an area in which the regional uplift will be transformative and will also have economic benefits for local people. there is huge demand for the facilities at troy studios in limerick, for example, and we can do more in that regard. the action plan contained eight policy recommendations, including oversight of the industry by the steering group; the section 481 film tax relief; strategic review of feature film funding; skills development; regulatory reform; and marketing and other reforms. they are all important issues. the skills development programme through screen skills ireland is a new initiative that was set up in response to some of the submissions the film industry has made in that regard. there will also be a skills assessment for the section 481 tax credit relief. we have ongoing engagement with all stakeholders about project finance, which ultimately aims to attract international audiovisual projects to ireland. all those initiatives are in line with the department's audiovisual action plan. there is much exciting work going on in the film industry, and we continue to keep in close contact with stakeholders in order that we can work collaboratively together for everyone's benefit.
           the deputy's last question related to centenaries. he and i have spoken in the dáil about the decade of centenaries on a number of occasions. this year i allocated €1.1 million to support the programme, which is a funding increase of €250,000 on the 2018 allocation. that is a positive. i will seek to continue to appropriately resource the programme over the coming period through the normal budgetary process. we are reviewing the funding requirements in the context of the development of the commemorative programme in line with the advice from the expert advisory committee. i thank members for their efforts and participation in the all-party oireachtas committee, which is of assistance in developing that programme. 
           we have given money to local authorities, as the deputy mentioned. that is important, because local people want to commemorate events in their own areas and counties, apart from the full state ceremonial events. it was very important that we marked that and allocated money to the local authorities to do what they wanted to commemorate different events. we doubled the 2018 funding; therefore that €10,000 is double what it was previously. we also provided €10,000 to soloheadbeg in tipperary, where i attended an event myself. the focus in 2019 has mainly been on larger national events, such as the centenary of the first dáil. last year was also a significant year for women's suffrage and the first woman being elected. i announced the markievicz bursaries through my department in recognition of that, and there was also a pop-up museum. however, i note the deputy's comments."
2019-09-18,dail,https://data.oireachtas.ie/akn/ie/debateRecord/dail/2019-09-18/debate/main,178,Deputy John Brady,Deputy John Brady,"deputy john brady
          paul graham, a survivor of the bethany home, has challenged the government to explain why it has refused to pay redress to the home's former residents. the wrongs of ireland's mother and baby homes are accepted by all in this house. many of those who survived horrific treatment during their younger years are now elderly and in ill health. sadly, in the case of the bethany home, they are increasingly few in number. in 2016, the commission of investigation into mother and baby homes stated in its second interim report: ""logically, children who were resident in the named mother and baby homes and all county homes should be eligible [for the residential institutions redress scheme]"". another bethany home survivor, derek leinster, has described the government's refusal to extend redress to the survivors until the commission concludes its final report as a ""delay and deny until they die"" policy."
2019-09-18,dail,https://data.oireachtas.ie/akn/ie/debateRecord/dail/2019-09-18/debate/main,185,The Taoiseach,The Taoiseach,"the taoiseach
          i thank deputy brady for raising this important matter, which i know is of concern to many people. no legislation on it is promised. however, we will have to assess the findings of the commission of investigation into mother and baby homes when it produces its report. that will not be until the first quarter of next year. we will take the matter from there."
2019-07-12,seanad,https://data.oireachtas.ie/akn/ie/debateRecord/seanad/2019-07-12/debate/main,65,Senator Alice-Mary Higgins,Senator Alice-Mary Higgins,"senator alice-mary higgins
          i move amendment no. 5:
          in page 13, line 31, to delete “and the tribunal agrees that it would be appropriate to do so,”.
          the minister and others have spoken very eloquently in this house and elsewhere about the contribution made by many of the women affected by the cervicalcheck scandal. it has had very deep and personal effects on their lives, in some cases causing the loss of their lives. many of these women have raised their voices in a very positive way to highlight the importance of the human papillomavirus, hpv, vaccine and to talk about screening and the reality of cervicalcheck and how it affects them and their families. it was mentioned earlier that at each stage of this process individual women have continually pushed for standards to be raised. they have demanded more and they have been very clear that we need a new culture now. this was echoed in dr. scally's report. we need to move past the culture of silence and circling the wagons. we need to move to a health system in which women's voices and experiences are heard and recognised. that must carry through to this tribunal in its adjudicatory function. 
           in that context i have a very serious concern about section 20 of this bill. as the minister said, we are attempting to do something new here, but some old language has reappeared. section 20 includes the phrase ""hearings generally to be otherwise than in public"". this means that these are again to be private hearings. that will be the norm except where a claimant requests for the tribunal to hold a hearing or part of a hearing in public and the tribunal agrees that it would be appropriate to do so. 
           here is my concern. if a woman wishes to have her hearing in public she should have it in public.
          there are exceptions which have been mentioned in correspondence from the department regarding a single sentence but that is not the issue. if part of the way through a process, a woman may feel she wants to switch to a public process because of how she is experiencing it and because of the fear many women have of the very adversarial relationship the state has sometimes had with them. as such, this is something that gives that assurance that they will be able to have their hearings in public or to move to a public hearing if they so wish. that is vital. the language, unfortunately, of the section as drafted echoes directly the language we saw in relation to the mother and baby homes commission which said specifically that evidence would be received in private except where a witness requests to give evidence in public and the commission grants that request. we have the exact same dynamic. we know the reality in relation to mother and baby homes was that many requested to have their evidence heard in public and had that request denied. we have in our past experience a situation in which women have felt further silenced, even in the arenas in which they should have got justice, and were denied the right to have their voices heard. the minister will understand people's concerns. we talk about restoration of trust and i recognise the minister is trying to engage in that process. however, it is a major project and we have very real issues with trust in the state. one of the things that is important is that sense of openness.
           my amendment suggests simply that where a claimant requests the tribunal to hold a hearing, or part of a hearing in public, the tribunal shall conduct the hearing, or part of the hearing, in public. it seeks to remove the fear that the tribunal will simply determine that. the bill includes no measures as to how the tribunal would determine that. there is nothing in the bill about what the tribunal would consider to be appropriate. there is no caveat and no mechanism to appeal. the minister might give me an initial response as to how he thinks this can be addressed. can he accept my amendment today or consider it for the next stage? how can the minister assure the house that we will not have a situation in which women are silenced in this process?"
2019-07-10,dail,https://data.oireachtas.ie/akn/ie/debateRecord/dail/2019-07-10/debate/main,613,Deputy Donnchadh Ó Laoghaire,Deputy Donnchadh Ó Laoghaire,"deputy donnchadh ó laoghaire
          we will be supporting this legislation although we have some reservations about elements of it. the state has a desperate legacy in respect of the women in the magdalen laundries. it is not an item that can be considered in isolation. it is part of a wider network and system of institutionalisation that extended to mother and baby homes, county homes and other institutions. it really is a very dark stain on our history. it is welcome that this legislation has been brought forward but to some extent it was prompted by serious criticism from the ombudsman and court cases.
          we are examining the legislation following recent stories in the news such as the recent case taken by louise o’keeffe and, similarly, those taken by women who were resident in the magdalen laundries. the state has in the past adopted a too restrictive approach. we have seen that on numerous occasions and louise o'keeffe is just another example of the state and the department persistently attempting to minimise exposure. unfortunately, that has led to people being excluded, which is wrong and which has been very hurtful.
           the ombudsman's report on the administration of the magdalen redress scheme was published approximately 18 months ago. the investigation found serious inconsistencies in the department's application of the redress scheme eligibility criteria. women recorded as admitted to a different institution closely associated with another named laundry were refused admission to the scheme. even after the investigation was complete and the recommendations prepared, it was delayed further. in evidence to the joint committee on justice and equality earlier this year, mr. peter tyndall told members that in his ten years as ombudsman, he had never reached a point where a department had, prior to a publication of a report, categorically refused to engage in the process of accepting and implementing the recommendations made. the report stated: 
          my investigation found a serious inconsistency in the application of the eligibility criteria in that women were admitted to the scheme who were recorded as admitted to one particular institution closely associated to a named laundry while women who were recorded as admitted to different institution closely associated with another named laundry, were refused admission to the scheme. this was despite the almost identical profile, characteristics and relationship with the associated laundry both institutions shared. 
           following that, on 16 april 2018, the minister announced he was bringing proposals to expand the scheme to cabinet the next day. nevertheless, it took a year for the matter to be progressed. 
          
						 the legislation applies the magdalen redress scheme to women who worked in the institutions covered by the scheme while residing in certain adjoining institutions. it will make the necessary technical amendments to the 2015 act, expanding to certain women who worked in institutions covered by the scheme while residing in certain adjoining institutions. it should not have taken the ombudsman's intervention on cases being brought to the high court. this should have been part of it from the get-go.
           i note the outstanding commitment to promised healthcare. the recommendations of the quirke report in 2013 were accepted in full by the government but some of them have yet to be fulfilled. women who were part of the scheme have not yet been afforded a standard of healthcare in line with that provided for through the health amendment act, haa, card. the card, which gives entitlement to a range of services for the lifetime of the cardholder, is one of the most important cards awarded by the hse and mr. justice quirke recommended that anyone who qualified for the scheme should be awarded the card. services such as complementary therapies fall within the remit of the card and are vital to those who seek to avail of the scheme but it does not currently afford them. the benefits of such therapies are well documented, particularly among those who have experienced traumatic events or suffer from anxiety, depression or more complex conditions.
           in 2015, several dentists confirmed publicly that instead of receiving haa standard services, as recommended by mr. justice quirke and agreed by the government in 2013, magdalen survivors had been given a card that entitled them only to a limited and incomplete treatment, equivalent to that available to most medical card holders. the dentists called on the council of the irish dental association to disassociate itself publicly from the government to speak up publicly on behalf of its members who do not accept the injustice we are expected to support. the government needs to address this. haa standard services that were promised need to be realised and i hope the minister will address that.
           in the context of the current scheme, there is also the issue of access to healthcare for women abroad. i understand that women in england receive reimbursement of their medical expenses but that is a significant problem because very often such women need the state to pay for their healthcare upfront, given that it is not always possible for them to pay the money out of their own pocket and have it reimbursed.
           i hope the minister will consider and address the policy issues for which the women in question need support. in general, we support the legislation. it is overdue but it should not have taken a court case or the ombudsman's intervention."
2019-07-04,dail,https://data.oireachtas.ie/akn/ie/debateRecord/dail/2019-07-04/debate/main,274,Deputy Anne Rabbitte,Deputy Anne Rabbitte,"deputy anne rabbitte
          could the minister please get back to me on the status of the legislation needed to facilitate the excavation site at the mother and baby home in tuam?"
2019-06-26,dail,https://data.oireachtas.ie/akn/ie/debateRecord/dail/2019-06-26/debate/main,121,Deputy Maureen O'Sullivan,Deputy Maureen O'Sullivan,"deputy maureen o'sullivan
          every country has had its dark moments in history. most of ireland's dark moments stemmed from 800 years of colonialism. nevertheless, there were some dark moments that we created and sustained after independence. i specifically refer to the darkness of institutionalisation, mother and baby homes, the industrial schools and magdalen laundries. i will not get into the commission on mother and baby homes, except to say those who are formally recognised to have been in the homes were invited, with their representatives, to participate in a consultation process in 2017. from that consultation process came the collaborative forum which was set up to support people in developing solutions to deal with issues of concern. the minister for children and youth affairs, deputy zappone, secured government approval for a charter to mandate the work of the forum and review and bring forward recommendations in three areas. one was information, identity and terminology, while another was health and well-being supports. the third was memorialisation and personal narratives.
          the language of the charter regarding how the forum would conduct its work was it would be ""participant-centred"", there would be ""consensus"" and ""consistent communication and meaningful engagement"", and it would ""ensure the specific and separate needs of different groups are identified"". that was positive and promising language. it was built around the premise of nothing about us without us and it seemed to indicate a new approach to looking at this area of institutionalisation.
           there was a selection process. nineteen members and a chairperson began meeting in july 2018. there were five plenary meetings and 18 meetings of the sub-committees. 
           i know some of the members of the forum and, therefore, i know how difficult parts of the work was for them and how heartbreaking it was for them to relive that darkness in their lives but they gave 100% to the process. one of them stated: ""we worked our socks off and we delivered a thoughtful, high-quality and authentic report.""
           the forum was also guided by a belief that its work, and the report, would be a significant contribution to the government addressing all these issues. they produced a 90-page report containing significant recommendations. it was submitted to the minister in mid-december 2018 but since then, it has sat on a shelf. it has not been published, there has been no movement on it and no engagement with the forum.
           i have a number of questions. first, is there a date for the next forum meeting? second, has the minister decided on the new chair? third, what progress, if any, has been made on implementing the recommendations? if those questions are not answered satisfactorily, the forum's work will have been in vain and it will have been only a talking shop with nothing meaningful coming from it."
2019-06-26,dail,https://data.oireachtas.ie/akn/ie/debateRecord/dail/2019-06-26/debate/main,122,The Taoiseach,The Taoiseach,"the taoiseach
          i thank the deputy for raising this important issue, which is very much a priority for government as we seek to respond to the many wrongs of the past, including the institutionalisation of so many of our citizens.
           as the house will be aware, on 16 april, the government published the recommendations of the collaborative forum for former residents of the mother and baby homes. the government also approved a series of measures and a comprehensive analysis of the recommendations by relevant departments, with individuals departments to revert by the end of june. the department of children and youth affairs will co-ordinate responses and revert to government.
           the government agreed that a working group would be established by the minister for health to develop proposals for a package of practical help and well-being supports for former residents of these institutions. that working group has been established and is due to report back to government by september in advance of the estimates process.
           following the receipt of the collaborative forum's first report, the minister for children and youth affairs, deputy zappone, signalled the opportunity to take some time to reflect upon the learning to date. the forum also suggested revisiting these matters. the minister is currently examining how to best conduct a focused interim evaluation that involves the forum members. delivering its first report within six months was a significant achievement by the members and reflected a strong commitment and dedication to the task. the minister and government very much value their contribution.
           the minister is actively considering suitable appointments to the current vacancies of which there are many, including the chair. she hopes to appoint a new chair very soon and to establish a board meeting shortly thereafter."
2019-06-26,dail,https://data.oireachtas.ie/akn/ie/debateRecord/dail/2019-06-26/debate/main,123,Deputy Maureen O'Sullivan,Deputy Maureen O'Sullivan,"deputy maureen o'sullivan
          it would have been useful if the forum had known the exact information the taoiseach has just given me, as i would not have had to raise this issue. i cannot stress enough the extent of the engagement and how much the members of the forum brought to the entire process in a very able way. one member described the feeling now that there was a deep sense of betrayal among the members because they were first told that the forum was independent of the mother and baby homes commission of investigation and that their report would be published regardless of the timing of the mother and baby homes final report. when they asked for a legal adviser at the beginning of the process, they were told there was no need for one because they were the experts. however, they are hearing now that the attorney general has some problems with it but they are not being told in what areas.
           on another point, the department of education and skills reacted by saying that the institutional history is too sensitive for primary schools but that was never recommended. the members recommended it for second level schools. 
           there is something to be gained from what the taoiseach's reply but we want the report published because that would be a tribute to the work the members have done. these people have been hurt enough and the hurt continues when they are not listened to."
2019-06-26,dail,https://data.oireachtas.ie/akn/ie/debateRecord/dail/2019-06-26/debate/main,362,Deputy Louise O'Reilly,Deputy Louise O'Reilly,"deputy louise o'reilly
          i welcome this bill but i feel it is being rushed. i will be honest about that. i understand time is tight and the end of this dáil term is coming but it does feel like this is being rushed somewhat. i am sure every speaker this evening will acknowledge the bravery of the women who came forward and told their stories in the media. i would say that was really hard. i do not know how those women were able to do that. i do not know how even women in the whole of her health could do that.
          these women are battling a really serious illness and yet they and their families can find the inner strength to come out. we must also acknowledge those women who for whatever reason do not feel able to come out, as well as their families. they have been in touch with us. we know what is going on in their lives though they do not feel able to go public. 
           clearly the aim of this legislation is to provide a quicker and less adversarial way to deal with some of these issues. it is really important that we remember why we are here and what these women have been through, particularly those women who have been to court. through a very close friend of mine i have had occasion to see exactly what they have had to go through at first hand. it is really rough. most of us, even after a few drinks in the company of our friends, do not want to have a frank discussion about our sex lives. they must do so in a courtroom full of people, with strangers trying to pick holes in their story. i do not know how they do it. i refer to the notion of a ""loss of consortium"", which is the description of a husband's loss of the services of his wife. what they have been through is horrific.
           i understand what motivated the taoiseach when he said that no woman should ever have to go to court and go through that process. however, as is very often the case, particularly with soundbites, talk is really cheap. women are still having to go to the courts. what has brought us to this juncture is nothing short of shameful. this tribunal will not erase that but i believe it will go some way towards doing so. i assure the government of sinn féin's co-operation in getting this legislation through. we want to work constructively, as i think all parties have done on this issue. as deputy butler referred to, all we have to do is remember the sight of emma mhic mhathúna's coffin going past the gates here with her children following behind. that is enough for everyone to say that we must do our best. it is really important that this bill is as good as it can be. it is in that regard that i say it is a bit rushed. we are speeding towards the end of the term and we want to ensure that we get this bill as right as it can possibly be.
           it is important that the awards issued are in line with those that would be issued by the courts system. it is also important to acknowledge that this is new territory. there should be some acknowledgement on the part of the government that it has never done this before. it must be open to listening to people who may have a view and particularly to the women who have been impacted, whether or not they have been part of the royal college of obstetricians and gynaecologists review. those women must be listened to, because reading dr. scally's report or talking to them makes it absolutely clear that they did not feel listened to. they felt they were brushed aside. any woman could talk about going to a doctor and being told some concerns are just women's issues. there is a feeling that these things are not taken very seriously. it is important that those women are at the centre of this process. 
           the legislation sets out the limitations of the tribunal and the mechanisms for it to do its work. it has to be efficient and compassionate and it has to include as many women as possible. it must not serve to exclude women. we have all had engagement related to the mother and baby homes scheme. i refer to the homes that were left out and the campaigns people had to mount to be included in it. like the minister of state, i do not want to see women left outside this process and having to battle with the state and the system again to get into it. we all want this to be done quickly, but in order to be done properly it must be inclusive. in that regard we will be tabling amendments. i am mindful of what was said previously. those amendments may be ruled technically out of order. i would appreciate if that did not happen. i am quite happy to decline to table an amendment if amendments that are in order are tabled from the government side to deal with the concerns that have been raised. this is not about me ticking a box so that my amendment is passed, or deputy donnelly or deputy kelly being able to say that their amendments got through. this is not about defeating the government's amendments either. it is about making sure this is done right. i have said we will be constructive. that will absolutely include withdrawing amendments if it is the sensible thing to do. however, that also has to involve the government listening to what is being said, taking it on board and making sure this is done right. we must not end up with someone standing here in a couple of years, listing the names of women who have been excluded after we stood here this evening and said we wanted to make it as inclusive as possible. 
           i fully appreciate that this is new ground and it is tricky and difficult legislation. i can assure the government of our support. i think it will get the support of everyone here to get it done right. that means listening and not trying to score points. i am not suggesting the government is trying to score points; i certainly will not be and i do not think that anyone will. we want this to be right. we have to listen to the women and we have to make it as inclusive as possible. 
           we have to make it a realistic option for women not to go to court if they really feel they cannot do so. there must be an acknowledgement of what those women have been through. it is important that the tribunal hears testimonies and information from the affected women and anyone it deems it necessary to hear from. it is also important that it can elect to hold certain elements of the process in public. the dáil is a public forum; i speak in public fora often. if i were discussing what those women will be discussing i am not sure i would take the option of a public forum. however it needs to be there, because for some people it is quite cathartic not just to tell their story but to share what they know and what they have experienced. that is really important to them. in cases where a woman has unfortunately passed away it is important that a family member can appear. that will also help.
           in reference to the tribunal itself, it is important that it hears and determines all issues of negligence, breach of duty, breach of statutory duty, breach of contract and any other matters that should arise. i am glad there will be an opportunity to hold hearings in public or in private. we must be prepared for the fact that some of what we will hear in public will make for very uncomfortable listening. if it is important for the women to say it, it is important for us to hear it and to try to understand. 
           at the very beginning of this there were issues with regard to the release of information and documentation. the things that went on were ridiculous. information that should have been available online or in soft copy was printed out and sent in hard copy - in other words in an unsearchable format. it was absolutely reprehensible. it is welcome that the tribunal will have the power to compel witnesses and to compel documentation. that is extremely important. 
           there are some areas of concern. excluding those who have previously received an award from even giving evidence is a concern. i would be grateful if that was taken on board and consideration was given to how those women can also be included. it is important that all of those affected should have the opportunity to give evidence to the tribunal. as i have said, on the whole we welcome this legislation. it is our intention to work constructively to ensure that it is passed through the dáil and the seanad as quickly as possible.
           as we move towards the establishment of the tribunal we must be very mindful of the fact that the women who will be part of it and their families have had their trust in the system absolutely shattered.
          many of them have no faith in a system they consider to have let them down. they use the phrase ""having to go to war with the state"" because, in effect, that is what they have had to do. they are of the view that the system let them down and then fought against them. as a result, their trust has been shattered. as part of this process, we must acknowledge that those women, and in many instances their families, have been treated disgracefully. the tribunal must be seized as an opportunity to make some form of amends to those women, in so far as amends are even possible given what we know we are dealing with here. i reiterate that it must be inclusive. the test of the tribunal will be the support for it from the women involved."
2019-06-25,seanad,https://data.oireachtas.ie/akn/ie/debateRecord/seanad/2019-06-25/debate/main,229,Senator Colette Kelleher,Senator Colette Kelleher,"senator colette kelleher
          the redress for women resident in certain institutions (amendment) bill 2019 seeks to amend the redress for women resident in certain institutions, rwrci, act 2015 and the nursing home support scheme.
           the magdalen restorative justice ex-gratia scheme was established in 2013, as the minister stated, to provide women who worked and resided in magdalen institutions with access to both financial and health supports, including lump sum cash payments, pensions and health and community care supports free of charge.
           in 2017, the office of the ombudsman published a report following an investigation of the administration of the magdalen restorative justice scheme. the report made a number of recommendations, including the expansion of the terms of the scheme to include women who worked in magdalen laundries but resided elsewhere. on foot of these recommendations, the department of justice and equality announced in may 2018 an addendum to the scheme, which commenced in november 2018. the addendum extends the terms of the scheme to women residing in institutions adjoining magdalen laundries. these developments are positive and welcome.
           however, stakeholders such as the justice for magdalenes research, jfmr, group which had previously called for an extension of the terms of the scheme, have concerns that the bill under consideration this evening will, in fact, ensure that health and social care recommended by mr. justice quirke in 2013 is actually provided to all survivors under the magdalen ex gratia scheme. that is the point that senator clifford-lee raised.
           the government simply seeks to add women who worked as children in magdalen laundries while registered on the rolls of adjacent institutions to the existing health and social care aspects of the magdalen ex gratia scheme. the justice for magdalenes research group has repeatedly pointed out that the care services currently provided under the rwrci act 2015 are not compliant with mr. justice quirke's recommendations.
           the problem of healthcare provision to magdalen survivors has been raised on numerous occasions since the rwrci act was enacted.
          justice for magdalenes research wrote in february 2016 to the national director of primary care at the hse to ask for clarification on all the ways in which magdalen survivors’ entitlements under the act differ from those already available under the standard medical card. no substantive response has been received to date. it is essential to note that survivors of magdalen laundries signed away all rights of action against the state in good faith, expecting that they would receive all elements of mr. justice quirke's promised scheme. the failure to provide them with the same suite of health and social care services as provided to cardholders in the health (amendment) act seems to be a gross breach of trust and further abuse of a small group of older women who were very wronged and who experienced great human rights violations in the past. i ask the minister to comment on that.
           by background to mr. justice quirke's recommendations, he delivered a report with a full list of the health and social care supports published in appendix g. the survivors who signed away their rights are entitled to them and expected to have full access to them. the justice for magdalenes research group states that the group of women is not getting access to the full list of benefits. the access by magdalen women to health and social care appears to fall very short in terms of dental, ophthalmic and oral services such as access to psychotherapy for survivors and complementary therapies, including counselling. as far as i am aware the department of justice and equality has not yet established a fund for magdalen laundry survivors to obtain complementary therapies, as was promised. magdalen women's access to home care falls short. we do not want to put such women back in institutions. there is a nationwide crisis in home care. could the minister comment on the extent of requests by magdalen laundry survivors for home care? there are also shortfalls in respect of health and community care for survivors abroad.
           in the context of the bill, will the minister commence a review of the entitlement to services of relevant participants under the headings i have outlined? will he also assess any differences in entitlements to services in the context of the first recommendation of the 2013 magdalen commission report, and make a report to both houses of the oireachtas of the findings of the review and the conclusions drawn from its findings? will the minister first produce a report on the case for including other forms of related institutions in the redress scheme, including psychiatric institutions which had a formalised relationship with the mother and baby homes? second, will he report on the inclusion of the bethany home in the redress scheme? third, will he report on the steps that would be required in order to complete a project of forensic accounting for the institutions covered by the redress scheme for the period of time under which women were held? the magdalen women to whom this bill relates have suffered more than we can ever imagine, through no fault of their own, and those women have been very wronged. as legislators, we must not add insult to injury by poor design of the redress scheme, myopia and amnesia, or even miserliness. i hope the minister will take on board the points i have raised. i look forward to his response."
2019-06-25,seanad,https://data.oireachtas.ie/akn/ie/debateRecord/seanad/2019-06-25/debate/main,230,Senator Jerry Buttimer,Senator Jerry Buttimer,"senator jerry buttimer
          i welcome the minister, deputy flanagan, and thank him yet again for another piece of positive and progressive legislation in terms of redress. as senator kelleher said, all of us as legislators have only one obligation, which is to ensure that the women receive redress. i know the minister has been very much to the fore in finding a pathway forward.
           tonight's debate is again an indication of where we have come from and a sign of the unfortunate way in which this country has struggled for decades to deal with our dark past. while we recognise that we cannot undo what happened and we cannot airbrush it or forget it, it is important that those who suffered in many institutions are remembered and get support and that it is done in a way that is compassionate and humane. it is also important that the government strives to ensure that those who suffered receive the justice and support they require. that must be done in all cases.
           since the publication of the quirke report six years ago, many of the proposals have been put in place to provide recognition, compassion and support to the women affected by our dark past. the magdalen restorative justice ex gratia scheme for women has been expanded and today's bill adds further to what we are doing. it is about providing a range of health services at no charge to the women who stood so valiantly through dark times. in addition, the bill provides for ex gratia payments to survivors who were not included in any financial assessment of means under the nursing homes support scheme act 2009. the provisions have allowed for greater health and financial security for women affected by magdalen laundries. the reason i pay tribute to the minister, deputy flanagan, is because to be fair to him, he has been strong in what he is trying to achieve. he is part of a government that is trying to redress the imbalance and to ensure the supports are put in place. we must remember that the bill before us today hopes to expand on the support the government has given to women who have been very wronged by society and the state. i am pleased the bill will pass second stage tonight.
           if you do not mind, acting chairman, i will digress for a moment. last sunday i attended the bessborough commemoration event on a very wet day in cork city. it was moved indoors because of the inclement weather. a memorial was created by the artist jill dinsdale which was on the grounds of bessborough last sunday. it is a wooden sculpture in the form of a circle. each plank of timber with a scar represents a mother or baby who died in bessborough. in addition to the story of what happened, the sad part is that many have no idea where the babies are today. i was struck by the beautiful memorial, which needs a permanent home either in the folly in bessborough which is now closed or somewhere in cork city. the event was a gathering of women and their families who have suffered and who are looking to have their lives rebuilt or in some cases they are looking for answers. a number of the women were angry and upset. one of the phrases i left with was about us as citizens and legislators trying to restore dignity. that is the reason i attended. some people might have felt that my presence there as a member of a government party was perhaps wrong, but i went there in solidarity and support of the bessborough women, one or two of whom are friends of mine. they came out of bessborough to tell their story and to help shape society in a better way. for that reason i am very pleased that the bill has come to the house. i hope that the stories of the 904 babies can be heard and that we can get answers. the whereabouts of only 64 of the babies have been identified in bessborough. tonight, the government is doing a piece of work which adds to what has been done already and i thank the minister for his work. as senator kelleher inferred, we all have a duty and obligation which we are trying to live up to."
2019-06-19,seanad,https://data.oireachtas.ie/akn/ie/debateRecord/seanad/2019-06-19/debate/main,141,Senator Marie-Louise O'Donnell,Senator Marie-Louise O'Donnell,"senator marie-louise o'donnell
          i thank the minister for being here. i am very grateful for what fianna fáil and senator leyden have said, that the seanad is a fine place to try to work this out. we have the time and the legal knowledge and we have a different kind of energy, which could help to find the solution to this. having been a senator, the minister knows that. it is not a good thing for us to simply let it be worked out in the dáil. it would be very good for us to try to find a way forward with this very delicate and human bill that is to the satisfaction of everybody. i know the minister is a great believer in argument and she will accept this completely on those terms but i find the bill fundamentally flawed and i cannot and will not back it in its current form.
           the first flaw we must get over is that this bill must not confuse information with tracing. that is a major flaw. it confuses the rights to identity, that is, giving adoptees their information, with their desire to meet or not to meet their biological parents. most research shows that adoptees are looking for information, not to knock on the doors of their natural parents. somewhere in the bill, outside of what is written, is an atmosphere of demonisation of adoptees, as if they are out to cause harm or harm will somehow be caused. i know the minister does not mean that but it is there somewhere. it is as if adoptees mean to somehow disrupt the lives of their birth mothers, fathers or siblings. this is untrue, it is very dangerous and it is a discriminatory belief.
           the first report i have the privilege to mention to the minister is that of the collaborative forum of former residents of mother and baby homes. it states that the bill, in common with all of its predecessors, conflates the right to personal information with the right to trace, which applicants have never claimed existed nor have they ever asked for such a right to be created. despite this, we are bringing it about as if they did. the report goes on to stress that the applicants have merely sought their own identities and information, which are rights enjoyed and guaranteed to all citizens but denied to them due to the circumstances of their birth. the report reiterates that rights to identity information are fundamental.
           it may interest the minister to know that in the 1990s, many organisations provided a means of finding birth parents or adopted children. this started in 1985. people have been using many of these organisations and processes for years. there have been no lawsuits and no harm has come about as a result. 
           the second point i would like to make is very relevant today. i was delighted to hear the minister say she would contact the stakeholders throughout the world of adoption, which is a big world.
          i am sorry that did not happen before because we might not now be in this impasse. i include fianna fáil in that reflection. i know it has been very difficult for adoptees. they were very gracious to those of us who met them recently, as was their office. generally speaking, however, there could have been a little more contact. that is just my opinion.
           my third point concerns tusla. as the sole agency, it is not equipped to carry out what the bill suggests it should carry out. the minister knows this and referred to it in her speech. tusla is unregulated under the adoption act 2010. some 15,000 people, including birth parents and adoptees, are already on a contact register maintained by the adoption authority of ireland. i refer to the national adoption contact preference register, nacpr. it is my belief and that of the collaborative forum of former residents of mother and baby homes that the nacpr should be relaunched on a statutory footing and rebadged to allow registrations for all. tusla should be ruled out from managing that database. that is a radical thing to say. i do not mean that in a personal way but in respect of the department. i note the minister's answer to deputy micheál martin today regarding the provision of extra money to tusla. there is a serious problem regarding how tusla is going to have the resources and money required to carry out this task. i note the minister's answer and that on the time limits as well.
           all current information that the adoption authority of ireland holds on the 15,000 people who are already registered will be lost or laid dormant as people are forced to reregister. those on the current register, both natural mothers and adoptees, put their names on that list in good faith and gave that decision the consideration required. it was not a decision they came to lightly. under this bill, it is now being suggested that they start all over again. if the current nacpr were to be placed on a statutory basis, active tracing and provision of information to those requests would begin immediately. tusla has undermined the civil registration system. it has done that while lacking the talent, experience and requisite expansive and expensive training to do that task itself. tusla is not regulated for adoptive services, yet the bill suggests that it set up a quasi-legal process to argue the case for and against the release of information. that is flawed, unfair and costly and will cause undue delays.
           tusla does not have the staff, the administration nor the training required. it has neither the gestalt nor the jungian theory to be able to decide, therapeutically, which information to give out and which to withhold. i understand that social workers, by their very nature, are very well trained, well meaning and do outstanding work. it is an enormous task, however, and one too great to ask. how will social workers be able to fulfil that task without the benefit of substantial resources in the areas of time, space, technology, training, expertise, communication and specialisms? we are really talking about the need for a new agency. i reiterate that tusla is not regulated for adoption services by the appropriate state regulator. in this case, that is the adoption authority of ireland. tusla's adoption services would, therefore, be unregulated.
           when adoption agencies withered on the vine and bowed out of the adoption process, for very natural reasons, the hse nominated tusla as the body to which all files should revert. tusla is now the second biggest holder of adoption records, numbering 120,000. this aspect of the bill cannot have been thought through. it is too huge and profound a task to ask of an agency which is already engaged in so much other incredible and important work with young people. there has been much talk about the whole area of the natural mother's right to privacy. privacy can be negative or positive. the minister raised this herself. why does the natural mother's right to privacy supersede the adoptee's right to privacy or identity? why is the adoptee vetoed by the mother?
           this bill is forcing natural mothers to know of their adopted children’s efforts to seek information, whether they wish to know or not. if adoptees were trusted by the state to be able to source their records for their own personal use or reason, then the natural mothers would never need to know of this development. that would allow for lives to go on without the initiation of any tracing or reunion. whether tracing or reunions happen are completely separate issues. the process i have suggested would protect the privacy of the natural mother and the adopted child. it is possible to do that, but certainly not in this bill as it is now. the minister has acknowledged that. the greatest abuse of the right to privacy is brought about by the interference of the state. no one in this country needs to be reminded of what happens to women and children when the state interferes.
           i have read hundreds of emails from representative bodies such as the adoption rights alliance, the adoption authority of ireland, aitheantas-adoptee identity rights, human rights lawyers, legislatures, sociologists, mothers and adoptees. two phrases keep coming to mind that encompass the despair of this whole world. those are the ""architecture of containment"" and ""living bereavement"". it is sometimes not easy to understand what people mean when they say they do not know who they are. we talk about transcendence and we make statements concerning being able to walk in the shoes of other people or understanding the feelings of others. that is not the case. we really do not know how people are and how they feel when they do not know who they are and cannot find out. the absolute isolation of that is mind boggling. all of these barriers are placed, for the best reasons in the world, in front of people when they try to do something about that situation.
           we need to keep that in our minds. i suggest that the minister consider three points. information should be given out by independent archivists to every person requesting it. applicants would get their personal data after an information session where they would be informed of how the nacpr works, as well as the responsibilities and opportunities it places on everyone. family tracing would be an optional service after that and it would be a service well resourced and staffed with trained, expert social workers. that is why i suggest-----"
2019-06-19,seanad,https://data.oireachtas.ie/akn/ie/debateRecord/seanad/2019-06-19/debate/main,156,Senator Colette Kelleher,Senator Colette Kelleher,"senator colette kelleher
          i thank the minister. it is great that we are listening to one another today. the minister's statement was most encouraging and our debate is in the context of the adoption (information and tracing) bill, which is rightly getting a great deal of our attention. the bill itself is an existential matter for people who were adopted, either by force, legally or illegally. it is about identity for the adoptees and their children's children. in that balancing equation, that group of people also need to be taken into consideration by the attorney general and others. of course, we need to have due regard and compassion for the natural mothers as well.
           serious issues have been raised by a range of different people and groups, including adoptees themselves, the adoption rights alliance, council of irish adoption agencies, aitheantas, irish association of social work, and irish council for civil liberties. like the minister, we have received hundreds of emails on this bill. there is a fundamental concern that senator marie-louise o'donnell outlined in detail about the conflation of information and tracing. they are not the same and need to be separated. that is one of the fundamental jobs we need to do in improving the bill. advocates such as mairead enright, maeve o'rourke and fred logue have flagged key issues to which we should pay attention. the adoption rights alliance cited its deep opposition to the government’s approach in a letter circulated to members yesterday, which i am sure the minister has seen. the letter raises the restrictions on access to birth certificates; the censorship of files; and that no rights to information provided for natural mothers or relatives of the deceased are provided for in the bill. only last week, mairead enright reminded us that we need to consider this bill in the context of ""reproductive justice"" in ireland, the lack of which was so painfully and so graphically recalled again last weekend by majella moynihan, in case we have forgotten. that is the context in which this bill is being debated.
          ms enright also raised concerns about tusla, about which senator marie-louise o'donnell spoke at length. she said it was not clear how adopted people's rights would be safeguarded by the process, especially given tusla's poor history. it is vital to pause and tease out the role and functions envisaged for tusla in the bill and its suitability, capability and competence in performing them.
           it is welcome that yesterday the minister met some of the stakeholders and listened to their concerns and that she met senators last week. however, complex issues related to the bill need further reflection, dialogue and consideration. i am grateful that the minister and her officials will continue to engage with and listen to the individuals concerned. will the findings of the collaborative forum on mother and baby homes which presented its work to the minister in december 2018 be published? that would be useful to us as senators to make the bill as good as it needs to be.
           we need to pause. there were pauses in the development of the domestic violence legislation that helped to improve it. the offence of coercive control was put in the statute book because we had paused and thought the matter through. we will do the same in dealing with this important bill. it is important to give senators and advocacy organisations time to come forward with concrete proposals such as senator bacik's proposal for opting in and others in development by the adoption rights alliance and others. there are also good things in the bill such as the strengthened powers of the adoption authority of ireland. we need to keep the best, but we also need to make changes on the points raised with us.
           i thank the minister for listening. we can and will have a good law for adoptees. this is a pause, rather than a stop, which will enable us to make better law for adoptees, their children and their children's children, as well as natural mothers."
2019-06-19,seanad,https://data.oireachtas.ie/akn/ie/debateRecord/seanad/2019-06-19/debate/main,169,Senator Lynn Ruane,Senator Lynn Ruane,"senator lynn ruane
          i thank the chair. i thank the minister for her presence in the chamber this afternoon. i welcome the fact that the bill has not returned for committee stage and that instead we are instead having statements on adoption, information and tracing.
           on a purely practical level, i certainly did not feel i had had enough time to review the more than 150 amendments from government and opposition and the really significant rewriting of the bill that was proposed.
           i certainly had not had enough time to review the significant amount of correspondence received directly from adopted people who expressed their concerns and anxieties and suggested the changes they sought and needed to see to feel recognised, supported and respected in any real way by a law that is supposed to be designed for them. 
           it was quite stark to have read and reread the points made by adopted person after adopted person who got in touch with us in the past week to the effect that they would rather have no law at all in preference to the law the government was proposing. even just on that basis, it would justify taking some time to pause and reflect on the bill, its provisions and the balancing of rights that are at its very heart; that balance between the adopted person’s fundamental right to their identity, to knowing themselves and documents about their own lives and the right to privacy of a birth parent. 
           i recognise the work that the minister has done during the past three years and that she has done her best to make progress within the confines that she perceives. however, for me the main problem with the bill is that it still confuses information about the adopted person and tracing, as other senators have mentioned, which is about contact and relationships. they are far from being the same thing and yet in this bill, they are treated as being the same and without distinction. 
           that is far from the only problem, which include the restrictions on information, which are unlike those imposed on any other citizen, the absence of a single mention in the bill of the data protection act 2018 or of the general data protection regulation, gdpr, and the continuous philosophy throughout the bill, which states that adopted people cannot be trusted with their own identities. should we consider, in the rewriting of the legislation, the data protection act 2018 after gdpr, then i believe the adoption agency would be the data controller.
           it is also of extreme concern that we have not seen the published full report from the collaborative forum on the mother and baby homes. this is a representative group of both adopted people and birth parents with directly relevant experience and views on this bill, who i understand make direct criticisms of the bill in the report and yet we cannot read them. at an absolute minimum, this bill should be postponed until we can hear what that report has to say. 
           as tough as it may be to hear this, many members and i think we need to withdraw the bill. on a purely practical level, the minister has proposed a significant rewriting of the bill on committee stage, and in her memorandum to senators, she is planning more on report stage. the absolute minimum the minister could do would be to introduce a new bill with all those changes made in order that we could assess it as a whole on its merits. however, as the minister will know from her meetings with advocates for the adopted - i really welcome that she took the time to do this - even the substantially rewritten bill she is proposing is still discriminatory, it is still stigmatising and it still targets adopted people as different and untrustworthy.
           i know the minister must act in accordance with the advice of the attorney general, but it is clear to members in this house that the right balancing of rights to privacy and information established in the io't v. b case has not been struck. i know also that the minister states that our constitution puts us in a different category from other common law countries and that we cannot look to the uk for inspiration. however, the provisions the minister has proposed to balance these rights are not the only option. 
           senator bacik has proposed an amendment and the minister has obviously spoken about that amendment, and i hope that if the minister is not looking at rewriting the bill, she will work with senator bacik's amendment.
           i also believe the model in northern ireland where everyone receiving information is given a one-to-one information session beforehand and informed of their rights and responsibilities is worth looking at, where adopted people can be treated as adults and with respect. i welcome the minister's comments to that effect. i believe there are other ways that we could draft a better way to do this but it will require flexibility on the part the minister and from the attorney general, as well as an openness to give up on the approach with which we started.
           in light of our history in this country of illegal adoption and incarceration, we have a moral responsibility to do this properly and to give a cohort of people who have been marginalised and mistreated by the state a chance to find their truth. we have to get it right for them."
2019-06-19,dail,https://data.oireachtas.ie/akn/ie/debateRecord/dail/2019-06-19/debate/main,351,Deputy Stephen Donnelly,Deputy Stephen Donnelly,"deputy stephen donnelly
          i move:
          that dáil éireann:
          recognises:
          - the need for ireland’s maternity services to be as safe as possible for women and babies, including the need for women to be listened to and respected;
          - the hard work, skill and dedication of all staff across ireland who provide maternity services;
          - the growing crisis in maternity care for reasons including:
          - outdated and inadequate hospitals;
          - limited diagnostics;
          - poor staffing ratios;
          - insufficient parental supports;
          - wide geographic variations; and
          - lack of community-based options for mothers;
          - the deep concern these pressures are resulting in for current and expectant mothers and fathers; and
          - the increased burn-out and stress for clinicians, together with a retention and recruitment crisis and chronic staff shortages;
          notes:
          - that the 2008 kpmg independent review of maternity and gynaecology services in the greater dublin area identified the need for maternity services to be co-located with adult acute services;
          - the repeated announcements from 2013 onwards, including in the capital plan 2016-2021 and the national maternity strategy 2016-2026, that dublin’s three maternity hospitals and limerick’s would be relocated, with:
          - the national maternity hospital to st. vincent’s university hospital campus;
          - the coombe women and infants university hospital to the st. james’s campus (to happen in parallel with and be tri-located with the national children’s hospital);
          - the rotunda hospital to the connolly hospital campus at blanchardstown; and
          - limerick maternity hospital to the university hospital limerick campus;
          - the lack of progress on these essential projects, including:
          - on-going delays regarding the national maternity hospital; and
          - no progress and no budget allocation to begin the relocation process for the other maternity hospitals;
          further notes:
          - the numerous reports into localised maternity care issues in recent years, including portlaoise and portiuncula hospitals;
          - the lack of progress in implementing various recommendations from these reports;
          - the clinical, patient and political buy-in to the national maternity strategy 2016-2026, and the lack of implementation of that strategy, with no new development funding for it in 2019;
          - the lack of progress on numerous issues raised in recent years by midwives, including staffing ratios, working conditions and pay inequalities, with:
          - just two midwifery-led units in place; and
          - a shortfall of 200 midwives below the recommended safety-levels in the national maternity strategy 2016-2026;
          - ireland’s low-rate of obstetricians per capita, being the third lowest in the organisation for economic cooperation and development, and being further exacerbated by a high-level of unfilled posts; and
          - the rise in state payments in compensation for incidents in maternity units, up from €4 million in 2007 to almost €120 million in 2017; and
          calls for:
          - a definitive time frame and funding deployment for the relocation of the stand-alone maternity hospitals;
          - progress to start in 2019 on all projects not yet commenced;
          - a guarantee from government that new public maternity hospitals will not have separate external or internal entrances, nor separate facilities within the hospitals, for private patients;
          - funding and a task force to implement the national maternity strategy 2016-2026, including choice around birth, types of antenatal care, access to anomaly scanning, breast-feeding, counselling services, public health, domestic violence supports and
          appropriate staffing levels;
          - an active clinical programme for the development and review of clinical guidelines for maternity services;
          - an immediate statement of maternity services available at all sites, including prenatal screening, access to foetal medicine, counselling, genetic testing and laboratories being used;
          - investment in community-based pathways to ensure choice for mothers;
          — indemnity to cover practice nurses who give antenatal care;
          - measures to address the chronic staff shortages, including ending pay disparity; and
          - investment in a national foetal magnetic resonance imaging (mri) programme and bereavement care.
          ""i was treated like a slab of meat"" - that was róisín's testimony. ""the registrar fell asleep while debriefing me after i had had a haemorrhage"" - that was lucy's experience. ""i was baldly told there is no heartbeat, your baby is dead"" - that was testimony from anne. ""my baby died seven days after birth, i was left in the ward with mothers and their babies while i was sick and childless"" - that is what happened to breda. eileen recalled that her daughter miscarried while sitting on a chair. helen has shared the following: ""my baby was so disfigured from the forceps that she was taken away for chromosomal testing, a doctor came in, looked around and said, ""oh my god, what a mess, clean this up"".""
           earlier this year, the country listened in horror as women from all over ireland shared their experiences of maternity care on rté's ""liveline"" and the conclusion was, once again, that women are not being believed. so if no one is listening or believing the mothers, is anyone listening or believing the midwives or the doctors?
           here is what one midwife wrote: 
          i am in such pain following the ""liveline"" coverage of women's experience of care in irish maternity services. it is never anything short of horrifying to me that women and their families are being so profoundly hurt by experiences that ought to be, at a bare minimum, infused with dignity, respect, safety, and care. 
          dangerous and unsafe is what one consultant said to me in the last two days. another said that ireland is not in the top 20 countries in which to give birth. dr. peter boylan, former master of the national maternity hospital, referred to an appalling indictment of state failure. he was referring to the standard of care at the hospital in which savita halappanavar died. there are many other reports on other hospitals and experiences. multiple failures were identified in a report into baby deaths at portiuncula hospital. the report examined the delivery and neonatal care of 18 babies and found problems with staffing, training and communication. it noted: ""a significant delay between the first signs of concern and the decision to intervene"".
           midwives, doctors and a host of other professionals want the best for their patients, for mums and for babies. they are doing their damnedest, but it is becoming impossible and they are burning out. there are not enough of them for a start. right now in ireland we have 200 midwives fewer than the number agreed in 2016 in the maternity strategy to be the safe level of midwives. we have the third lowest level of obstetricians anywhere in the developed world. by definition, if we have fewer than the recognised safe staffing levels, then our service cannot be safe. for the staff, many find themselves working in outdated buildings with outdated equipment in cramped and confined spaces, as obviously do the mums and their babies.
           just today the master of the rotunda hospital was forced to go public and ask for urgent assistance to build a new wing amid what he describes as ""an intolerable patient safety crisis"". we should listen to him. i was in the rotunda hospital recently and they shared with me the fact that there was a fire in the neonatal intensive care unit caused by old wiring in the walls. they said it was a miracle that no baby was hurt. 
           elsewhere staff are working on mri machines that are 21 years old that are meant to be replaced after ten years.
           what of the new maternity hospitals? four are promised but none has been delivered or even started. the national maternity hospital in holles street is meant to be on the st. vincent's university hospital campus by now but this has not happened. the university maternity hospital limerick is meant to relocate to the university hospital limerick campus but that has not happened. the rotunda hospital is meant to relocate to the connolly hospital campus but nothing has happened.
           in 2015 the then minister for health, the now taoiseach, deputy varadkar, promised that the coombe women and infant university hospital would move to st. james's hospital in parallel with the children's hospital and would be ""well under construction"" by the following year, which was 2016, but nothing has happened. in fact, there is not even a budget this year to begin the planning and design phase, which can take years.
           what of the 2016 national maternity strategy? it is a good strategy, it is a solid plan and it has buy-in from patients, doctors, midwives and from politicians. as has become so common, there was a shiny brochure and a slick launch but nothing has happened. the new hospitals are not progressing. there is no new funding this year. in a €17 billion health budget, there is no new funding for progressing new parts of the national maternity strategy. community-based delivery options are not being supported and in most parts of parts of the country, they do not exist. diagnostic machines are not being replaced and there is a huge variation in the level of diagnostics and scanning available to mums, depending on where they live in the country.
           in writing this motion, we listened to women, to midwives and to doctors. they said that maternity care must be safe and of an equal standard for all mums and babies, regardless of how much money people earn, that the new maternity hospitals are needed now where women can be treated with the best medical care and in appropriate settings where they can be afforded dignity and that there must be community-based options for women who do not want to use the acute system for delivery and they must have supports through pregnancy and afterwards and this includes counselling services and public health programmes like breastfeeding, which are under-funded and under-supported at this time.
           this country has a dark history when it comes to women's reproductive health, and it is not solely the fault of this government. every party that has been in government in this state has to take some responsibility for that dark history and we must do something about it together. think of the scandals with which we have been dealing, including symphysiotomy, cervicalcheck and the mother and baby homes, all of which relate to women's reproductive health. nothing is happening in regard to maternity care. brilliant healthcare professionals are burning out. they are trying to keep things going but they will not be able to do that for much longer. mums and babies deserve better as do dads and our healthcare professionals. we are capable of much better than is currently happening. this motion, if passed, but much more importantly, if implemented, would begin to achieve exactly that.
           i commend the motion to the house."
2019-06-13,dail,https://data.oireachtas.ie/akn/ie/debateRecord/committee_of_public_accounts/2019-06-13/debate/main,232,Mr. Seamus McCarthy,Mr. Seamus McCarthy,"mr. seamus mccarthy
          the 2017 appropriation account for vote 40 - children and youth affairs records gross expenditure of €1.25 billion. this represented an increase of almost 15% on the 2016 expenditure level of €1.09 billion. the account is presented under three output programmes, as indicated in the diagram which is now on screen for deputies to see. the largest area of spending is the child and family support programme, at €740 million in 2017. the bulk of this expenditure is accounted for by funding of €713 million provided for tusla and just under €24 million in respect of oberstown children detention campus.
           a range of sectoral programmes for children and young people make up programme b, where most of the increase in voted spending was concentrated. the accounts record programme spending of €488 million in 2017, with the early childhood care and education preschool scheme accounting for just under €300 million of that expenditure. much of the spending under programme b is channelled to the beneficiaries through pobal which acts as paying agent for the department under a service level agreement. note 6.2 records the amounts paid through pobal under each subhead.
           the final vote programme, comprising policy and legislation related spending, is much smaller in scale, at a cost of just over €22 million or less than 2% of the total spend in 2017. it included recurrent funding for the adoption authority of ireland, the office of the ombudsman for children and the ongoing commission of investigation into mother and baby homes.
           the surplus for surrender at the end of the year was €58.7 million. i issued a clear audit opinion on the appropriation account."
2019-06-13,dail,https://data.oireachtas.ie/akn/ie/debateRecord/committee_of_public_accounts/2019-06-13/debate/main,233,Dr. Fergal Lynch,Dr. Fergal Lynch,"dr. fergal lynch
          i thank the chairman for giving me the opportunity to meet the committee to present on the 2017 appropriation account for vote 40 – children and youth affairs. in my opening statement i will give a brief overview of the main features of the vote. i hope the more detailed briefing material supplied in advance of the meeting was of assistance to the committee in providing a fuller picture of the work of the department and its expenditure.
           the total gross provision for the vote in 2017 was €1.311 billion, representing an increase of €173 million, or 15%, on the provision for the previous year. nearly all of the department’s expenditure is related to current funding for programmes and services. capital funding makes up just under 2% of the total vote. 
           our central mission as a department is to work to achieve better outcomes and brighter futures for all children and young people in ireland. among our key objectives are to ensure an effective child welfare and protection system; a high quality childcare system that is affordable and accessible; and an evidence-based approach to policy that helps children and young people to participate in decisions that affect their lives. we support both preventive and early intervention services, as well as direct involvement in the lives of children, young people and families, where necessary. we aim to collaborate with departments, agencies and sectors to place children and young people at the heart of what we do. we place great emphasis on consulting widely and using available evidence to inform the development of policy. this involves the participation and collaboration of children, young people and other stakeholders. we also stress value for money and evaluation from the early stages in planning projects. increasingly, our work involves dealing with significant legacy issues spanning many decades, while also trying to strengthen services for the children of today and planning the services of the future. 
           in terms of the overall composition of the vote, 54% of gross expenditure in 2017 was allocated to the work and services of tusla, the child and family agency, while 35% was accounted for by childcare supports, which we now describe as early learning and care, and school age childcare. the remaining 11% of the vote encompassed a variety of other programmes, including three other agencies - the adoption authority of ireland, oberstown children detention campus and the office of the ombudsman for children. the vote also includes the funding for the commission of investigation into mother and baby homes. 
           the department has had an extensive agenda of work. in 2017 the major actions included commencing mandatory reporting as a legal requirement under the children first act 2015; implementing significant improvements to childcare supports in advance of the statutory national childcare scheme, which is due to commence later this year; ending the detention of children in adult prisons; commencing the adoption (amendment) act 2017, which gave effect to the constitutional amendment on children's rights; publishing legislative proposals for the reform of the guardian ad litem system, the bill for which will be published soon; introducing a new bail supervision scheme, which has helped to reduce the number of children being detained; and working closely with tusla on a range of child protection and welfare measures. 
           we continued this work into 2018 and up to the present day. among the major actions are building on our work with tusla on child welfare and protection measures, including a co-ordinated response to the special hiqa report commissioned by the minister for children and youth affairs and supporting the full roll-out of the national childcare information system; working closely with other departments on child protection issues, particularly on policy and operations involving an garda síochána and tusla; sponsoring the passage of the childcare support act 2018 and continuing a major programme of work for the forthcoming national childcare scheme; continuing implementation of the access and inclusion model to help children with special needs to take part in the ecce programme; increasing the ecce scheme to two years, doubling the number of children accessing subsidies and doubling the number of childcare places across all age ranges; publishing a major strategy for early childhood entitled, first 5 - a whole of government strategy for babies, young children and their families; publishing the first ever lgbti+ youth strategy; completing the transition of the abc programme to tusla's prevention, partnership and family support services; developing a programme of action to deal sensitively with the burial of human remains at the site of the former mother and baby home in tuam; working to deal with the emergence of evidence of illegal registration of births; and continuing a programme for streamlining the system of funding for youth services."
2019-06-13,dail,https://data.oireachtas.ie/akn/ie/debateRecord/committee_of_public_accounts/2019-06-13/debate/main,449,Deputy David Cullinane,Deputy David Cullinane,"deputy david cullinane
          from a process and procedures point, there is a commission of investigation in place regarding mother and baby homes. obviously, it is independent and must do its work. however, there is much public concern about the commission’s refusal to release information to affected family members on where their relatives are buried. i have spoken to some family members who say it is painful and shocking that this is the case. has the department expressed a view privately on this matter?"
2019-06-12,seanad,https://data.oireachtas.ie/akn/ie/debateRecord/seanad/2019-06-12/debate/main,174,Senator David Norris,Senator David Norris,"senator david norris
          i thank the minister. that is good news.
           the alliance has said that anything less than unfettered access to birth certificates which are already public records and unredacted early life and adoption records is deeply discriminatory to adopted people and those born in mother and baby homes. particular reference is made to access to medical information which is extremely important. adoptees should have an automatic right to such information. 
           i have in front of me only part of the enormous volume of emails that i have received from adoptees urging me to vote against this legislation. they have called on me to vote ""no"". as adoptees, they are begging me to vote against this bill. these voices must be listened to."
2019-06-12,seanad,https://data.oireachtas.ie/akn/ie/debateRecord/seanad/2019-06-12/debate/main,195,Senator Ivana Bacik,Senator Ivana Bacik,"senator ivana bacik
          i thank the minister for her very comprehensive reply and her openness to the debate. i wish to acknowledge the spirit in which the minister always comes to the seanad and it is great to have her back here to debate this. the strength of seanad committee stage debates is that they take place in the house. that is very important. i accept, as we all do, that there is an urgency to this bill in the sense that people have waited so long for it. on the other hand, we have had two years and three months between second stage and committee stage and the government amendments are coming in now, one month before the end of the session. there could have been more haste earlier, not to mix metaphors. we acknowledged the need to bring this forward which is why we did not oppose it. senator warfield said that we would have been entitled on the order of business to say that we did not want to proceed at all with committee stage, but we did not do that. we simply said we would like to start committee stage because we recognise the importance of bringing the legislation forward but we do not think we should have a five-hour debate with so little time available to be able to consider the amendments and, indeed, to consult with others on the amendments.
           as the minister said, given that we have had two years and three months since second stage, time has moved on and our awareness collectively has changed about the nature and the way in which adoptions were carried out in ireland for far too long, with this culture of secrecy and of shamefulness that shrouded so much of mother and baby homes. we have learned dreadful things about the practices in these homes.
           over that period expectations built up that there would be a greater recognition of the right of identity and information. the difficulties that many have with the government amendments to the bill is that they still appear to come to us from a fundamental presumption against an unfettered or unconditional right of access to information. many of us are now saying that we should turn this around. let us have a presumption in favour of a culture of openness and information and then work out a process that enables privacy rights to be asserted and protected as against that presumption. the difficulty i and others have with the provisions is that they have reversed it. they are coming from a presumption that there should not be unconditional access.
           the irish council for civil liberties, iccl, said today in response to the proposed amendments, that it welcomed the removal of the obligation on adopted persons to sign an undertaking before seeking information about their identity. senator higgins and others have also pointed this out and the government amendment which seeks to do this is very welcome. however, the iccl point out that the proposed amendments would establish instead a process of searching for, notifying and giving a right to object to any natural parents of that adopted person, before any information can be disclosed. that is one way that the government has chosen to protect privacy rights of birth parents who do not want their information disclosed.
           there are alternative ways that could be put forward which would come from a presumption in favour of a right to access to information. i have suggested one, which i still have to flesh out, and i will be putting forward amendments to do this, including an amendment to section 1(2), to provide for a process to enable birth parents to assert privacy rights but against a provided for timeframe where there would be, by default, a right of access to information at the end of the six months. it is not so far from what the minister is proposing but is a less unwieldy method and one that is more trustful of adopted persons. it gives a better balancing to the right of information and identity to say that we are going to make a general appeal to anyone who wishes to assert a privacy right to come to us and make their objection, otherwise we will be disclosing to anyone who comes forward, and there will not be a condition placed on the access to information.
           my suggested proposal would have the very practical advantage in that it would not have the consequence that so many stakeholders have identified of the unwieldy and costly procedures which are going to be required of tusla to go out searching for natural birth parents. the council of irish adoption agencies say that these amendments are unworkable, given the burden they would place on tusla. the minister has acknowledged the cost and resource implications for tusla. both the council of irish adoption agencies and the irish association social workers have expressed serious concerns about the cumbersome, costly and resource-intensive nature of the processes.
           we all acknowledge the need to move forward with information on tracing legislation and the need to ensure, as the minister said, that statutory basis is given for the procedures and so on. i do not want to prolong this but we are advocating alternative ways of balancing rights that are preferable in 2019 and that recognise, primarily, a right of identity and information."
2019-05-22,dail,https://data.oireachtas.ie/akn/ie/debateRecord/joint_committee_on_justice_and_equality/2019-05-22/debate/main,35,Deputy Jim O'Callaghan,Deputy Jim O'Callaghan,"deputy jim o'callaghan
          deputy ó laoghaire raised the issue of how ""direct provision"" was seen as a dirty phrase. that is probably true. many people compare direct provision centres with mother and baby homes where women were involuntarily incarcerated many years ago. does mr. justice mcmahon agree that it is important that the public is given an accurate assessment and presentation of what these centres involve and that there is an accurate assessment that the numbers of people seeking asylum in ireland are very low by european standards?"
2019-05-16,dail,https://data.oireachtas.ie/akn/ie/debateRecord/dail/2019-05-16/debate/main,191,Deputy Michael Moynihan,Deputy Michael Moynihan,"deputy michael moynihan
          i move amendment no. 2: 
          to delete all words after ""further notes that"" and substitute the following: 
          ""— the commission of investigation (mother and baby homes and certain related matters) was established by the previous government in 2015, in order to fully investigate and report upon practices within mother and baby homes; 
          — the commission of investigation was due to make its final report on its findings in february 2018, a date which has twice been delayed in order to permit the commission of investigation to complete its investigation; 
          — the terms of reference of the commission of investigation state that the commission may 'include in its reports any recommendation that it considers appropriate'; 
          — the commission of investigation is required to investigate and cross-reference records regarding the paths through which mothers and children exited, and in the case of mothers, entered, these institutions; and 
          — a considerable number of mother and baby home survivors are in their advanced years, and they are understandably keen that the report of the commission of investigation be published as soon as possible; and 
          calls on the government to: 
          — immediately provide counselling and other mental health services to survivors of mother and baby homes, in order to support them at this remarkably difficult time; and 
          — ensure that the commission of investigation into mother and baby homes is provided with the resources needed to promptly complete its final report and release it into the public domain."""
2019-05-15,dail,https://data.oireachtas.ie/akn/ie/debateRecord/dail/2019-05-15/debate/main,225,Deputy Clare Daly,Deputy Clare Daly,"deputy clare daly
          i move:
          that dáil éireann, having been made aware in recent times of the activities in mother and baby homes that operated throughout ireland in the twentieth century:
          notes:
          — the ill-treatment of the mothers and babies in these homes;
          — the forced separation of single mothers and their babies from 1922 to 1998;
          — the falsification of birth certificates and the subsequent mistreatment of survivors by the state; and
          — that these practices were facilitated through official government policy and by institutions, such as county homes, public maternity hospitals and many adoption agencies;
          further notes that:
          — this has left a dark stain on our nation; and
          — the state has refused the survivors justice to the present day, despite irrefutable and conclusive evidence being submitted by survivors and survivor groups; and
          calls on the government to:
          — introduce, without delay, a redress scheme for the survivors of the mother and baby homes, so as to provide some comfort for this ageing community; and
          — set up a commission of investigation in relation to the very serious allegations emerging in recent times regarding the widespread and systematic falsification of birth certificates. 
          i am sharing time with deputy broughan.
           we have had a number of discussions on the mother and baby interim reports. in that sense, it may seem odd that we are giving our limited private members' time to discuss this matter again. we do so at the request of the shrinking survivor community and on their behalf and because there is unfinished business in this area. 
           the motion calls on the government to establish an inquiry into the serious evidence which has emerged in recent times regarding the falsification of documents, birth certificates, illegal registration and other irregularities regarding adoptions and forced adoptions that took place in this state. it is five years since the horrific story of the 800 burials in tuam hit the headlines. at that time, the government promised all matters in regard to the mother and baby homes would be examined. the then taoiseach, deputy enda kenny, said that if this matter was not handled properly ireland's soul, like the babies of so many mothers, would lie in an unmarked grave. five years on, the feeling of many of the survivors is that nothing much has changed, except many of their members have died. they feel they are being put down a cul-de-sac into a forum that they never requested, the report of which will not be published. 
           there needs to be a scrutiny of the illegal adoptions in particular, way beyond the limited scoping exercise to which the minister, deputy zappone, has committed. some 45,000 adoptions were registered in ireland since it became illegal in 1952. at least the same number of illegal adoptions or arrangements have been made. under the terms of our adoption legislation, adopted people do not have access to their birth information. to obtain that information, they must go through the adoption authority of ireland. for those who were illegally adopted, the ability to trace their identity is thwarted even further by a cover-up of the illegal practices that went on over decades, facilitated through the mother and baby homes and other institutions with the knowledge and in collusion of religious orders, hospitals, doctors and state agencies. this is the great unfinished business of these types of scandals in our past.
           when the scandal broke about the 126 irregular adoption files, there was shock and consternation but this had been well flagged since the 1930s. it was flagged by mike milotte and catriona crowe. i put it on the record many times since 2011. we know that altered records from bessborough have been in the hands of the hse since 2011. a hse report in 2012 warned that death certificates were falsified at bessborough, which potentially could have facilitated adoption under the radar. in 2013 the adoption authority ireland acknowledged that it was aware of several hundred illegal registrations specific to st. patrick's guild.
          when the commission was set up we asked that illegal adoptions be included in the terms of reference. they were not included. this motion is again calling for them to be included because if they are not included, some of the survivors will have to take their cases to the united nations. this would mean that, shamefully and yet again, survivors of abuse in this country have to look abroad in order to get access to justice. those people should get access to justice at home. the minister must provide an appropriate response on this issue, way beyond her countermotion, which will cause further problems for the community. 
           the fifth interim report indicates that there are children who are unaccounted for. we have that information, which is not a surprise. people do not know if their family member has died or was sold on to families in the united states. the report also makes it clear that galway county council not only knew about tuam but was involved in covering it up, as the missing minutes from 1937 indicate. that is only one part of it. we have to be very clear that the scandal of the mother and baby homes is not limited to tuam or the terms of reference of the commission. those terms of reference only include 14 homes and a sample from the county homes. that will not get to the bottom of the illegal adoptions because approximately 300 private nursing homes were excluded from the commission. on top of that, an unknown number of private arrangements took place in other circumstances, for example, where birth certificates were falsified by adoptive parents registering as natural birth parents and passing the baby off as their own while avoiding state involvement through the adoption process. these cases are almost untraceable.
           when the story of the 126 cases of illegal registrations broke i was contacted by a man - coincidentally, a constituent of mine - who, at the age of 38, after his parents had died, was told by a friend that he had been adopted. in his own words, he was a married man with four children who did not have a biological identity. he said it took him about a year to come to terms with that fact, saying that he felt that he did not exist, that he was not here and that he wondered about his birth. he was 70 when he contacted me, and said he searched at length throughout his life to find out who he was and where he came from. when the 126 cases of false registration emerged, he thought that perhaps he was one of those affected and it gave him an opportunity to find the answers he sought. however, he did not get an answer. he only got an answer when we put him in touch with sharon lawless, a wonderful person who has done so much work in this area, who helped him, via dna testing, to find some answers and, happily, some other siblings, which was a tremendous story. that may not happen for everybody and we really need, as part of the redress scheme, practical steps and support for those who need access to dna testing. however, the continued delays in the publication of the investigation's finding is pushing back the possibility of a redress on an ageing population which cannot wait. this is an incredibly time sensitive issue and it is highly regrettable that the government has not heeded the commission's call for redress to be put in place.
           many of the unofficial arrangements were made in the maternity wards of our public hospitals where young women were forcibly separated from their babies through intimidation, deception and collusion between the hospitals and religious orders, and indeed some adoptive parents. we know that cónal ó fátharta from the irish examiner has done heroic work in this area. he recently highlighted the case of jackie foley, who was 16 when she gave birth in bessborough in 1974. she signed a consent form to have her son adopted but did not sign her own name. instead, instructed by a nun and in the presence of a solicitor and her mother, she was forced to write a different name, that of micheline power, a woman who does not exist. the documentation was deliberately falsified. she signed the paper in a false name for a child that she had already registered under his own name, dermot foley, but he was given the bogus name of john power. an adoption order issued by the state's regulatory body, the adoption board, was contracted on the basis of these false identities. instead of acknowledging the wrong, the agencies involved did what they always do; they circled the wagons, delayed and denied. in responses to freedom of information requests, these cases are described as ""possible illegal registration"". that is why we have consistently called for the handing over of all files and records by all of the institutions and religious orders and the introduction of appropriate legislation to allow adopted persons full access to their records. that is the purpose of the motion before the house and the reason we called for these matters to be included in the commission before it was set up. it is also the reason we are calling for them to be included now.
           the minister's response, which mentions a limited audit, is not appropriate. we know there will be a review of around 1,500 files. that is just 1.5% of the 100,000 files in the hands of the adoption authority. the review is limited to looking for evidence of illegal registrations, not illegal adoptions. the issues around this are much broader than illegal registration and they are not currently being examined. i note that the minister's amendment refers to her leadership in this matter in respect of sampling, among other things, but i have to stress that this is ignoring all of the other illegalities around this issue. on top of that, we were promised that the audit would be released by easter. has the minister received it? if not, why not? when can we expect it to be published? it will inform some of the other areas of work that have to be dealt with. 
           we have to examine the issue of redress as a matter of critical importance. members of the survivor community, some of whom have joined us in the public gallery, will be absolutely gutted to read the government's response to our motion. the collaborative forum's recommendations, which have been unfairly published out of context and in the absence of the full report, asked for health and well-being packages and a programme of memorialisation. this is repeated in the minister's amendment but it is not declared that this will be acted upon. the amendment calls for a co-ordinated approach from government and for an analysis to be conducted. there is no actual implementation. some five years on from tuam, a health package is still at the developmental stage. how long will it take for survivors to get redress? they are suffering from trauma and ill health because of this, yet the minister's response to our motion is that she will look at it. the same thing was said five years ago. the survivor community would have hoped to have perhaps been allocated a medical card as part of a redress scheme. the issue of redress begins when these people are believed and acknowledged. the coalition of mother and baby home survivors, which represents the vast majority of survivors, has asked to meet the taoiseach to discuss this, but so far he has refused to meet it. why will he not meet it to hear, from the mouths of its members, what it means not to be acknowledged, properly recognised or believed, and the effect the lack of action is having on them? they do not need nice words but rather action to address the trauma that many of these people are experiencing.
           we are calling for an urgent and comprehensive response to deal with the delays in the reports of the commission and the adoption audit, a package of basic supports for the remaining survivors to be rolled out without delay, a full audit of all the adoption files in the hands of the adoption authority and the illegally adopted to be included in the commission of investigation."
2019-05-15,dail,https://data.oireachtas.ie/akn/ie/debateRecord/dail/2019-05-15/debate/main,226,Deputy Thomas P. Broughan,Deputy Thomas P. Broughan,"deputy thomas p. broughan
          i thank the leas-cheann comhairle for the opportunity to speak on this important motion. i warmly commend deputy clare daly and her staff on bringing it forward. the motion, which i have co-signed, notes the ill-treatment of women and babies in religious and state-run institutions, the forced separation of single mothers and their babies from 1922 to 1998, as well as the falsification of birth certificates and the subsequent mistreatment of survivors by the state. the motion further notes the dark stain this abuse has left on our nation and the refusal of the state to give the survivors justice to the present day, despite irrefutable and conclusive evidence being submitted by survivors and survivor groups.
           our motion calls on the government to introduce without delay a redress scheme for the survivors of the mother and baby institutions to provide some comfort for this ageing community. it also calls on the government to set up a commission of inquiry on the serious allegations which have emerged in recent times regarding the widespread and systematic falsification of birth certificates. last may, the country was shocked again when it was confirmed that the st. patrick’s guild adoption agency illegally listed adoptive parents as birth parents between 1946 and 1969 in 126 cases. the irish examiner revealed evidence of these illegal registrations in 2010, which led to the adoption authority of ireland completing an audit and the department of children and youth affairs was notified in 2011. the review being undertaken by ms marion reynolds into this illegal practice was due in october 2018 but has since been extended several times. the report was then due to the minister before easter. the second interim report was published at the end of january 2019 and completed at the end of november 2018. has the minister received the final report?
           the review covers the period from 1953 to 1996, with the weighting of samples split between 1953 to 1976 and 1977 to 1996. of the 30,000 records held by the adoption authority of ireland, it identified 4,351 as relevant to the review. just 459 of these were chosen as the sample. tusla identified 70,000 and 1,082 of these were sampled. this means that out of a possible 100,000 records, just 1,541 were being reviewed. the actual examination of these records, according to the second interim report, was to begin at the start of december 2018 and should have been completed by the end of march 2019, allowing ms reynolds to submit her final report to the minister before easter.
           this time last month, the minister published the recommendations of the collaborative forum for former residents of mother and baby homes and related institutions. those recommendations include that a health and well-being supports package be developed, that the adoption (information and tracing) bill be amended and that a memorialisation programme be put in place. of course, we cannot see the full list of recommendations until after the commission of investigation completes its work. i welcome the ideas put forward for memorials, such as providing financial support to the survivor-led groups for commemoration events each year and the development of a national memorial. we must never forget what the state, one of two sectarian types of state established on this island in 1922 unfortunately, and the church did to women and children in the institutions where they were held.
           the full commission is not due to report until february 2020. the fifth interim report was published in mid-april. it makes for grim reading and again brings to the forefront the questions that have to be asked of the religious institutions involved, the politicians who were in power at the time and the public representatives who were elected officials at the time in relevant local authorities. the findings in this report show the main issues around burials in bessborough and tuam. the report states:
          more than 900 children died in bessborough or in hospital after being transferred from bessborough. despite very extensive inquiries and searches, the commission has been able to establish the burial place of only 64 children.
          the report also indicates that on several occasions the affidavits provided by some of the congregations involved were ""in many respects, speculative, inaccurate and misleading"" and how ""the commission finds it very difficult to understand that no member of the congregation was able to say where the children who died in bessborough are buried.""
           bessborough home, which was open from 1922 to 1998, transferred its records to the hse in 2011. tusla received the files in 2013. however, the records do not contain information about burials. more than 900 babies and children died in the home or in the sacred heart maternity hospital. the commission has also confirmed that informal adoptions were arranged from bessborough through the catholic womens aid society, cwas. the latter stated that its ""records do not record where children who died in its care were buried."" the commission was able to establish that 1,343 babies and children died in the period between 1922 and 1998, 771 in bessborough, 552 at st. finbarr’s hospital cork and 20 elsewhere, but has only been able to confirm where 64 of those children are buried. up to 92% of the those children were born to public patients.
           there was much media coverage of the burial practices uncovered in tuam and people were understandably horrified and upset. i will not repeat the findings here but i encourage anyone with information to contact the commission before its final report. section 8.14 of the report outlined galway county council records and the lack of minutes from 1937. the children’s home in tuam was owned by the local authority. there is evidence that ""awareness of the possible existence of a burial ground in the grounds of the tuam children’s home dates from the 1970s"". it beggars belief that proper investigations were not undertaken at that stage. this was a time when some of these institutions were still in operation. the sisters of bon secours continued to live and work in tuam until 2001. they must have been aware of the building works that were carried out on the children’s home site in the 1970s. the commission considered that there must be people in tuam and the surrounding area who know more about the burial arrangements but who did not come forward with the information.
           the matter of the illegal registrations of adoptions as births requires examination by a full commission of inquiry. it is unacceptable that babies were allegedly taken from their mothers in such circumstances and that the truth may never have been known to the people involved. we can all agree that what went on in these mother and baby institutions, following this report and the commission, is a dark stain on our history. those who suffered should be properly given justice and peace. accordingly, i will be supporting this motion."
2019-05-15,dail,https://data.oireachtas.ie/akn/ie/debateRecord/dail/2019-05-15/debate/main,227,Minister for Children and Youth Affairs (Deputy Katherine Zappone),Minister for Children and Youth Affairs (Deputy Katherine Zappone),"minister for children and youth affairs (deputy katherine zappone)
          i move amendment no. 1:
          to delete all words after “dáil éireann” and substitute the following:
          ""acknowledges the lived experiences of irish women and children who were in former mother and baby institutions in the last century and stands in solidarity with all former residents, and their loved ones;
          recognises that the government established the commission of investigation (mother and baby homes and certain related matters) in february 2015, to provide an objective account of what happened to vulnerable women and children in these institutions during the period 1922 to 1998;
          also acknowledges that the current statutory investigation was established following a motion passed by dáil éireann on 28th january, 2015, to approve the draft government order for the establishment of the commission, including, its terms of reference;
          also recognises that the commission has a focused remit to examine areas of practice and procedure in the care, welfare, entry arrangements and exit pathways for the women and children who were residents of named institutions and a representative sample of county homes;
          endorses the important work to date by the independent statutory commission, including the submission of five interim reports which reflect the sheer depth and complexity of the work being undertaken in comprehensively investigating these matters at a level never before possible; and
          further acknowledges that many former residents and their families understand the scale of this statutory investigation, and recognises this unique opportunity to bring greater clarity and enhance national understanding of the most difficult experiences endured by vulnerable mothers and children;
          further recognises that:
          — a significant focus of the commission’s work is to investigate institutional patterns of referral and relationships with intermediaries involved in the placement of children who did not remain with their parents, with scope to examine whether the child’s parentage was concealed, either by omission or by illegal means;
          — when the commission’s cross-referencing of records is complete it should provide as comprehensive an account as is possible of the pathways of the children concerned;
          — the commission has the legal authority to address crucial questions to the fullest extent possible in seeking to provide the answers to which former residents are entitled, and the scope to make any recommendations to the government which the commission deems appropriate;
          — the interests of former residents, their families and the wider public, are best served by facilitating the commission to conclude all relevant lines of inquiry, including the social history and confidential committee modules, in accordance with the legal framework under which it was established;
          — the commission has not made findings to date regarding abuse or neglect within these institutions;
          — it is crucially important for the oireachtas to avoid pre-empting or otherwise encroaching upon the independent commission’s work;
          — the commission’s final report, which is due for completion by february 2020, is absolutely necessary to inform the state’s response to these matters; and
          — the government has committed to a comprehensive, timely and appropriate response to the full conclusions of the commission, but it is not feasible to consider matters as complex as redress in advance of the commission’s final report;
          welcomes:
          — the government’s compassion for the dignity of the deceased and the legislative work being progressed to provide a statutory basis for the forensic-standard excavation, exhumation and identification of juvenile human remains discovered at the site of the former mother and baby home at tuam, co. galway;
          — the minister for children and youth affairs’ efforts to be open and transparent regarding the discovery of illegal birth registrations, evidenced by the decision that tusla would make contact with all those affected by illegal registrations discovered in the st patrick’s guild files;
          — the sensitivity being exercised in contacting those affected, the social work and counselling assistance that is in place to help; and
          — the leadership of the minister for children and youth affairs in directing that a review of a sample of files be undertaken, overseen by an independent reviewer, to ascertain whether any similar evidence of illegal birth registrations is evident on files of other bodies involved in adoption; and
          further again recognises and affirms:
          — the resilience and agency of former residents, their families and supporters in seeking justice and truth in relation to these events and their experiences;
          — the new and innovative approaches by the minister for children and youth affairs to engagement with former residents and their families, in particular through the establishment of the collaborative forum on mother and baby homes, which has facilitated former residents to identify, discuss and prioritise the issues of concern to them and their families;
          — that former residents are equal stakeholders in this participant-centred work, which the minister for children and youth affairs believes can have a lasting and positive impact; and
          — the coordinated approach by government to conduct a comprehensive analysis of the collaborative forum’s published recommendations, together with a specific process and timeline for developing a package of health and well-being supports and a series of initial measures, including:
          — the development of a programme of memorialisation;
          — the commissioning of research on language and terminology; and
          — continued action to improve access to birth information through reforms of adoption legislation.""
          i thank the deputies for bringing forward this motion to allow these serious issues to be discussed openly and with full respect for those affected, many of whom have joined us in the gallery. we passed the 20th anniversary of apology of the then taoiseach, bertie ahern, to victims of child abuse last saturday. next monday will mark the tenth anniversary of the publication of the ryan report. these issues and those relating to mother and baby homes have indeed left a stain on our nation. we must continue to confront these uncomfortable and difficult chapters of our history. it is only by accepting and confronting the truth that we can ensure no woman and no child will have to go through such ordeals again.
           a commission of investigation into mother and baby homes was established in response to significant concerns about death rates in tuam, as well as concerns around conditions which existed at similar institutions. these matters had never been examined in this forensic way before. the scope of the investigation includes questions on the care, welfare, entry and exit pathways for the women and children who were residents of these institutions between 1922 and 1998. notably, a specific focus of the commission’s work is to investigate institutional patterns of referral and relationships with adoption societies and other intermediaries involved in the placement of children.
           the government is satisfied that this independent commission has sufficient power and scope to examine and make a determination on a broad range of relevant concerns. five interim reports have been prepared to date, all of which i have published. the commission makes no definitive findings of abuse or neglect in these reports. its final report is due by february 2020. the house approved the establishment of the commission. we should not prejudge or encroach upon its work. the government will be in a position to respond to its findings and recommendations when the final report is submitted. the government has extended the timeframe for the inquiry in response to its sheer scale and complexity.
           the most recent report provided us with significant information on burial practices. it aids the work to prepare legislation to facilitate excavations at the site in tuam. the second interim report dealt with some of the issues raised by deputies in their motion, namely, access to a specific redress scheme for former residents and external calls to broaden the terms of reference, in this instance into illegal registrations. since this work commenced there have been calls for redress for this group of survivors. some believe they were unfairly excluded from these schemes and do not see it as necessary that the present commission completes its work before these issues are dealt with.
          following detailed analysis of the commission’s suggestion, the government decided not to extend the scheme or develop an alternative. consideration of such complex matters requires greater clarity on these events and details on the precise role and influence of the state and other parties.
           previous financial redress schemes were complex to administer, costly and often difficult for applicants. the ombudsman, and previously the comptroller and auditor general, recommended the development of central guidance in respect of restorative justice or redress schemes to ensure lessons learned can be applied where necessary. this work is being advanced across relevant departments. instead, the government committed to exploring alternative means of supporting the needs of those former residents. in making this decision, the government was conscious that the commission had made no findings about how residents in these institutions had been treated.
           i have met the survivors of the institutions on many occasions and some of our conversations have been difficult. many survivors and their loved ones are deeply frustrated. they want their concerns addressed. i understand and accept their impatience. they have waited a long time. i know too that many fear they could go to the grave with unanswered questions and not knowing what happened to their loved ones. in order to address some of these concerns i established an inclusive and representative collaborative forum where former residents can directly engage on the issues of concern to them and their families. the focus is on assistance that can be offered in advance of the commission completing its work, while being careful not to pre-empt its findings. the forum’s work has produced a comprehensive and diverse list of recommendations, which i published last month. in line with our transitional justice approach to engaging with former residents, the government committed to a comprehensive analysis of all recommendations by relevant departments. a specific process and timeline for developing an appropriate package of health and well-being measures, which is currently being implemented, the development of a memorialisation programme, the commissioning of research on language and terminology, and continued action to reform adoption legislation, are being progressed.
           as the house is aware, i decided last summer that those affected by the illegal birth registrations discovered in the files of st. patrick's guild should be informed as soon as possible. the number of illegal registrations discovered has now risen from 126 to 148 and it is clear is that this is an evolving process. tusla is continuing this complex and sensitive work. all those informed by tusla of their birth status, and who wish to engage with their services, have been offered a full social work service and specialised counselling support. as a result of the discovery, i also directed that a scoping exercise be undertaken, overseen by an independent reviewer, to ascertain whether any similar evidence exists on files of other bodies involved in adoption. i am expecting this report by the end of may, and will then decide on any next steps. however, i am also mindful there will be overlap between this process and the work of the commission.
           the government’s compassion for the dignity of the deceased is evident in the legislative work being progressed for the forensic-standard excavation, exhumation and identification of the juvenile remains discovered in tuam, and commencing this project as soon as possible is a priority. former residents of these institutions deserve answers. these answers are coming. i know this population is ageing.
           justice demands that our actions are properly informed, proportionate and appropriate. when the commission makes its findings we can address the complex task of responding to these issues. in the interim i remain committed to sustained engagement to advance measures in response to the identified needs of the men and women who as adults and children spent time in these institutions, even though they had committed no wrong. i am listening and i know their daily struggles.
           the motion before us is well-intentioned. however, responding to these events and experiences is not as straightforward as the deputies suggest. if it were, we would not have required an independent statutory inquiry. at the outset, i outlined the importance in establishing the truth so we can accept it and learn from it. the best way - in fact, the only way - to establish that truth is to let the commission complete this important work. the government's countermotion recognises that this is a complex process and highlight some of the positive developments overlooked in the deputies' motion."
2019-05-15,dail,https://data.oireachtas.ie/akn/ie/debateRecord/dail/2019-05-15/debate/main,228,Deputy Fiona O'Loughlin,Deputy Fiona O'Loughlin,"deputy fiona o'loughlin
          i am glad of the opportunity to address this motion. undoubtedly, the commission of investigation into mother and baby homes is investigating one of the darkest periods in irish history. mother and baby homes represent some of the worst aspects of our collective history and our humanity. their existence was underpinned by a complex web of culpability and responsibility. since it was first established in 2015, the commission, chaired by judge yvonne murphy has worked to gain a deeper understanding of the practices and experiences in these institutions. it has required the commission to conduct an great amount of document discovery work and the conducting of interviews with survivors, workers and authorities from these institutions. although the commission was initially scheduled to make its final report by february 2018, the deadline has been extended twice. the full report is now anticipated in february 2020.
           as part of its remit the commission is free to make any recommendation that it considers appropriate. it is vital that the commission is permitted to finish its task before further action is taken. to do otherwise would undermine the commission's work and only weaken its role.
           the commission has been in the forefront of all our minds. the shocking details from this shameful chapter in our history are seared in all our memories. we all share a determination to do what is right for the survivors. it is vital that we give them confidence in the process and that they are reassured that the commission is working tirelessly on their behalf to investigate and document all the ongoing discovery work. it was regrettable that the final report could not be delivered early last year but we look forward - i use that phrase advisedly - to see its completion in february next year.
           it is important to acknowledge that this postponement is deeply distressing and disappointing for elderly survivors especially but it is in the best interest of all survivors that the commission be given sufficient time to finish its work before making any recommendations on redress. we in fianna fáil are hopeful and positive that a redress scheme will be established but we stand by the commission's priority to complete the report. we are calling on the minister to do everything necessary to expedite the completion of the commission's work.
          it is important in the context of the motion to mention the specific focus of the work to investigate institutional patterns of referral and relationships with adoption societies and other intermediaries involved in the placement of children and of illegal registration. that has been referred to in the second interim report.
           it is also important to note, as always, the courage of the survivors and the help of a brave local historian and committed journalist, ms catherine corless. it is thanks to her courage and hard work that we can bear witness to the considerable harms experienced by mothers and their children in one of the darkest periods of irish history."
2019-05-15,dail,https://data.oireachtas.ie/akn/ie/debateRecord/dail/2019-05-15/debate/main,233,Deputy Richard Boyd Barrett,Deputy Richard Boyd Barrett,"deputy richard boyd barrett
          i thank deputy clare daly and independents 4 change for bringing forward this motion.
          i commend deputy clare daly in particular on being very persistent in championing the matters addressed in this motion and those who have been affected, including survivors, relatives and others impacted by the very dark history of this country's treatment of many women and their children over many decades. over most of the history of this state, there was awful and often abusive treatment of women and children.
           as someone who was adopted, i am particularly conscious of the importance of getting these matters resolved and having truth and justice established for people affected by them. i am lucky as in my case things largely worked out well for me but i am very conscious that for many people, they did not, and in this history really terrible suffering was endured. the most extreme horror was visible in the case of the tuam babies but we also saw stigmatisation of women, with victims being blamed for their own treatment and identities, histories and heritage being stolen. the medical heritage of these people, which is so vital, was stolen and denied to them. there is a failure to fully acknowledge this and of the state to make redress for the suffering and hardship that people endured. insofar as there have been any moves towards redress, the shining of a light on all these matters and beginning to bring about the necessary changes, it is down to the fantastic campaigning of many people, some of whom i know are here today. these are organisations like the coalition of mother and baby homes survivors and many others that have continued to fight for justice, truth and redress.
           i very much support the objectives of this motion. i understand it is a complex and large-scale undertaking to get to the truth for the issues we are talking about but i do not see why the important and time-consuming work involved in the commission's efforts prevents us doing certain things in the here and now and having a position where justice, truth and redress are delayed, for many to a point where it is just too late. we must do everything we can in the here and now, notwithstanding the need for final or comprehensive solutions. the key is to listen to the people involved, hear their concerns and be directed by what they are asking. i accept that the minister has set up a collaborative forum but it is very telling that the mother and baby homes coalition asked for a meeting with the taoiseach but it was denied. there is an element in the government that just wants to do the absolute minimum because they are worried about cost and implications; these people are thinking about matters politically or financially, or both, instead of thinking about the human beings involved, the injustice they have suffered and the urgency required in getting redress, truth and justice. it is the point of the motion and i do not really see how the government can make excuses for failing to do what is being asked here. it is about having an investigation into the falsification of adoptions and having even an interim redress scheme that could be made available to survivors and those affected by all this.
           there is also the issue of testimonies and archive material being inaccessible for 75 years, which is crazy. a lovely woman who was in a mother and baby home comes into my clinic almost every week. she gave testimony and she does not understand why there is now a 75-year restriction. i do not understand it. if there are particular elements of these testimonies and archives that must redacted to preserve people's anonymity and so on, it can be done. there is every reason this information should be accessible and part of the public history. it is about opening up to the truth of what happened and shining a light on that dark history precisely to ensure it never happens again. the government should withdraw its amendment to the motion and do what is being asked, notwithstanding the fact that not everything can be done or completed now. we all understand that, and i am sure those watching in the gallery and elsewhere also understand that not everything can be done immediately. however, we must do more to move towards what is being asked by the survivors and affected victims.
           so much of this was about the state outsourcing responsibility for the care of vulnerable people - women and children - to religious institutions and not taking direct responsibility. it was politically convenient to control society while not taking responsibility for the state's own policies. amazingly, this still goes on in a number of areas in new forms. for example, there is direct provision and the continued control of the church over many aspects of health and education in this country. even today, when we question ministers about abuses, suffering, allegations, complaints or events happening right now, they say they are not responsible and it has been outsourced to somebody else. we are still creating the conditions for abuse, neglect and mistreatment of women, children and other vulnerable people in our society. this will necessitate future tribunals and investigations. all this will happen again. we still have not fully learned the lessons from the question of separating church and state or ending the outsourcing of the responsibility of care that the state should have for vulnerable people in society. that must be done immediately."
2019-05-15,dail,https://data.oireachtas.ie/akn/ie/debateRecord/dail/2019-05-15/debate/main,234,Deputy Catherine Connolly,Deputy Catherine Connolly,"deputy catherine connolly
          cuirim fáilte roimh an deis labhartha ar an rún seo. tá sé deacair orm labhairt faoi, i ndáiríre, ós rud é go bhfuil mé bainteach agus ceangailte leis an scéal seo go pearsanta agus go proifisiúnta, ach déanfaidh mé mo dhícheall.
           i welcome the opportunity to speak on this motion today. i find it difficult on many levels as both professionally and personally i have had involvement with this matter for many years. there is a recent image of a 103 year old woman, elizabeth, meeting her 81 year old daughter, eileen, in scotland. eileen was a resident in the bethany home. surely that image alone might have prodded the minister into making a different speech today. in no way do i mean to be personal and i have the greatest respect for the minister but all i can think is that she has been taken captive by her department. it is difficult to understand as the most important aspect in all this is trust. i appreciate that the minister inherited a terrible situation and she is trying to deal with a difficult matter but trust is very important.
           the speech made today was disingenuous in parts, and i use that word very reluctantly. the minister said there would be no redress at this point because we must wait until the commission completes its work. i really find it difficult to hide my frustration.
          the second interim report clearly identifies the need for the government to look at a redress scheme. it does not state that the government must wait until publication of the final report. paragraph 4.29 states, ""accordingly, the commission considers that the exclusion of the named mother and baby homes ... needs to be [examined]."" it goes on to state, ""children who were resident in these institutions without their mothers would seem to have been in the same position as children resident in the institutions which were eligible for redress."" it goes on to appeal to the government - the minister is the face of the government today - to look at a redress scheme because there was no justification for distinguishing between those who received compensation from the industrial schools and those children who were in mother and baby homes. the commission makes a distinction in respect of those who were unaccompanied. i will not go into that distinction today but i do not accept it.
           i wish the minister's speech-writer - i do not know if she wrote her speech herself - had read the various reports. i have taken the trouble to read them all so i am briefed on the matter before i speak. i cannot understand how the minister can fail to agree to at least the first section of the motion, which calls for a redress scheme for those who spent time in mother and baby homes. she referred to there being no abuses identified. going back to the original redress scheme, with which i was involved in a professional capacity, former residents had to show medical reports to the effect that they had suffered. it was not a question of liability or blame at that point, although blame certainly was apportioned separately from the ryan report. the most appalling part of this is that if i say what these people got, i would still be committing an offence and liable to a penalty or imprisonment. that would also be the case if those who received awards under the redress scheme disclosed any information. this is the background, which continued right into the 21st century. here we are today appealing to the government to do the decent and right thing and set up a redress scheme, and the minister responds with a speech of this nature that is simply unacceptable.
           i have repeatedly quoted the memos that were given to the government in 2012 on the tuam and bessborough mother and baby homes. it was quite clear that there were significant volumes of information. i will come back to the fifth interim report if i have time. i refer to an absence of information. the draft briefing paper was published in 2012. i have quoted from it before. has the minister read these briefing papers? have they been brought to the attention of the commission? they refer to a wealth of information on bessborough and tuam. they state that the records relating to tuam were ""detailed and extensive"" and would require time to comb through. they go on finally to refer to irregularities, areas of concern regarding patient safety and, with relevance to this debate, ""possible interference with birth and death certification"" requiring further investigation. these are the briefing papers that were brought to the government in 2012 by means of martin mcaleese's report on the magdalen laundries. that report clarified that the committee could not investigate but wanted to ensure that the matter would be investigated. it was not, and here we are today. that was 2012, it is now 2019 and we are still appealing for a basic redress scheme for those who spent time in mother and baby homes, where, to put it mildly, they suffered the most appalling neglect. i am very often critical of social workers but i pay tribute to the social worker referred to in these briefing notes, who did a tremendous amount of work at the time in the west of ireland to highlight the scandal on her own time and in the evenings.
           the minister is nodding, but perhaps she will nod to indicate that she will withdraw her amendment. when we look at the fifth interim report, which i have read in detail, what jumps out, and the more difficult question to answer, is why the children were buried in such an inappropriate manner. i refer specifically to tuam, where 798 children died. the report explores whether the burial sites were used as sewage tanks. this question is the only slight divergence. the burial sites would seem to have been used for a certain length of time as sewage tanks. they certainly were not burial chambers. the commission goes on to highlight the role of the county council and its failure to supply information, co-operate, comment on the draft report sent to it and so on. this is the very county council that was put in charge of the consultation process. can the minister imagine that? the interim report highlights the county council's inadequacies, to put it mildly, and this is the very body that the government put in charge of a consultation process. i recall being in tuam at the same time as the minister, and fair play to her for attending. the tánaiste, deputy coveney, who was minister for housing, planning, community and local government at the time, was also present. the minister referred to bringing closure. she fundamentally missed the point. it is about bringing openness, not closure, and stopping the buried secrets. we have not just buried bodies in sewage chambers, but also buried secrets, and unless we realise this and go forward, we will not learn.
           many things jump off the pages of the fifth interim report. in a sense they are not relevant to today's debate, but i could not let one or two of them go without mention. there is the sale of infant bodies, at a cost of ten shillings each, to the medical faculty in galway central hospital, as it was then called. some bodies may have come from the mother and baby home. this jumps off page 55. the affidavits also jump off the pages of the report. the affidavit in this case happens to relate to the congregation of the sacred hearts of jesus and mary. its affidavit was ""speculative, inaccurate and misleading"".
           i sat here and listened to the minister's contribution and then to that on behalf of fianna fáil. i have the greatest respect for deputy o'loughlin, but when she talks about waiting until the commission does its work, i do not think fianna fáil deputies have read the report or realise that the commission clearly called on the government to consider establishing a redress scheme. furthermore, these dark secrets are not in the past but very much in the present. as long as the minister is a member of the government, she is a part of the secrets continuing to be covered up and the language being used about truth, love and honesty while all the time there is no uncovering of the terrible deeds that were done.
           on the previous occasion i quoted oliver st. john gogarty and it is worth doing so again. some 91 years ago he stated, ""it is high time that the people of this country find some other way of loving god than by hating women."" things have dramatically changed for the better for women, but that underlying ideology, whereby bad was attributed particularly to single mothers, remains. that is how society dealt with this. we have an obligation to take that burden off women's shoulders. they did not deserve that guilt or that burden, and it is our duty to apologise. the government must apologise and then put in place a practical scheme to provide the most basic redress. the difficulties with a redress scheme are operational. the cost of the scheme is reflective of the involvement of the legal profession and many other aspects, primarily the failure to get the various congregations to pay what they should have paid. these are not arguments to prevent a redress scheme being set up now. we are talking about a limited number of people.
           i will finish with the image i started with, namely, a woman who is over 80 years of age travelling to meet her 104 year old mother for the first time after six decades searching. i ask members to keep that image in mind and then ask themselves, can we stand here and not do our duty?"
2019-05-15,dail,https://data.oireachtas.ie/akn/ie/debateRecord/dail/2019-05-15/debate/main,235,Minister of State at the Department of Finance (Deputy Michael D'Arcy),Minister of State at the Department of Finance (Deputy Michael D'Arcy),"minister of state at the department of finance (deputy michael d'arcy)
          i thank the ceann comhairle for the opportunity to speak about these important matters. i believe that the amendment tabled by the minister highlights in no uncertain terms the seriousness with which the government treats this matter and the actions it has taken to date.
           the commission of investigation into mother and baby homes and certain related matters was established in 2015 as part of a process of reckoning with this nation's dark past of institutionalisation. it was established to examine in great detail how this country treated unmarried mothers and their children and to report back to us the unvarnished truth.
          i understand that many people are frustrated by the amount of time the commission has taken to carry out this investigation. i also understand that many of the people most affected by these issues are in advancing years and long to see the conclusion of the investigation. we recognise that the time the commission is taking to conduct its inquiries is in line with the mammoth task it has been set. the commission's terms of reference are extensive. it is directly examining 18 institutions that collectively housed thousands of women and children over a period of 76 years. the terms of reference are robust and it is this robustness, along with its significant legal powers, that make the commission the proper vehicle for examining these important matters. as stated in the minister's amendment, the interests of the former residents, their families and the wider public are best served by facilitating the commission to conclude all relevant lines of inquiry, including the social history and confidential committee modules, in accordance with the legal framework under which it was established.
           there have been numerous calls for the government to implement a system of financial redress for former residents. the government is dedicated to supporting former residents but it must await the findings of the commission before it can respond. to establish redress without full knowledge of the facts would be reckless, especially with the commission's final report so near. there were calls for redress following the publication of the commission’s second interim report in 2017, specifically in respect of former residents of bethany home and their ability to apply to the residential institutions redress board. there were a number of calls for the redress scheme to be extended to include additional institutions, including the bethany home, when the ryan report was published in 2009. the bethany home is one of the 14 named mother and baby homes currently being examined by the commission of investigation into mother and baby homes and certain related matters. mother and baby homes, and related institutions, have never before been the focus of a statutory investigation. the decision regarding extending the scheme has been reviewed on a number of occasions by this government and that which preceded it. there has been no change in the decision made not to extend the scheme.
           deputies may wish to note that the minister is scheduled to meet former residents of the bethany home at the end of this month. as the amendment states, the commission has not made findings to date regarding abuse or neglect within these institutions and it is crucially important for the oireachtas to avoid pre-empting or otherwise encroaching upon the work of the independent commission. that is not to state, however, that the government is sitting idly by while awaiting this report. in the interim, the government is progressing a number of initiatives informed by the principles of transitional justice for former residents of these institutions.
           in 2018, the minister established the collaborative forum of former residents of mother and baby homes. the forum is an innovative approach by the minister to engagement with former residents and their families to facilitate them in identifying, discussing and prioritising the issues of concern. the forum was tasked with producing a report recommending actions and solutions to address the specific concerns expressed by the former residents and their families. a report was produced and its recommendations were published in april of this year, after much hard work by the forum.
           in response to these recommendations, the government has made a number of significant commitments. these include the development of proposals for a package of health and well-being supports, research into language and terminology, amendments to the adoption (information and tracing) bill 2016 and funding for memorialisation. on 23 october 2018, the government decided that a phased forensic standard excavation and exhumation should be carried out at the site of the former mother and baby home in tuam. the government’s decision was informed by detailed technical advice on international best practice and by compassion and respect for the rights and dignity of the children interred at the site. work is under way on the scoping of the required legislation and no effort will be spared in ensuring that the children buried at the site in tuam will be given the respectful burial they deserve. in parallel to the legislative project, consideration is also being given to the procurement and management of the excavation process and related forensic-level analysis.
           regarding the discovery of false registrations in the files of st. patrick's guild, the minister has acted thoroughly and decisively. as a result of that discovery, the minister directed that an initial scoping exercise be undertaken and be overseen by an independent reviewer. it is expected that the subsequent report will be submitted by the end of this month. crucially, any decision taken must not impede the ongoing work of the commission. as the amendment states, a significant focus of the commission’s work is to investigate institutional patterns of referral and relationships with intermediaries involved in the placement of children who did not remain with their parents. scope has been included to examine whether the child’s parentage was concealed, either by omission or by illegal means. the amendment reaffirms the extensive action taken by the government to date to address these complex, challenging and important issues.
           i understand the frustration felt at the time being taken but these important issues deserve robust responses. the current commission of investigation is the proper vehicle for doing this and must be supported as it undertakes these vital works. the government has committed to a comprehensive, timely and appropriate response to the full conclusions of the commission. to respond to deputy connolly's earlier question, the records in question were handed over to tusla, which made all relevant files available to the commission."
2019-05-15,dail,https://data.oireachtas.ie/akn/ie/debateRecord/dail/2019-05-15/debate/main,236,Deputy Joan Collins,Deputy Joan Collins,"deputy joan collins
          i thank deputy clare daly for bringing about a debate on this issue. i welcome the survivors who are here to listen to the debate. this motion is being supported by the coalition of the mother and baby homes survivors. we did not put forward this motion because it had dropped out of a clear blue sky. it is clear that the records held by tusla in respect of bessborough mother and baby home contain information concerning seriously questionable adoption practices. as the minister of state is aware, the hse said as much as long ago as 2009. as the sisters of the sacred hearts of jesus and mary, the order that owned bessborough, prepared to cease operating the institution as an adoption agency throughout 2009 and 2010 and transfer more than 15,000 files to the hse, the latter was determined to secure indemnity against legal action in respect of any records it received. an updated memo of a meeting the hse held with the management group from the religious order noted its desire to manage liability for past bessborough responsibility and ongoing legal activities as an adoption agency, when and if that might arise. in a letter, dated 8 february 2010, to the solicitors representing the religious order, the childcare manager for the hse south region stated that the executive needed that assurance because it had reason to believe that the past practices of the agency had, as the manager stated, ""not always been exemplary"". the following year, a hse social worker revealed that files from bessborough contained information on the quasi-illegal deportation to and adoption of children in the united states, britain and australia. in a business plan prepared in 2011 by a principal social worker in the hse south lee region during preparations for the hse's takeover of the records, it was pointed out that the natural mothers and adopted children had been “badly treated, rebuffed, misled, and in many cases dishonestly misdirected” when seeking information.
           as deputy clare daly mentioned earlier, ms jackie foley is one of those women badly treated by the nuns and the state right up to the present day. she is still being treated very badly. her treatment by various state agencies as an adult has been no better. let us take tusla as an example. it now holds the records which reveal what happened to ms foley as a teenager. staff handling ms foley's case were instructed in an email last year to not refer to situations like hers as “illegal” but instead as “possible illegal registrations”. reference was also made to having to “hold our powder” because “that stuff is foi’able ... and it could be used against us if someone takes a case”. staff were also told that the adoption authority of ireland was the only body that could make a determination as to the legality of an adoption. ms foley's son is now 44.
          if he had access to his original birth certificate, he would spend years searching for his mother under the wrong name. he would be looking for micheline power, a woman who does not exist. it is horrendous to be in that situation.
           another woman, ann crowe, aged 58, had her first baby, roger declan, at bessborough mother and baby home in cork in february 1979. her experience at the home run by the sacred heart sisters was horrendous. she said, ""we were dirt to the nuns"". ms crowe says she delivered her baby on 23 february and had him for 48 hours. she says he was a fine, healthy baby and that after she had fed him, one of the nuns told her to go to the laundry on a message. ms crowe says she was gone for a few hours and that when she came back, the child was gone. ms crowe says she was screaming and roaring and in a panic and that a nun slapped her right across the face. ms crowe calmed down and said, ""where is he then? let me see him"". the nun said he was already buried ""out there somewhere in the fields"". ms crowe says she has never been shown a grave and has a birth but not a death certificate. she says:
          he was stolen from me. he was a healthy baby. he couldn't have died.
          as has been pointed out, this is from just one adoption agency whereas it is possible over 182 adoption agencies could also have dealt with these cases. i appeal to the minister to take on board what my colleague, deputy connolly, has said about the second interim report. the recommendation at paragraph 4.29 of the interim report says the minister does not have to wait for the completion of the full report to provide redress. we should be implementing that as needed, in particular for the elderly who are waiting for this report, and also include the falsification of birth certificates. it is absolutely crucial that we do this. we cannot ignore these women. they need respect, acknowledgement and to be listened to. it is not us who are asking for this, it is them."
2019-05-08,dail,https://data.oireachtas.ie/akn/ie/debateRecord/dail/2019-05-08/debate/main,265,Acting Chairman (Deputy Catherine Connolly),Acting Chairman (Deputy Catherine Connolly),"acting chairman (deputy catherine connolly)
          i wish to advise the house of the following matters in respect of which notice has been given under standing order 29a and the name of the member in each case: (1) deputy joan burton - to discuss the recent increase in feuding and violent gang activity in the dublin 15 area; (2) deputy pat buckley - to discuss the mother and baby homes report published recently; (3) deputies mary butler, bobby aylward and david cullinane -to address issues relating to the mortuary at university hospital waterford; (4) deputy sean sherlock - to address the need for completion of all etb school projects in cork; (5) deputy sean fleming - to discuss the implications of the general data protection regulation, gdpr, regarding the taking of pictures and videos at family-centred events; (6) deputy john brassil -to discuss the potential funding crisis in university hospital kerry and the services that will be affected by same; (7) deputies éamon ó cuív and catherine connolly - chun a chinntiú go n-íocfar an deontas le haghaidh múineadh trí ghaeilge; (8) deputy denis naughten - to address the continuation of pre-hospital care by volunteers in the civil defence from 1 august 2019; (9) deputies eamon scanlon and martin kenny - to discuss the provision of home care packages in counties sligo and leitrim; (10) deputies fergus o'dowd and declan breathnach - to address the recent drug-related violence in drogheda and the allocation of additional garda resources in the town; (11) deputy john lahart - to address the need for transport police further to the recent reports of anti-social behaviour on public transport in dublin; (12) deputy mattie mcgrath - to discuss the delivery of the national broadband plan; (13) deputy joan collins - to address evictions in inchicore, dublin 8; (14) deputy pat the cope gallagher - to discuss protocols currently in place between the department of housing, planning and local government and the fire services in the local authorities, with particular reference to recent wildfires in county donegal; and (15) deputy seán crowe - to discuss the increased attacks on taxi drivers the matters raised by deputies burton, buckley, ó cuív and connolly have been selected for discussion."
2019-05-08,dail,https://data.oireachtas.ie/akn/ie/debateRecord/dail/2019-05-08/debate/main,272,Deputy Pat Buckley,Deputy Pat Buckley,"deputy pat buckley
            i thank the minister for taking this matter tonight. i am grateful for the opportunity to speak on the interim report on the mother and baby homes. it is ironic that this week is the 20th anniversary of the state's apology to the survivors of ireland's industrial and reformatory schools. i want to discuss the major findings of the report, some aspects of which are worrying. i want to get them on the record and i want people outside this chamber to understand what is going on. the major findings of the report centre around bessborough and tuam, both of which raise major issues regarding the failure to record burials properly. the estimates for the number of children believed to have died at these homes have also increased significantly. sean ross abbey has more than 1,000 children and 29 mothers, tuam has 973 children, and bessborough has in excess of 900 children and 14 mothers. a total of 1,343 deaths occurred in respect of the institutions in the cork county home and saint finbarr's hospital. bethany has 220 children and one mother, castlepollard has 220 children and eight mothers, and pelletstown and the dublin union are unclear because the commission is still investigating."
2019-05-08,dail,https://data.oireachtas.ie/akn/ie/debateRecord/dail/2019-05-08/debate/main,275,Minister for Children and Youth Affairs (Deputy Katherine Zappone),Minister for Children and Youth Affairs (Deputy Katherine Zappone),"minister for children and youth affairs (deputy katherine zappone)
            i thank the deputy for raising the matter of the fifth interim report of the commission of investigation into mother and baby homes and certain related matters, which i published on 17 april 2019. this comprehensive report focuses on the burial arrangements in the institutions being examined by the statutory commission of investigation. the report also provides detailed information on the transfer of remains for the purpose of anatomical examination. it is clear that the commission has examined and cross-referenced a huge amount of material in a way never before possible. the report reflects the sheer depth and complexity of the work the commission is undertaking in the public interest.
             the report includes a number of important findings relating to the burials at tuam and examines the practices in a number of other institutions, including st. patrick's, bessborough, bethany home, castlepollard and sean ross abbey. the commission states that many of the children who died in the tuam home are buried in the underground chambers on this site. the commission has determined that the burial chambers were not in a recognised burial ground or purpose-built, and they did not provide for the dignified interment of human remains. in addition, the commission concludes that there is little basis for the theory that children were sold to american couples rather than having died. the report also has wider implications for forthcoming legislation. officials in my department are working on legislation to enable the proposed forensic standard excavation, exhumation and identification of remains at the site in tuam.
             with regard to bessborough, the commission reports that more than 900 children who were born or admitted to bessborough died in infancy or early childhood. there are a number of locations within the grounds where burial could have taken place. cartographic and landscape assessment was arranged by the commission. to date they have found no physical or documentary evidence which indicates burials. the commission is of the opinion that burials may have taken place in carr's hill cemetery in cork city. despite extensive searches, however, the register of burials has not been located to date. while at this point it cannot say for certain, the commission considers that it is highly likely that burials did take place in the grounds of bessborough. it concluded, however, that it was not feasible for it to engage in an excavation of a 60-acre site. the commission confirmed that children who died in dublin union premises, including the former st. patrick's on the navan road, were buried in glasnevin cemetery where detailed records of these deaths and burials are maintained. in addition, the commission states that it has no reason to doubt that the majority of the children who died in castlepollard are buried in the burial ground on this site. mount jerome cemetery was the main burial site for the children who died in the bethany home. the commission reports that deaths of children were properly recorded in the bethany baby book register maintained by the home's authorities. the commission has undertaken a geophysical study and test excavations of the burial site at sean ross abbey and its report notes that the results of this work are being examined by the commission.
             this report will take some time to absorb fully but it undoubtedly advances our understanding of the burial practices at these institutions. while the commission makes no specific recommendations, it calls on anyone who may have information relating to burials to come forward and speak to it. i strongly endorse this call by the commission and encourage anyone with relevant information to contact the commission immediately. this report is not necessarily the commission's final say on burials at these institutions. any further information will be included in the commission's final report, which is due to be submitted by february 2020. the publication of the fifth interim report is a significant milestone in the work of this commission. we can be reassured that the commission has not shied away from the difficult questions. its work will shine a light on this dark period in our history."
2019-05-08,dail,https://data.oireachtas.ie/akn/ie/debateRecord/dail/2019-05-08/debate/main,276,Deputy Pat Buckley,Deputy Pat Buckley,"deputy pat buckley
            i thank the minister for her reply. she mentioned that the government is fully committed to this. the retention of records bill - the minister who introduced it, deputy mchugh, has just left the chamber - proposes to withhold from public inspection every document gathered or made by the commission to inquire into child abuse, the residential institutions redress board and the residential institutions redress review committee for no less than 75 years. that is very worrying. i do not want to see it happen. we need to get to the end of this. this is where the state is responsible.
            as i said in my opening contribution, 20 years ago the then taoiseach made a state apology.
             i want to point out a few more things that are of concern to me. almost no prosecutions appear to have arisen from the investigations of the ryan commission to inquire into child abuse. the ongoing mother and baby homes commission of investigation is refusing to provide survivors or family members of the deceased with any of the personal information that it holds concerning them. meanwhile, as reported by conall ó fátharta of the irish examiner recently, the commission is refusing to inform families of the whereabouts of their relatives’ graves because underpinning legislation makes it an offence for anyone, including a member of the commission, to disclose or publish any evidence. regarding the magdalen laundries, the department of the taoiseach has repeatedly refused to release any of the contents of the mcaleese committee archive, claiming that it is holding the archive for safe keeping and not for the purposes of freedom of information.
             another concern in respect of the survivors or victims is that there is no statutory right for adopted people, whether lawfully or unlawfully separated from their family, or people who were placed in informal or illegal care arrangements as children, to access their early life files. this means some of these people cannot even get a passport. the suffering is ongoing. i want a commitment that they will never shut these secrets away. we need to set up a national repository and people should be entitled to obtain their own information."
2019-05-08,dail,https://data.oireachtas.ie/akn/ie/debateRecord/dail/2019-05-08/debate/main,277,Deputy Katherine Zappone,Deputy Katherine Zappone,"deputy katherine zappone
            my personal sentiments are with the deputy. it was awful to listen to the deputy outline the story of the woman who was in one of the homes. most of the deputy's commentary relates to information that has been provided, but they cannot get access to it. my personal sentiments reside with the deputy.
             the retention of records bill provides for a 75-year period because of the legal advice from the attorney general. that is required because of the commitments or agreements on information given. i still had difficulty with it, myself. i suggested that there should be a review of that period of time, and that is included in the bill at a certain point. at a personal level i do not accept that - i am with the deputy - although the advice is otherwise.
             the deputy said that the mother and baby homes commission of investigation, which also receives the testimony, is not providing access. i am aware of that. he referred to relatives not getting information. i also read that report by the journalist. in one case where a child was buried and they assumed from the report that it might have been a child related to them, again they could not get information. both of those are examples of the interpretation of the commission itself, supported by the attorney general, that the commissions of investigation act inhibits that kind of provision of information. that is why it is happening."
2019-04-18,seanad,https://data.oireachtas.ie/akn/ie/debateRecord/seanad/2019-04-18/debate/main,44,Senator Ivana Bacik,Senator Ivana Bacik,"senator ivana bacik
          i am hoping it will add up to seven minutes. i welcome the taoiseach to the house on behalf of my colleagues in the technical group and my labour party colleagues. as he said, this is an auspicious date marking 70 years since we became a republic. i am delighted that i will be sharing a platform with the taoiseach later at the royal irish academy. we might consider, as he has hinted previously, that we would make 18 april annually a republic day. that would be fitting to mark that date.
           in my brief four minutes i will raise four points that i believe are integral to the strengthening of our status as a republic. first, the day after more horrific revelations about the treatment of women, children and babies in mother and baby homes, we have unfinished business to do in terms of separation of church and state, particularly in the fields of education and healthcare. i ask the taoiseach to do more on that.
           second, on women's rights, we need to do more to increase the numbers of women in politics and to increase the representation of women in the cabinet. that is something many of us were disappointed by on previous occasions. the next time the taoiseach is reshuffling, he might think of that, especially the day after we had such a powerful address from the speaker of the us house of representatives, nancy pelosi, here in the oireachtas.
           in terms of gender equality, this year we need to delete the sexist language relating to women and mothers in article 41 of the constitution. one year after the historic repeal of the eighth amendment by a two thirds majority, we need to move forward urgently with legislation on exclusion zones to ensure women have safe access to the abortion and reproductive health services.
           third, on brexit, all of us in this house, as in the other house, have co-operated with the government's approach to brexit with the swift passage of the omnibus brexit bill, but i ask the taoiseach to consider the proposal made by my party leader, deputy howlin, yesterday when he suggested that ireland should press for a five-year ""flextension"" - a terrible word - or extension for britain.
          that would give the houses of parliament time to secure a resolution of the issue and to reach a deal. this would ensure time also for a second people's vote where we all would hope to see a reversal of the 2016 decision and also some reform of the eu, so that we can genuinely move forward to a more progressive social europe.
           as to our status as a republic this government needs to do more on climate change. here we really see that the future of our republic is at stake. i was very proud to attend the school children's protest last month inspired by greta thunberg, with my 11 year old daughter and her friends, where it was so clear that for future generations in this republic, this and future governments need to do more to ensure that we tackle climate change in a real and practical way."
2019-04-18,dail,https://data.oireachtas.ie/akn/ie/debateRecord/dail/2019-04-18/debate/main,46,Deputy Gino Kenny,Deputy Gino Kenny,"deputy gino kenny
          behind the statistics there are people and behind the people are children. the report of the ombudsman for children, published today, gives a glimpse of what life is like for children in hubs. a hub is an unnatural environment for children. their environment should be a home setting, where they can close the door after them and go to school. when the abnormal becomes normal we have a serious problem. this constitutes the institutionalisation of children in the 21st century. in the past there were mother and baby homes, now there are hubs, bed and breakfast accommodation, and hotels where children live. the report states that 800 children live in hubs in dublin alone and 900 nationally. that does not include over 3,000 children living in emergency accommodation, bed and breakfast accommodation, hotels, and hostels around the state, which is absolutely shameful. we have debated this so much that i feel i am hitting my head against a wall because the government does not seem to be acting.
           at the moment, there are 1,800 children in direct provision, a very unnatural environment for them and their families. that has to be a shameful stain on our society. other deputies have mentioned young people coming out of care and trying to find accommodation, which is probably next to impossible. there is a dearth of accommodation, particularly one bedroom apartments around the state.
          if a person is coming out of care, there a danger that he or she will become homeless or, even worse, enter the criminal justice system because there is no place for him or her to sleep at night and to call his or her own. it is a pretty awful position for that cohort of society.
           i want to get to the crux of this matter. as i and other deputies have asked, why is the state in a position where 10,000 people are in emergency accommodation and why have ""social"" and ""housing"" become dirty words? it was the policy of fianna fáil, the labour party and fine gael over the past 15 years. they have dirtied the words ""public housing""."
2019-04-18,dail,https://data.oireachtas.ie/akn/ie/debateRecord/dail/2019-04-18/debate/main,285,An Leas-Cheann Comhairle,An Leas-Cheann Comhairle,"an leas-cheann comhairle
          i wish to advise the house of the following matters in respect of which notice has been given under standing order 29a and the name of the member in each case: (1) deputies clare daly, louise o'reilly and jim o'callaghan - to discuss the need for asd units and educational resources for children with special needs in north dublin; (2) deputy john curran - to discuss the reduction in garda resources in rathcoole, county dublin; (3) deputy maurice quinlivan - to discuss an independent clinical review of university hospital limerick; (4) deputy willie penrose - to discuss plans for a regional alternative to the pillar banks in the form of a public bank model; (5) deputy dara calleary - to discuss the impact of hse budget cuts in the cho 2 region, mayo galway and roscommon; (6) deputy pat buckley - to discuss the mother and baby homes report published yesterday; (7) deputy robert troy - to discuss regulating wholesale purchase of apartment blocks which is pushing owner occupiers out of the market; and (8) deputy joan burton - to ask the minister for justice and equality if he is aware of the recent increase in feuding and violent gang activity in the dublin 15 area, and his plans to address the same.
           the matters raised by deputies clare daly, louise o'reilly and jim o'callaghan; dara calleary; willie penrose; and robert troy have been selected for discussion."
2019-04-17,seanad,https://data.oireachtas.ie/akn/ie/debateRecord/seanad/2019-04-17/debate/main,57,Senator Máire Devine,Senator Máire Devine,"senator máire devine
          the report on the mother and baby homes published today is the fifth interim report and we have watched each one, as have the relatives of the women in the mother and baby homes. they have stuck with this over the years and many of them are now elderly and frail. some have sadly passed on without learning what happened to their children, their brothers, sisters and even their mothers. the uncovering of the shame that is and was ireland continues. every layer that we lift on the past brings more horrors for us to bear. we expect it now, i think, because we have got so used to it.
           the bodies of almost 1,000 children aged between 10 minutes and 15 years were given, from the dublin institutions alone, to medical schools. questions arise about where their remains are buried, whether a burial ever took place and whether it was a proper burial. these children had one thing in common, they were poor people, often termed illegitimate and called anatomical subjects. they were given to medical schools throughout the country and it was common practice at the time in other countries. there are 900 burials that cannot be figured out in bessborough. they do not know where these children and infants have gone, they are somewhere in the grounds and trying to establish where is a mighty task. could the minister for children and youth affairs come in to update us on this distressing report and to confirm for the families the due date of the final report which she has said will be next february?"
2019-04-17,seanad,https://data.oireachtas.ie/akn/ie/debateRecord/seanad/2019-04-17/debate/main,68,Senator Ivana Bacik,Senator Ivana Bacik,"senator ivana bacik
          thank you. my proposal is straightforward. since, as we all know, the minister for transport, tourism and sport is driving the judicial appointments commission bill, i propose an amendment to the order of business that he come into the house between 3 p.m. and 5 p.m. to resume statements on transport to enable us all to make a contribution and him to respond to the members who spoke on the previous occasion.
           on a separate note, i ask the leader to provide time after easter for a debate on the report on mother and baby homes and the terrible revelations we have heard today. as the have revelations emerged on a day when we are celebrating the achievements of women in politics, with speaker nancy pelosi in the dáil chamber, it is time for us to reflect on how shamefully and appallingly we treated women and children in the past through the awful structures of the mother and baby homes. we are only beginning to see the true extent of the horrors inflicted on women and babies in the homes."
2019-04-17,dail,https://data.oireachtas.ie/akn/ie/debateRecord/dail/2019-04-17/debate/main,151,Deputy Mary Lou McDonald,Deputy Mary Lou McDonald,"deputy mary lou mcdonald
          deputy calleary sounded decidedly clingy in his contribution. the taoiseach may wish to reassure him after this sitting that all is well with fine gael and its partners in fianna fáil.
           the minister for children and youth affairs is preparing legislation to provide lawfully for the phased forensic excavation of the tuam mother and baby home. the commission's report into the burial arrangements of mother and baby homes makes completing this legislation all the more urgent. the report finds that the burial chambers in tuam were not a recognised burial ground and did not provide for the dignified internment of human remains, and the house should note the importance of this statement. i am sure all our thoughts today are with the families whose loved ones remain interred in tuam. requests for voluntary dna samples must be advanced and time must be set aside for the minister to come before the house to discuss this report and set out a timeframe for the excavation in tuam. will the minister therefore come before the house to make a statement and take questions on this matter immediately after the recess?"
2019-04-17,dail,https://data.oireachtas.ie/akn/ie/debateRecord/dail/2019-04-17/debate/main,164,Deputy Catherine Connolly,Deputy Catherine Connolly,"deputy catherine connolly
          following on from deputy mcdonald's comments on the mother and baby homes report, i also request a full debate and not just questions and answers. the taoiseach has spoken about this as if it in the past. it is not in the past. i spent two hours reading the report and i will go back and read it in detail. the report states: ""the commission is surprised by the lack of knowledge about the burials on the part of galway county council and the sisters of bon secours."" that was published just today. the affidavit sworn in respect of castlepollard, sean ross and bessborough by the congregation ""was, in many respects, speculative, inaccurate and misleading.""
           i could give many quotations but i will not in the interest of brevity. i will just state again this is not in the past. it is the present where the commission has to use discovery orders and is surprised at the lack of knowledge and the failure to hand over documents. i ask the taoiseach to please stop talking about this matter as if it is in the past. let us get this issue into the dáil and have an open and frank debate. that debate should not just be on the bodies hidden in sewage in chambers under the ground but on knowledge that has been hidden as well."
2019-04-02,dail,https://data.oireachtas.ie/akn/ie/debateRecord/dail/2019-04-02/debate/main,225,Deputy Clare Daly,Deputy Clare Daly,"deputy clare daly
          the preservation of the records of the three inquiries would be welcomed by everybody. it is probably overdue in many ways. the fact that positive act, and the legislation being proposed to do that, would also contain within it one of the more regressive, unhelpful and draconian elements of legislation is appalling. it strikes a chilling tone. this is being enforced in respect of citizens who have already been violated by this state. i find that utterly shocking. i realise this legislation is being pushed because of the lack of other legislation before the house due to uncertainty with brexit. it is completely unhelpful that this is being rushed because of that vacuum.
           the first thing to state is that the sealing of records or archives for 75 years is unprecedented, unnecessary and extreme. i will oppose this tooth and nail. i am shocked by it. the minister needs to clarify what records we are talking about and why. we have heard allusion to sensitivity regarding survivors etc. many administrative records are also included, however. they are not testimony but they will help us understand how the commission operated. if those records are buried, that will fulfil the worst expectations people have regarding a cover-up.
           the national archive act 1986 provides for officers of government departments, with the consent of the department of the taoiseach, to certify that the release of departmental records which are more than 30 years old in some circumstances:
          (a) would be contrary to the public interest, or
          (b) would or might constitute a breach of statutory duty, or a breach of good faith on the ground that they contain information supplied in confidence, or
          (c) would or might cause distress or danger to living persons...
          that clause already exists and it is adequate to protect any information or any person in need of protecting. the excuse, therefore, of why we need this gagging order inserted does not hold water. the sensitivity and interests of the people who might be damaged regarding information they gave in confidence is already protected under the legislation to which i referred. why, therefore, are we doing this? what is being gagged? we do not know the wishes of the people who gave the testimonies. we know some are deeply distraught at even the mention of this legislation. can the minister state what percentage of the people who gave evidence before the commissions wanted the records sealed for 75 years? were the survivors consulted about this proposal? were alternatives considered and given? how many people were asked or given options about how to preserve their records? do they have a copy of their own testimonies?
           we know people who gave testimony to the mother and baby homes commission have not been given a copy of their own testimony. i do not think that is adequate or fair. the former head of the national archives, catriona crowe, has already been quoted here. that is appropriate and not an accident. i am going to quote her again because she is the foremost authority on archives in this state. archives are the public's information and part of our history. ms crowe recently stated there was no clear reason why people should be denied access to copies of their own information. such access would be entirely in keeping with modern data requests.
           ms crowe gave the example of the military pensions act 1924, and related acts, that required applicants to submit detailed information on military actions in which they were involved from 1916 to 1923. a copy was given to the applicant in every single one of those cases. why are the survivors of abuse not given the same respect? the survivors themselves have asked that question. the files created under the military pensions act dealt with serious conflicts, including the 1916 rising, the war of independence and the civil war. those conflicts involved many sensitive issues but they were not subject to a gagging clause. there was no problem with them at all.
          even after the controversy around the boston tapes, nobody mentioned imposing a 75-year rule. in those examples nobody saw fit to have a 75-year rule, yet there is to be a different set of criteria for the victims of industrial abuse. this is the story of those people's lives. they have been treated differently and disrespected all of their lives and the same will apply to their records after their deaths. it is the final insult for so many people. 
           catriona crowe raises very important questions about the legality, or lack of legality, of the proposals because the legislation will, in effect, disable parts of the national archives act 1986 and place records beyond the freedom of information act 2014. this is a step which will weaken citizens' rights to access vital information about themselves and which, in the era of the gdpr, is potentially illegal. as other deputies have said, this clause will obviously have an incredibly negative effect on public discourse and will reinforce a culture of silence and shame with regard to issues of child and sexual abuse. it cuts across educational and cultural awareness of these issues. in that sense, it is incredibly regressive and unbelievably disproportionate. i cannot see any logic in it whatever. 
           it is ironic that this bill is being dealt with shortly after the un special rapporteur on child and sexual abuse made statements in which she singled out the damage that can be caused by the culture of silence. we are perpetuating this culture in this bill because one of our last dirty little secrets will be locked up for 75 years.
           let us consider the reasons we keep archives and why they are so important. in the first instance, we keep archives to ensure that our knowledge of the past and of human social life in all its varieties - good and bad - remains available for the future. it is very important that records are preserved and we welcome that part of the bill. however, withholding them for 75 years instead of the standard period is not justified given that, as other deputies noted, records can be anonymised and sensitive material redacted. furthermore, the legislation also provides a safety valve, as i mentioned. 
           the 30-year rule is now considered too stringent. the united kingdom has passed legislation to transition to a 20-year rule by 2022. it is absolutely inevitable, with or without brexit, that ireland will follow suit with regard to that clause. we have to do so in the interests of academia and scholarly access to information. ireland will follow and have a 20-year rule because researchers and students need to have archival access at the same time. otherwise, there will be an imbalance and a bias in historical research that will not be helpful for humanity across europe. it is inevitable that the 30-year period will change. despite the move towards a 20-year rule, we are adopting a 75-year rule for this special situation. we should not engage in limiting our understanding of history or our research options. we should be trying to manage our archival resources in a thoughtful manner on a par with our european neighbours, rather than resorting to excessive gagging legislation which will hinder future research.
           to hold back particular records for a much longer period than is the norm sets a very worrying precedent and arouses justifiable suspicion. many of the survivor groups already feel there has been an incredibly inappropriate delay in dealing with the conditions their members experienced and addressing the criminal activity that took place in the institutions. those conditions and that activity were ignored and covered up and these people had no recourse to the justice system for most of their lives.
           in the uk, an escape clause is used to block the release of archives after 30 years. where do these exceptions normally apply? in britain, they are applied to files relating to matters such as the westland affair, the gibraltar killings and the falklands war. in other words, they are applied to files relating to incredibly controversial events. most of us believe that these files are being gagged beyond 30 years because the british state has something to hide in respect of these matters. that is the reason. does the same reason apply in this case? is that why we are doing this? it looks very much like that is the case because there is no other logical explanation for this approach. survivors see it as a cover-up. the only precedent relates to extremely controversial international events in respect of which the state has something to hide. there is no other precedent. unless the minister can give me a good reason not to do so, i will strenuously oppose the bill. this is not just important for the victims but also for history and future generations.
           the cambridge historian, richard j. evans, who is coincidentally speaking in trinity college this evening, was a key expert witness against the racist anti-semite and falsifier of history, david irving, in an historic trial in april 2000. irving falsified the history of the second world war in many of his books in order to deny the holocaust. evans testified against him as an expert and his expert witness testimony systemically traced the false footnotes and misleading references cited by irving to their archival sources. through that process, he was able to discredit irving's false history of the second world war. it was an incredibly important case and a lesson for all of us. if those resources and archives had been gagged or buried, it would have allowed charlatans or racists like david irving to present their warped view of history unchallenged. historical scholarship has to have the ability to reach reasoned conclusions on the basis of careful examination of written evidence. that is all we are asking for. we cannot engage in obstruction of the historical record, which is what this looks like. we need to have the capacity to know what happened to all of these people when they are no longer around to tell us themselves. that is absolutely vital. to impose any special clause on that is to do them, their families and their testimonies an enormous disservice. i am very unhappy about this.
           there is a certain irony in discussing this legislation in the era of fake news and the rise of the far right. accuracy and truth are hugely important. burying the truth causes major problems. it is something that we, as a society, cannot afford to do. as we have done here many times before, i salute the efforts of the victims and those who had the courage to speak up, speak out and come forward to testify against the perpetrators of violence and sexual abuse. many of those perpetrators remain unaccountable for the heinous crimes they committed. to call for an exceptional seal on those records for 75 years creates the impression that something is being hidden. it is a case of shame and stigma all over again and it is not helpful for healing. critically, it has no basis in irish archival law. 
           i indicated earlier that in her report to the human rights council last month, the un special rapporteur heavily criticised ireland for what she described as a culture of silence around issues of childhood sexual abuse and exploitation. she had not even seen this legislation. wait until she does because she will add to her report. she also highlighted the reason she singled this issue out as a cause for concern. she said that historical precedents impact on the situation today. that is absolutely the case. if we do not learn lessons from the past, we cannot move forward into the future. we know the state's response to the legacy of sexual abuse, incarceration, forced adoption and mother and baby homes has been a disappointment to the survivors. instead of support, redress and access to justice, the state has engaged in denial, delay, gagging survivors and limiting the scope of investigations. it has left people behind in respect of bethany home and the magdalen laundries and has given indemnity to many perpetrators, including st. patrick's guild and the like. it has let religious orders off the hook for the financial bill and traumatised many of the victims all over again through the establishment and mismanagement of caranua. this is part of that process.
           it did not have to be this way. that is what really sickens me. other countries in which similar abuses took place, including canada, the uk and australia, did not deal with the issue in the way in which we are dealing with it - or not dealing with it as the case may be. they moved faster and were more compassionate. they issued apologies and dealt with redress. they accepted the state's role in the abuses, held their hands up and allowed people to move on. in this country, the permanent government has decided to dig in, protect the state at all costs and, i suspect, protect some of the religious orders as well. this bill is another part of that process.
          the sealing of records has already taken place in terms of, for example, adoption records. it helps no one and causes a lifetime of grief. we cannot have that.
           the government is being disingenuous about the sensitivity of the files. i do not mean the minister personally, but that is the only conclusion i can draw from the legislation before us and the fact that the state has never acted in the interests of survivors of abuse or their families. we have seen that time and again in the form of the magdalen redress scheme, caranua, bethany home, illegal adoptions and so on. the state's approach in the first instance is to protect itself, not the survivors. that is the hallmark of every option it takes. it should be the victims who make the call to draw a line under something, not the state.
           catriona crowe has done a great deal to highlight some of the institutional abuses that took place. her curiosity was raised when she found files that originated in another jurisdiction. that led to her taking a closer look and discovering 1,500 documents relating to the illegal adoption of children to the united states. apart from the heartbreak of the families involved, the startling aspect of her uncovering of those historical records was the fact that the state, through officials in the then department of external affairs, had facilitated the illegal export of children. it is no wonder that people are suspicious of the government's intentions in sealing records, but the truth will out no matter how great the attempt to bury it, which is what this bill is doing.
           i will quote catriona crowe's remarks on this legislation in the irish examiner last week:
           the existing provisions of the national archives act are more than adequate to cover access to these records ...
           these records are vital for an understanding of the policies and operations of the commission, and there is no reason at all why they should be closed for 75 years.
           we should all remember that survivors should be the primary consideration with regard to these records.
           they were brave enough to give testimonies about their shocking treatment to the commission, and the emphasis now should be on establishing what they want, and as far as practicably possible, meeting their wishes.
          i have not met a survivor of these institutions who wants this legislation. survivors want the truth to come out, justice, a full acknowledgement, an apology and redress. they do not want a continuation of the culture of silence that led to them being incarcerated in these institutions for so long and to so many people not being called to account for what happened. i hope that we will see sense and, while preserving these documents, ensure that they are subject to the normal protections that exist as opposed to this special gagging clause."
2019-03-28,dail,https://data.oireachtas.ie/akn/ie/debateRecord/dail/2019-03-28/debate/main,29,Deputy Clare Daly,Deputy Clare Daly,"deputy clare daly
            the problem is urgency. the point was made. those involved were critical of the remit of the mother and baby homes commission not being broad enough to deal with the illegal adoption issue. while it is welcome that the minister might have the report in april, we need to be moving to implement its findings. the probe was clear in respect of the culture of silence and the prevention of survivors from being able to talk and about how it constituted further abuse. it is regrettable that we keep having piecemeal investigations, rather than doing the job comprehensively. to me, in some ways it is part of the same process of denial. are we to be dragged kicking and screaming to deal with the matter eventually, come clean and have a full acknowledgement as a society of how the people concerned were wronged? tragically, the longer we delay, the more the number of actual survivors will dwindle. we need to dig deeper into some of the points made about the culture of silence and undertake a comprehensive review. again, i am keen to emphasise the urgency, particularly in dealing with the issue of illegal adoptions."
2019-03-28,dail,https://data.oireachtas.ie/akn/ie/debateRecord/dail/2019-03-28/debate/main,30,Deputy Katherine Zappone,Deputy Katherine Zappone,"deputy katherine zappone
            i appreciate the deputy highlighting the need for urgency. i feel it too, especially when i meet those involved. i met some of them two evenings ago at the extraordinary exhibition at the national museum that i launched. it was called ""(a)dressing our hidden truths"" by alison lowry.
             the deputy made one point about how the commission should have had broader terms of reference to consider illegal registrations or adoptions. the commission is looking at the issue of adoptions to the extent that it has to do with what happened in the mother and baby homes. we are doing another block of work at the same time in the light of what tusla has found. in some ways, it is good that it is happening in parallel, as distinct from widening the terms of the commission. already it has so much to do that it has had to delay. things are happening in parallel, which is good, especially in the context of the need for urgency and the questions to be answered. i hope the deputy agrees with me on the process in approaching the matter of illegal registrations first through the use of sample methodology, etc. and then reviewing what has been found. that is a reasonable way to look at the wider issues involved. that is what i am hoping to do."
2019-03-27,dail,https://data.oireachtas.ie/akn/ie/debateRecord/joint_committee_on_children_and_youth_affairs/2019-03-27/debate/main,125,Mr. Joe McCarthy,Mr. Joe McCarthy,"mr. joe mccarthy
          i put it like that to show just how significant and important this issue of staff retention and recruitment within tusla is. we are talking more specifically about staff retention and recruitment within child protection and welfare services. when we talk about the recruitment and retention of social workers within child protection and family welfare, we are talking about child protection. in essence, we are talking about the regard we give it, how we value it, and what we are doing about it. politicians know better than i do that child protection in the history of our relatively new republic and state has not always been a priority, and the contrary has been the case. this is what gave rise to our industrial schools and the various scandals of the magdalen laundries, mother and baby homes and institutional abuse at various levels. i am delighted that child protection and welfare is within the political arena, which is where it belongs. we are talking about political commitments and priorities. it has not always got the priority and the commitment it deserves. we are talking here about the most vulnerable of society, the hidden side that has been referred to by ms mcguirk.
           i was following very closely the conversation the committee had with the irish foster care association, and that raised some very interesting topics which were raised also by speakers on other days. one of the dangers is that we run the risk of reducing the very complex work of child protection and social work to a set of tasks and duties. there is almost the impression that anybody can do this work. i do not believe it is as black and white or as simple as that and is far more complex.
           it would be very difficult to give the committee a picture of what a social worker does at any given time because they have different roles. once referral comes in and is activated, the assessment begins immediately of what is to be done, what the identified needs are, followed by the putting in place of a plan of action and engagement with the family and children to see what is to be done. there may be different people involved with that. the duty and intake section does the screening and initial contact, and then decisions are made whether further contact or assessment is needed. the decision may be to go to court or not or to work in the community with preventative and supportive work.
           one thing that was mentioned earlier and which is key to all of this, and this was mentioned by one of the previous speakers, is that social work, be it child protection or otherwise, is about getting involved in people's lives, intervening with them, trying to make a difference, and having good outcomes. that depends very much on the individual and training, but essentially it rests on the relationship that can be built up between the social worker and the child or the family. one of the aspects at the nub of the current crisis is that for various reasons and due to a lot of significant developments recently, social workers in child protection have transformed that role from what it was 15 years ago and it is not recognisable now. that core piece of work in having enough time to develop a relationship with a child or a family to make a difference over time, which for many is at the core of social work in any setting, is not possible. perhaps the committee might be able to explore a little further the developments that have taken place in the past ten to 15 years. social work, like any other profession, happens in a particular context. this was mentioned by other speakers on other occasions, where it is acknowledged by observers in the social work field that the decision to create a department of children and youth affairs and the subsequent establishment of tusla as the child and family agency was a political imperative and very welcome. it was set up far too quickly with a totally insufficient budget. that accounts to a great extent for the immediate problems we might be experiencing. tusla was expected to do an awful lot and did not have the wherewithal to do it. it was set up too with a budget that was and still is totally insufficient."
2019-03-13,dail,https://data.oireachtas.ie/akn/ie/debateRecord/dail/2019-03-13/debate/main,187,Deputy Pat Buckley,Deputy Pat Buckley,"deputy pat buckley
          the programme for government makes reference to the mother and baby homes commission of investigation. are the relevant ministers aware that demolition works were carried out on the bessborough site in cork this week without the knowledge of cork city council? a building known as the little folly has been used as a place of reflection and commemoration by survivors in recent years. i discovered this morning that an enforcement order has been put on that building. my information is that the commission was informed that repair works would be carried out on it. it may seem a minor issue, but the survivors of the mother and baby home in bessborough are angered and anguished that developers have moved onto the site and begun knocking buildings without it being public knowledge or a geophysical radar scan having been carried out. these events are atrocious. i would love to get an answer on this issue."
2019-03-06,dail,https://data.oireachtas.ie/akn/ie/debateRecord/select_committee_on_children_and_youth_affairs/2019-03-06/debate/main,2,Minister for Children and Youth Affairs (Deputy Katherine Zappone),Minister for Children and Youth Affairs (Deputy Katherine Zappone),"minister for children and youth affairs (deputy katherine zappone)
          i am pleased to discuss my department’s revised estimate for 2019 which provides for a taxpayers’ investment of €1.5 billion, which represents an increase of just under €107 million, or 8%, on the allocation for 2018, following the supplementary estimate in december. as a result, my department will spend €1.478 billion in current expenditure and €32 million in capital expenditure during 2019. approximately half of the vote is targeted towards public services that protect children and provide for their welfare. another significant portion is provided to continue our journey to build an accessible, affordable and high quality early learning and care system.
           in addition to these areas, my department’s revised estimate for 2019 contains a provision of almost €63.6 million for youth services. these resources will fund youth services throughout the country, including services for those at risk of disadvantage, and help to address some of the remaining challenges faced by lgbti+ young people. the allocation for youth services represents an increase in funding of €3.4 million, or just under 6%, on the allocation for 2018.
           other key items of expenditure include €26 million to meet the costs of the irish youth justice service, including the operational costs of the oberstown children detention campus; €19 million to meet the operational costs of my department; €9.5 million for prevention and early intervention programmes which now include the area-based childhood programme and the prevention, partnership and family support programme; €7 million for the intervention programme for children and young people; €5 million for the adoption authority of ireland; €4 million for the commission of investigation into mother and baby homes; and just under €3 million for the office of the ombudsman for children. the prevention and early intervention programmes are now fully funded by my department following the completion of the welcome contributions made by atlantic philanthropies in previous years.
           the select committee will be aware that the single biggest item of expenditure in my department’s vote is the budget of tusla, the child and family agency. i am pleased to confirm that tusla will receive additional funding of €31 million in 2019, which will bring its overall allocation to €785 million, which represents an increase of 4% on the allocation for 2018. when tusla was transferred out of the hse in 2014 to become a statutory agency in its own right, its budget allocation was €609 million. in the five years since its establishment funding has been increased by 29% to its 2019 level of €785 million. in addition, i am making a further €3 million available to it from my department during 2019 to fund specific developments in the provision of support for family resource centres and to deal with domestic, sexual and gender-based violence. this level of investment underlines my commitment to ensuring tusla is properly resourced to meet its mission statement in protecting and supporting the most vulnerable children, young people and families. with this level of investment, there is a strong onus on it to deliver on its ambitious business plan for 2019. i will work closely with the new chairperson of tusla, the interim ceo and his management team to achieve the outcomes we all want to see from this year’s investment. 
           on early learning and care services, the international evidence is clear that investment in children during their early years results in long-term gains for them, their families, the economy and society in general. i am particularly proud of the increased resources being made available in 2019 for childcare services which we now call early learning and care services. i am on record as acknowledging that the radical transformation we want to see in the sector cannot be achieved in one, two or even three budgets. i have always said it will take time to correct decades of under-investment. as members of the committee will recall, i received additional funding in 2018 for childcare services by way of a supplementary estimate which brought funding levels to more than €500 million for the first time. the additional €59 million to be provided in 2019 brings funding for early learning and care services to just under €575 million. children, parents and providers are all set to benefit. 
           the increased resources will allow me to continue to meet the growing demand for universal and targeted supports and enable me to widen the thresholds under the new affordable childcare scheme that i will introduce later this year. under the scheme’s original policy proposals, income-based subsidies would have been available to all families with a net annual income of up to €47,500. this threshold will now increase by 26% to cover all families with a net annual income of up to €60,000. the scheme’s lower income thresholds have also been adjusted, meaning that maximum subsidy rates will be paid to all families with a net annual income of up to €26,000, whereas the previous proposed threshold stood at €22,700. the increased thresholds will mean that thousands of more families will benefit from the scheme once it is launched at the end of the year and see the cost of early leaning and care services tangibly reduce, resulting in a real impact. 
           i am planning the phased regulation of school-age childcare services and have set side an additional €450,000 for the tusla early years inspectorate to enable it to begin to register services with effect from 18 february. this will enable school-age childcare services to access the affordable childcare scheme, help to support children’s safety and well-being and assist in the provision of new school-age childcare places, thus improving parental choice and supporting female labour market activation. our investment in early learning and care services will help to lay the ground for the exciting opportunities presented by the recently published first 5, a whole-of-government strategy for babies, young children and their families. 
						first 5 will provide every child with a good, strong and equal start and represents a whole-of-government approach, with the objective of streamlining and improving parenting supports provided by a range of departments and state agencies.
           i am pursuing some important legislation as a matter of priority. i recently announced my intention to table some important amendments to the adoption (information and tracing) bill 2016 which was passed on second stage in the seanad some time ago. we are also finalising the text of a bill to amend the children act 2001 that will form the basis for major reform of the guardian ad litem system. i know that the select committee shares my ambition to have these important bills enacted as soon as possible. 
           the significant increase in resources in my department’s vote for 2019 brings great opportunities for the targeted development and improvement of services. i will work closely with tusla, the early learning and care sector, my department and all stakeholders across the wide range of services provided to achieve the best possible outcomes and value for money we can achieve. we have made good progress in recent years and i am determined to press ahead with the agenda i have set out."
2019-03-06,dail,https://data.oireachtas.ie/akn/ie/debateRecord/select_committee_on_children_and_youth_affairs/2019-03-06/debate/main,214,Deputy Denise Mitchell,Deputy Denise Mitchell,"deputy denise mitchell
          i am pleased there is an increase in funding for the commission of investigation into the mother and baby homes. i do not have a crystal ball. does the minister think the increase will be sufficient to ensure the report will be published next year and that there will be no further delays?"
2019-03-06,dail,https://data.oireachtas.ie/akn/ie/debateRecord/select_committee_on_children_and_youth_affairs/2019-03-06/debate/main,241,Deputy Katherine Zappone,Deputy Katherine Zappone,"deputy katherine zappone
          just the mother and baby homes commission of investigation"
2019-02-27,dail,https://data.oireachtas.ie/akn/ie/debateRecord/dail/2019-02-27/debate/main,200,Deputy Catherine Connolly,Deputy Catherine Connolly,"deputy catherine connolly
          go ginearálta, cuirim fáilte roimh an mbille seo, in ainneoin go bhfuil sé beagáinín déanach, i gcodarsnacht leis na tíortha eile ar fud na heorpa a chuir reachtaíocht trí na parlaimintí éagsúla atá acu i bhfad roimhe seo. is rudaí praiticiúla den chuid is mó atá sa bhille de réir mar a fheicim ach ní raibh a dhóthain ama fós dul trí na sonraí. an rud is suntasaí ná go bhfuil easpa tráchta d'údarás na gaeltachta, ceann de na heagraíochtaí is tábhachtaí sa tír ó thaobh na gaeltachta de agus ó thaobh na gaeilge de. b'fhéidir go dtiocfaidh mé ar ais go dtí sin.
           i welcome the digest prepared by the oireachtas library and research service, which i thank for its work and for updating deputies. the digest points out that some areas included in the heads of bill do not form part of the bill as published. perhaps a member of the government will explain why various sections are no longer included. i pay tribute to the oireachtas library and research service for its work.
           any discussion on brexit and this omnibus legislation must be premised on chomh fite fuaite is atá saol na ndaoine sa tír seo agus saol na ndaoine sa bhreatain mhór. the common travel area has been in existence for almost 100 years. i am glad it is being addressed and put on a statutory footing for the first time. it shows how interconnected are the countries. if i have any criticism of the government - and i have many - it is that we should have shown solidarity with the united kingdom, regardless of our opinions on brexit, given how interconnected are the two countries. in 2001, there were 869,000 irish-born people in england. that number has reduced significantly but there are still more than 600,000 irish-born people living in england. one in ten people there has an irish grandfather or grandmother. of course, there are many others of irish descent there. england took in our people, including members of my family, during the massive emigration from this country in the 1950s, 1960s and before. when people were ejected from mother and baby homes at 16 years of age with little other than the clothes on their backs, england picked up the pieces and dealt with our shame. from day one, regardless of our opinion on brexit or the brexiteers, for whom i have no respect, we should have prefaced all conversation and negotiation about brexit on our interconnectedness.
           we must not accept the return of a hard border under any agreement. bhí óráid le déanamh agam le déanaí dé haoine seo caite i gcontae muineacháin maidir le conradh na gaeilge agus chuaigh mé suas i mo ghluaisteán, rud neamhghnách gur thiomáin mé suas, agus is dócha gur thrasnaigh mé an teorainn ar a laghad trí nó ceithre huaire agus ní raibh i gceist ach trí huaire go leith mar thuras. there are 110 million crossings of the border annually. it is difficult to get one's head around that. some 300 daily crossing are made by bus. on thursday of last week, i crossed the border two or three times. perhaps the third crossing was unnecessary - i may have gone a little astray - but it shows the interconnectedness between northern ireland and the republic, and the republic and the united kingdom.
           i looked at the bill as much as i could, although i am not familiar with all of its detail. i read it but not in as much detail as i would like. i look forward to committee stage. various sections deal with practical matters relating to social welfare, students, healthcare and so on, which is welcome. the area that jumped out at me on reading the bill and when the chairs of oireachtas committees received our first presentation on the matter from the tánaiste - i was there mar chathaoirleach ar choiste na gaeilge, na gaeltachta agus na n-oileán - is part 3, dealing with the amendment of the industrial development acts, which is set out on page 17. while i acknowledge that help must be given to struggling businesses and companies, i am worried by the open nature of what is proposed in the bill. for instance, research and development has come up repeatedly at the committee of public accounts in regard to corporation tax. deputy coppinger mentioned the absence of criteria for and the open nature of the research and development tax credit. perhaps the issue will be sorted out on committee stage, but research and development is one of the methods used by larger companies to escape paying their just taxes. that category is broadened in the bill without criteria being set down. the sections amending the industrial development acts must be looked at.
           i refer to the glaring absence of údarás na gaeltachta in that regard. tá fáilte roimh an taoiseach isteach sa dáil agus is iontach an rud é go bhfuil sé anseo because tá an t-ábhar thar a bheith tábhachtach. údarás na gaeltachta does not feature in the bill. i have made inquiries in that regard. in fairness, deputy kyne, an taire stáit, tháinig sé ar ais chugam agus dúirt sé liom nach bhfuil aon chúis buartha i gceist, that there is no need to worry and that údarás na gaeltachta is covered under this section but i do not see any such provision. yesterday, údarás issued a detailed press statement referring to extra analysis it carried out. two years ago, it made money available for people to get advice to deal with the complexity of what was facing them as a result of brexit. it has now carried out further research and stated that of the more than 1,100 companies or entities on its books, it has identified 25 as being particularly vulnerable. the press release referred to a memorandum of agreement between enterprise ireland and údarás na gaeltachta. lately, we found out that there is no memorandum or other understanding between ida ireland and údarás na gaeltachta, which is a significant shock. at least, there is one with enterprise ireland, although i am not familiar with its contents. it did not arise in the context of brexit. i do not know what is necessary in that regard. i am being given broad assurances which i would love to accept but i would much rather see on what legislative basis go mbeidh tuilleadh cumhachta agus tuilleadh acmhainní ag údarás na gaeltachta, that it will have extra resources to deal with what it is facing in regard to its client companies. in spite of the press ráiteas, the press release, and the update, i do not see anything in the bill to reassure me in that regard. perhaps that can issue be teased out on committee stage.
           i welcome the decision of revenue to delay the introduction of 23% vat on food supplements, particularly in the context of brexit, because it would have been amaideach chun leanúint ar aghaidh leis an méadú sin maidir le vat. i acknowledge that the introduction has only been postponed until 1 november but i welcome the decision and the fact that the government used what influence it has over revenue. i acknowledge that the revenue commissioners are independent, but the fact that the government intervened is welcome. it is a response to the outrage on the ground and gives the government to consider its tax policy in the context of brexit - because revenue only implements policy - and the operational issues on the ground which led to the decision to impose the 23% vat rate. the decision was down to operational issues. it was a blanket punitive decision and i welcome its postponement. i would welcome further discussion of this issue on committee stage."
2019-02-21,dail,https://data.oireachtas.ie/akn/ie/debateRecord/dail/2019-02-21/debate/main,309,Deputy Joan Burton,Deputy Joan Burton,"deputy joan burton
          i am glad that the minister of state at the department of health, deputy catherine byrne, is present as she has a long-standing interest in this issue and much detailed knowledge of it. 
           there is a great deal of unhappiness at the fact that there is a further delay. much of the delay is probably inevitable, but arrangements should be made to deal with a number of issues which i believe the minister for children and youth affairs, deputy zappone, could address with some speed. she is not present for the discussion, but she must bear in mind that we now know that there are approximately 150,000 adoption files held by tusla, of which 50,000 or more are since adoption was legally introduced in ireland in 1952. i have been asking questions and campaigning on this issue for a long period and one of the problems is that in most cases many of the parents of the children are now deceased, while many of the children are much older. the unfortunate part is that the minister is continuing to cling to a social worker-led model when people just want to receive their information. they want to receive information on the mother and baby homes, with their personal information and files.
           since we last discussed this matter, the information on burials at sean ross abbey has come to light, with suggestions the number of children buried there is far more significant than previously believed. this is very distressing for all of the people connected with sean ross abbey, but everybody was aware of the information. certainly, my mother used to say to me when i was a child that children had died like flies in these institutions. they died from what are now treatable illnesses such as gastroenteritis. they also died from a range of other illnesses which nowadays can still take babies' lives such as meningitis. if there was an infection in a home, it appears that it spread like wildfire. i welcome the minister's decision to have excavations carried out at sean ross abbey.
           the biggest mother and baby home in the dublin area was st. patrick's on the navan road. i was always told and people connected with the home have repeatedly said approximately 2,000 babies are buried in the holy angels plot at glasnevin cemetery. in fact, others have suggested the figure is higher. in addition, many people living in dublin at the time, particularly poorer people, who lost a baby buried him or her in the holy angels plot. that issue must be addressed. it is part of a very sad history in ireland, but the people affected deserve to have it addressed.
           i have with me the reply i received from tusla last june about the number of people who were seeking to trace their origins. the numbers are extremely high, but, more importantly, where the process is still ongoing, the number amounts to many thousands. last year the minister made a public announcement on the 126 files related to st. patrick's guild which ran a home on temple hill in blackrock. i am aware of many people from st. patrick's guild who have been approached with a letter from the minister and tusla offering social worker services. people do not particularly need social worker services unless they ask for them. they are adults. the people referred to were born between the late 1940s and the late 1960s; therefore, almost everybody is well over 40 years old. some might need counselling and the help of a social worker, but more than anything they need information.
           my view is, given the way it is set up, tusla will never be able to deal with more than 10% to 20% of the inquiries it faces. before christmas we received the news that st. patrick's guild which was one of the biggest adoption societies in ireland had gone into liquidation. that means that almost 100 years of its history is gone. i believe tusla has the records, as the minister can confirm, but the position is far from satisfactory. i understand there were legal cases, some of which were in the public domain last year, and that the guild may have had to make legal redress to some of the people involved.
           what is the current position? we are in the middle of a detailed mother and baby homes investigation which is being carried out by some eminent and trustworthy people, but the problem with the government is that it is not prepared to expand its remit to address very important issues, some of which are relatively resolvable in the time that is left. i refer, first, to bethany home. after almost three years in office, the government has not addressed the issues involved. almost every member is aware that the people from bethany home are now mainly of considerably advanced years and deserve to be addressed in a fair way. i ask the minister of state to convey that message to her senior minister colleagues.
           second, with regard to st. patrick's guild and the files on the 126 people mentioned, i introduced a bill to deal with informal, false and illegally registered adoptions. it would provide people with a mechanism to approach the court to have their circumstances validated. there are a number of people who were registered as the natural children of their adoptive parents. i assume that the nun gave the happy parents the baby they were going to adopt and told them to register him or her. they probably never knew that they were doing anything untoward, but there must have been arrangements which facilitated it. an increasing number of cases came to my attention following publication of the bill. ms anne o'meara is a barrister who was adopted and whose birth certificate turned out to be illegal. she has spoken on the sean o'rourke radio programme and spoke at the launch of the bill. she is quite clear that she was adopted by a very loving family who brought her up, with her siblings. however, when they were given her, they went and registered her as their natural born baby. therefore, her birth certificate is invalid. in addition, she was born in belfast. as in most cases, her adoptive parents always told her that she had been adopted. she was adopted in belfast. she must have a remedy whereby she can go to court to have her life validated as it has been lived, in other words, that she was adopted by her parents. the registration of her birth was false and wrong and she needs a mechanism to resolve the issue.
          i really plead with the minister of state because i know she knows a lot about this issue, to get the government to act on the legislation i have brought forward.
           regarding st. patrick's guild, we are told there are another 746 cases that are of concern, to use the words of the minister. as st. patrick's guild is just one of many adoption societies, if one uses one's imagination one will know this affected many people. i have dealt in recent days with a case of someone whose original birth certificate, when they obtained it, had been utterly falsified. again, there was something irregular about the birth certificate they got. however, there is no remedy whatever available to this individual, and what is more, they do not even know how they should have registered their children in terms of their children's parentage and their own identity.
           there is a lot that could be done about this. i stress that we can work together on this and with the various organisations which have been lobbying on this issue. we can help people without having to say, as is inevitable, that they will have to wait three, five or seven years for a social worker. that is just neither a practical nor a realistic solution.
           the department of employment affairs and social protection handles vast amounts of people's data, as do other departments, such as the department of health. it is possible to have access to one's own data, and that is a human right, for information purposes. it is proposed, however, to put up a roadblock and say all data must go through some social worker model. the children who are young now and have difficulties are the people who need the social worker and the family support, whereas the government just has to make a decision on the people who are more mature and want their information. the minister, deputy zappone, was very vocal about this when she was a senator. she supported me on a lot of legislation which was socially very advanced for the ireland of the time, such as legislation providing for marriages to be celebrated by civil solemnisers and humanists and, similarly, legislation providing for transgender people to be allowed a birth certificate in their required gender."
2019-02-21,dail,https://data.oireachtas.ie/akn/ie/debateRecord/dail/2019-02-21/debate/main,312,Deputy Maureen O'Sullivan,Deputy Maureen O'Sullivan,"deputy maureen o'sullivan
          going back to where we are to date, the commission of investigation into mother and baby homes and certain related matters was established by the government in february 2015 to provide a full account of what happened to women and children in those homes. since then, we have had four interim reports: two in 2016, one in 2017 and one in 2018. the final report was due on 17 february last, but now this extension has been asked for. it further pushes out the process until february 2020. we are told it is to ensure there will be an accurate and comprehensive final report but the whole history of this matter has been one of delay after delay over many years. it is even a number of years now since the then taoiseach, deputy enda kenny, apologised to the ladies of the magdalen laundries, who still face a number of outstanding issues. this is all related: the magdalen laundries, the mother and baby homes and the industrial schools. it is the treatment of unmarried mothers that was inhumane. this included treatment by their families, the fathers of the babies of those unmarried mothers, many people in the clergy and many people in officialdom. they were not all unmarried mothers. one of the saddest stories i heard was of a lady i met who had been put into an institution by her father because his second wife did not want the children from the first wife living with them after that first wife had passed away. it is quite incredible to think irish people could behave in such a cruel and inhumane way.
           i must mention the mixed-race people because i was very privileged to meet them and it is so good that they are involved. two of them are chairing particular groups. their stories are even more heartbreaking because of the additional pain, trauma and stigma they faced, being from a mixed-race background. i found it a very humbling experience to meet them and others i have met in my time here. they have survived with dignity and compassion, and i think we all benefit from that experience and from their insight.
           we know there are survivors who are extremely angry about the way they have been treated, and that anger must be acknowledged and respected. now, to add to the exasperation already being experienced, there is further delay to people getting information, as they found out through the media that an extension was being sought for another year. will the commission be looking for another extension this time next year? perhaps an extension is really needed in order that all the information be available, but surely it is just a matter of courtesy that those who are most affected, namely, the survivors, would hear first and in an appropriate way of any extension. it should not have happened the way it did. i know that on 13 february, the minister did express her sympathy with survivors' concerns that their ages and health profiles mean there is an urgency to resolve this situation. i hope this means there will not be any more unnecessary delays. dr. shannon has been asked what can be done with the current legislative framework in respect of collecting biological samples and safeguarding those samples. eight weeks from now, before easter, we should have that report from dr. shannon.
           i am aware that the commission had a very extensive body of work in meeting former residents and those connected to the institutions being investigated. we know there are more individuals awaiting hearings, and they must be heard. then there is the analysis of the documentary evidence, the cross-referencing and the forensic excavation of the burial ground at the children's home in tuam. we were told the departments of health and children and youth affairs provided a lot of material, but why was some of it received so late by the commission, with possibly more material to come? it is almost like a drip-feeding of information to the commission. it is hard to understand all the requests for the extensions and why an exercise was not carried out at the start of the process that would have come up with realistic deadlines based on the amount of work that was to be done and the expectations involved. the deadlines were never going to be met and they are still not being met. with each missed deadline trust is being eroded, and with each delay confidence in the process of realising justice has been seriously undermined. then there is a question of the cost of each delay. is there a costing of where we are to date with the extra delays? are there further costs for staff and for the premises being used?
           i acknowledge the invaluable work of catherine corless, in the discovery of the remains of 796 children in 2014, and that figure could be conservative. it is really hard to comprehend and envisage almost 800 children buried in the one area.
           the excavations yesterday at sean ross abbey indicated there may be 269 buried there. how many more bodies are going to be found? the campaigners' research would indicate that as many as 800 children may have died there. in the case of bessborough mother and baby home, the register shows 470 infants and ten women who died there between 1934 and 1953. behind each body is a real person with an identity, but that identity has been eroded. apart from not having a life, even in death these people did not get recognition in the form of a plaque, a monument or a stone with their name on it. we have been rightly horrified by the mass graves in rwanda, bosnia and syria. it is just so ironic, so incredible, that we are looking at a similar situation, similar graves, here in ireland.
           the tuam home survivors network has said, ""results from our ageing and, in some cases, frail membership should be banked to eliminate any delay in returning human remains to identifiable relatives for dignified burials."" those human beings were not given any respect or dignity in life, so surely the request for dignity in death and burial can be expedited. we are all very disturbed by those who would deny the holocaust, for example. it is important we do not do the same here and deny or try to hide behind what has happened. again, catherine corless's point is that our history is never forgotten. the relatives and the survivors are entitled to comprehensive information, and if they do not get it, that means that the ill-treatment, the mistreatment and the abuse continue.
           i have a positive view of restorative justice. i have seen its effectiveness in the healing process. however, for it to have a chance to help or to heal, information is vital, and the information must be available. the question then is, can justice be achieved if none of the information being sought by the survivors is forthcoming?
          people talk about closure, but i dislike that word. it almost suggests that the door can be closed on the past and the pain, which i find disrespectful. the pain can be eased, however, and it can be released but the experience will live with people for ever. the release and relief will come when those affected have all the information. we seem to have a terrible fear of acknowledging, facing or coping with the truth, not only in ireland but also in other places. i am reminded of another group with which i am involved, namely, justice for the forgotten, which represents the victims of those caught in the dublin and monaghan bombings and their relatives. they have waited 45 years for the truth, as have the families of those who were killed in other atrocities in the troubles. authorities have sat on the information and the truth, which is disrespectful, indifferent and callous to the pain and heartache of those affected, who are waiting on the truth. while apologies, redress and financial payments are important, the truth is paramount. nevertheless, this continued secrecy remains, whether in the case of the mother and baby homes, the magdalen laundries or justice for the forgotten. the secrecy and lack of access to information and truth continues the abuse.
           we might reflect on the holocaust and how it has been remembered through memorials and preservation, whether in the holocaust museums in berlin and jerusalem or the concentration camps, all of which face the truth. all the information is available and the victims' names are printed in order that people can see. for the same reason, we need a repository for all the records and an appropriate, dignified memorial. the most effective redress is access to information, which means not being afraid of the truth. that leads us to the subject of access to birth and adoption records. some of those who had been adopted did not know, for various reasons, that they had been, some did not know from where they had been adopted, while the parents of others passed away before the information could be passed on and, therefore, no records were left. i acknowledge the work produced by the justice for magdalenes, the adoption rights alliance and the clann project following extensive interviews and conversations with people who sadly had been separated from their family members and communities through an appalling system, which took children into institutions such as mother and baby homes and enforced secret adoptions and disappearances. it was such a blight on irish society.
           in reply to a parliamentary question i tabled, the minister for children and youth affairs, deputy zappone, welcomed the clann project submission and the courage it took to provide the testimony. i had asked what would happen to the records and the minister replied that it would be a matter for the prescribed minister. she is supportive of transparency and the importance of the truth but those two words - ""transparency"" and ""truth"" - demand acknowledging the pain. that is more important than closure. it is an extremely dark aspect of our history and we cannot just close the door on it. we must acknowledge and recognise it. a suitable, appropriate memorial, which concerns the access to truth and everything that happened, would be fitting."
2019-02-21,dail,https://data.oireachtas.ie/akn/ie/debateRecord/dail/2019-02-21/debate/main,313,Deputy Fiona O'Loughlin,Deputy Fiona O'Loughlin,"deputy fiona o'loughlin
          my party, fianna fáil, welcomed the commission and its establishment as a vital recognition of the considerable harm that mothers and their children experienced in mother and baby homes throughout the country. we saw the commission as a means to bring justice to the victims of these homes. however, while the commission was established in february 2015, which was four years ago this month, to investigate the concerns related to the institutional care of unmarried mothers and their babies, we must recognise and acknowledge why it was set up. it was established on foot of disturbing reports that a significant number of human remains had been discovered at the site of the former bon secours mother and baby home in tuam, county galway. like previous speakers, i pay tribute to catherine corless who did exemplary work to ensure that the story got out and that the victims would have the opportunity to be treated with dignity and so on.
           the deeply saddening discovery of five years ago, the aftermath of which continues, underscores the importance of the ongoing commission of investigation into mother and baby homes throughout the country. the initial report of the commission was originally due in february 2018 but it was granted an extension. it is a little disappointing that the commission now has another year to publish its final report, which will now be available in 2020 at the earliest. the government has stated, however, that it can make no decision on compensating the dwindling band of former residents until the commission has delivered its final report. some survivors of these institutions who are in their later years are losing hope that they will ever see a report from the commission. fianna fáil is disappointed to see yet another extension to the commission of investigation's timeline, particularly for the survivors and their families, who have waited for the report for one year and will continue to do so for another year. the government must do everything in its power to ensure the report is completed as soon as possible. i take on board deputy maureen o'sullivan's point about closure. there will never be complete closure but there is a way to recognise what women and their children went through. we must try to acknowledge what happened and restore some dignity to the survivors. that is extremely important.
           although we must try to reach some type of conclusion in supporting the survivors who have waited a long time and must establish some type of dignified memorial on the site, we are speaking about historical abuse of women and children. we cannot lose sight of women and children who are suffering today. some 1,400 children are in direct provision, while almost 4,000 children are in emergency accommodation. while it is important that we look back on the wrong deeds that were done to the children of years past and a previous generation, there must be a renewed focus on supporting children who are currently in direct provision and emergency accommodation. i have no doubt that in 20, 30 or 40 years' time, deputies will stand in the chamber and discuss what was done and not done to help those children. a commission may be put in place at that point to investigate why more was not done for them.
           i thank the minister of state for listening. i have no doubt that she will convey our messages to the minister for children and youth affairs and the cabinet."
2019-02-21,dail,https://data.oireachtas.ie/akn/ie/debateRecord/dail/2019-02-21/debate/main,315,Deputy Mick Wallace,Deputy Mick Wallace,"deputy mick wallace
          retraumatisation is a conscious or unconscious reminder of past trauma that results in a re-experiencing of the initial trauma event. it can be triggered by a situation, an attitude or expression, or by certain environments that replicate the dynamics and the loss of power, control and safety of the original trauma. not being believed or listened to is another factor in trauma and retrauma. the whole issue of the experiences of people who were incarcerated, locked away and hidden behind the walls of the so-called mother and baby homes is only one part of a legacy of incarceration that is an open wound in this country. it is a wound that we continue to leave untreated because the state has consciously avoided it and is now conducting a tactic of delay until they die.
           the most recent delay has caused a great deal of distress for those survivors and their families who are still waiting for acknowledgment, for an apology and for redress. to be clear, redress is not just about financial compensation. it is also about acknowledging what happened, accepting responsibility and someone being held accountable. until we do that, the state continues to drag people through more traumas and cruelty every day. we saw the awful way in which a small group of magdalen survivors were wrongfully excluded from the redress scheme and the government was heavily criticised by the ombudsman for that exclusion. it was unjustifiable and, in a similar way, the exclusion of a tiny group of survivors from the protestant bethany home should also be heavily criticised. the latest delay by the commission has a consequence of continuing that exclusion for that small group of people. there is no legitimate reason for them to have been left out in the first place and it is absolutely shameful that the government is not intervening now. there is ample evidence of cruelty and neglect of children and babies at the bethany home. there is also evidence of the state's involvement in placing children in this home, of funding this home and of concerns flagged about the conditions there.
           in 1939, the clerk of the rathdown board of assistance wrote to the secretary of local government, raising concerns about a child in poor health and rickety condition, and specifically asked that provision is made for inspection of the bethany home. in 1940, a request directly to the medical inspector of local government asked that the matter be inquired into as several children have been sent to the nurse in the district from time to time from this home suffering from rickets. between 1922 and 1949, 223 children from the bethany home were buried in mount jerome cemetery in unmarked graves. some 175 were between four weeks and two years old, 25 were aged from a few hours to four weeks old, and 19 were stillborn. the causes of death recorded tell a story of neglect, with 54 from convulsions, 26 from malnutrition, 12 from delicacy, seven from pneumonia, and 19 with no cause given. that the state played a role in the use of the bethany home structure is undeniable. correspondence in 1946 from the secretary of monaghan county council states:
          i am directed by the minister for local government and public health to refer to the county manager’s order (no. 4711) and to state that he will not object to payment being made at the rate of 15 shillings per week in respect of patients maintained in bethany home rathgar.
          last week, a survivor, joyce mcsharry, got in touch with us. she sent her story. she also sent it to the minister in the hope that it would be read and viewed with some empathy as it deserves to be. the response from the minister's office was, sadly, a typical bureaucratic reply that did not acknowledge the story that joyce went to great lengths to write and explain that it had actually been read. i have no doubt that it was a very difficult and traumatic thing for joyce to have to put down in writing.
          i do not have time to read it all but here is a selection from her letter:
          my birth mother emily sheppey was born in islington in london in 1928 she was a member of the church of england. she gave birth to me in 1951 in the protestant bethany home in dublin where i remained with my mother until the following december, at which time i underwent a peculiar irregular adoption. over the last thirteen years i pieced together my roots with some success. i have two life stories, one told to me and one i discovered. i am unable to obtain a long version of my birth certificate, as the state has only an irregular version of my details. my adoptive parents informed me that my mother died in 1951. they said that a social worker visited a flat in which a woman was found dead in her bed from tb. i was reportedly discovered in the bed beside her. i was brought to st ultan's hospital and then to the bethany home. these details were elaborated upon as i grew. the story is a lie. i was shocked to discover in 2013 that my parents always knew it to be a lie. my mother emily did die in a flat, but aged 48, lonely and alone, apart from her pet dog, a poodle, in weston super mare, uk, in august 1976. my second presbyterian baptism was designed to erase the fact that my mother, emily sheppy, resided in the bethany home and was not dead. in 2013 and 2014 i obtained adoption documents from pact (formerly the protestant adoption society) one of them was an 'agreement' from 1951. its content is deeply upsetting. it indicates that my mother was probably pressured into giving me up. my adoptive parents participated in this charade and were therefore aware that my mother was alive. i may have been told the ‘death-of-tb-in-a flat’ story in an effort to prevent me from searching for my mother, and the document may have been designed to frighten my mother into not seeking me out. besides stipulating that i was to be brought up protestant, the penniless emily was threatened in the 'agreement' that should she attempt to contact her daughter, she would be liable retrospectively for £26 minimum per annum (valued at €913.25 in 2013), plus educational, medical, clothing and other costs. an owner of the solicitor firm who drew up the documents was appointed as my mother’s 'attorney', but not to represent emily's interests. it was designed so as to avoid contacting emily under anticipated adoption act legislation. this was explicitly stated. this man (ralph walker) was a nephew of bethany home residential secretary, hettie walker, who also signed the 'agreement' ..... thirteen years ago, in january 2002, i began attempting to trace my roots by contacting pact (protestant adoption and counselling trust), which holds bethany home records. for a €100 fee, they first gave me a copy of a single line in a register and, in may 2003, my first cousin pam's uk telephone number. i therefore rang pam cold. she was astonished to hear this strange lrishwoman, about whom she had recently learned. what astonished me was that pam knew my mother, who was alive for the first 25 years of my life. i did not know in 2002 that my (by now deceased) adoptive parents also knew. finding out in this way made me start to question all i thought i knew. i was emotionally drained and extremely upset. in fact i became very ill ..... i contacted pam again in 2013. we spent months talking on the phone getting to know each other. it was decided i would go over to london to meet her and the family. i had also contacted my mother’s other brother, fran, who lived in shrewsbury. i told him i was coming over and would like to meet him ..... uncle fran was always aware of my existence. fran gave me a very special and to this day treasured gift from my mother, 12 photographs of me from my christening to six months old. it was the first time i had seen photographs from this part of my life. fran kept them perfectly preserved after my mother died nearly forty years earlier in 1976. she kept them all of her life.
          joyce concludes her letter by saying how she would ""love to contact any other mothers who were present in bethany between april and november 1951. it may help me to better understand the awful circumstances my mother endured there."" the heartbreak of her story, the damage of forced separation, the lies and cover-ups, the dodgy arrangements around illegal adoptions, are all connected back to mother and baby homes, and the bethany home behaved in the same manner as the other homes, the pain is no less for the survivors because they were protestant rather than catholic. it is long overdue that we call a halt to this cruel exclusion of the survivors of the bethany home from redress. i ask the minister of state to read joyce's letter in full and give her a good response."
2019-02-21,dail,https://data.oireachtas.ie/akn/ie/debateRecord/dail/2019-02-21/debate/main,317,Minister of State at the Department of Health (Deputy Catherine Byrne),Minister of State at the Department of Health (Deputy Catherine Byrne),"minister of state at the department of health (deputy catherine byrne)
          i might say a few words before reading the response from the minister's office. i thank deputies burton, maureen o'sullivan, o'loughlin, martin kenny and wallace. i am sorry if i left anybody out.
           we all know about the unbelievable cruelty that happened in this country in the past and is probably still happening in some places and the loss of those children's lives and the loss for the parents of being able to hold their babies and of having their babies taken away from them. as most speakers said, time is running out and it is up to us in government and elsewhere to make sure these people have the answers they deserve before they depart this world. deputy wallace's contribution uncovers a story that most of us have sadly seen on television in the past year, where people are united not only with their parents but with siblings they did not know they had. when watching programmes like that, i realise how lucky i was as a child to have the parents i had and to have known them as i did. for many children, sadly, that did not happen. i have taken some notes - i hope i can read my bad writing. i thank the deputies for their honesty and their in-depth knowledge of what happened and the discovery of the unbelievable records that we have and do not have and about the fact that so many children and mothers are buried in unmarked graves. that is a real darkness that hangs over the country and all of us, as politicians and as members of society. i assure all the speakers that i will bring some of the matters raised back to the minister for children and youth affairs, deputy zappone, when i have had a chance to read my notes and put them in an email to her.
           i will read the prepared statement, but as i have only two minutes, i will not read it all. on behalf of the government, the minister for children and youth affairs has asked me to thank the deputies who made contributions to the debate this afternoon and previously on 7 february. unfortunately, she cannot be here, which she regrets.
           the government understands and shares the frustration and disappointment felt at the extension to the commission's timeframe. the commission's work is a key step in our determination to establish, confront and accept the truth about this dark chapter in our recent history. by remaining committed to this statutory investigation and by allowing an additional year for the commission to complete its work, we can achieve the necessary holistic understanding of what went wrong in the country. as a country and a society, we shy away from establishing these deep truths at our peril.
           the options facing the government were either to insist on the timeline and accept incomplete reports next month or allow the important work to be finalised. the government believed the public interest was best served by facilitating the commission to complete its important work.
          however, the minister sought and received assurances that work which was completed in the meantime would be published. a significant step in that regard will be the publication of a burials report in march. it will give not only more background information on the site in tuam but also on other sites of former mother and baby homes. it would be wrong to predict or speculate on what the report will state on any particular site, but it is a significant piece of work as we continue towards establishing the truth about that period of our history. the minister has committed to bringing the report to the government as soon as possible after it has been received, with a view to publishing it with government approval.
           the terms of reference for the inquiry were rightly ambitious in terms of their scope and timeframe. nobody thought it would be easy or quick. let us not forget that the commission is seeking to investigate circumstances and practices which, in some cases, were deliberately hidden and certainly not subject to intensive scrutiny at the time. there are no short cuts to establishing the truth. the minister has asked the commission to make every effort to deliver its reports as soon as is practicable and in advance of february 2020, if possible. in considering the time required to conclude its reports we must acknowledge the volume and complexity of the work before the commission.
           in its report the commission acknowledges the extensive material provided by the department of health and the department of children and youth affairs. while the report states the first tranche of discovery was delivered in march 2017, the commission has acknowledged that this is incorrect and that, in fact, the discovery of records commenced in february 2016. 
          
            additional information not given on the floor of the house
          
          the delivery consisted of more than 200 files that had been selected by the commission as a matter of priority. the joint discovery process between the department of children and youth affairs and the department of health is now complete. in respect of the discovery of records from the hse or any third party to the commission, it is important to state this is not something in which the minister or her department has a role. the minister is, however, satisfied that the commission has all of the necessary legal powers to obtain the records and testimony it needs to inform its investigation.
           in response to the recent requests to begin collecting dna samples of survivors and relatives the minister has asked dr. geoffrey shannon to examine whether it is possible to meet this request within the current legislative framework. the examination will be carried out in the context of what is scientifically possible. the terms of reference for the examination are available to view on the website of the department of children and youth affairs.
           deputies have noted that there was upset among the survivor community as a result of finding out through the media about the commission's request for an extension. for survivors to find out this upsetting news through the media was not what anyone wanted. i have been assured that the information did not issue from the minister's department. communicating with former residents is a key concern of the minister and the government."
2019-02-20,dail,https://data.oireachtas.ie/akn/ie/debateRecord/dail/2019-02-20/debate/main,296,Deputy Brendan Howlin,Deputy Brendan Howlin,"deputy brendan howlin
            regarding the taoiseach's meeting with church leaders, a swastika was recently painted outside the synagogue in terenure. has the taoiseach met representatives of the jewish community in recent times? i think we are all concerned about a very significant rise in anti-semitism across europe, very noticeably in france and other european countries. should we be alert to this in this jurisdiction? the only law dealing with hate crimes here is the rarely used prohibition of incitement to hatred act, which in its 30 years of existence i understand has resulted in only five convictions. i would be interested to hear the taoiseach's views as to whether our protections are robust enough in this regard.
             on a separate matter, the irish daily mail reports today that a test excavation has begun at a second mother and baby home in sean ross abbey, near roscrea, county tipperary. this is following directions from the commission of investigation into mother and baby homes and certain related matters. has the taoiseach discussed this matter with church leaders? does he expect more sites to be investigated? is he satisfied that the commission has the capacity and the resources to carry out its very important task?"
2019-02-20,dail,https://data.oireachtas.ie/akn/ie/debateRecord/dail/2019-02-20/debate/main,297,Deputy Mary Lou McDonald,Deputy Mary Lou McDonald,"deputy mary lou mcdonald
            i wish to pick up on that theme. a geophysical survey of infant burial grounds will begin today at the site of the former sean ross abbey mother and baby home, near roscrea, county tipperary. records of deaths at the home show that 269 children died there between 1934 and 1967 but, due to the failure of the order to keep records, the number of children who died there is not known definitively. in the past two interim reports the commission of investigation into mother and baby homes and certain related matters has highlighted its difficulty in finding out more about the burial arrangements for children and women who died in these homes. the commission has noted that there are significant gaps in the information available on the burial of babies who died in a number of the institutions under investigation and has warned that it will prove difficult to establish the facts. this statement tells its own story of the state's direct hand in the treatment of children who died, none of whom reached his or her first birthday in the case of sean ross abbey.
            as the taoiseach will know, statutory inspections of maternity homes began in 1934, which means the majority of the children who died in sean ross abbey died on the state's watch. the tuam home survivors network has asked the government to begin collecting its members' dna samples immediately due to their age and health profile. it wants to eliminate any delay in returning human remains to identifiable relatives for dignified burials and provide the samples voluntarily. 
             when does the taoiseach expect to receive the report of dr. geoffrey shannon, commissioned by the department of children and youth affairs, to consider whether the network's request can be granted? will the taoiseach personally ensure that the network is informed of its findings before the report is made public?"
2019-02-20,dail,https://data.oireachtas.ie/akn/ie/debateRecord/dail/2019-02-20/debate/main,299,The Taoiseach,The Taoiseach,"the taoiseach
            i agree with deputy micheál martin's comments about the vital role that the clergy, the catholic church and other churches played in helping to bring about the peace process in northern ireland. i believe they still have a role to play in that regard in the future.
             if we end up with a no-deal scenario in a few weeks' time - that is, no-deal without an extension, which i assume is what the deputy means, although there could be a no-deal with an extension - we will be in uncharted territory and it is not possible for anyone to predict with certainty how matters will play out. what i can say, as i have stated previously, is that we do not have any proposals or plans to install any infrastructure on the land border between northern ireland and the republic of ireland. we are putting in place infrastructure at dublin port, rosslare port and dublin airport to allow us to carry out any necessary veterinary, sanitary and phytosanitary or customs checks etc.
             if we end up in a no-deal scenario without an extension, it will create a difficult dilemma for ireland, the united kingdom and the eu. the uk will be bound to implement world trade organisation rules and we will have a responsibility to protect the single market, which we want to do, given that it is our single market and given that our industrial and economic policy, employment and much more are based on our full membership of it. above all, there will be our commitment to the good friday agreement. we would be in a situation where we would have to come to an agreement on regulatory alignment and customs, but that is what we already have. that is why our efforts are focused on securing the ratification of the withdrawal agreement, including the irish protocol and the backstop, which is the best and only way to give us an assurance that a hard border will not emerge on our island, whatever else happens as a consequence of brexit. as one can see from the events in london today, the situation is unstable and it is hard to predict what will happen in the next couple of weeks. all we can do is prepare for the different and most likely scenarios. 
             i had the opportunity to meet members of the jewish community in the past couple of weeks with maurice cohen, head of the jewish representative council of ireland, and the chief rabbi at a public event. i hope to find a way to engage with the jewish community at passover. i attended a seder last year, although i do not expect to be able to do that this year. while i share the deputy's concerns about rising anti-semitism around the world, i am not sure that it is really a feature in ireland. nevertheless, it is something we always need to watch out for and perhaps we need some further debate on the matter in the future.
             on the divestment programme for schools, parents of preschool children are being surveyed in a number of schools to find out what they want. i agree that we need to accelerate the programme of divestment but choice is also important. people have different ideas as to what the separation of church and state means. i do not think it should go as far as totally banishing religion from the public sphere. many people want to continue to have a school under the patronage of the local parish and many people from a church of ireland background are very attached to church of ireland primary and secondary schools. the same applies to the jewish congregation, while many muslim people also like to have their own school. i do not believe in a form of separation of church and state that seeks to put away any form of religion and to strike it out of public life. religious bodies and bodies inspired by religion, such as the society of st. vincent de paul and crosscare, do highly valuable work, provide many government services and receive much government funding. i would not like a form of secularism that tried to defund those organisations or banish them from public life because it is a little too extreme. i appreciate that other people may wish to have all schools divested and those bodies defunded but that is not my view.
             on the mother and baby homes, the commission of investigation has informed the minister for children and youth affairs that it is conducting geophysical testing on the burial grounds located on the site of sean ross abbey in roscrea, county tipperary. the work is being undertaken following the receipt of information from a member of the public. we were advised today that following initial geophysical testing, the commission began test excavations on monday, 18 february and they are expected to take approximately three weeks. the house will be aware that the terms of reference for the commission of investigation task it with examining burial practices at the sites of mother and baby homes and that the commission is independent in the conduct of its investigations. it has all the necessary power and resources to carry out these investigations but neither the minister nor the government has any role in this stage of the process. the commission is due to deliver an interim report next month on burials at the sites of former mother and baby homes, which the minister will bring to the government as soon as she receives it and has the opportunity to review it. 
             on dna, a new unit has been established in the minister's department to work on the legislation required to implement the government's decision on the site of the former mother and baby home in tuam. additional staff from other departments are expected to be assigned to the unit in the coming weeks and scoping of the legislation has commenced. there is no precedent for this kind of project in ireland and, therefore, it is vital that we get it right in the interests of the survivors and relatives and the dignity of those buried at the tuam site. the approach taken will be further informed by the forthcoming report in march by the commission of investigation on burials at mother and baby homes. in parallel with the legislative project, work will be carried out on sourcing the appropriate expertise.
             in response to deputy mcdonald's request to begin collecting dna samples of survivors and relatives, the minister for children and youth affairs, deputy zappone, has asked dr. geoffrey shannon to examine whether it is possible to meet the request within the current legislative framework. this examination will be done in the context of what is scientifically possible."
2019-02-19,dail,https://data.oireachtas.ie/akn/ie/debateRecord/dail/2019-02-19/debate/main,119,Deputy Clare Daly,Deputy Clare Daly,"deputy clare daly
          today's business shall be no. 13, motion to instruct select committee on health re health service executive (governance) bill 2018; no. 14, motion re ireland's participation in a european defence agency project - military search capability building, back from committee; no. 1, companies (amendment) bill 2019 [seanad] - second stage; and no. 9, civil registration bill 2019 - order for second stage and second stage. private members' business shall be no. 54, management fees (local property tax) relief bill 2018 - second stage, selected by fianna fáil.
           wednesday's business shall be expressions of sympathy on the death of former member donal creed; no. 14a, motion re presentation, circulation and referral to select committee of further revised estimates; no. 2, data sharing and governance bill 2018 [seanad] - amendments from the seanad; no. 34, aircraft noise (dublin airport) regulation bill 2018 - report stage (resumed) and final stage; no. 1, companies (amendment) bill 2019 [seanad] - second stage (resumed); and no. 9, civil registration bill 2019 - order for second stage and second stage. private members' business shall be no. 211, motion re confidence in the minister for health, selected by sinn féin.
           thursday's business shall be no. 34, aircraft noise (dublin airport) regulation bill 2018 - report stage (resumed) and final stage, if not previously concluded; no. 9, civil registration bill 2019 - order for second stage and second stage; no. 34a, statements on fourth interim report of the commission of investigation into mother and baby homes (resumed); and no. 35, prohibition of above-cost ticket touting bill 2017 - second stage (resumed). thursday evening's business shall be no. 15, motion re report entitled, accessibility of public transport for people with disabilities, from the joint committee on transport, tourism and sport.
           i refer to the second revised report of the business committee, dated 18 february 2019. in relation to tuesday's business, it is proposed that no. 13 shall be taken without debate and that any division demanded thereon shall be taken immediately; that no. 14 shall conclude within 45 minutes, with speeches confined to a minister or a minister of state and the main spokespersons for parties and groups, or a member nominated in their stead, which shall not exceed five minutes each; that there shall be a five minute response from a minister or a minister of state and that all members may share time; and that second stage of no. 54 shall conclude within two hours.
           in relation to wednesday's business, it is proposed that the dáil shall sit later than 10.15 p.m. and adjourn not later than 11.15 p.m.; that expressions of sympathy shall be taken after leaders' questions for a period not exceeding 15 minutes and followed by questions on promised legislation and that contributions shall not exceed two minutes each; and that no. 14a shall conclude within 85 minutes, with speeches confined to a minister or a minister of state and the main spokespersons for parties and groups, or a member nominated in their stead, which shall not exceed ten minutes each, with a five minute response from a minister or a minister of state, and that all members may share time and that any division demanded will be taken immediately.
           in relation to thursday's business, it is proposed that no. 34, if not concluded on wednesday, shall take place immediately after questions on promised legislation for not more than one hour and be followed immediately by the weekly divisions."
2019-02-13,dail,https://data.oireachtas.ie/akn/ie/debateRecord/dail/2019-02-13/debate/main,52,Deputy Sean Sherlock,Deputy Sean Sherlock,"deputy sean sherlock
            will the minister outline whether burial sites allied to former institutions are being examined for the purpose of possible further investigations? this is in the context of the commission of investigation into mother and baby homes and in the light of the speech that the minister made to the seanad on 6 february, when she indicated that the commission plans to deliver a substantial report on the burial arrangements for persons who died while resident in the institutions by 15 march 2019. she went on to state that the commission's assessment of burial arrangements at other major institutions is also being considered. what is the state of play vis-à-vis other institutions?"
2019-02-13,dail,https://data.oireachtas.ie/akn/ie/debateRecord/dail/2019-02-13/debate/main,53,Deputy Katherine Zappone,Deputy Katherine Zappone,"deputy katherine zappone
            the investigation of burial arrangements of persons who died while resident in what were termed mother and baby homes is a key focus of the terms of reference for the statutory commission of investigation. we know from the commission’s interim reports that it has dedicated significant time and effort to advancing its investigations of these matters. while i understand the urgency and sensitivity surrounding these questions given the advancing age of many former residents and their families, the deputy will be aware that the statutory commission is independent of government in the conduct of its investigations.
             in response to the commission’s confirmation of juvenile remains at the tuam site, the government approved a comprehensive programme of action, including a phased excavation, exhumation and identification programme, in so far as it is possible. we were guided by families and campaigners, the residents of tuam and the best expertise available to us in making this decision. all reasonable steps will be taken to ensure that the children interred at the site will have a dignified and respectful burial and to assist their families and the wider community in seeking answers to as many questions as possible. 
             to answer the deputy's specific question, the commission has yet to issue findings in respect of burials at other locations. last month, i announced that it plans to report on the burial arrangements at these institutions in march 2019. the extensive technical reports prepared in the course of the commission’s work on the site of the former tuam mother and baby home will also be included in the report and, therefore, it will significantly assist my department’s ongoing work to advance the necessary legislative and operational arrangements for the tuam site. most significantly, i have been informed that the commission intends to use the report to outline its findings in respect of the burial arrangements for the other institutions within its remit."
2019-02-13,dail,https://data.oireachtas.ie/akn/ie/debateRecord/dail/2019-02-13/debate/main,72,Deputy Denise Mitchell,Deputy Denise Mitchell,"deputy denise mitchell
            has the minister for children and youth affairs considered the call by some survivors of the tuam mother and baby home to collect dna to ensure that as many human remains as possible will be identified and will she make a statement on the matter?"
2019-02-13,dail,https://data.oireachtas.ie/akn/ie/debateRecord/dail/2019-02-13/debate/main,73,Deputy Katherine Zappone,Deputy Katherine Zappone,"deputy katherine zappone
            i am aware of calls by the tuam home survivors' network for the government to begin collecting their dna samples immediately. they describe this issue as urgent, in light of the age profile and health status of some survivors.
             the purpose of collecting samples would be to compare against any dna profiles that may be generated from the juvenile human remains found at the site of the former mother and baby home in tuam and, if possible, to make positive identifications. these issues will ultimately be addressed within the legislation that is currently being scoped by my department. however, i am sympathetic to the concerns of survivors that their ages and health profiles introduce an element of urgency.
             i would like to respond as positively as possible to the survivors' request having regard to the current legislative framework. with this in mind, i have asked dr. geoffrey shannon to examine whether it is possible to meet this request. this examination will be done in the context of what is legally and scientifically possible. in examining this matter, we need to be conscious that important issues arise in respect of the handling of sensitive personal information. it should be possible to find a solution that takes account of survivors' wishes, while providing appropriate safeguards.
             dr. shannon will consult my officials in the course of his work and provide a report to me in the coming weeks."
2019-02-07,dail,https://data.oireachtas.ie/akn/ie/debateRecord/dail/2019-02-07/debate/main,447,Minister for Children and Youth Affairs (Deputy Katherine Zappone),Minister for Children and Youth Affairs (Deputy Katherine Zappone),"minister for children and youth affairs (deputy katherine zappone)
          i welcome the opportunity to update the house on the commission of investigation into mother and baby homes. in particular, i would like to update deputies on the commission's fourth interim report and what i have been doing to progress issues since the work of the commission began. as deputies are aware, the commission submitted a fourth interim report to me last december, which i published after securing government approval on 22 january. the report is available to view and download on the department's website. the commission advised that it would not be able to issue its reports within the previously agreed timeframe and requested an extension of one year to allow it to complete its work in full. the government has agreed to this extension request and the commission is now due to submit its final reports by february 2020.
           in making a case for an extension, the commission outlined the sheer scale of the work involved in investigating the matters set out under its terms of reference. the investigation includes multiple lines of inquiry relating to the operation of quite different institutions over a period of more than three quarters of a century. the scope of the terms of reference and timeline for this commission has always been ambitious and we remain ambitious for the outcome of the commission. the public interest and, most importantly, the interest of former residents is best served by facilitating the commission to conduct the comprehensive analysis required to make accurate and robust findings on the extensive range of sensitive issues before it. i know that many former residents have been eagerly awaiting the completion of the commission's work and i understand that many who contributed to the process and shared their information are disappointed and frustrated by this development.
           the commission's fourth interim report provides an update on its important work engaging with former residents and others connected with these institutions. it has captured the personal experiences of 519 witnesses through the work of its confidential committee, and this process was expected to be completed by the end of january. hearing these stories grounds the work of the commission in the lived experiences of those who spent time in these institutions. the commission is continuing to take evidence about conditions in the institutions from former residents, workers and the authorities that ran the institutions and this work is not yet complete. the commission also stated that its wide terms of reference have necessitated the collection and analysis of a vast range of documentary material relating to the institutions under investigation. while this process is ongoing, i can confirm that the department has furnished the commission with all relevant records in its possession.
           significantly, the commission now plans to deliver by 15 march 2019 a substantial report on the burial arrangements for persons who died while resident in these institutions. the report will include extensive technical reports prepared in the course of the commission's work on the site of the former mother and baby home in tuam, county galway and the commission's assessment of burial arrangements at other major institutions. i will seek formal government approval to publish the report as quickly as possible after i have had an opportunity to consider its findings.
           upon receipt of the interim report, i consulted with the commission to explore whether any of its three reports could be completed in advance of february 2020. the commission is strongly of the view that it will not be possible to complete any of its reports in isolation from its companion reports. when i met judge yvonne murphy i was reassured by the absolute commitment of the commission to establishing the full facts of what happened to women and children in these institutions. i accept that the commission is using its best endeavours to conclude the investigation as quickly as possible. the chair wants to conclude matters, and i know the deputies in the house want the same thing. it is clear that the commission is seeking to collate and analyse information on these institutions at a level of detail that has never been done before. this will greatly assist public understanding and possibly assist individual citizens with their personal stories and experiences.
           i can confirm that the extension of time for the commission will not impact on the planned forensic excavation of the tuam site. these are separate processes. however, the commission's burials report is expected to assist and inform the ongoing work to advance the legislative and operational arrangements for this priority project. if a decision had been made not to grant the extension sought, the commission would, effectively, be obliged to submit incomplete reports this month. clearly, such a scenario would ultimately undermine its findings and impact on the opportunity within this process for irish society to acknowledge and start to understand the harrowing manner in which single women and their children were often treated during this period. this would be placed at risk. in these circumstances, the government's approval of an extension was the only viable option. the government will continue to make available whatever resources and supports are required for the commission to continue its vital work. the commission has confirmed that despite the extension, it expects total costs to remain within the initial costs estimate of €21.5 million.
           in october 2018, the government approved the recommendation for the phased forensic excavation of the available site of the former mother and baby home in tuam, county galway. as the minister responsible, i was honoured to make a recommendation to colleagues, which was not only supported by the best experts in science and law but, more importantly, was also informed by the voices of survivors, families and loved ones. implementing this decision will not be straightforward. new legislation is needed to provide specific lawful authority for the proposed course of action.
           the preparation of legislation is a key priority in the department and a new dedicated unit has been established for this task with additional staff from other departments expected to be assigned to the unit in the coming weeks. the wider interdepartmental group on tuam, led by the department of children and youth affairs, will continue to assist in terms of strategy and overall approach for the project. scoping of the required legislation has commenced. there is no precedent for this kind of project in an irish context and it is vital that we get it right in the interests of the survivors and the relatives and dignity of those buried at the site in tuam. the approach taken will be further informed by the forthcoming report in march on burials at these institutions. in parallel to the legislative project, work will be carried out on sourcing appropriate expertise to carry out the works. as minister, i will continue to examine the ways we can respond to the wider concerns of the advocates, families and survivors.
           while the commission's work and the work regarding tuam is ongoing, i am committed to engaging with former residents about their needs. the collaborative forum of former residents, which i established last year, has assisted in constructive engagement with former residents. it was established as a progressive response to the theme of ""nothing about us without us"", which emerged from facilitated consultations with former residents and their advocates. i recently received the collaborative forum's report, which identifies a number of issues of concern to former residents and includes a series of recommendations on matters of priority to them and their families. i am considering the recommendations made in the report that fall under the department's remit, which include access to records and concerns about how tusla deals with requests for information, tracing and access to records. there are arrangements in place with tusla in regard to these services. i will look at ways in which these services could be improved where possible.
           the report also makes recommendations on access to health services. memorialisation and commemoration are also strong themes in the report, as is the appropriate use of language and terminology. many of the recommendations do not fall within the remit of the department. however, i am engaging with my government colleagues and their respective departments to discuss and progress these matters further. i propose to bring the report to cabinet shortly to facilitate its consideration by the government and i hope to have responses to at least some of the recommendations when i do so.
           picking up on questions and concerns raised by deputies recently regarding bethany home, it might be helpful to set out some of the background on the matter.
           as deputies will be aware, my colleague, the minister for education and skills, deputy mchugh, is responsible for the residential institutions redress act 2002 legislation and related arrangements. the redress scheme established under the act has not been extended to any additional institutions since 2005. when the ryan report was published in 2009 there were a number of calls for the redress scheme to be extended to include additional institutions, including the bethany home. the bethany home is one of the 14 named mother and baby homes currently being examined by the current commission. 
           mother and baby homes and related institutions have never been the focus of a statutory investigation before. the decision regarding extending the scheme has been reviewed on a number of occasions by this government and the previous government. there is no change in the decision not to extend the scheme. in its second interim report, the commission suggested eligibility for the scheme be re-examined. we examined it carefully and concluded it was not possible to implement redress at that time. 
           in reaching that conclusion the government was conscious the commission has made no findings to date regarding abuse or neglect, and believes it would not be appropriate to deal with the question of redress in advance of any conclusions by the commission. deputies may also wish to note that the bethany home survivors are represented on the membership of collaborative forum and the report contains powerful contributions from the member representing the bethany home and protestant survivor groups. i met representatives of the forum when it presented me with its initial report in december. i heard from some of the members at first hand and was deeply moved by that testimony from them. information on the forum can be found on my department's website."
2019-02-07,dail,https://data.oireachtas.ie/akn/ie/debateRecord/dail/2019-02-07/debate/main,448,Deputy Anne Rabbitte,Deputy Anne Rabbitte,"deputy anne rabbitte
          this is my third time to stand here as the minister seeks an extension regarding the commission of investigation. on the two turns before this i was favourable to, approving of and co-operative with the request. today, i am disappointed. the minister will understand why i am disappointed to see yet another extension to the commission of investigation timelines. that is particularly the case for the survivors and the families affected by what happened in the mother and baby homes and who have been awaiting this report for years at this stage.
           only the other night, the ""prime time"" programme covered this issue from tuam. three gentlemen, peter, pat and tommy, spoke up. i spoke about tommy in this house before. his final comments on that programme referred to the survivors getting old. he hoped this issue was not being dragged out so that no one would be left to talk about it or fight for the survivors. that is how he sees it, which is unfortunate because that is not the intention of the commission of investigation. i have no doubt the commission and the minister want to get to the bottom of this matter. it is, however, unfortunate that we are going into another year of waiting. 
           we need to get some answers and to see where this process is going. the ""prime time"" programme the other night brought up many questions i have brought up in this house before. i look forward to getting answers to those questions and i feel those answers will feed into the commission of investigation. i am referring, in particular, to the role of galway county council in all of this. i want to know in particular what its role was as it started building houses in the 1970s when the council knew about the sites prior to that. the maps have become available. 
           tommy told the story previously about how, after five years and two months, he was very lucky to be ""sponsored"". that was the word used. he also spoke about later in his life getting the price of a bike when he turned 18. the price of that bike came from galway county council. i know, therefore, that there are many records and much information there. i need to know exactly how many other people got the price of a bike. how many other families got that allowance for caring for those people? that will tie up much of the information needed. i need to know serious co-operation is taking place between galway county council and the commission of investigation. the survivors would also like to know co-operation is happening. 
           i also want to know about the role of the coroner in all of this. what information was available to the coroners, what have they shared and how have they engaged? that is a major piece of this jigsaw but nobody is talking about the role of the coroner in respect of the death certificates. we have spoken of birth certificates but death certificates have not been mentioned. i am sure all of the deaths had to be recorded somewhere, at whatever age those deaths might have taken place, be it adults or children. the role of the coroners links back in again to galway county council. the council has a major role to play in this investigation. it is the silent body with no statements whatsoever coming out. 
           i am cross about the council in this regard. the reason is that when i speak of the pats, the tommys, the peters or whoever and when i go to galway county council to seek some form of housing adaptation grants for those people i know have been through the mother and baby homes, i can get very little co-operation. this issue has been raised previously. there should be some streamlining of the system in order that i can help some of the former residents of the mother and baby homes when they need adaptation grants. some of those people have disabilities yet they are being long-fingered. that is wrong. certain comforts are required for these people. i am referring to day-to-day practicalities. they are not within the remit of the minister's department but they are within the remit of local government. 
           there should be some form of co-operation on that issue while we are awaiting the results of the commission of investigation. i think the final report of the commission is going to be quite damning from the point of view of galway county council. i want to see that report and i want to see it soon. age is not on the side of the survivors. that is wrong. i refer to peter, who wants to know the story and is going through the high court now to find the link with his sister. we are denying that man the opportunity to have knowledge of his family. we are forcing him down the road of the courts. that is not right. 
           the people of tuam are not proud, by any manner or means, that this is being dragged out for so long. they would like this issue brought to a conclusion. burials and excavation works are now going to take place. all of that is taking place, however, in a vacuum. we do not know what has fed into it in respect of the commission of investigation. i implore the minister, and the people she has commissioned to do this work, to please stick to the timelines on this extension. it is essential that we do not have to look for even another hour of an extension. the targets set out by the minister today in the interim report should be followed through. i state that because i have last year's statement concerning this process running from 2018 into 2019. now we have it running from 2019 into 2020. that is not good enough. it cannot happen again.
           in her report, the minister also stated the cost would be €21.5 million. one of the initial reports referred to €6 million to €12 million and now the cost has gone to €21.5 million. i can understand an expansion but in respect of the costings we need to keep things in line and within targets. we also need to know exactly where we are spending that money. i do not mind spending it because these people need answers. that is not what this is about. let us, however, meet our targets and give these people a definite answer."
2019-02-07,dail,https://data.oireachtas.ie/akn/ie/debateRecord/dail/2019-02-07/debate/main,449,Deputy Denise Mitchell,Deputy Denise Mitchell,"deputy denise mitchell
          we stood in this chamber in march 2017 and i said the government must to do all it could to ensure the commission had whatever resources it needed to complete its work in a timely fashion. many deputies, across this house, expressed their frustration with the delays but by and large, it was understood at the time. with this second delay, that frustration is now turning to anger. i am sure the minister is aware of the sheer disappointment this delay has caused. the survivors of these mother and baby homes have waited a lifetime for their stories to be heard. to be told, yet again, that they have to wait another year is an injustice.
           the coalition of mother and baby home survivors described the second one-year delay as an absolute kick in the teeth for the people who will never see justice or an apology or redress. the irish first mothers group has described the delay as a mechanism for evading redress, while the tuam home survivors network has called the delay devastating. this is powerful. what does the minister suggest we tell these victims, what words of comfort can we supply?
          what do we tell the survivors of the bethany home who were wrongly excluded from the 2002 redress scheme? they have described the government’s attitude towards them as a policy of delay and denial until they die. many survivors' and relatives' groups are beginning to feel the same, because every time a report is on the horizon there is another pushback. i raised the question of whether it was a matter of resources. why was it that in december some 26 people were still waiting for their testimony to be heard?
           according to the report, the hse yet again seems not to have a clue where the files are. one institution that is referenced is the castle in donegal. it operated until 2006, yet the hse, which was heavily involved, has not handed over any documentation - zilch. i acknowledge and share the commission's frustration on the matter, but it is utterly shocking.
           in the part of the report that covers burial arrangements, it is stated that a geophysical survey has been conducted at the site of the former sean ross abbey in recent weeks and that further investigations may be carried out, depending on the findings. will similar surveys be conducted at the former bessborough mother and baby home in cork? not only was it run by the same religious order as the sean ross abbey but the death register shows that 470 children and ten women died there between 1934 and 1953. the religious order, however, seems to have provided different figures to state inspectors for the same period.
           all the facts i have outlined make it important that this mother and baby home is surveyed in the same manner as the sean ross abbey. it seems that much of what is contained in the interim report has been copied and pasted from the previous one. each delay to the final report not only means there will be a longer wait for justice and closure for the survivors but also that many people will not see the truth, justice or closure, which is a harsh reality. as i have previously stated to the minister, justice delayed is justice denied."
2019-02-07,dail,https://data.oireachtas.ie/akn/ie/debateRecord/dail/2019-02-07/debate/main,450,Deputy Mary Lou McDonald,Deputy Mary Lou McDonald,"deputy mary lou mcdonald
          we all accept the scale of the commission's task in investigating this shameful chapter in the state’s past. the need to investigate mother and baby homes and the provision of redress to survivors have been debated in the chamber for the past 15 years. in 2005, my colleague, deputy ó caoláin, called on the minister for justice, equality and law reform to include mother and baby homes in the work of the ryan commission. members of the opposition in the dáil and seanad repeatedly called on governments led by fianna fáil and fine gael to recognise the wrongs endured by the women and children who passed through the doors of the institutions but their demands fell on deaf ears.
           the minister's recent apology to survivors for the further delay to the commission completing its work was welcome, for what it was worth. i accept the sincerity of her belief that by granting an extension of 12 months, the final report will provide a better picture of what happened in the institutions. unfortunately, however, the minister's sentiments are not matched by her department's actions. i was alarmed to learn that it took two full years for her department and the department of health to hand over the first tranche of discovery to the commission. even after such an inexplicable delay, the material provided by both departments was just one tenth of the documentation that would follow over the next year and a half. as late as november 2018, the commission was informed of many thousands of pages of discovery yet to be handed over.
           while that is bad, the hse has fared even worse. it has been unable to provide documentation of its involvement in institutions from as recently as 2006, as deputy mitchell noted. the fourth interim report indicates that the commission is dismayed that so little relevant documentation has been found by the hse. it also reveals that the hse does not have a system for storing or archiving material. how can it be that any state agency in 2019 does not have an archiving policy and procedure embedded in all levels of its administration function? as an aside, it is reminiscent of the behaviour of state authorities north of the border, which seek to hide information from families seeking the truth about legacy inquests and past events.
           many survivors and families simply no longer have confidence in the government or the state to do the right thing. it is as stark as that. they fear that the government is dragging its heels in a cynical attempt to limit the state’s redress liabilities to a small group of survivors whose numbers decline with each passing year.
           i make particular reference, as the minister did, to the survivors of the bethany home. as she will know, detailed research undertaken by dr. niall meehan on behalf of the survivors provides a catalogue of state culpability dating as far back as 1939. let us not forget that statutory inspections of maternity homes began in 1934, and the bethany home was inspected from 1935. just four years later, the state’s deputy chief medical adviser ignored the advice of a departmental inspector who wanted a bethany home nurse mother to be prosecuted for severe neglect. at least 247 children died in the institution. some 222 of those babies and children have been memorialised by survivors in mount jerome cemetery, and it is possible that more died. children were routinely shipped out to unsuitable homes in ireland and further afield. we know that at least 54 of those children died from convulsions, 41 from heart failure and 26 from malnutrition or starvation. in 2017, by examining the records of undertakers, the group discovered 25 additional children, many of whom also died from malnutrition.
           mr. derek leinster, arguably the leader of the group, has outlined his heartbreaking story of abuse and neglect, as are those stories of survivors who have since passed away without justice or redress. in 2016, the commission stated in its second interim report that, logically, children resident at the bethany home and similar homes should be eligible for the residential institutions redress scheme. i cannot for the life of me understand why the minister has not taken it upon herself to champion that cause. i do not accept her blithely setting the matter aside and telling us that the government position remains the same.
           on tuam, which the minister mentioned, if legislation is needed for the gathering of dna, let us have it promptly. we must listen to victims and survivors."
2019-02-07,dail,https://data.oireachtas.ie/akn/ie/debateRecord/dail/2019-02-07/debate/main,451,Deputy Joan Collins,Deputy Joan Collins,"deputy joan collins
          my position on this issue is on the record of the house, as deputies clare daly, connolly and i brought it to the minister's attention during a topical issue debate three weeks ago. deputy daly raised it again during leaders' questions. mother and baby homes are one of the darkest parts of our history.
          it was mainly working class women and kids who were treated so badly and with such neglect that it is almost unbelievable.
           last year when we got the third report there were probably arguments for the investigation to be extended. the commission indicated it had yet to meet many of the large numbers of people and this clearly had to be done. it indicated that the records were old and many were paper files, meaning the commission had to go through all of them. these amount to a strong enough argument and we could not close the commission at that point because of it. a third point was that extensive information had still to be provided by religious congregations and departments served with discovery orders. i had a quick look through last year's debate and every deputy who spoke indicated support of the commission and the minister. however, many of them made the point that the investigation could not go on after 2019. they argued that all the required resources should have been given to the commission to ensure that in 2019 we would have the report and the survivors would at least be able to have some closure.
           why did this not happen? the fourth interim report states, ""the first tranche of discovery was delivered in march 2017."" that was from the health service executive and the department of children and youth affairs. the report continues:
          this consisted of over 12,000 pages. the second tranche was delivered in march 2018 and consisted of over 54,000 pages. two further tranches were delivered in june 2018, consisting of approximately 36,000 pages. the commission was informed in november 2018 that a further 277 relevant files were available. the commission does not yet know the extent of the material.
          that seems to be where the commission was in december. when these tranches were coming through, surely a red flag should have been raised so as to indicate that the commission needed more resources to get the job done because it would not be able to get through this in the time given. the minister must address that point. why did the commission not raise an alert and say there were problems? whatever about 277 files coming in late last year, the matter could have been dealt with more quickly if a flag had been raised and more resources had been allocated to examining those tranches of documents.
           the minister does not want to see the commission not fulfilling its role but this affects older people. they are not just anxious and they were hoping that the commission would bring final findings to them this year; now they are getting angry. these people have lost confidence or trust in the commission and the minister. the comments from tommy on the ""prime time"" programme reflected that feeling that justice delayed is justice denied.
           i really cannot express how the survivors must be feeling at this stage as some of them will not survive another year. they will not see the closure they need, even when there was an expectation they would have that closure on the matter. i am very angry and bitterly disappointed that we have had to come to the chamber to discuss another year for the investigation. irish first mothers has expressed very clearly how its members feel about this. the minister said some moneys or support would be given to survivors over the next year but that group called for judge yvonne murphy's commission of investigation to split its historical investigations from redress considerations. could that happen? the group voiced its support for catherine corless and her call for comprehensive historical investigations at tuam and other sites but argues that the commission has enough evidence to issue a redress finding immediately by way of an interim report. could that happen? it is something we could consider if we are to deal with the matter of redress for survivors. the group described the delays as being like ""a kick in the teeth"" for survivors and it is.
           we should also consider what happened in the bethany home. mr. derek leinster of the bethany home survivors' group has stated that time is running out for the government to do the right thing. he argues that for the bethany group, members' remaining time would be measured in days and not years, and there are people who cannot afford to keep themselves for the time they have left.
           these concerns must be taken on board and i would like the minister to revert on those two specific points. could the historical investigations and redress elements of the investigation be separated? could a redress finding be issued by way of an interim report? the irish first mothers group has argued that the cabinet should stop the ""smokescreen"" of false redress and it should quit hiding behind judge murphy. it has argued that the cabinet should ask her to issue an interim redress report. if that could be done, it would go some way to dealing with the redress issues. the irish first mothers group is now taking legal advice and going to the courts; it should not have reached the point where they feel so let down that the only option they feel they have is to try to get redress in the courts. it is a shame and we should all hang our heads, particularly the minister and those in the commission."
2019-02-07,dail,https://data.oireachtas.ie/akn/ie/debateRecord/dail/2019-02-07/debate/main,452,Deputy Catherine Connolly,Deputy Catherine Connolly,"deputy catherine connolly
          i welcome the opportunity to make a contribution to this, although sometimes i tire listening to my own voice. i am not here for myself but for those who feel exasperation on the ground. i admit from the outset that i have a particular personal interest besides a professional interest in the past.
           i welcome that there will be a report in march and that the minister has opted for a full forensic examination of the tuam site. however, i do not welcome the way this has been handled, with details of an extension being sought published by mr. patsy mcgarry in the irish times on 9 january. i do not know who is responsible for that but i am afraid the minister must carry the can. it is not the way it should have been done. i do not know how that got out and the independent commission clearly could not have done it. it would be serious if it was responsible so i will presume it was not, but who did this and how did the details emerge in that manner? have we learned nothing?
           it is important to consider the timeline. i was about to say the remains of ""approximately 800"" children were found but i thought how wrong of me it would be to do something like that. there were remains from 796 children discovered in 2014 arising from the extremely important work of catherine corless. that work was not easy. i will not go back into it but it was the beginning of the process. we are uncovering the layers of secrecy in irish society, along with the layers of shame heaped upon women. i often wonder how we, as women, emerged sane from this or how we can have any sanity after the way we were treated. i certainly came up towards the tail end of such a background. with the brave work of catherine corless, we finally had some action from the government on 4 june 2014, when it announced it was to bring together representatives from various organisations and that an inquiry would take place. on 16 july 2014, which is more than four years ago, the government announced that judge yvonne murphy would chair a commission. i will not get into the details, which we know.
           my difficulty is that deadlines were given from day one but they were never met. there was foolishness with the confidential committee report, a social history report and a substantial report, as all the deadlines were missed. one can imagine that with something as important as this, trust should be of utmost priority. there was no trust. people could not even trust birth or death certs. we could trust nothing and the people for whom i stand here had no trust in anything. a commission was set up but there is no trust either in the process of reporting on that commission, with deadline after deadline missed. there is a final request to extend it another year to 2020.
          the first interim report concerned the revision of the timeframe for the reports. there was no change to the statement on costs or anything like that and that was agreed to. the second interim report is a little more important. it made a recommendation to the government, which it duly ignored. trust once again went out the window. it was given to the minister in september 2016 and was published in april 2017. there is no explanation for that delay and no understanding of what that did to people’s confidence. the report clearly stated that those babies and children who were unaccompanied should not be distinguished from those who had received redress from the residential institutions redress board, those who had spent time in institutions. it is a distinction i do not agree with but i can see where it is coming from. if the government wanted to show good faith and restore confidence it could deal with the implications of that, rather than make a glib response that the time for the redress board had closed. that was a golden opportunity that did not happen. 
           the third interim report was submitted in september 2017 and published in december 2017, another inexplicable delay. that was to request an extension of a year. we agreed and the government gave it that in our name. how could all of these extensions of time go ahead? i accept the work is complex and there is a pile of documentation but there has been no request for an increase in resources, staff or money. how could that happen? it was set up for a specific period and has gone far over that time yet there is no request for any increase in funding. that is very strange. 
           the fourth report stated that it was expected that all the meetings with individuals would be completed by january 2019. this is february. has that happened? the revelation in the report that extensive material provided by the departments of health and of children and youth affairs had only recently been provided to the commission was alarming. more of the blame, if that is the appropriate word, fell on the health service executive, hse. what are the reasons for this? the commission has been going on for four years and it is not clear why there was a delay in giving it the documentation and whether all documentation has been given. 
           the terms of reference go way back, yet the first tranche of discovery documentation was delivered in march 2017. this consisted of over 12,000 pages. the second tranche was delivered in march 2018 and consisted of over 54,000 pages. the fourth interim report stated:
          it is difficult to understand how relatively recent documentation is not available. for example, the north western health board, and subsequently the hse, was intensively involved in the running of one of the institutions under investigation.
          it mentions the institution and continues. does the minister have an answer for that in respect of specific documentation?
           i have repeatedly highlighted a file note and confidential briefing documents in this chamber. every government for the past few years has been utterly aware that something was seriously wrong in respect of mother and baby homes throughout the country. much of that documentation and knowledge came from the mcaleese inquiry into the magdalen laundries. while it was not his brief to look into that, all of the information came to the surface, which may be a bad choice of words. i note the principal social worker for adoption in the west has been working on her own time. this is all outlined in this material, to which the minister, the government and the previous governments were privy. it is a record of what they knew at the time. she is working on her own time and on her own dollar, an interesting choice of word bearing in mind where our children went, to try to piece together a bundle of information. she already has a database of up to 1,000 names but it is not clear yet whether they all relate to the ongoing examination of the magdalen laundries or to the adoption of children by parents, possibly in the usa. it continues, for the information of the person in charge, ""this may be a scandal that dwarfs other, more recent issues with the church and state"". there are serious questions about interference with death and birth certificates. we have a commission of investigation but there are unacceptable delays. we get a lot of padding from the minister about collaborative justice. as someone who has been affected by this, but not as much as those who have closer relatives involved, i do not want filling on collaborative justice. the people on the ground who have spoken to me do not want it. they want knowledge and information at regular intervals to empower them. they were disempowered and this system continues to disempower them and to patronise them.
           i do not think the minister should stand over that. i do not think she is the type of person who will do so but unfortunately, that is what has happened. patronising disempowerment continues by the very mechanisms that have been set up to undo what happened in the past. if we learn anything, the minister should publish the report as quickly as possible when it becomes available in march. there should be an interim report on the substantive nature of what has been discovered by the commission. i see no reason why a substantive interim report cannot be published. there should be no more communication through the irish times, notwithstanding my respect for that newspaper. communication should be directly with the people on the ground. any report that comes into the minister's hands should come into the dáil within hours or days, depending on the schedule of the dáil. there should be no more three and six-month delays. that is how the minister will restore confidence in the system and empower the people on the ground."
2019-02-07,dail,https://data.oireachtas.ie/akn/ie/debateRecord/dail/2019-02-07/debate/main,453,Deputy Clare Daly,Deputy Clare Daly,"deputy clare daly
          unlike deputy connolly, i have no respect for the irish times but the person whose article brought this information into the public domain is one of its better writers. survivors of the mother and baby homes, not to mind politicians, should not be getting their information from the irish times or any other media outlet.
           this is an incredibly important issue. there is a certain irony in the fact that we are celebrating 100 years of this parliament and of the irish state and yet one of our biggest, dirtiest secrets has not been properly examined. it is part of what we are, the way in which women and their children were treated in this state and, as deputy joan collins noted, working-class and poor women in particular. they were hidden behind walls, their babies in many instances were taken from them and they and their children have lived with that trauma to this day. we cannot develop as a state unless we fully acknowledge that and utilise the information available to the state to learn, apologise and give redress. redress is not a question of money. in many instances it is an acknowledgment of the wrong. when we have raised these issues, the taoiseach has got up and said sorry but that is not the same thing. it is not a full acknowledgment that we as a society have to take responsibility for this.
           it is in that context that we have to examine the fourth interim report of the mother and baby homes commission of investigation. in some ways it strikes me as incredibly similar to the children's hospital because the argument is the same. it is an acknowledgement that something has ended up different from the way in which it started out and that while it is not the way it was planned, it has now gone so far down the road that it would be an awful waste to pull back from that. it is a case of being kind of stuck with it, so the only thing that can be done is to go with the flow because it would be madness to waste all the work that is being done.
          that is the same argument that was put forward last year. deputies across this house accepted the bona fides of that argument in good faith, although they did not like it. the survivors certainly did not like it. they were seriously traumatised by that situation, but they accepted it because it was a rational argument to make that we have gone a long way and that the work is complicated. we cannot do that this time around. there is a difference a year on because we have had that conversation. our job is now to ask whether it is really good enough to say that the commission has got this far and that we should let it finish off the work. we now have to ask why it did not complete the work in the time allotted. was it that we got it wrong in laying down the terms of reference, because something is wrong? this commission was set up with a budget of €21 million and has run over time by two years. it has rented nice offices on baggot street and employed people for two years longer than it was supposed to, yet the budget is unchanged. how could that be? the sums do not add up. did we get the budget wrong or is something wrong now? i do not have an answer to that. we do not know how it has got this far. one can only draw two conclusions; either this is being done in a monumentally disastrous and ham-fisted way or something more cynical is afoot. they are the only two possible conclusions. this process has been handled so badly. other deputies have also made points about its handling.
           let us look at where we are. this interim report said that the commission needs more time. it said that 26 people remain to be interviewed and that these interviews would be done by january. as other deputies have already asked, have those 26 people been interviewed? the second issue raised in the report is that of a big boat-load of documents which had only recently come into the fray. it said:
          the commission does not yet know the extent of the material in these files but it is likely to run to many thousands of pages. the commission expects to receive these in december 2018.
          did the commission receive these files in december 2018 as indicated in the interim report? did the material run to thousands of pages? based on that information, what is the commission now saying about its likely conclusion date? if one reads the different interim reports one will see that the language in parts of earlier reports is absolutely identical to the language in this one. we cannot have that. the report talks about its considerable workload in cross-referencing documents and about delays in obtaining the evidence from the authorities which ran the institutions which could not be examined until the commission had finished the examination of the documents. these are word-for-word the same in one interim report as in another. what happened in between? 
           why is it that a commission set up by the department of children and youth affairs had to wait until a year after it was supposed to have concluded for that same department to forward documents? either we are dealing with the most incompetent shower in the history of the universe or something more sinister is afoot and there are forces obstructing the transfer of this information. i do not have an answer to that. i actually do not know. nobody has given me a rational explanation, but i have read between the lines where the report talks about the hse. this is utterly frightening. again it is an indictment of the very weak media in this state that they fail to scrutinise the real issues relating to what goes on in here and, instead, prefer to chase a cheap headline. they do not actually carry out real scrutiny and did not highlight and examine what is in this report, limited as it is. the commission is shocked that, ""the hse does not have any system, much less a proper system, of storing and archiving material"". it finds it, ""difficult to understand how relatively recent documentation is not available"". what does this public commission mean when it says that? when it says that it is difficult to understand it is really saying that it does not believe it, it cannot understand it, and there is no logical explanation as to why that would be. why is that the case? i have not heard anything in that regard. these are incredibly serious issues. 
           the minister has talked a lot about tuam and the graves, but that is a separate issue from that of the mother and baby homes commission of investigation. it is tied in, but it is not necessarily what we are talking about here. i strongly support the point made by deputies who asked for the issues of apology and redress to be taken out of this process. it is scandalous that we have not had an answer on the issue of the bethany home. perhaps i will hear something now, but i have not seen a single word as to why the bethany home redress issue cannot be addressed now. this commission, which we set up, has said that the people affected should never have been excluded in the first place. they comprise an ageing cohort of people and yet we are to wait another year before we even look at the issue. that cannot be. the fund is still there and its parameters are still in place. the existing basis of the scheme can be utilised creatively to allow those individuals to get redress. everybody agrees that they should. what is the point of us all agreeing if these people are dying off in the meantime and our agreement does not lead to legal effects? we have to do something. i really would like the minister to answer on that because it has not been answered on anywhere. the people affected by the bethany home can be dealt with now. there is a mechanism to do so. in an earlier report the commission recommended it be done. what are we waiting for?
           that brings me to the other groups and the issue of the apology. we really need to give this far more careful attention. the problem i have with it is that too often in here we set up commissions, send them off to do their work, and then use them as a great excuse to forget about the issues. i have made that point here before. it has not just happened in respect of this commission. the grace case was the hottest news in town. it was on ""prime time"" and everyone wanted to know about poor grace. a commission was set up but it has gone on well past its deadline. who in here even cares to ask about it? who in the media is keeping an eye on it? who is keeping an eye on all of the other commissions we have set up at monstrous cost? they never do what they are supposed to do. 
           i know that people will say that i am one of the people in here who argues hardest for commissions, but they are the only vehicle available. perhaps the oireachtas needs to say that they are not really working, not doing their jobs, and not doing what it says on the tin. we bought all of the excuses the minister has given on the commission's behalf last year. they are not good enough this year. it needs to explain why it said last year that it would deliver in a year. why should we now believe that it will deliver next year? if we do not ask these questions we are selling everybody short, particularly the survivors."
2019-02-06,seanad,https://data.oireachtas.ie/akn/ie/debateRecord/seanad/2019-02-06/debate/main,32,Senator Jerry Buttimer,Senator Jerry Buttimer,"senator jerry buttimer
          the order of business is no. 1, private members' business, parental leave (amendment) bill 2017 - committee stage, to be taken at 12.45 p.m. and adjourned at 2.45 p.m., if not previously concluded; no. 2, data sharing and governance bill 2018 [seanad bill amended by the dáil] - report and final stages, to be taken at 3 p.m. and adjourned at 4.30 p.m., if not previously concluded; no. 3, statements on the fourth interim report of the commission of investigation into mother and baby homes, to be taken at 4.30 p.m. and conclude not later than 6 p.m., with the contributions of group spokespersons not to exceed ten minutes each and those of all other senators not to exceed five minutes each - members may share time - and the minister to be given not less than ten minutes to reply to the debate; no. 4, statements on community and rural support schemes, to be taken at 6 p.m. and adjourned at 7.30 p.m., with the contributions of group spokespersons not to exceed ten minutes each and those of all other senators not to exceed six minutes each; and no. 5, hallmarking (amendment) bill 2016 - committee and remaining stages, to be taken at 7.30 p.m."
2019-02-06,seanad,https://data.oireachtas.ie/akn/ie/debateRecord/seanad/2019-02-06/debate/main,335,Minister for Children and Youth Affairs (Deputy Katherine Zappone),Minister for Children and Youth Affairs (Deputy Katherine Zappone),"minister for children and youth affairs (deputy katherine zappone)
          i welcome this opportunity to update the house on the commission of investigation into mother and baby homes. in particular, i would like to update senators on the commission's fourth interim report and the responses i am progressing to the issues which have emerged from the commission's work to date. as senators will be aware, the commission submitted a fourth interim report to me in december of last year, which i published after securing government approval on 22 january. this report is available to view and download on my department's website.
           the commission advised that it would not be able to issue its reports within the previously agreed timeframe and requested an extension of one year to allow it to complete its work in full. government has agreed to this extension request and the commission is now due to submit its final reports by february 2020.
           in making a case for an extension, the commission outlines the sheer scale of the work involved in investigating the matters set out under its terms of reference. this investigation includes multiple lines of inquiry relating to the operation of quite different institutions over a period of more than three quarters of a century. the scope of the terms of reference and timeline for this commission has always been ambitious and we remain ambitious for the outcome of the commission. the public interest, but most importantly the interest of former residents, is best served by facilitating the commission to conduct the comprehensive analysis required to make accurate and robust findings on the extensive range of sensitive issues before it. i know that many former residents have been eagerly awaiting the completion of the commission's work and i understand that many who contributed to the process and shared their information are disappointed and frustrated by this development.
           the commission's fourth interim report provides an update on the important work of its engagement with former residents and others connected to these institutions. it has captured the personal experiences of 519 witnesses through the work of its confidential committee and now expects this process to be completed by the end of january. hearing these stories grounds the work of the commission in the lived experiences of those who spent time in these institutions. the commission is continuing to take evidence about conditions in the institutions from former residents, workers and the authorities that ran the institutions and this work is not yet complete. the commission also stated that its wide terms of reference have necessitated the collection and analysis of a vast range of documentary material relating to the institutions under investigation. while this process is ongoing, i confirm that my department has furnished the commission with all relevant records in its possession.
           significantly, however, the commission now plans to deliver a substantial report on the burial arrangements for persons who died while resident in these institutions by 15 march 2019. the report will include extensive technical reports prepared in the course of the commission's work on the site of the former mother and baby home in tuam, county galway, and the commission's assessment of burial arrangements at other major institutions. i will seek formal government approval to publish the report as quickly as possible after i have had an opportunity to consider its findings.
           on receipt of the report about which we are speaking, i consulted with the commission to explore whether any of its three reports could be completed in advance of february 2020. the commission is strongly of the view that it will not be possible to complete any of its reports in isolation from its companion reports. when i met with judge yvonne murphy, i was reassured by the absolute commitment of the commission to establish the full facts of what happened to women and children in these institutions. i accept that the commission is using its best endeavours to conclude the investigation as quickly as possible. the chair wants to conclude matters and i know senators want the same thing. it is clear that the commission is seeking to collate and analyse information on these institutions at a level of detail that has never been done before. this will greatly assist public understanding and possibly assist individual citizens in relation to their personal story and experience. i can confirm that the extension of time for the commission will not impact on the planned forensic excavation of the tuam site. these are separate processes. however, the commission's burials report is expected to assist and inform the ongoing work to advance the legislative and operational arrangements for this priority project. if a decision had been made not to grant the extension sought, the commission would effectively be obliged to submit incomplete reports this month. clearly, such a scenario would ultimately undermine its findings and the opportunity within this process for irish society to acknowledge and to start to understand the harrowing manner in which single women and their children were often treated during this period would be placed at risk.
           in these circumstances government's approval of an extension was the only viable option. government will continue to make available whatever resources and supports are required for the commission to continue its vital work. the commission has confirmed that despite the extension, it expects that the total costs will remain within the initial costing estimate of €21.5 million.
           in regard to tuam, in october 2018, the government approved the recommendation for the phased forensic excavation of the available site of the former mother and baby home there. as minister responsible, i was honoured to make a recommendation to colleagues, which was not only supported by the best experts in science and the law, but most importantly was informed by the voices of survivors, their families and loved ones. implementing this decision will not be straightforward. new legislation is needed to provide specific lawful authority for the proposed course of action. the preparation of legislation is a key priority within my department and a new dedicated unit has been established for this task, with additional staff from other departments expected to be assigned to the unit in the coming weeks.
          the wider interdepartmental group on tuam, led by the department of children and youth affairs, will continue to assist in terms of strategy and overall approach for the project. scoping of the required legislation has commenced. there is no precedent for this kind of project in an irish context, and it is vital that we get it right, in the interests of the survivors, relatives and the dignity of those buried at the site in tuam. the approach taken will be further informed by the forthcoming report in march by the commission of inquiry into mother and baby homes into burials at these institutions. in parallel to the legislative project, work will be carried out on sourcing appropriate expertise to carry out the works on the site. as minister, i will continue to examine the ways we can respond to the wider concerns of the advocates, families and survivors."
2019-02-06,seanad,https://data.oireachtas.ie/akn/ie/debateRecord/seanad/2019-02-06/debate/main,337,Senator Catherine Noone,Senator Catherine Noone,"senator catherine noone
          as we are all aware, and as the minister has outlined, following the tragic findings of catherine corless's research back in 2012, the commission of investigation into mother and baby homes was established. this commission of investigation was established by an order of the government. the sole aim of this commission is to provide a forum for persons who were formerly resident in the homes or who worked in these institutions to provide accounts of their experience; as informally as possible in the circumstances and with due empathy and understanding.
           there has been continual progress from the previous government's work. the government has worked tirelessly on promoting and giving closure to the mother and baby homes scandal. i know the minister has worked very hard on this issue to try to bring about a resolution, insofar as it is possible in the circumstances.
           following the commission's fourth interim report request, the government has indeed agreed, as has been alluded to, to extend the research and investigation for another year to february 2020. this is the third extension that has been granted by the government and i believe we should give the commission as much time as it needs to facilitate its very detailed and cumbersome work and difficulty in contacting various witnesses, who are in other countries around the world. it is strongly believed that this extension is crucial in the interest of completing and finalising the research on what has been described as a chamber of horrors in tuam. the commission's fourth interim report has stated that it has met with 519 former residents or others who have connections to the institutions under investigation. these meetings were held across ireland and england. as of the end of last month, 26 more individuals have been heard also on the issue. the report states that some of these individuals are resident in the united states and i believe technology such as skype was used to connect with people for the purpose of getting as much information as possible for the report.
          some cross referencing research still has to be completed with regards to registers of entry, exit, birth and death. considerable work remains to be done in this department to ensure the account of women and babies is correct.
           in the cases where individuals cannot be heard in person, i understand the commission is making arrangements to have affidavits sworn. that process takes considerable time. i know from my work as a solicitor over the years that it is painstaking and detailed work. there are many logistical issues also with that type of work.
           the commission's recent report also stated that it has only recently received extensive material from the departments of health and children and youth affairs, and more material is on the way. the commission has 100,000 pages of documents that include ""some detailed returns made to the department by mother and baby homes and local authorities that were responsible for children in various institutions including mother and baby homes, and for boarded out children"". my understanding is that these detailed documents are being analysed meticulously and cross referenced with other data, which is detailed and cumbersome work. 
           the commission recognises the help that has been provided by the hse, which has been providing documents. nevertheless, it has been disconcerted, which is alarming, by the limited data the hse has given, which seems to be a consequence of a poor archive system in the organisation. that is not good enough. it raises a number of questions as to the reason the executive has provided so little data or why it can only provide so little data. for instance, one of the institutions under investigation by the commission is the castle, newtowncunningham, county donegal, in which the hse was intensively involved. the executive has been unable to provide any material on its involvement with the institution, which is concerning.
           it is essential that the commission be given sufficient time and resources to fully comprehend the extent of this horrific situation in order to properly cross reference all the information and material it has to hand and provide as comprehensive an account as is possible of the pathways of the children concerned.
           moreover, the fourth interim report noted that following the government's decision to carry out a forensic excavation of the burial ground at the tuam children's home, the commission has received more information on past burial practices in other institutions under investigation. it will need more time to properly investigate these matters.
           as stated in its report, the commission aims to publish an interim report on burials, which the minister mentioned, in the first half on 2019, which is soon enough. according to the report, that has not been done yet for two reasons. first, some new information has been acquired over the past few months and has not been fully investigated. second, section 34 of the commissions of investigation act 2004 requires that the commission send a draft of the relevant part of its report to any person who is identified or identifiable from the draft report. that is, again, detailed and cumbersome work.
           despite how appalling and dreadful the entire investigation is, the commission's reports and the conclusions of this investigation are essential to victims and those concerned by this morbid, gruesome and macabre episode in irish history. in a sense, as citizens, we are all concerned by this event. that must not be forgotten and buried in the past. if insufficient closure is provided by this investigation, the mother and baby homes’ atrocities will continue to taint the present. to fully provide closure, we must work toward having the full and absolute extent of facts so that we can ensure this deplorable and grim episode of irish history never happens again. a fully comprehensive and detailed report needs to be finalised. i am supportive of the extension of time for the commission's investigation until it is extensively finished and there are no longer any missing pieces to this horrific scandal. i wish the minister well with her continued work on that."
2019-02-06,seanad,https://data.oireachtas.ie/akn/ie/debateRecord/seanad/2019-02-06/debate/main,338,Senator Fintan Warfield,Senator Fintan Warfield,"senator fintan warfield
          when an extension was given by the government in february 2018, sinn féin reluctantly gave its support. we shared the sentiment expressed that it was important that we got this right and that the investigation would be as thorough as possible within the terms of reference. however, my colleague, deputy denise mitchell, noted her concern at the time that the commission seemed to be under-resourced and was sceptical about its ability to deliver within 12 months.
           given that recent discoveries have been made and that the interim report did not disclose the extent of the files in november, in terms of the number of pages, as it did in measuring every other discovery, it seems somewhat disingenuous to be so unclear about how long this will take relative to the work carried out.
           additionally, it is clear from the report that the commission is increasingly and frequently frustrated by the hse. the report goes into the details of the commission's dealings with the hse and it is clear there is not a strong working relationship in that regard. the reports refer to aspects of this relationship with comments such as:
          [however,] it is difficult to understand how relatively recent documentation is not available ... it is clear that the hse does not have any system ... of storing or archiving material.
          the hse has been unable to provide any documentation on its involvement [in the castle, newtowncunningham, co. donegal].
          if there are issues in the way the commission of investigation and the hse are interacting, which are contributing to the delays, what action does the minister commit to take to resolve those? has she had any interactions with the minister for health regarding them?
           how did a large number of files in the possession of the department of health only come to light last month, a year past the original deadline for the publication of the report and four years on from one department handing over documents to another department? what interactions has the minister had with the minister for health on that? 
           the delays in the publication of this report have had a devastating effect on survivors, particularly elderly survivors, as other senators have mentioned. the announcement has prolonged fears they may not be alive to see redress put in place. unfortunately, the state, and the institutions of the state, have a poor track record in this regard. will the minister give assurances to those survivors' groups that every effort will be made to ensure truth and justice for elderly survivors?
           survivors' groups also noted this announcement, along with previous announcements relating to the mother and baby homes, was made through the media before survivors were notified. they were informed through news outlets. given its sensitive nature, i hope the minister will relay that to departmental staff working on this issue and that whatever breakdown occurred on this issue can be rectified.
           i am disappointed that this report has to be delayed by another 12 months, that survivors will have to wait another year and that the dark chapter of this state's history cannot be put to bed. i do not believe anyone involved working with the department or in government wished for a delay to the report but if operational and resources issues within the commission led to that, new discoveries or consent to release names are not the sole reason for the delay. i hope the minister and government will take this on board and work towards the complete report publication in 2020 as survivors do not deserve delays caused by issues that could be overcome with political resolve."
2019-02-06,seanad,https://data.oireachtas.ie/akn/ie/debateRecord/seanad/2019-02-06/debate/main,347,Senator Alice-Mary Higgins,Senator Alice-Mary Higgins,"senator alice-mary higgins
          i thank the minister for coming to the house.
          while the extension of the investigation can, in some senses, be understood, the minister will appreciate that it has caused deep disappointment and upset for many. survivors have been waiting, planning and living their lives in the expectation that a resolution would be arrived at this spring. they were very shocked and disappointed coming into the christmas period to learn that there would be a further postponement of any form of resolution for them. 
           i understand there are two components. there is the task of unravelling the great architecture of containment, abuse and exploitation that existed within our state and there is the imperative to ensure that those who endured and survived those systems are given resolution and satisfaction. unfortunately, neither of these goals is being satisfied currently. at the point when it was realised that yet another interim report would be coming rather than a final report, it would have been preferable to have, accompanying the interim report, a list of interim recommendations, findings and actions that would be taken by the state. an interim report from the commission of investigation in may 2017 called for the reopening of the redress scheme or the introduction of a similar scheme. at the time of that call, there was a recognition of those who had been in the bethany home and those who had not been given satisfaction and redress. in the context of that interim recommendation, i ask the minister to explain why we have not seen the reopening of the redress scheme or the introduction of a similar, alternative scheme happening in parallel with the further untangling of this very complex architecture of abuse. 
           i presume the minister can confirm that the government now accepts the fact of abuse and neglect and that what remains to be discovered and investigated is the scale and the many strands of that abuse and neglect. given that there is that principled recognition and that there have been public apologies, surely we need to move in parallel and open redress schemes. the possibility of introducing a new redress scheme has been talked about and that should be examined further. the indemnity scheme that was originally signed also merits further consideration. we must look at deepening responsibilities and the aforementioned scheme cannot be allowed to stand as is but must be expanded.
           the bethany home survivors have been mentioned and in the context of the multiple strands, my concern is that it will continue. i have spoken to the minister previously about women in psychiatric institutions, some of whom have spent their lives there because of postnatal depression. i have also spoken about those who attended day schools and the children who lived in mother and baby homes and who also suffered abuse. these are all of the strands that must be untangled and they will continue. we must, at a certain point, announce the beginning of the next inquiry. that must happen.
           i am concerned about the confidential committee and the intersection between it and the investigation. i have raised this concern previously because many of those who took the brave step of testifying and giving their stories to the confidential committee have not been supported with counselling and other supports. this is an issue that has come up again and again. i would be happy to see the budget expanded if the supports given to those engaging were also expanded. crucially, many of those who testified to the confidential committee believed that they were giving testimony and evidence and yet, the investigation is happening in a separate space. those who wanted their stories on the record and who believed they have given sworn evidence on what happened to them to the confidential committee have found that much of that personal testimony and experience is not necessarily coming through the evidentiary strand as well as through the committee. that must be addressed. the 519 people who have engaged with the confidential committee should be given the option of having their experiences reflected in testimony and on the record. it is a major step to speak up and the people who have done so should not have their stories disappear. i ask the minister to outline the supports that will be given to those going through the process. supports must be provided to these people, many of whom have reduced life expectancy because of their experiences. there is also a need for on the ground supports for those engaging with the system now. 
           i welcome the minister's decision in respect of tuam. the forensic investigation is important but i am glad that she has clarified that it will not delay the final report further. we must look at the bessborough home again, where there were 472 infant deaths in 19 years. many of those infants died from malnutrition. alongside the forensic investigation of burial sites, we must also look at forensic accounting. what will be done on forensic accounting? very clever company structures are being brought in now to ensure that moneys are moved and resources are not accessible and that we do not have clarity on issues like the exploitation of labour. the accounting is important because it represents a double abuse. people were abused and now very modern accountancy methods are being used to ensure that their records are inaccessible and that they do not get financial redress. that is true for individuals who may take cases, as well as for the wider state. 
           i ask the minister to address these concerns and to do something. let us do something in 2019 for these survivors. i would like the minister to be the one who has the opportunity to do something but i am concerned that the delays may limit her in that regard."
2019-02-06,seanad,https://data.oireachtas.ie/akn/ie/debateRecord/seanad/2019-02-06/debate/main,349,Senator Rónán Mullen,Senator Rónán Mullen,"senator rónán mullen
          i come from county galway and i know many people in tuam. a friend of mine is a local historian there. people have been following the tuam story very closely and taking the temperature on the ground. one major issue survivors have is with the fact that despite their pleas to the minister when she met them in tuam during the summer, they are still getting news of reports and important decisions being made by the minister by way of news bulletins or opinion pieces in their local newspaper. the most famous of those reports is the one issued by the mother and baby homes commission of investigation in march 2017 which confirmed the presence of foetal and infant remains on the site in tuam. that report clarified that the septic tank that was discovered had been decommissioned and filled with rubble and debris. one does not have to be an expert in the laws of physics to extract from that statement that the septic tank did not contain bones or that it may have been filled with other materials. it seems bones were discovered in a separate structure, the purpose of which the commission has ""not yet determined"". yet i found myself in recent days hearing audrey carville on ""morning ireland"" referring to remains disposed of in a septic tank. the thought struck me that sensationalism is not the friend of truth telling. it is not the friend of the cause of survivors to truth or an acknowledgement of their experience. despite the clear report, the headlines which dominated international newspapers implied that the commission of investigation's report had reported that nuns had mistreated children and disposed of their bodies in a septic tank. that is the story that went around the world. i suppose it was a narrative of cruelty in life followed by disrespect in death.
           does the minister agree that this kind of sensationalism does no good to anybody? it does a disservice to the important process that the commission of investigation has of finding out the truth, and that everybody involved deserves not to have the truth pre-empted. i was listening to another item on brexit this morning on ""morning ireland"" and i heard a member of the business community in northern ireland gently deprecating the over-egging of the pudding by a journalist trying to get the best headline. he did it in a very diplomatic way. it seems to me that this is part of the culture that we have to contend with. i would be grateful if the minister were to agree with me that that culture does not help anybody.
           in the context of what i have been talking about, i spoke to the family of one elderly woman who now resides in the uk. to the best of my knowledge she is probably one of the only surviving mothers of the institution there. the family was very annoyed that she had to be subjected to those kinds of headlines instead of getting a sensitive telephone call to outline the true facts. we have seen headlines to the effect that the irish state did it to its own children and murdered them by the thousands by neglect and hate. another article in the irish news section of the irish independent referred to ""banished babies and the price of life in ireland's mother and baby homes"". that article said that babies were allowed to die, were murdered in effect. kevin higgins, a lawyer familiar with the issue, says the deaths were ""at least manslaughter"". one newspaper has called the scandal ""our little holocaust"". i ask the minister to agree with me that these headlines are not just inaccurate but extremely unhelpful and prejudicial to the future impact of the truth telling the commission is charged with.
           i commend the minister on setting up at the time a factual information telephone line. as i understand it, when contacted, it contradicted much of what the newspapers were saying. i put on record that we should all be concerned by excessive exaggerated language that is not based on fact. in that context, i ask the minister to commit that the investigation will identify the causes of death of the infants. could she put on record that the causes of death will be published? that is the single biggest message about this story so far that went around the world. somebody once said that a lie is halfway around the world while the truth is getting its boots on. there will have to be honesty about our past and a facing up to its harshness and cruelties. however, using the vacuum of information for propagandistic effect can never be ethical. all sides of the house should be able to agree on that.
           i ask the minister to avoid survivors and others being hurt by untrue headlines in the future. given the sensitive and personal nature of this topic, it is most desirable to have direct contact in as far as that is possible with those most directly concerned. the minister could help by putting on the record of the house that in future the department will contact survivors and survivor groups more directly to furnish them with reports and decisions before rté gets the story or the press conference takes place because we have seen distortion and the consequential upset that causes.
           i hear the bell so i will finish by saying that it is most important that the commission of investigation gets this right. it is to be supported in its work. i would rather the work were done right and be slightly late than that it would be rushed, but that is all the more reason to be careful the vacuum does not lead to inaccuracy, sensationalism or polemics. all of that is unhelpful to the important role of careful truth telling so that we can have a better understanding of our past and make our obligations to those who have survived and those who have been most affected. in fairness to them, it is not compensation that is highest on their agenda. very often, it is contact with a mother or family member. their concerns should be foremost in all of our deliberations."
2019-02-06,seanad,https://data.oireachtas.ie/akn/ie/debateRecord/seanad/2019-02-06/debate/main,354,Minister for Children and Youth Affairs (Deputy Katherine Zappone),Minister for Children and Youth Affairs (Deputy Katherine Zappone),"minister for children and youth affairs (deputy katherine zappone)
          i thank members for their very helpful and reflective observations and contributions. i have noted all of them and i will try to answer as many as possible in my response. it is clear that in their comments and questions senators also feel deeply about these issues. they represent very well the people who come to them. in senator boyhan's case, he is one of those people. that is very helpful in terms of the work that i am doing. it is also the approach that i have tried to take.
           as many speakers said, they share my frustration and the deep disappointment that is felt following the request by the commission of investigation for an extension. that is why i asked to speak at length with judge murphy to try to understand more deeply the reasons for the request for this extension. having had the opportunity to meet her, i asked her whether she is fairly certain at this stage that the commission will conclude on time if is provided with an additional year. she indicated that to the best of her knowledge, she believed it would conclude on time. in effect, she wanted to ask for a full year so that she would not have to come back again. that is the reason i have stated here and also in the dáil at other times that i believe the commission is making its very best endeavours in terms of the work that it is doing and also in estimating at this stage the timing for delivery of its reports. i also asked whether we could have one of the three reports a little bit earlier, as i had done previously, but the commission is adamant that the best interests of the survivors, their families and the state would be best served if the reports are issued together in the context of the confidential committee and the social history as well as the investigative findings of the report.
           senators are aware that the commission of investigation is independent. as such, the powers that i have are to meet, ask questions and try to understand better and, on that basis, to make a recommendation to the government on whether to extend the term of the commission on foot of the recent request. i do not have the power to tell the commission it must complete and deliver its report now.
           i understand that recognising testimonies as part of the public record and providing witnesses access to testimonies are live issues. these are matters for the commission of investigation because it is an independent body. i have, however, spoken to the commission about these matters.
           i would like to address the issue of the discovery of records, which the commission referenced in its fourth report as one of the reasons it needed more time. the narrative of the fourth interim report does not, in my view, fully reflect the enormous logistical technical and legal challenges that are being addressed, particularly by my department and the department of health. the time taken is a direct reflection of the scale and complexity of the process. it is evident from the interim reports that these challenges have been experienced by the commission, in terms of the enormity of what it wants to cover, and by the departments of children and youth affairs and health, in the context of accessing and discovering the appropriate records for them to investigate. my department has co-operated and liaised with the commission in regard to discovery. the discovery of records to the commission commenced in february 2016 - not march 2018 as mentioned in the report - with the production of 208 files.
           i will try to provide a sense of the scale of task. it is worth noting that over 340,000 inactive files were examined and categorised for relevance, utilising over 100 search terms. my department works with the department of health on the preparation of the records the commission requested. we retained the services of legal counsel and a team of documentary counsel for the duration of this work. the historical paper files were digitised and indexed prior to delivery to facilitate ease of access. over 730,000 individual pages were digitised and reviewed for relevance and my department has delivered over 1,000 digitised files to the commission. records were typically produced within two to four weeks of receipt of an order for discovery. as i understand it, from the perspective of my department, there are no outstanding records that have been requested by the commission. it may request more but what it has asked for up to now has been provided. in terms of the department of health, there may be a small number of active files still outstanding but they are working on that. on the hse, we only became of the deficit of documentation when the commission of investigation delivered its fourth interim report. the commission has the power to intervene regarding the provision of this information. it is not appropriate at this stage for me to interfere with the investigative process that is being undertaken by the commission of investigation.
           senator mullen referred to headlines that sensationalise matters. i agree with him in that regard. the senator will be aware that i have met many of the resilient survivors and their families on numerous occasions, both in tuam and in these houses. i understand the pain in that regard from their perspective. not all of the journalism relating to this matter has been sensational in nature. the way in which the survivors have engaged with journalists and other members of the media in a responsible fashion has assisted in terms of raising the issues and in the establishment of the commission. it has also given rise to ongoing pressure to bring the process to a conclusion. we must have regard to the way in which the government needs to respond once the process has been completed.
           the senator also referred to communication with survivors. earlier in this process, we were sensitive to the need to put in place mechanisms of communication, including providing an information update once a month on our website. we have email addresses for anyone who wants to give us information, including stakeholders who want to be communicated with. we also have telephone numbers for people who do not have access to email. my understanding is that efforts were made to provide for the type of direct communication to which the senator referred. at this stage, we are doing that very well.
           in the context of what was reported in the irish times, as stated previously in the dáil, it did not come from my department. i do not know how the information relating to the fourth interim report got out. we are aware of the issue and we are trying to respond proactively. for example, in terms of the government's most recent response to the fourth interim report, this was communicated via email to the stakeholders pretty much as we got the decision from cabinet.
           in the context of the request from peter mulryan and others to have their dna samples taken now as distinct from waiting until we get the law, etc. in place, i telephoned mr. mulryan and spoke to him directly. along with the special rapporteur and officials in my department, i have put in place a process to identify the ways in which this could be done. i hope the special rapporteur will report on that matter and indicate whether we have a sufficient legislative framework in place to enable us to respond to the request positively. i accept the key issue involved and we are trying to respond more proactively in respect of it.
           senators boyhan and higgins raised the issue of redress for the survivors of bethany home, which is important. one of the recommendations contained in the second interim report suggested that the government, subsequent to the ryan report commissioned by the department of education and skills, reopen the redress scheme for the survivors of bethany home. the government considered the recommendation and ultimately decided not to do so at that time because bethany home was being investigated by the commission. strictly speaking, there are not findings from a commission in regard to that home that would allow for the pursuit of individual redress. that was the rationale. however, that is not to say that the mother and baby homes commission, in making its findings and recommendations, will or will not make recommendations in terms of individual redress. the government will have to consider all recommendations made. the survivors in terms of bethany home are part of that process."
2019-02-06,seanad,https://data.oireachtas.ie/akn/ie/debateRecord/seanad/2019-02-06/debate/main,358,Deputy Katherine Zappone,Deputy Katherine Zappone,"deputy katherine zappone
          i have brought all of those issues to the attention of my colleagues. i am explaining the decision but i am also noting that it is not a matter that is closed forever. i, too, have received a lot of representations from members of that institution, most recently, in the context of the collaborative forum's report. senators will be aware that i established a collaborative forum to run alongside the commission process to examine, as alluded to by senator higgins, what we can do now as distinct from waiting until the commission provides its investigative findings and other reports.
          the collaborative forum, the members of which are representative stakeholders of the various institutions, provided me with a report just before christmas which is now being considered by the government. discussions are ongoing with some of my colleagues on how we can respond to its recommendations, some of which particularly regard health and well-being supports which were also referred to in the second interim report. i will go to government as soon as possible in regard to responding as positively as possible to some of the recommendations and, at least, those which can be progressed sooner. some of the recommendations seek quite substantial change. that is not to say that it cannot be done, but it may take longer to implement some of them. i have a desire to see how my and other departments that are implicated in the recommendations of the collaborative forum can respond as positively as possible. that is not the case in the context of individual redress because we must await the findings of the mother and baby home commission in order to conclude whether it would be appropriate to make those kinds of decisions.
           i have probably addressed most of the questions. i appreciate the deep and careful reflections of senators on the report and the extension, and the desire of all present to find better ways for the state to allow the process of truth telling to fulfil its potential healing value for survivors, as referred to by senator boyhan. that may occur in the privacy of a commission but many survivors and their families want it to take place in public to a greater degree in order to make the country aware of its collective responsibility for what happened, which is a necessary ingredient of preventing it from happening again."
2019-02-05,dail,https://data.oireachtas.ie/akn/ie/debateRecord/dail/2019-02-05/debate/main,150,Deputy Mattie McGrath,Deputy Mattie McGrath,"deputy mattie mcgrath
          today's business shall be no. 13, motion re proposed approval by dáil éireann of the agreement between the member states of the european union on the status of forces and of the nato partnership for peace status of forces agreement, subject to the respective reservations, back from committee; no. 14, motion re ireland's participation in a european defence agency project – military search capability building, referral to committee; and no. 1, greyhound racing bill 2018 [seanad] - second stage. private members' business shall be no. 213, motion re jobpath, selected by sinn féin.
           wednesday’s business shall be no. 35, statements on cervicalcheck; no. 11, european parliament elections (amendment) bill 2019 - order for second stage and second stage; no. 1, greyhound racing bill 2018 [seanad] - second stage and no. 2, companies (amendment) bill 2019 [seanad] - second stage. private members' business shall be no. 214, motion re a fair start for every child, selected by the labour party.
           thursday's business shall be no. 36, statements on the fourth interim report of the commission of investigation into mother and baby homes, and no. 2, companies (amendment) bill 2019 [seanad] - second stage. thursday evening's business shall be no. 15, motion re report on tackling childhood obesity – joint committee on children and youth affairs.
           i refer to the first revised report of the business committee of 4 february 2019. in relation to today's business, it is proposed that no. 13 shall conclude within 85 minutes and that speeches shall be confined to a minister or a minister of state and the main spokespersons for parties and groups, or a member nominated in their stead, which shall not exceed ten minutes each, with a five minute response from a minister or a minister of state, and all members may share time; and that no. 14 shall conclude within 45 minutes and that speeches shall be confined to a minister or a minister of state and the main spokespersons for parties and groups, or a member nominated in their stead, which shall not exceed five minutes each, with a five minute response from a minister or a minister of state and all members may share time. private members' business shall take place at 8 p.m. or at the conclusion of no. 14, whichever is the later, for two hours and the dáil shall adjourn at conclusion of private members' business.
           in relation to wednesday’s business, it is proposed that there shall be no oral questions to the taoiseach and that the sos, in accordance with standing order 25(1), shall take place at the conclusion of questions on promised legislation; that no. 35 shall conclude within two hours and that the statements of a minister or a minister of state and the main spokespersons for parties and groups, or a member nominated in their stead, shall not exceed ten minutes each. following the statements, each party or group shall have five minutes each which shall consist of alternating questions and answers, with a five minute response from a minister or a minister of state and all members may share time.
           in relation to thursday's business, it is proposed that, in relation to no. 36, the statements of a minister or a minister of state and the main spokespersons for parties and groups, or a member nominated in their stead, shall not exceed ten minutes each and that the statement of each other member called upon shall not exceed ten minutes each, with a five minute response from a minister or a minister of state and all members may share time."
2019-02-05,dail,https://data.oireachtas.ie/akn/ie/debateRecord/dail/2019-02-05/debate/main,160,Deputy Seán Kyne,Deputy Seán Kyne,"deputy seán kyne
          two items were raised and they are being discussed this week. the minister for health, deputy harris, will be here tomorrow to debate cervicalcheck and there will also be a debate on thursday on the mother and baby homes. the minister will take question time today and be before the oireachtas joint committee on health tomorrow for a number of hours where i am sure this issue will be raised."
2019-01-29,dail,https://data.oireachtas.ie/akn/ie/debateRecord/dail/2019-01-29/debate/main,99,The Taoiseach,The Taoiseach,"the taoiseach
          i assure the house that the fact that we have given the commission an extension of one year to finish its work will not impact on the timeline for the excavations at tuam. they will happen on the basis of the timeline indicated previously. the minister and i heard what was asked for by some of the elderly former residents of the mother and baby home in tuam and will certainly give it consideration. in order to take dna samples from the remains, we require legislative authority and that will require the passing of legislation in this house. while that does not apply to adults voluntarily providing dna samples, we need to make sure that we have the science right. we do not want to take samples from people and then find out that they cannot be used later on. there is a scientific issue around laboratories and so on but on the face of it, the request appears to be a reasonable one. people are getting on in years and are afraid that they will pass on before this is done. we understand the request and are sympathetic to it but we need to make sure that it is doable and that we do not end up taking samples that cannot be used."
2019-01-23,dail,https://data.oireachtas.ie/akn/ie/debateRecord/dail/2019-01-23/debate/main,137,Deputy Clare Daly,Deputy Clare Daly,"deputy clare daly
          yesterday the taoiseach got away with telling us that the mother and baby home commission needed time to finish its work. on the surface, that sounds reasonable enough. the problem is the commission does not deal with the issue of the time it has already had. it was set up to do a job in three years, but what we have after its four years of work is four interim reports, in the first of which it looked for a time extension. in the second it told us why it had asked for a time extension in the first report. incidentally, its publication was delayed for eight months by the minister because it also stated bethany home survivors should never have been excluded from the redress scheme, which issue has still not been addressed. in the third interim report which devastated the survivor community, the commission looked for an extra year just before it should have concluded. now, at the eleventh hour, in another report it is looking for another year. is this a joke? do members honestly think it is acceptable that we should wring our hands for a little while, offer a bit of sympathy to the survivors and then move on to the next issue? i am not blaming the taoiseach for this, but he is the one in power who could sort it out. we need to know why the commission has not completed its work and who will be held to account.
           the report talks about there being a considerable workload to cross-reference documents. it also talks about delays in obtaining evidence from the authorities which ran the institutions which could not be examined until the commission had finished the examination of the documents. why has this not been done? is it a question of resources? if so, why did it not flag it before now? if it is a question of non-co-operation, why did it not highlight it before now? why did it only receive the first tranche of documents over two years after it had been set up? did it not ask for them? was it obstructed in getting them? why did a commission set up by the department of children and youth affairs and reliant on information from that department and the department of health, in its words, to produce a ""comprehensive"" and ""accurate"" report only receive information recently, a year after its business should have been concluded?
           the commission talks about being dismayed that so little information had been kept by the hse. it finds it difficult to understand why relatively recent documents are not available. it does not understand why the hse does not have any system for archiving material. does the taoiseach understand it? what has he done about it? let us remember this is the same hse which two years before in 2012 had produced a report on the 500 baby deaths at bessborough. it beggars belief. these are fundamental issues, but there are so many more. how come the commission can come in within budget? how come it is not costing any more money in continuing for two extra years? will it not pay for remaining an extra two years in its baggot street offices? will it not pay salaries? did we get it wrong the first time? these are fundamental questions, but there are so many more. the only conclusion one can draw is either the commission is grossly incompetent or it is being deliberately misled. my question to the taoiseach is which is it. is allowing the commission to continue without scrutinising these matters in the interests of the people whom on monday the taoiseach so accurately and articulately stated had been betrayed by the state?"
2019-01-23,dail,https://data.oireachtas.ie/akn/ie/debateRecord/dail/2019-01-23/debate/main,138,The Taoiseach,The Taoiseach,"the taoiseach
          i very much share the distress and disappointment of former residents of the mother and baby homes that we do not yet have a final report from the commission which we should not forget was established by the oireachtas. none of us believed at the time that it would take as long as it has for the commission to do its work and issue its report. the commission is independent. the whole point in having a commission of investigation is that it is independent of government. it is not a creature of government. therefore, i cannot answer questions on its behalf. if i was able to interfere in the work of a commission and answer questions on its behalf, it would not be independent and would defeat the purpose in having such a commission of investigation.
           the commission has informed us that it has more work to do. so far it has interviewed 519 former residents. it wants to interview more and everyone to have his or her opportunity to be interviewed and his or her story heard. it has received new material which needs to be considered and a mass of documents - i am informed over 100,000 documents - all of which need to be considered properly. it tells us that it has adequate resources and that, notwithstanding the delay, will come in on budget. it has not requested additional resources, but should such a request be brought forward, it will be considered.
           it is not the case that we must wait another year before anything happens. we will receive a comprehensive report on the burials. it is scheduled to be presented in march. it will give us more information on the burial grounds.
           we have already taken a decision as a government, a few months ago, that investigations will be carried out at tuam, with a view to identifying, if possible, the remains of some of the children buried there to give them the appropriate burial they should have had when they died. the minister for children and youth affairs, deputy zappone, working through the consultative forum, is drawing up proposals for how we might do something to assist and support the health and well-being of former residents while we await the final report."
2019-01-22,seanad,https://data.oireachtas.ie/akn/ie/debateRecord/seanad/2019-01-22/debate/main,76,Senator Victor Boyhan,Senator Victor Boyhan,"senator victor boyhan
          i wish to speak about bethany home. we heard on ""morning ireland"" this morning that the minister for children and youth affairs was due to bring a memorandum to the cabinet this morning seeking a 12-month extension for judge yvonne murphy to carry out her very important work, on which i commend her. we do not need a lesson here today to explain why things have gone way beyond the original timeframe set. we know from reports from the commission that the tuam babies issue came up in 2015 and that it was an added piece of work for judge murphy to deal with.
           my concern is with bethany home, a protestant organisation. for some reason the government and previous administrations have failed to take on the importance of this establishment. it is now known as fact that it was an incarceration house for many women and children. there is no dispute about it. these children were in state care or the state should have had a responsibility.
           the taoiseach made an excellent presentation at yesterday's commemoration of the centenary of the first dáil. he talked about our shameful past. he talked about institutions, including mother and baby homes. he said we would need to do things in different ways and face new challenges. he is dead right and has my full support.
           the minister, deputy zappone, discussed this very important issue with us previously. if possible, we should ask her to come back to the house to debate the matter with a particular emphasis on bethany home. abuse knows no religious bounds. this wholly protestant institution has been excluded for reasons i do not know. in any place where children were in care there was a duty of care on our society, the government, public administration and every arm of the state. it is important that we give reason. more importantly, bethany home should be included in a redress scheme.
           i do not think the suggestion reported in the media today that the commission has to work through the initial 17 institutions is correct. while i accept its remit was to deal with these 17 institutions and that some people will be disappointed that this will continue for another year, it is important that we send a clear message to people, including senators and deputies, who have long campaigned for this organisation to be investigated. it is fair, right and proper. i ask that the minister come to the house to share her views, particularly on bethany home.
          i call on everyone in this house to use his or her influence on the government to try to push this forward and have this group of people included in the redress scheme."
2019-01-22,seanad,https://data.oireachtas.ie/akn/ie/debateRecord/seanad/2019-01-22/debate/main,97,Senator Jerry Buttimer,Senator Jerry Buttimer,"senator jerry buttimer
          i will obtain information for the senator on that matter. 
           i agree completely that the arts and creativity are integral to who we are. earlier the oscar nominations were announced and we can all see the success of the irish in the arts. the senator is right to ask that we consider this matter. the joint committee on culture, heritage and the gaeltacht is debating it this week but i would be happy to have a significant debate on the arts, the arts community and our culture and how they can be part of a new, modern ireland emerging from the shadows of recession.
          i would be happy to have that debate and commend the senator for raising the matter. 
           i do not have the answer for senator conway-walsh regarding údarás na gaeltachta and the vacant units in county mayo. perhaps she might raise the matter in a commencement debate. 
           senator dolan raised the issue of history. as members will know, the minister for education and skills, deputy mchugh, has set up a review of the teaching of history as an optional subject. it is to be completed by the national council for curriculum and assessment in the coming weeks and we will have a debate on it in the house when it is complete. 
           i do not have information to hand on the health issues raised by senator bacik, but i would be happy to liaise with her on them. 
           i join senator byrne in congratulating all of the schools involved in the debate today. i thank them for their work. 
           senator boyhan raised the issue of bethany home, as did senator norris. the government has today given a 12-month extension to the mother and baby homes commission of investigation. the fourth interim report has been published today. on bethany home, the minister for children and youth affairs, deputy zappone, has said she will wait until she has received the final reports before making any decision. i note the comments of senators boyhan and norris and the commission. on 6 february we will have a debate in the house on the matter raised by senator boyhan. 
           senator hopkins raised the issue of the n5 project, which is a very important one in providing a gateway to the west. a commencement matter might be a more expeditious way to get an answer. i do not have the answer to hand about the project. 
           i have answered senator devine about the nurses' strike.
           in response to senator higgins, perhaps we need to have a reflective look at what happened yesterday and some of the contribution she made this afternoon and have a series of rolling debates, as senator marie-louise o'donnell said. that would be of assistance to us all. i would be happy to talk to senator higgins about the matter. 
           senator reilly raised the issue of st. finian's community college in swords. perhaps raising the issue by way of a commencement matter might be a better way to get a reply. 
           senator norris raised a number of issues, in particular about an egyptian television presenter. we should all stand with and send a message of support to that person. the tánaiste and minister for foreign affairs and trade needs to communicate quite clearly to the egyptian government our displeasure at the jailing of any person for interviewing people in a manner that allows differing viewpoints to be expressed on television and in the media. we should all condemn the incarceration of someone for interviewing a gay person. i hope the tánaiste and minister for foreign affairs and trade will send a message to the egyptian authorities on the issue. 
           on the issue of passports, having the tánaiste and minister for foreign affairs and trade come to the house to discuss a commencement matter might perhaps be a better way for senator murnane o'connor to get a reply. i do not have the information she sought.
           senators feighan and ó céidigh raised the issue of the centenary and the appointment of the first minister for foreign affairs, deputy george noble plunkett, 100 years ago today. 
           senator warfield made a very pertinent point in advance of the rté ""prime time"" programme tonight. we need to send a very strong message of support and solidarity to the trans community which is marginalised and needs support. we need people to understand and be educated properly, not in a sensational way. i hope tonight's programme will be educational, informative and factual. as the senator rightly said, we should all reject transphobia. we should all work to ensure we bring people on a journey and inform them. there are members of the community who are feeling vulnerable, isolated, rejected and completely unheard. i hope tonight and from now on we can stand together and have that debate and a movement of equality and inclusivity. i would be happy to have a debate in the house following tonight's programme. i thank the senator for making the remark. as the national broadcaster, it is important that rté inform in a way that is not sensational or derogatory and ensure equality and respect for all people and citizens. 
           senator paddy burke raised the issue of retail and asked for the minister to come before the house. i would be happy to arrange for that to happen.
           the issue of brexit was mentioned by a number of members, in particular by senator ardagh. we will have a debate on the issue this evening. rather than give a substantial reply to members now, we can have that debate when the tánaiste and minister for foreign affairs and trade is in the house later.
           i have proposed that at the end of the order of business we stand for a minute's silence in memory of our late colleague and former seanadóir mark killalea."
2019-01-22,dail,https://data.oireachtas.ie/akn/ie/debateRecord/dail/2019-01-22/debate/main,49,Deputy Brendan Howlin,Deputy Brendan Howlin,"deputy brendan howlin
          national inquiries are sometimes necessary to get to the bottom of wrongdoing. as well as being painfully slow, they can be cold processes as they plough through mountains of documentation and testimonies. the original tuam babies inquiry was meant to last three years. then it was four. now we understand it will take five years to complete. those affected by the scandal are frustrated beyond words. many of them are elderly, while some have died. they want closure in order that there can be some resolution in this aspect of their lives.
           as the taoiseach knows, for nearly 40 years, the home, as it was called, was involved in illegal adoptions of children to america, as well as in the illegal burial of hundreds of children who had died in the home and been interred in a mass grave without proper funerals. they are the stark facts. we need an inquiry to identify what exactly was the role of the bon secours sisters and the extent to which state agencies were involved.
           the arts are another way of providing us with a mechanism to understand and, more importantly, feel the emotional impact and trauma of the tuam mother and baby home. in dublin last week i attended the stay with me exhibition at the inspire galerie. the exhibition was of artwork created by people who had been moved by the tuam babies story. words cannot convey the depth and strength of feeling involved in the artworks. they give us a glimpse of how those centrally affected must feel. the aim of the exhibition is not to cause horror or revulsion but to show love to help people to come to terms with the terrible losses they endured.
           i understand the inquiry needs to proceed to a fifth year. the department of health has apparently produced a new batch of documentation which needs to be examined. why was it not forthcoming when all of agencies involved were asked to produce everything they had? the continued inquiry may be necessary, but that does not mean that those affected should have to wait another year for some resolution. do we not have enough evidence to show that there was wrongdoing? will the government agree to provide redress for those affected, many of whom are elderly and deserve our compassion and a resolution to ease their pain as far as we can provide for this? if we do not act now, for some it will be too late. it is already too late for those survivors who have passed away in the four years since the inquiry began."
2019-01-22,dail,https://data.oireachtas.ie/akn/ie/debateRecord/dail/2019-01-22/debate/main,53,The Taoiseach,The Taoiseach,"the taoiseach
          the government has granted a request made by the commission of investigation into mother and baby homes to extend the timeframe for the delivery of its reports by one year. the commission is now due to submit its final report by 2020. i note that the deputy has acknowledged that we have to allow the commission which is independent to do its work. at the same time, we need to acknowledge and understand the enormous frustration felt by former residents of mother and baby homes who will have to wait longer than anticipated to get some answers to some of their questions.
           the commission, not having completed its work, is obviously not able at this stage to make findings of fact or wrongdoing. for example, while it has met 519 former residents, 26 have yet to have their stories heard. it is important that they be heard. new material has been received, consisting of more than 100,000 pages of documents, which needs to be considered. while there is still much work to be done by the commission, it has assured the minister that it can do it by february next year within its existing budget. there will, however, be a comprehensive report on 15 march which is only a few weeks away on burials at the site. i hope it will, at least, give us some answers. the minister who has been involved with the consultative group is examining ways by which we may be able to give former residents of mother and baby homes some health and well-being supports in the interim while we await the final three reports of the commission next year. it will be brought to the government once it is ready."
2019-01-22,dail,https://data.oireachtas.ie/akn/ie/debateRecord/dail/2019-01-22/debate/main,54,Deputy Brendan Howlin,Deputy Brendan Howlin,"deputy brendan howlin
          how is it that this new volume of documents has suddenly come to light four years into the inquiry and has now been submitted by the department of health? has the taoiseach asked why that would be? everybody was asked to provide every document from the beginning. this is not the first inquiry where this tardiness, to put it at its kindest, has come to light. i ask the taoiseach not to wait but to formally apologise, on behalf of the state and all of us, to those who suffered in those mother and baby homes. he should do it this week. the government should provide redress now of the kind the taoiseach has said is being examined before it is too late for elderly people. i met some of the affected people at that art exhibition and it would move a person to tears to listen to their anguish and the desperate frustration arising from this issue going on and on. are other graves being examined or is tuam one awful and unique situation?"
2019-01-22,dail,https://data.oireachtas.ie/akn/ie/debateRecord/dail/2019-01-22/debate/main,55,The Taoiseach,The Taoiseach,"the taoiseach
          i do not need to wait for the report to be published next year to offer my sorrow and regret, and that of the government, for all that happened to women in mother and baby homes and the children born in them. many of them had very negative experiences and the government, this parliament and the state are very sorry for all of that."
2019-01-22,dail,https://data.oireachtas.ie/akn/ie/debateRecord/dail/2019-01-22/debate/main,77,Deputy Mary Lou McDonald,Deputy Mary Lou McDonald,"deputy mary lou mcdonald
          i want to return to the issue of the mother and baby homes. i understand that the minister for children and youth affairs, deputy zappone, brought a memo to cabinet today. as has been articulated, the wrongs of these mother and baby homes are accepted by everyone in this house. i believe we all recognise that many of the victims and survivors are elderly and in ill health. in 2016, the commission said in its second interim report that children who had been resident at the bethany home and at other county and mother and baby homes should be eligible for the residential institutions redress scheme. this, however, has not happened. derek leinster has described the refusal to extend redress to those survivors until the commission concludes its final report, which will now be 2020, as a delay and deny until they die approach."
2019-01-22,dail,https://data.oireachtas.ie/akn/ie/debateRecord/dail/2019-01-22/debate/main,80,Minister for Children and Youth Affairs (Deputy Katherine Zappone),Minister for Children and Youth Affairs (Deputy Katherine Zappone),"minister for children and youth affairs (deputy katherine zappone)
          i will address that question. on the government's decision with regard to the bethany home survivors and the commission's recommendation, it is correct that the other governments made decisions not to include the bethany home survivors in the original redress scheme. this government confirmed and agreed with that even though the commission recommended it should be considered to be included in the scheme. we reviewed it and, along with other previous governments, did not agree with that.
           it is important to say that the bethany home is included in the commission of investigation into mother and baby homes. when the commission reports, it will include that home.
           on the response to the bethany home survivors, and i believe the taoiseach has referred to this, i established an independent, collaborative forum of representative stakeholders to offer recommendations on health and well-being supports, especially with regard to concerns for the bethany home survivors. that report is now with me."
2019-01-21,dail,https://data.oireachtas.ie/akn/ie/debateRecord/dail/2019-01-21/debate/main,3,The Taoiseach,The Taoiseach,"the taoiseach
          a cheann comhairle, a chathaoirligh, ar an lá seo, céad bliain ó shin, deimhníodh ráiteas dearfa, diongbháilte, misniúil faoi thodhchaí na héireann. tháinig grúpa beag duine a bhí tofa i bparlaimint westminster, le chéile anseo, i dteach an ardmhéara i mbaile átha cliath, chun an chéad dáil a reachtú.
           ar shlí, is ráiteas siombolach a bhí i gceist. bhí an dáil ina oireachtas gan aon chumhacht ach ó thaobh an tsiombalachais de, bhí sé an-chumhachtach ar fad. fógraíodh leis an ócáid an nádúr daonlathach a rith mar bhuntréith trí réabhlóid na héireann, an luach a chuir sí in institiúidí parlaiminteacha, agus an mhian a bhí ann chun stát saor, neamhspleách, daonlathach a bhaint amach.
           ba chruinniú dátheangach é, an chéad chruinniú stairiúil sin. seoladh an chuid is mó de as gaeilge, agus léadh cuid de na doiciméid as fraincis, agus ansin as béarla. 
           inniu, cuimhnímid ar fhís de phoblacht shaor, neamhspleách a bhí leagtha amach sa dearbhú neamhspleáchais sin, a bhronnfaí cearta agus deiseanna comhionanna ar gach saoránach. is í an fhís chéanna a threoraímid inniu.
           when a small group of people, recently elected to the westminster parliament, met here in the mansion house 100 years ago they changed the course of irish history. the meeting of the first dáil was bold, profound and decisive as a statement about the future of ireland. in some ways, it was more of a symbolic statement. the first dáil was a legislature without any power but, as symbolism went, it was incredibly powerful. it proclaimed the essential democratic nature of the irish revolution, the value that it placed on parliamentary institutions and its aspirations for a free, independent and democratic state.
           i believe it is significant that the declaration of independence was read out in irish, french and english. the vision of a free, independent republic was multilingual in its approach and multilateral in its outlook. it was one which sought to ""re-establish justice, to provide for future defence, to ensure peace at home and goodwill with all nations and to constitute a national polity based on the people's will with equal right and equal opportunity for every citizen"". these are the same principles which guide us today. much asserted in the message to the free nations of the world could be restated by us here today. we share the vision of a confident trading nation which must be open to all nations. through our membership of the european union, our role with the united nations, in peacekeeping and international development, we have turned the dream of ireland taking her place among the nations of the world into a reality.
           i am happy to acknowledge the influence of the labour movement on the democratic programme, and we see it in the assertion that private property must be subordinated to the public right and welfare. today, this is reflected in bunreacht na héireann in article 43 where private property rights are enshrined but are subject to the common good.
           for many at the time, the ideas in the democratic programme seemed radical. a minister in the first free state government dismissed it as ""mostly poetry"". what is striking to me is how successive governments were eventually able to translate the poetry of the democratic programme into legislative and policy prose. that work continues.
           over time, the new irish state would establish policies as the programme directed ""for the care of the nation's aged and infirm, who shall not be regarded as a burden, but rather entitled to the nation's gratitude and consideration"". health services were established to safeguard the health of the people and ensure the physical well-being of the country, services that serve us well, notwithstanding the many problems. the poor laws were abolished and the state pension system and a social insurance system brought in to replace them. also, through the development of state-owned enterprises such as the esb and bord na móna ""the nation's resources"", its ""mineral deposits, peat bogs, fisheries, waterways and harbours"" were developed ""in the interests and for the benefit of the irish people"" and remain in their ownership. although it took many decades and a new direction in irish economic policy, industries were eventually invigorated and trade with foreign nations revived on terms of mutual advantage and goodwill as the programme foresaw.
           the democratic programme also points to where the state has fallen short. its assertion that ""the first duty of the government of the republic"" will be to ensure that ""no child shall suffer hunger or cold from lack of food, clothing, or shelter, but that all shall be provided with the means and facilities requisite for their proper education and training"" reminds us of our ongoing responsibilities to children today. industrial schools, illegal adoptions and mother and baby homes were a betrayal of those ideals. although the rate of child poverty in ireland is only a fraction of what it was 100 years ago, and is falling, we must still do better.
           in the first years of the irish free state it is interesting to reflect that there were almost half a million pupils in primary schools across the country, but only one in 20 would continue beyond that. second level education was for the few and third level for the very few. it is no wonder that a member of the first free state senate, william butler yeats, called ireland, in 1928, ""the worst educated country in northern europe"". now, we are one of the best educated. different governments over many years made that possible, for example, bringing in free second level education. the result is that this ideal of the democratic programme has become a reality for the many. in 2019, more people attend higher education than ever before, with more coming from non-traditional backgrounds than ever was the case in the past.
           we also remember that constance markievicz was made minister for labour not on this day 100 years ago but by the first dáil nonetheless in april 1919. it is deeply shameful that it took another 60 years before another woman became a government minister. as a state, we have been diminished by the absence of women from positions of power. 
           today we also remember that 21 january 1919 was also the date of the ambush at soloheadbeg in county tipperary, an event that subsequently became seen as the first shots in the war of independence. in the months and years ahead we will commemorate the struggle that helped us achieve the independence declared so eloquently on behalf of the irish people in the mansion house on this day.
           a cheann comhairle, tugann an ócáid inniu an deis dúinn chun machnamh a dhéanamh ar an saol a bhí ann fadó agus, ag an am céanna, smaoineamh ar an saol atá amach romhainn sa todhchaí. ba chéim mhisniúil, chróga í cruinniú na chéad dála, a dhearbhaigh go raibh tacaíocht mhuintir na héireann taobh thiar den chomhlint chun neamhspleachas na héireann a bhuachan, agus gur bhain sí a dlisteanacht as sin. agus muid ag tabhairt ómóis don chéad dáil, athdhearbhaímid ár gcreideamh ina hionracas daonlathach, a comhthionól leis an saol, agus aththiomnaímid dá hidéil agus dá fís. 
           today is an opportunity for all of us to recall the past and also to look to the future. the meeting of the first dáil was a bold exercise in democracy, an assertion that the struggle for irish independence had the support of the irish people and derived its legitimacy from it. by honouring the first dáil here today we reaffirm our belief in democratic integrity in concourse with the world and rededicate ourselves to the pursuit of its values and its aspirations.
           go raibh míle maith agaibh."
2019-01-21,seanad,https://data.oireachtas.ie/akn/ie/debateRecord/seanad/2019-01-21/debate/main,3,The Taoiseach,The Taoiseach,"the taoiseach
          a cheann comhairle, a chathaoirligh, ar an lá seo, céad bliain ó shin, deimhníodh ráiteas dearfa, diongbháilte, misniúil faoi todhchaí na héireann. tháinig grúpa beag duine a bhí tofa i bparlaimint westminster, le chéile anseo, i dteach an ardmhéara i mbaile átha cliath, chun an chéad dáil a reachtú.
           ar shlí, is ráiteas siombolach a bhí i gceist. bhí an dáil ina oireachtas gan aon chumhacht ach ó thaobh an siombalachais de, bhí sé an-chumhachtach ar fad. fógraíodh leis an ócáid an nádúr daonlathach a rith mar bhunthréith trí réabhlóid na héireann, an luach a chuir sí in institiúidí parlaiminteacha, agus an mhian a bhí ann chun stát saor, neamhspleách, daonlathach a bhaint amach. 
           ba chruinniú dátheangach é, an chéad chruinniú stairiúil sin. seoladh an chuid is mó de as gaeilge, agus léadh cuid de na doiciméid as fraincis, agus ansin as béarla. 
           inniu, cuimhnímid ar fhís de phoblacht shaor, neamhspleách a bhí leagtha amach sa dearbhú neamhspleáchais sin, a bhronnfaí cearta agus deiseanna comhionanna ar gach saoránach. is í an fhís chéanna a threoraímid inniu.
           when a small group of people, recently elected to the westminster parliament, met here in the mansion house 100 years ago they changed the course of irish history. the meeting of the first dáil was bold, profound and decisive as a statement about the future of ireland. in some ways, it was more of a symbolic statement. the first dáil was a legislature without any power but, as symbolism went, it was incredibly powerful. it proclaimed the essential democratic nature of the irish revolution, the value that it placed on parliamentary institutions and its aspirations for a free, independent and democratic state.
           i believe it is significant that the declaration of independence was read out in irish, french and english. the vision of a free, independent republic was multilingual in its approach and multilateral in its outlook. it was one which sought to ""re-establish justice, to provide for future defence, to ensure peace at home and goodwill with all nations and to constitute a national polity based on the people's will with equal right and equal opportunity for every citizen"". these are the same principles which guide us today. much asserted in the message to the free nations of the world could be restated by us here today. we share the vision of a confident trading nation which must be open to all nations. through our membership of the european union, our role with the united nations, in peacekeeping and international development, we have turned the dream of ireland taking her place among the nations of the world into a reality.
           i am happy to acknowledge the influence of the labour movement on the democratic programme, and we see it in the assertion that private property must be subordinated to the public right and welfare. today, this is reflected in bunreacht na héireann in article 43 where private property rights are enshrined but are subject to the common good.
           for many at the time, the ideas in the democratic programme seemed radical. a minister in the first free state government dismissed it as ""mostly poetry"". what is striking to me is how successive governments were eventually able to translate the poetry of the democratic programme into legislative and policy prose. that work continues.
           over time, the new irish state would establish policies as the programme directed ""for the care of the nation's aged and infirm, who shall not be regarded as a burden, but rather entitled to the nation's gratitude and consideration"". health services were established to safeguard the health of the people and ensure the physical well-being of the country, services that serve us well, notwithstanding the many problems. the poor laws were abolished and the state pension system and a social insurance system brought in to replace them. also, through the development of state-owned enterprises such as the esb and bord na móna ""the nation's resources"", its ""mineral deposits, peat bogs, fisheries, waterways and harbours"" were developed ""in the interests and for the benefit of the irish people and remain in their ownership"". although it took many decades and a new direction in irish economic policy, industries were eventually invigorated and trade with foreign nations revived on terms of mutual advantage and goodwill as the programme foresaw.
           the democratic programme also points to where the state has fallen short. its assertion that ""the first duty of the government of the republic will be to ensure that no child shall suffer hunger or cold from lack of food, clothing, or shelter, but that all shall be provided with the means and facilities requisite for their proper education and training"" reminds us of our ongoing responsibilities to children today. industrial schools, illegal adoptions and mother and baby homes were a betrayal of those ideals. although the rate of child poverty in ireland is only a fraction of what it was 100 years ago, and is falling, we must still do better.
           in the first years of the irish free state it is interesting to reflect that there were almost half a million pupils in primary schools across the country, but only one in 20 would continue beyond that. second level education was for the few and third level for the very few. it is no wonder that a member of the first free state senate, william butler yeats, called ireland, in 1928, ""the worst educated country in northern europe"". now, we are one of the best educated. different governments over many years made that possible, for example, bringing in free second level education. the result is that this ideal of the democratic programme has become a reality for the many. in 2019, more people attend higher education than ever before, with more coming from non-traditional backgrounds than ever was the case in the past.
           we also remember that constance markievicz was made minister for labour not on this day 100 years ago but by the first dáil nonetheless in april 1919. it is deeply shameful that it took another 60 years before another woman became a government minister. as a state, we have been diminished by the absence of women from positions of power. 
           today we also remember that 21 january 1919 was also the date of the ambush at soloheadbeg in county tipperary, an event that subsequently became seen as the first shots in the war of independence. in the months and years ahead we will commemorate the struggle that helped us to achieve the independence declared so eloquently on behalf of the irish people in the mansion house on this day.
           a cheann comhairle, tugann an ócáid inniu an deis dúinn chun machnamh a dhéanamh ar an saol a bhí ann fadó, agus, ag an am céanna, smaoineamh ar an saol atá amach romhainn sa todhchaí. ba chéim mhisniúil, chróga í cruinniú na chéad dála, a dhearbhaigh go raibh tacaíocht mhuintir na héireann taobh thiar den chomhlint chun neamhspleachas na héireann a bhuachan, agus gur bhain sí a dlisteanacht as sin. agus muid ag tabhairt ómós don chéad dáil, athdhearbhaímid ár gcreideamh ina hionracas daonlathach, a chomhthionól leis an saol, agus aththiomnaímid dá hidéil agus dá fís. 
           today is an opportunity for all of us to recall the past and also to look to the future. the meeting of the first dáil was a bold exercise in democracy, an assertion that the struggle for irish independence had the support of the irish people and derived its legitimacy from it. by honouring the first dáil here today we reaffirm our belief in democratic integrity in concourse with the world and rededicate ourselves to the pursuit of its values and its aspirations.
           go raibh míle maith agaibh."
2019-01-17,dail,https://data.oireachtas.ie/akn/ie/debateRecord/dail/2019-01-17/debate/main,332,Acting Chairman (Deputy Bernard J. Durkan),Acting Chairman (Deputy Bernard J. Durkan),"acting chairman (deputy bernard j. durkan)
          i wish to advise the house of the following matters in respect of which notice has been given under standing order 29a and the name of the member in each case: (1) deputies joan collins, clare daly and catherine connolly - to discuss the proposed extension of the final report of the commission of investigation into mother and baby homes; (2) deputy donnchadh ó laoghaire - to discuss upgrading of the l2455, lehenaghbeg-lehenaghmore road; (3) deputy fiona o'loughlin - to discuss funding for rath school, ballybrittas, county laois; (4) deputy eugene murphy - to discuss the enhancement of road safety measures at cloontuskert national school, county roscommon; (5) deputy louise o'reilly - to discuss free access to abortion services for women from the north of ireland; (6) deputy niamh smyth - to discuss the respite service crisis for children with disabilities and their families; (7) and deputy mick wallace - to discuss the appointment of an interim chair of the land development agency.
           the matters raised by deputies joan collins, clare daly and catherine connolly and niamh smyth have been selected for discussion."
2019-01-17,dail,https://data.oireachtas.ie/akn/ie/debateRecord/dail/2019-01-17/debate/main,333,Deputy Joan Collins,Deputy Joan Collins,"deputy joan collins
            the commission of investigation into the 14 mother and baby homes - the term ""homes"" in that context sticks in my throat - and four county homes was due to report last february. time was extended on the basis of the workload involved in investigating these institutions. last year's interim report stated that the issues of living conditions, mortality rates, post-mortem practices, vaccine trials and practices in relation to placement for fostering and adoption involved time-consuming investigation and the government extended time until february of this year. that had a devastating effect on survivors. paul redmond, chairman of the coalition of mother and baby home survivors, noted that the survivor community was elderly and dying and that many hundreds had passed away since the tuam 800 story broke in may 2014. he was scathing about the delay. last week, the bomb dropped that the commission had requested a further year before publication of its final report.
             i ask the minister to correct me if i am wrong, but my information is that the report was finalised in early december last and had been sent to the attorney general pending transmission to the minister and the cabinet. i have also been informed that more files from the hse have emerged which is why, potentially, a further delay is being sought by the commission. survivors have been waiting anxiously for this report, as the minister knows, and have been physically and emotionally shattered by the announcement in last week's newspaper. it was a cold and calculated way to inform survivors and their families. some survivors in their 70s and 80s were outside the gates of leinster house yesterday. they were cold and they were angry. it was a disgraceful way to treat these ageing people. their rights and justice are being denied. will the minister please explain exactly what is happening and set out why there was no early warning of the proposed delay? these people are losing confidence in the minister and her government and in the commission."
2019-01-17,dail,https://data.oireachtas.ie/akn/ie/debateRecord/dail/2019-01-17/debate/main,335,Deputy Catherine Connolly,Deputy Catherine Connolly,"deputy catherine connolly
            has the commission of investigation asked for an extension of time? if so, when was the request made, how was it made and how long has the minister known? i ask these questions in the knowledge that four and a half years ago, in july 2014, the then minister for children and youth affairs, deputy james reilly, announced that judge yvonne murphy would chair the commission. the terms of reference were set in february 2015 and here we are four years later. there have been three interim reports, the first of which requested a change in the time for the publication of the two reports, namely the confidential committee report and the social history report. from day one, there was confusion and delay. the third report asked for extension of time. while it caused real upset then, people accepted the assurance that the report would be published in february of this year.
            i remind the house that this commission has come about on the backs of those who attended mother and baby homes, particularly the home in tuam, which gave rise to this commission and where the remains of almost 800 babies and infants were found. the struggle of people on the ground, many of whom were outside yesterday, forced us into action. none of this was proactive on the part of the government. all of this was reactive. subsequent to what we found out in patsy mcgarry's newspaper report earlier this month, it was claimed on the department's website that ""reports in the media did not come from this department and the speculation contained in these reports is inaccurate"". what specific inaccuracies are there? has an extension been sought? if so, when and why was it sought? i will await the minister's answer before i give my opinion."
2019-01-17,dail,https://data.oireachtas.ie/akn/ie/debateRecord/dail/2019-01-17/debate/main,336,Minister for Children and Youth Affairs (Deputy Katherine Zappone),Minister for Children and Youth Affairs (Deputy Katherine Zappone),"minister for children and youth affairs (deputy katherine zappone)
            i thank my independent colleagues for raising the fourth interim report of the commission of investigation into mother and baby homes and certain related matters, which deals with the questions being asked today. the commission was established to investigate the conditions in mother and baby homes and county homes in the period from 1922 to 1998. the scope of the investigation is broad. it was acknowledged at the outset that the timeframe was ambitious. i received the fourth interim report in december 2018. i met the chair of the commission, judge yvonne murphy, last week to discuss the request for the extension of the timeframe for the delivery of the commission's reports and to ensure i had a full understanding of the progress to date and the basis for the additional time being requested. i know it is important for the commission to complete this sensitive and complex work as soon as possible. it is also important not to underestimate its task. following our meeting, i am confident that the commission is using its best endeavours to conclude the investigation as expeditiously as possible. there can be no shortcut to finding the truth.
             the interim report is short. contrary to what the deputies have suggested, it is not a proposal. it grounds the request for an extension of the timeframe to deliver the three reports from the commission by one year. as the request constitutes a change in the terms of reference of the commission, it is a matter for the government to consider the request in reflection of its statutory provisions. government approval is also required to publish the report. with this in mind, i intend to bring a memorandum to the cabinet. i have already circulated a draft of the memorandum to government departments. i hope to have it on the agenda next week for discussion. ahead of the cabinet meeting, it would not be helpful to speculate on what the government will decide. i am conscious that the commentary on this issue in the media last week has caused distress and anxiety for those involved in this process. the coverage was misleading and did not originate from the department of children and youth affairs, as one of the deputies mentioned.
             i reiterate my commitment to use existing channels to inform stakeholders of any developments in this area in advance of a public notice. i intend to make a public announcement following the cabinet meeting to clarify the position for them. deputies may wish to note that the collaborative forum that was established last summer has produced an initial report, which outlines the legislative issues and supports the survivors of these institutions would like the government to prioritise. i intend to bring this report to the cabinet shortly. the process of delivering on the government decision with regard to the mother and baby home in tuam, county galway, is also under way. this is being progressed separately from the investigation by the commission. i thank the deputies again for their contributions today. i will engage with stakeholders ahead of any public announcements. i hope to announce the details of the interim report as soon as possible."
2019-01-16,dail,https://data.oireachtas.ie/akn/ie/debateRecord/dail/2019-01-16/debate/main,215,An Ceann Comhairle,An Ceann Comhairle,"an ceann comhairle
          i wish to advise the house of the following matters in respect of which notice has been given under standing order 29a and the name of the member in each case: (1) deputy seán crowe - to discuss the ongoing hunger strike by over 120 kurdish prisoners in turkey; (2) deputy kevin o'keeffe - to discuss the framework required for cork county council and irish water to advance construction of residential units in north cork; (3) deputy eamon scanlon - to discuss the provision of capital funding for new beds at sligo university hospital; (4) deputy éamon ó cuív - the need for the minister for agriculture, food and the marine to take steps to increase the amount of planting of native woodland by extending eligibility for the native woodland grant to lower yield classes and by other measures; (5) deputies james browne, jan o'sullivan and mattie mcgrath - to discuss the cost overruns in health, including university hospital limerick and the national children’s hospital; (6) deputy pat buckley - to discuss the need to publish last year’s review of jigsaw youth mental health service in light of the increased demand for and pressure on camhs and other mental health services directed at young people; (7) deputy donnchadh ó laoghaire - to discuss the potential upgrade of the l2455, lehenaghbeg-lehenaghmore road; (8) deputies clare daly and catherine connolly - to discuss the proposed extension of the final report of the commission of investigation into mother and baby homes by a further year; (9) deputy eoin ó broin - to discuss the need to amend social protection legislation governing eligibility for one-parent family payment to include foster parents in the list of qualifying parents; (10) deputy brian stanley - to discuss with the minister for communications, climate action and environment what preparations have been made in terms of securing energy supply after britain leaves the european union, including the state's oil reserves in britain, natural gas supply from britain and the single electricity market; (11) deputy mick wallace - to discuss the appointment of john moran as interim chair of the land development agency; (12) deputy jim o'callaghan - to discuss the ratification of the budapest and lanzarote conventions on cybercrime and child protection; (13) deputy bríd smith - overdevelopment of student accommodation and hotels in dublin 8; and (14) deputy richard boyd barrett - income, employment, career insecurity and poverty among artists and arts workers.
           the matters raised by deputies crowe, o'keeffe, browne, jan o'sullivan and mcgrath and o'callaghan have been selected for discussion."
2019-01-16,dail,https://data.oireachtas.ie/akn/ie/debateRecord/dail/2019-01-16/debate/main,316,Deputy Catherine Connolly,Deputy Catherine Connolly,"deputy catherine connolly
          i do not sit on the relevant committee but i have read the proposed legislation and i thank the oireachtas library and research service for its digest on it. i suggest that the minister read the latter. if he does so, he will come across exactly what my colleagues have just said regarding the evidence on minimum sentences for repeat offenders. the jury is out. like my colleagues and in view of my background, what upsets me most is the absolute failure to deal with sexual violence. since i was elected to the dáil, my colleagues and i have repeatedly asked for the government to deal with sexual violence. we have asked for a basic updated sexual abuse and violence in ireland, savi, report. we know domestic violence alone costs the economy €2.5 billion a year and that sexual crime goes unreported. most women and men do not come forward. there is another minister sitting beside the minister for justice and equality who is very sensible and i recommend that she read the digest relating to the bill.
           one could not possibly go through with this. it is an illusion that something is being done about violence in ireland when the complete opposite is being done. it reinforces stereotypes that packing somebody off to prison without treatment and saying that a minimum sentence with a further minimum sentence is the way to treat them. we know that is not the way and the minister knows it. he has enough legal experts with him to tell him this is not true and the ordinary person in the street will tell him that. he is feeding into stereotypes. this bill was ostensibly brought in following the dreadful case in roscommon whereby children were neglected and abused. the latter was one of the rare occasions on which a woman was found guilty of incest. i understand that this legislation started out as a way to deal with the anomaly in law where a man is subject to a maximum of life imprisonment for such an offence whereas a much lesser sentence applied in the case of a woman. this is designed to get rid of that anomaly. we are ignoring that incest between consenting adults is a moral issue but we are criminalising it when it is unnecessary. i do not like it but it is in the guise of protecting children.
           the minister has repeatedly used tom o'malley as a recognised scholar of law and he has repeatedly asked whether what is proposed is necessary. other countries have not criminalised incest between consenting adults. i find it repugnant but it is not necessarily something we should criminalise. doing it in the guise of protecting children is appalling. i asked about this during leaders' questions on one occasion. i will ask again with regard to three children who were unprotected. i am addressing both the minister for justice and equality and minister for employment affairs and social protection in this regard. there was a recent case in the follow-up from tuam where three young children under the protection of the hse were repeatedly raped when they were in care.
          that is bad enough, but accountability for this is nowhere to be seen. the matter has gone to an independent review panel. i and other deputies have raised it in the house only to be told the panel is independent and we cannot put questions to it. we can ask the charleton tribunal when it will report, we can ask the mother and baby tribunal what is happening with it and when it will report, but apparently we cannot ask the independent review panel why it has not reported on three young children who were systematically raped while under the protection of the hse and in care. i will not go into the details. we all know them.
           those of us who are women sit here and ask if we are protecting children. we certainly are not. we are all party to that failure to a certain extent - some of us more than others. the government has the power to do something about this, namely give tusla proper resources and put in place proper management structures within that organisation. later, we will debate legislation relating to the hse. the latter lacks a board - the last one was disbanded in 2012 as a temporary measure - and has been seeking to provide care in the absence of accountability on the part of management. it is 2019 and there is still no board in place to hold management to account. the good work tusla and hiqa are doing has been highlighted, but the lack of governance has also been highlighted. the charleton report recently put the focus absolutely on tusla and the hse in the context of the absence of governance and the role of the garda.
           why am i mentioning all this in the context of this legislation? it is because this is an illusion, and that is putting it mildly. i hope sinn féin will not support the legislation. if it does, it will be buying into the hypocrisy that is going on in the attempts to please one or two independent members. if we are seriously interested in protecting children, this is not the way to do it. i ask for sense to prevail. let us work together because the protection of children is above and beyond politics. what is proposed here is certainly not the way to proceed. if fianna fáil supports this, it will be truly disgraceful on its part to buy into this kind of game."
2019-01-15,dail,https://data.oireachtas.ie/akn/ie/debateRecord/dail/2019-01-15/debate/main,256,An Leas-Cheann Comhairle,An Leas-Cheann Comhairle,"an leas-cheann comhairle
          i wish to advise the house of the following matters in respect of which notice has been given under standing order 29a and the name of the member in each case: (1) deputy gino kenny - to discuss the government’s proposed cannabis access programme; (2) deputy tony mcloughlin - to ask the minister for education and skills to outline the reasons why summerhill college, sligo, has been advised by the department to introduce a cap on its students numbers for 2019-20 instead of allocating funding for additional accommodation; (3) deputy éamon ó cuív - the need for the minister for agriculture, food and the marine to stake steps to increase the amount of planting of native woodland by extending eligibility for the native woodland grant to lower yield classes and by other measures; (4) deputies john brassil, thomas byrne and louise o'reilly - the need to discuss provision of meningitis vaccination in light of recent outbreaks; (5) deputy eamon scanlon - to discuss the provision of capital funding for new beds at sligo university hospital; (6) deputy john lahart - to outline what steps the minister is taking to address assaults on taxi drivers in dublin in the context of recent experiences of taxi drivers; (7) deputies jan o'sullivan, james browne and mattie mcgrath - the need for the minister for health to address the concern that spiralling costs related to the national children’s hospital will impact other health projects; (8) deputy alan kelly - to discuss the timeframe for the royal college of obstetricians review of cervical cancer slides; (9) deputy jim o'callaghan - the failure of the state to ratify the budapest convention on cybercrime and the lanzarote convention on the protection of children against sexual exploitation and sexual abuse; (10) deputy clare daly - to discuss the proposed extension of the final report of the mother and baby homes commission of investigation; (11) deputy jackie cahill - the need for the minister for health to address the reduction of services for north tipperary patients of milford hospice; (12) deputy bernard j. durkan - to discuss the impact of the discontinuation of the balyna, county kildare, group water scheme; (13) deputy richard boyd barrett - the sipo findings against a mayo councillor over zoning issues in mayo county council; (14) deputy seán crowe - to discuss the ongoing hunger strike by over 120 kurdish prisoners in turkey; and (15) deputy mick wallace - to discuss the progress of the land development agency to date and an update on the position of full-time chairperson.
           the matters raised by deputies gino kenny, john brassil, thomas byrne and louise o'reilly, alan kelly, and bernard j. durkan have been selected for discussion."
