date,house,debateType,debate_uri,xml_uri
2024-12-18,dail,debate,https://data.oireachtas.ie/akn/ie/debateRecord/dail/2024-12-18/debate/main,https://data.oireachtas.ie/akn/ie/debateRecord/dail/2024-12-18/debate/mul@/main.xml
2024-11-07,dail,debate,https://data.oireachtas.ie/akn/ie/debateRecord/committee_of_public_accounts/2024-11-07/debate/main,https://data.oireachtas.ie/akn/ie/debateRecord/committee_of_public_accounts/2024-11-07/debate/mul@/main.xml
2024-11-07,dail,debate,https://data.oireachtas.ie/akn/ie/debateRecord/dail/2024-11-07/debate/main,https://data.oireachtas.ie/akn/ie/debateRecord/dail/2024-11-07/debate/mul@/main.xml
2024-11-07,seanad,debate,https://data.oireachtas.ie/akn/ie/debateRecord/seanad/2024-11-07/debate/main,https://data.oireachtas.ie/akn/ie/debateRecord/seanad/2024-11-07/debate/mul@/main.xml
2024-11-06,dail,debate,https://data.oireachtas.ie/akn/ie/debateRecord/joint_committee_on_enterprise_trade_and_employment/2024-11-06/debate/main,https://data.oireachtas.ie/akn/ie/debateRecord/joint_committee_on_enterprise_trade_and_employment/2024-11-06/debate/mul@/main.xml
2024-11-06,dail,debate,https://data.oireachtas.ie/akn/ie/debateRecord/joint_committee_on_disability_matters/2024-11-06/debate/main,https://data.oireachtas.ie/akn/ie/debateRecord/joint_committee_on_disability_matters/2024-11-06/debate/mul@/main.xml
2024-11-06,dail,debate,https://data.oireachtas.ie/akn/ie/debateRecord/select_committee_on_social_protection_community_and_rural_development_and_the_islands/2024-11-06/debate/main,https://data.oireachtas.ie/akn/ie/debateRecord/select_committee_on_social_protection_community_and_rural_development_and_the_islands/2024-11-06/debate/mul@/main.xml
2024-11-06,dail,debate,https://data.oireachtas.ie/akn/ie/debateRecord/select_committee_on_tourism_culture_arts_sport_and_media/2024-11-06/debate/main,https://data.oireachtas.ie/akn/ie/debateRecord/select_committee_on_tourism_culture_arts_sport_and_media/2024-11-06/debate/mul@/main.xml
2024-11-06,dail,debate,https://data.oireachtas.ie/akn/ie/debateRecord/joint_committee_on_agriculture_food_and_the_marine/2024-11-06/debate/main,https://data.oireachtas.ie/akn/ie/debateRecord/joint_committee_on_agriculture_food_and_the_marine/2024-11-06/debate/mul@/main.xml
2024-11-06,dail,debate,https://data.oireachtas.ie/akn/ie/debateRecord/joint_committee_on_health/2024-11-06/debate/main,https://data.oireachtas.ie/akn/ie/debateRecord/joint_committee_on_health/2024-11-06/debate/mul@/main.xml
2024-11-06,dail,debate,https://data.oireachtas.ie/akn/ie/debateRecord/joint_committee_on_transport_and_communications/2024-11-06/debate/main,https://data.oireachtas.ie/akn/ie/debateRecord/joint_committee_on_transport_and_communications/2024-11-06/debate/mul@/main.xml
2024-11-06,seanad,debate,https://data.oireachtas.ie/akn/ie/debateRecord/seanad/2024-11-06/debate/main,https://data.oireachtas.ie/akn/ie/debateRecord/seanad/2024-11-06/debate/mul@/main.xml
2024-11-06,dail,debate,https://data.oireachtas.ie/akn/ie/debateRecord/dail/2024-11-06/debate/main,https://data.oireachtas.ie/akn/ie/debateRecord/dail/2024-11-06/debate/mul@/main.xml
2024-11-05,dail,debate,https://data.oireachtas.ie/akn/ie/debateRecord/joint_committee_on_housing_local_government_and_heritage/2024-11-05/debate/main,https://data.oireachtas.ie/akn/ie/debateRecord/joint_committee_on_housing_local_government_and_heritage/2024-11-05/debate/mul@/main.xml
2024-11-05,dail,debate,https://data.oireachtas.ie/akn/ie/debateRecord/select_committee_on_foreign_affairs_and_defence/2024-11-05/debate/main,https://data.oireachtas.ie/akn/ie/debateRecord/select_committee_on_foreign_affairs_and_defence/2024-11-05/debate/mul@/main.xml
2024-11-05,dail,debate,https://data.oireachtas.ie/akn/ie/debateRecord/select_committee_on_finance_public_expenditure_and_reform_and_taoiseach/2024-11-05/debate/main,https://data.oireachtas.ie/akn/ie/debateRecord/select_committee_on_finance_public_expenditure_and_reform_and_taoiseach/2024-11-05/debate/mul@/main.xml
2024-11-05,dail,debate,https://data.oireachtas.ie/akn/ie/debateRecord/joint_committee_on_environment_and_climate_action/2024-11-05/debate/main,https://data.oireachtas.ie/akn/ie/debateRecord/joint_committee_on_environment_and_climate_action/2024-11-05/debate/mul@/main.xml
2024-11-05,dail,debate,https://data.oireachtas.ie/akn/ie/debateRecord/select_committee_on_transport_and_communications/2024-11-05/debate/main,https://data.oireachtas.ie/akn/ie/debateRecord/select_committee_on_transport_and_communications/2024-11-05/debate/mul@/main.xml
2024-11-05,dail,debate,https://data.oireachtas.ie/akn/ie/debateRecord/select_committee_on_agriculture_food_and_the_marine/2024-11-05/debate/main,https://data.oireachtas.ie/akn/ie/debateRecord/select_committee_on_agriculture_food_and_the_marine/2024-11-05/debate/mul@/main.xml
2024-11-05,dail,debate,https://data.oireachtas.ie/akn/ie/debateRecord/joint_committee_on_education_further_and_higher_education_research_innovation_and_science/2024-11-05/debate/main,https://data.oireachtas.ie/akn/ie/debateRecord/joint_committee_on_education_further_and_higher_education_research_innovation_and_science/2024-11-05/debate/mul@/main.xml
2024-11-05,seanad,debate,https://data.oireachtas.ie/akn/ie/debateRecord/seanad/2024-11-05/debate/main,https://data.oireachtas.ie/akn/ie/debateRecord/seanad/2024-11-05/debate/mul@/main.xml
2024-11-05,dail,debate,https://data.oireachtas.ie/akn/ie/debateRecord/dail/2024-11-05/debate/main,https://data.oireachtas.ie/akn/ie/debateRecord/dail/2024-11-05/debate/mul@/main.xml
2024-10-24,dail,debate,https://data.oireachtas.ie/akn/ie/debateRecord/roghchoiste_na_gaeilge_na_gaeltachta_agus_phobal_labhartha_na_gaeilge/2024-10-24/debate/main,https://data.oireachtas.ie/akn/ie/debateRecord/roghchoiste_na_gaeilge_na_gaeltachta_agus_phobal_labhartha_na_gaeilge/2024-10-24/debate/mul@/main.xml
2024-10-24,dail,debate,https://data.oireachtas.ie/akn/ie/debateRecord/dail/2024-10-24/debate/main,https://data.oireachtas.ie/akn/ie/debateRecord/dail/2024-10-24/debate/mul@/main.xml
2024-10-24,seanad,debate,https://data.oireachtas.ie/akn/ie/debateRecord/seanad/2024-10-24/debate/main,https://data.oireachtas.ie/akn/ie/debateRecord/seanad/2024-10-24/debate/mul@/main.xml
2024-10-24,dail,debate,https://data.oireachtas.ie/akn/ie/debateRecord/committee_of_public_accounts/2024-10-24/debate/main,https://data.oireachtas.ie/akn/ie/debateRecord/committee_of_public_accounts/2024-10-24/debate/mul@/main.xml
2024-10-24,dail,debate,https://data.oireachtas.ie/akn/ie/debateRecord/joint_committee_on_drugs_use/2024-10-24/debate/main,https://data.oireachtas.ie/akn/ie/debateRecord/joint_committee_on_drugs_use/2024-10-24/debate/mul@/main.xml
2024-10-24,dail,debate,https://data.oireachtas.ie/akn/ie/debateRecord/joint_committee_on_environment_and_climate_action/2024-10-24/debate/main,https://data.oireachtas.ie/akn/ie/debateRecord/joint_committee_on_environment_and_climate_action/2024-10-24/debate/mul@/main.xml
2024-10-24,dail,debate,https://data.oireachtas.ie/akn/ie/debateRecord/joint_committee_on_public_petitions_and_the_ombudsmen/2024-10-24/debate/main,https://data.oireachtas.ie/akn/ie/debateRecord/joint_committee_on_public_petitions_and_the_ombudsmen/2024-10-24/debate/mul@/main.xml
2024-10-24,dail,debate,https://data.oireachtas.ie/akn/ie/debateRecord/select_committee_on_education_further_and_higher_education_research_innovation_and_science/2024-10-24/debate/main,https://data.oireachtas.ie/akn/ie/debateRecord/select_committee_on_education_further_and_higher_education_research_innovation_and_science/2024-10-24/debate/mul@/main.xml
2024-10-23,dail,debate,https://data.oireachtas.ie/akn/ie/debateRecord/dail/2024-10-23/debate/main,https://data.oireachtas.ie/akn/ie/debateRecord/dail/2024-10-23/debate/mul@/main.xml
2024-10-23,seanad,debate,https://data.oireachtas.ie/akn/ie/debateRecord/seanad/2024-10-23/debate/main,https://data.oireachtas.ie/akn/ie/debateRecord/seanad/2024-10-23/debate/mul@/main.xml
2024-10-23,dail,debate,https://data.oireachtas.ie/akn/ie/debateRecord/joint_committee_on_agriculture_food_and_the_marine/2024-10-23/debate/main,https://data.oireachtas.ie/akn/ie/debateRecord/joint_committee_on_agriculture_food_and_the_marine/2024-10-23/debate/mul@/main.xml
2024-10-23,dail,debate,https://data.oireachtas.ie/akn/ie/debateRecord/joint_committee_on_enterprise_trade_and_employment/2024-10-23/debate/main,https://data.oireachtas.ie/akn/ie/debateRecord/joint_committee_on_enterprise_trade_and_employment/2024-10-23/debate/mul@/main.xml
2024-10-23,dail,debate,https://data.oireachtas.ie/akn/ie/debateRecord/committee_on_budgetary_oversight/2024-10-23/debate/main,https://data.oireachtas.ie/akn/ie/debateRecord/committee_on_budgetary_oversight/2024-10-23/debate/mul@/main.xml
2024-10-23,dail,debate,https://data.oireachtas.ie/akn/ie/debateRecord/joint_committee_on_disability_matters/2024-10-23/debate/main,https://data.oireachtas.ie/akn/ie/debateRecord/joint_committee_on_disability_matters/2024-10-23/debate/mul@/main.xml
2024-10-23,dail,debate,https://data.oireachtas.ie/akn/ie/debateRecord/joint_committee_on_european_union_affairs/2024-10-23/debate/main,https://data.oireachtas.ie/akn/ie/debateRecord/joint_committee_on_european_union_affairs/2024-10-23/debate/mul@/main.xml
2024-10-23,dail,debate,https://data.oireachtas.ie/akn/ie/debateRecord/joint_committee_on_health/2024-10-23/debate/main,https://data.oireachtas.ie/akn/ie/debateRecord/joint_committee_on_health/2024-10-23/debate/mul@/main.xml
2024-10-23,dail,debate,https://data.oireachtas.ie/akn/ie/debateRecord/select_committee_on_transport_and_communications/2024-10-23/debate/main,https://data.oireachtas.ie/akn/ie/debateRecord/select_committee_on_transport_and_communications/2024-10-23/debate/mul@/main.xml
2024-10-22,seanad,debate,https://data.oireachtas.ie/akn/ie/debateRecord/seanad/2024-10-22/debate/main,https://data.oireachtas.ie/akn/ie/debateRecord/seanad/2024-10-22/debate/mul@/main.xml
2024-10-22,dail,debate,https://data.oireachtas.ie/akn/ie/debateRecord/committee_of_public_accounts/2024-10-22/debate/main,https://data.oireachtas.ie/akn/ie/debateRecord/committee_of_public_accounts/2024-10-22/debate/mul@/main.xml
2024-10-22,dail,debate,https://data.oireachtas.ie/akn/ie/debateRecord/joint_committee_on_environment_and_climate_action/2024-10-22/debate/main,https://data.oireachtas.ie/akn/ie/debateRecord/joint_committee_on_environment_and_climate_action/2024-10-22/debate/mul@/main.xml
2024-10-22,dail,debate,https://data.oireachtas.ie/akn/ie/debateRecord/joint_committee_on_education_further_and_higher_education_research_innovation_and_science/2024-10-22/debate/main,https://data.oireachtas.ie/akn/ie/debateRecord/joint_committee_on_education_further_and_higher_education_research_innovation_and_science/2024-10-22/debate/mul@/main.xml
2024-10-22,dail,debate,https://data.oireachtas.ie/akn/ie/debateRecord/select_committee_on_education_further_and_higher_education_research_innovation_and_science/2024-10-22/debate/main,https://data.oireachtas.ie/akn/ie/debateRecord/select_committee_on_education_further_and_higher_education_research_innovation_and_science/2024-10-22/debate/mul@/main.xml
2024-10-22,dail,debate,https://data.oireachtas.ie/akn/ie/debateRecord/joint_committee_on_foreign_affairs_and_defence/2024-10-22/debate/main,https://data.oireachtas.ie/akn/ie/debateRecord/joint_committee_on_foreign_affairs_and_defence/2024-10-22/debate/mul@/main.xml
2024-10-22,dail,debate,https://data.oireachtas.ie/akn/ie/debateRecord/joint_committee_on_housing_local_government_and_heritage/2024-10-22/debate/main,https://data.oireachtas.ie/akn/ie/debateRecord/joint_committee_on_housing_local_government_and_heritage/2024-10-22/debate/mul@/main.xml
2024-10-22,dail,debate,https://data.oireachtas.ie/akn/ie/debateRecord/dail/2024-10-22/debate/main,https://data.oireachtas.ie/akn/ie/debateRecord/dail/2024-10-22/debate/mul@/main.xml
2024-10-17,seanad,debate,https://data.oireachtas.ie/akn/ie/debateRecord/seanad/2024-10-17/debate/main,https://data.oireachtas.ie/akn/ie/debateRecord/seanad/2024-10-17/debate/mul@/main.xml
2024-10-17,dail,debate,https://data.oireachtas.ie/akn/ie/debateRecord/joint_committee_on_drugs_use/2024-10-17/debate/main,https://data.oireachtas.ie/akn/ie/debateRecord/joint_committee_on_drugs_use/2024-10-17/debate/mul@/main.xml
2024-10-17,dail,debate,https://data.oireachtas.ie/akn/ie/debateRecord/committee_of_public_accounts/2024-10-17/debate/main,https://data.oireachtas.ie/akn/ie/debateRecord/committee_of_public_accounts/2024-10-17/debate/mul@/main.xml
2024-10-17,dail,debate,https://data.oireachtas.ie/akn/ie/debateRecord/select_committee_on_enterprise_trade_and_employment/2024-10-17/debate/main,https://data.oireachtas.ie/akn/ie/debateRecord/select_committee_on_enterprise_trade_and_employment/2024-10-17/debate/mul@/main.xml
2024-10-17,dail,debate,https://data.oireachtas.ie/akn/ie/debateRecord/select_committee_on_environment_and_climate_action/2024-10-17/debate/main,https://data.oireachtas.ie/akn/ie/debateRecord/select_committee_on_environment_and_climate_action/2024-10-17/debate/mul@/main.xml
2024-10-17,dail,debate,https://data.oireachtas.ie/akn/ie/debateRecord/joint_committee_on_public_petitions_and_the_ombudsmen/2024-10-17/debate/main,https://data.oireachtas.ie/akn/ie/debateRecord/joint_committee_on_public_petitions_and_the_ombudsmen/2024-10-17/debate/mul@/main.xml
2024-10-17,dail,debate,https://data.oireachtas.ie/akn/ie/debateRecord/joint_committee_on_the_implementation_of_the_good_friday_agreement/2024-10-17/debate/main,https://data.oireachtas.ie/akn/ie/debateRecord/joint_committee_on_the_implementation_of_the_good_friday_agreement/2024-10-17/debate/mul@/main.xml
2024-10-17,dail,debate,https://data.oireachtas.ie/akn/ie/debateRecord/select_committee_on_justice/2024-10-17/debate/main,https://data.oireachtas.ie/akn/ie/debateRecord/select_committee_on_justice/2024-10-17/debate/mul@/main.xml
2024-10-17,dail,debate,https://data.oireachtas.ie/akn/ie/debateRecord/joint_committee_on_transport_and_communications/2024-10-17/debate/main,https://data.oireachtas.ie/akn/ie/debateRecord/joint_committee_on_transport_and_communications/2024-10-17/debate/mul@/main.xml
2024-10-17,dail,debate,https://data.oireachtas.ie/akn/ie/debateRecord/dail/2024-10-17/debate/main,https://data.oireachtas.ie/akn/ie/debateRecord/dail/2024-10-17/debate/mul@/main.xml
2024-10-16,seanad,debate,https://data.oireachtas.ie/akn/ie/debateRecord/seanad/2024-10-16/debate/main,https://data.oireachtas.ie/akn/ie/debateRecord/seanad/2024-10-16/debate/mul@/main.xml
2024-10-16,dail,debate,https://data.oireachtas.ie/akn/ie/debateRecord/joint_committee_on_agriculture_food_and_the_marine/2024-10-16/debate/main,https://data.oireachtas.ie/akn/ie/debateRecord/joint_committee_on_agriculture_food_and_the_marine/2024-10-16/debate/mul@/main.xml
2024-10-16,dail,debate,https://data.oireachtas.ie/akn/ie/debateRecord/joint_committee_on_enterprise_trade_and_employment/2024-10-16/debate/main,https://data.oireachtas.ie/akn/ie/debateRecord/joint_committee_on_enterprise_trade_and_employment/2024-10-16/debate/mul@/main.xml
2024-10-16,dail,debate,https://data.oireachtas.ie/akn/ie/debateRecord/select_committee_on_children_equality_disability_integration_and_youth/2024-10-16/debate/main,https://data.oireachtas.ie/akn/ie/debateRecord/select_committee_on_children_equality_disability_integration_and_youth/2024-10-16/debate/mul@/main.xml
2024-10-16,dail,debate,https://data.oireachtas.ie/akn/ie/debateRecord/joint_committee_on_disability_matters/2024-10-16/debate/main,https://data.oireachtas.ie/akn/ie/debateRecord/joint_committee_on_disability_matters/2024-10-16/debate/mul@/main.xml
2024-10-16,dail,debate,https://data.oireachtas.ie/akn/ie/debateRecord/select_committee_on_health/2024-10-16/debate/main,https://data.oireachtas.ie/akn/ie/debateRecord/select_committee_on_health/2024-10-16/debate/mul@/main.xml
2024-10-16,dail,debate,https://data.oireachtas.ie/akn/ie/debateRecord/select_committee_on_housing_local_government_and_heritage/2024-10-16/debate/main,https://data.oireachtas.ie/akn/ie/debateRecord/select_committee_on_housing_local_government_and_heritage/2024-10-16/debate/mul@/main.xml
2024-10-16,dail,debate,https://data.oireachtas.ie/akn/ie/debateRecord/select_committee_on_social_protection_community_and_rural_development_and_the_islands/2024-10-16/debate/main,https://data.oireachtas.ie/akn/ie/debateRecord/select_committee_on_social_protection_community_and_rural_development_and_the_islands/2024-10-16/debate/mul@/main.xml
2024-10-16,dail,debate,https://data.oireachtas.ie/akn/ie/debateRecord/joint_committee_on_tourism_culture_arts_sport_and_media/2024-10-16/debate/main,https://data.oireachtas.ie/akn/ie/debateRecord/joint_committee_on_tourism_culture_arts_sport_and_media/2024-10-16/debate/mul@/main.xml
2024-10-16,dail,debate,https://data.oireachtas.ie/akn/ie/debateRecord/joint_committee_on_transport_and_communications/2024-10-16/debate/main,https://data.oireachtas.ie/akn/ie/debateRecord/joint_committee_on_transport_and_communications/2024-10-16/debate/mul@/main.xml
2024-10-16,dail,debate,https://data.oireachtas.ie/akn/ie/debateRecord/select_committee_on_transport_and_communications/2024-10-16/debate/main,https://data.oireachtas.ie/akn/ie/debateRecord/select_committee_on_transport_and_communications/2024-10-16/debate/mul@/main.xml
2024-10-16,dail,debate,https://data.oireachtas.ie/akn/ie/debateRecord/dail/2024-10-16/debate/main,https://data.oireachtas.ie/akn/ie/debateRecord/dail/2024-10-16/debate/mul@/main.xml
2024-10-15,dail,debate,https://data.oireachtas.ie/akn/ie/debateRecord/joint_committee_on_environment_and_climate_action/2024-10-15/debate/main,https://data.oireachtas.ie/akn/ie/debateRecord/joint_committee_on_environment_and_climate_action/2024-10-15/debate/mul@/main.xml
2024-10-15,dail,debate,https://data.oireachtas.ie/akn/ie/debateRecord/joint_committee_on_education_further_and_higher_education_research_innovation_and_science/2024-10-15/debate/main,https://data.oireachtas.ie/akn/ie/debateRecord/joint_committee_on_education_further_and_higher_education_research_innovation_and_science/2024-10-15/debate/mul@/main.xml
2024-10-15,dail,debate,https://data.oireachtas.ie/akn/ie/debateRecord/joint_committee_on_foreign_affairs_and_defence/2024-10-15/debate/main,https://data.oireachtas.ie/akn/ie/debateRecord/joint_committee_on_foreign_affairs_and_defence/2024-10-15/debate/mul@/main.xml
2024-10-15,seanad,debate,https://data.oireachtas.ie/akn/ie/debateRecord/seanad/2024-10-15/debate/main,https://data.oireachtas.ie/akn/ie/debateRecord/seanad/2024-10-15/debate/mul@/main.xml
2024-10-15,dail,debate,https://data.oireachtas.ie/akn/ie/debateRecord/joint_committee_on_children_equality_disability_integration_and_youth/2024-10-15/debate/main,https://data.oireachtas.ie/akn/ie/debateRecord/joint_committee_on_children_equality_disability_integration_and_youth/2024-10-15/debate/mul@/main.xml
2024-10-15,dail,debate,https://data.oireachtas.ie/akn/ie/debateRecord/joint_committee_on_housing_local_government_and_heritage/2024-10-15/debate/main,https://data.oireachtas.ie/akn/ie/debateRecord/joint_committee_on_housing_local_government_and_heritage/2024-10-15/debate/mul@/main.xml
2024-10-15,dail,debate,https://data.oireachtas.ie/akn/ie/debateRecord/dail/2024-10-15/debate/main,https://data.oireachtas.ie/akn/ie/debateRecord/dail/2024-10-15/debate/mul@/main.xml
2024-10-10,dail,debate,https://data.oireachtas.ie/akn/ie/debateRecord/joint_committee_on_health/2024-10-10/debate/main,https://data.oireachtas.ie/akn/ie/debateRecord/joint_committee_on_health/2024-10-10/debate/mul@/main.xml
2024-10-10,dail,debate,https://data.oireachtas.ie/akn/ie/debateRecord/select_committee_on_health/2024-10-10/debate/main,https://data.oireachtas.ie/akn/ie/debateRecord/select_committee_on_health/2024-10-10/debate/mul@/main.xml
2024-10-10,dail,debate,https://data.oireachtas.ie/akn/ie/debateRecord/dail/2024-10-10/debate/main,https://data.oireachtas.ie/akn/ie/debateRecord/dail/2024-10-10/debate/mul@/main.xml
2024-10-10,seanad,debate,https://data.oireachtas.ie/akn/ie/debateRecord/seanad/2024-10-10/debate/main,https://data.oireachtas.ie/akn/ie/debateRecord/seanad/2024-10-10/debate/mul@/main.xml
2024-10-10,dail,debate,https://data.oireachtas.ie/akn/ie/debateRecord/joint_committee_on_housing_local_government_and_heritage/2024-10-10/debate/main,https://data.oireachtas.ie/akn/ie/debateRecord/joint_committee_on_housing_local_government_and_heritage/2024-10-10/debate/mul@/main.xml
2024-10-10,dail,debate,https://data.oireachtas.ie/akn/ie/debateRecord/joint_committee_on_key_issues_affecting_the_traveller_community_2023/2024-10-10/debate/main,https://data.oireachtas.ie/akn/ie/debateRecord/joint_committee_on_key_issues_affecting_the_traveller_community_2023/2024-10-10/debate/mul@/main.xml
2024-10-10,dail,debate,https://data.oireachtas.ie/akn/ie/debateRecord/joint_committee_on_drugs_use/2024-10-10/debate/main,https://data.oireachtas.ie/akn/ie/debateRecord/joint_committee_on_drugs_use/2024-10-10/debate/mul@/main.xml
2024-10-10,dail,debate,https://data.oireachtas.ie/akn/ie/debateRecord/committee_of_public_accounts/2024-10-10/debate/main,https://data.oireachtas.ie/akn/ie/debateRecord/committee_of_public_accounts/2024-10-10/debate/mul@/main.xml
2024-10-10,dail,debate,https://data.oireachtas.ie/akn/ie/debateRecord/joint_committee_on_the_implementation_of_the_good_friday_agreement/2024-10-10/debate/main,https://data.oireachtas.ie/akn/ie/debateRecord/joint_committee_on_the_implementation_of_the_good_friday_agreement/2024-10-10/debate/mul@/main.xml
2024-10-09,dail,debate,https://data.oireachtas.ie/akn/ie/debateRecord/joint_committee_on_enterprise_trade_and_employment/2024-10-09/debate/main,https://data.oireachtas.ie/akn/ie/debateRecord/joint_committee_on_enterprise_trade_and_employment/2024-10-09/debate/mul@/main.xml
2024-10-09,dail,debate,https://data.oireachtas.ie/akn/ie/debateRecord/select_committee_on_enterprise_trade_and_employment/2024-10-09/debate/main,https://data.oireachtas.ie/akn/ie/debateRecord/select_committee_on_enterprise_trade_and_employment/2024-10-09/debate/mul@/main.xml
2024-10-09,dail,debate,https://data.oireachtas.ie/akn/ie/debateRecord/joint_committee_on_european_union_affairs/2024-10-09/debate/main,https://data.oireachtas.ie/akn/ie/debateRecord/joint_committee_on_european_union_affairs/2024-10-09/debate/mul@/main.xml
2024-10-09,dail,debate,https://data.oireachtas.ie/akn/ie/debateRecord/joint_committee_on_health/2024-10-09/debate/main,https://data.oireachtas.ie/akn/ie/debateRecord/joint_committee_on_health/2024-10-09/debate/mul@/main.xml
2024-10-09,dail,debate,https://data.oireachtas.ie/akn/ie/debateRecord/joint_committee_on_social_protection_community_and_rural_development_and_the_islands/2024-10-09/debate/main,https://data.oireachtas.ie/akn/ie/debateRecord/joint_committee_on_social_protection_community_and_rural_development_and_the_islands/2024-10-09/debate/mul@/main.xml
2024-10-09,dail,debate,https://data.oireachtas.ie/akn/ie/debateRecord/joint_committee_on_tourism_culture_arts_sport_and_media/2024-10-09/debate/main,https://data.oireachtas.ie/akn/ie/debateRecord/joint_committee_on_tourism_culture_arts_sport_and_media/2024-10-09/debate/mul@/main.xml
2024-10-09,dail,debate,https://data.oireachtas.ie/akn/ie/debateRecord/joint_committee_on_transport_and_communications/2024-10-09/debate/main,https://data.oireachtas.ie/akn/ie/debateRecord/joint_committee_on_transport_and_communications/2024-10-09/debate/mul@/main.xml
2024-10-09,dail,debate,https://data.oireachtas.ie/akn/ie/debateRecord/dail/2024-10-09/debate/main,https://data.oireachtas.ie/akn/ie/debateRecord/dail/2024-10-09/debate/mul@/main.xml
2024-10-09,seanad,debate,https://data.oireachtas.ie/akn/ie/debateRecord/seanad/2024-10-09/debate/main,https://data.oireachtas.ie/akn/ie/debateRecord/seanad/2024-10-09/debate/mul@/main.xml
2024-10-09,dail,debate,https://data.oireachtas.ie/akn/ie/debateRecord/joint_committee_on_agriculture_food_and_the_marine/2024-10-09/debate/main,https://data.oireachtas.ie/akn/ie/debateRecord/joint_committee_on_agriculture_food_and_the_marine/2024-10-09/debate/mul@/main.xml
2024-10-09,dail,debate,https://data.oireachtas.ie/akn/ie/debateRecord/joint_committee_on_finance_public_expenditure_and_reform_and_taoiseach/2024-10-09/debate/main,https://data.oireachtas.ie/akn/ie/debateRecord/joint_committee_on_finance_public_expenditure_and_reform_and_taoiseach/2024-10-09/debate/mul@/main.xml
2024-10-09,dail,debate,https://data.oireachtas.ie/akn/ie/debateRecord/joint_committee_on_education_further_and_higher_education_research_innovation_and_science/2024-10-09/debate/main,https://data.oireachtas.ie/akn/ie/debateRecord/joint_committee_on_education_further_and_higher_education_research_innovation_and_science/2024-10-09/debate/mul@/main.xml
2024-10-08,dail,debate,https://data.oireachtas.ie/akn/ie/debateRecord/dail/2024-10-08/debate/main,https://data.oireachtas.ie/akn/ie/debateRecord/dail/2024-10-08/debate/mul@/main.xml
2024-10-08,seanad,debate,https://data.oireachtas.ie/akn/ie/debateRecord/seanad/2024-10-08/debate/main,https://data.oireachtas.ie/akn/ie/debateRecord/seanad/2024-10-08/debate/mul@/main.xml
2024-10-08,dail,debate,https://data.oireachtas.ie/akn/ie/debateRecord/joint_committee_on_environment_and_climate_action/2024-10-08/debate/main,https://data.oireachtas.ie/akn/ie/debateRecord/joint_committee_on_environment_and_climate_action/2024-10-08/debate/mul@/main.xml
2024-10-08,dail,debate,https://data.oireachtas.ie/akn/ie/debateRecord/joint_committee_on_children_equality_disability_integration_and_youth/2024-10-08/debate/main,https://data.oireachtas.ie/akn/ie/debateRecord/joint_committee_on_children_equality_disability_integration_and_youth/2024-10-08/debate/mul@/main.xml
2024-10-08,dail,debate,https://data.oireachtas.ie/akn/ie/debateRecord/joint_committee_on_foreign_affairs_and_defence/2024-10-08/debate/main,https://data.oireachtas.ie/akn/ie/debateRecord/joint_committee_on_foreign_affairs_and_defence/2024-10-08/debate/mul@/main.xml
2024-10-08,dail,debate,https://data.oireachtas.ie/akn/ie/debateRecord/joint_committee_on_justice/2024-10-08/debate/main,https://data.oireachtas.ie/akn/ie/debateRecord/joint_committee_on_justice/2024-10-08/debate/mul@/main.xml
2024-10-03,dail,debate,https://data.oireachtas.ie/akn/ie/debateRecord/dail/2024-10-03/debate/main,https://data.oireachtas.ie/akn/ie/debateRecord/dail/2024-10-03/debate/mul@/main.xml
2024-10-03,seanad,debate,https://data.oireachtas.ie/akn/ie/debateRecord/seanad/2024-10-03/debate/main,https://data.oireachtas.ie/akn/ie/debateRecord/seanad/2024-10-03/debate/mul@/main.xml
2024-10-03,dail,debate,https://data.oireachtas.ie/akn/ie/debateRecord/joint_committee_on_key_issues_affecting_the_traveller_community_2023/2024-10-03/debate/main,https://data.oireachtas.ie/akn/ie/debateRecord/joint_committee_on_key_issues_affecting_the_traveller_community_2023/2024-10-03/debate/mul@/main.xml
2024-10-03,dail,debate,https://data.oireachtas.ie/akn/ie/debateRecord/joint_committee_on_public_petitions_and_the_ombudsmen/2024-10-03/debate/main,https://data.oireachtas.ie/akn/ie/debateRecord/joint_committee_on_public_petitions_and_the_ombudsmen/2024-10-03/debate/mul@/main.xml
2024-10-03,dail,debate,https://data.oireachtas.ie/akn/ie/debateRecord/joint_committee_on_drugs_use/2024-10-03/debate/main,https://data.oireachtas.ie/akn/ie/debateRecord/joint_committee_on_drugs_use/2024-10-03/debate/mul@/main.xml
2024-10-03,dail,debate,https://data.oireachtas.ie/akn/ie/debateRecord/committee_of_public_accounts/2024-10-03/debate/main,https://data.oireachtas.ie/akn/ie/debateRecord/committee_of_public_accounts/2024-10-03/debate/mul@/main.xml
2024-10-02,dail,debate,https://data.oireachtas.ie/akn/ie/debateRecord/comhchoiste_na_gaeilge_na_gaeltachta_agus_phobal_labhartha_na_gaeilge/2024-10-02/debate/main,https://data.oireachtas.ie/akn/ie/debateRecord/comhchoiste_na_gaeilge_na_gaeltachta_agus_phobal_labhartha_na_gaeilge/2024-10-02/debate/mul@/main.xml
2024-10-02,dail,debate,https://data.oireachtas.ie/akn/ie/debateRecord/dail/2024-10-02/debate/main,https://data.oireachtas.ie/akn/ie/debateRecord/dail/2024-10-02/debate/mul@/main.xml
2024-10-02,seanad,debate,https://data.oireachtas.ie/akn/ie/debateRecord/seanad/2024-10-02/debate/main,https://data.oireachtas.ie/akn/ie/debateRecord/seanad/2024-10-02/debate/mul@/main.xml
2024-10-02,dail,debate,https://data.oireachtas.ie/akn/ie/debateRecord/joint_committee_on_agriculture_food_and_the_marine/2024-10-02/debate/main,https://data.oireachtas.ie/akn/ie/debateRecord/joint_committee_on_agriculture_food_and_the_marine/2024-10-02/debate/mul@/main.xml
2024-10-02,dail,debate,https://data.oireachtas.ie/akn/ie/debateRecord/joint_committee_on_disability_matters/2024-10-02/debate/main,https://data.oireachtas.ie/akn/ie/debateRecord/joint_committee_on_disability_matters/2024-10-02/debate/mul@/main.xml
2024-10-02,dail,debate,https://data.oireachtas.ie/akn/ie/debateRecord/joint_committee_on_european_union_affairs/2024-10-02/debate/main,https://data.oireachtas.ie/akn/ie/debateRecord/joint_committee_on_european_union_affairs/2024-10-02/debate/mul@/main.xml
2024-10-02,dail,debate,https://data.oireachtas.ie/akn/ie/debateRecord/joint_committee_on_health/2024-10-02/debate/main,https://data.oireachtas.ie/akn/ie/debateRecord/joint_committee_on_health/2024-10-02/debate/mul@/main.xml
2024-10-01,seanad,debate,https://data.oireachtas.ie/akn/ie/debateRecord/seanad/2024-10-01/debate/main,https://data.oireachtas.ie/akn/ie/debateRecord/seanad/2024-10-01/debate/mul@/main.xml
2024-10-01,dail,debate,https://data.oireachtas.ie/akn/ie/debateRecord/dail/2024-10-01/debate/main,https://data.oireachtas.ie/akn/ie/debateRecord/dail/2024-10-01/debate/mul@/main.xml
2024-09-26,dail,debate,https://data.oireachtas.ie/akn/ie/debateRecord/dail/2024-09-26/debate/main,https://data.oireachtas.ie/akn/ie/debateRecord/dail/2024-09-26/debate/mul@/main.xml
2024-09-26,seanad,debate,https://data.oireachtas.ie/akn/ie/debateRecord/seanad/2024-09-26/debate/main,https://data.oireachtas.ie/akn/ie/debateRecord/seanad/2024-09-26/debate/mul@/main.xml
2024-09-26,dail,debate,https://data.oireachtas.ie/akn/ie/debateRecord/joint_committee_on_key_issues_affecting_the_traveller_community_2023/2024-09-26/debate/main,https://data.oireachtas.ie/akn/ie/debateRecord/joint_committee_on_key_issues_affecting_the_traveller_community_2023/2024-09-26/debate/mul@/main.xml
2024-09-26,dail,debate,https://data.oireachtas.ie/akn/ie/debateRecord/joint_committee_on_public_petitions_and_the_ombudsmen/2024-09-26/debate/main,https://data.oireachtas.ie/akn/ie/debateRecord/joint_committee_on_public_petitions_and_the_ombudsmen/2024-09-26/debate/mul@/main.xml
2024-09-26,dail,debate,https://data.oireachtas.ie/akn/ie/debateRecord/committee_of_public_accounts/2024-09-26/debate/main,https://data.oireachtas.ie/akn/ie/debateRecord/committee_of_public_accounts/2024-09-26/debate/mul@/main.xml
2024-09-26,dail,debate,https://data.oireachtas.ie/akn/ie/debateRecord/joint_committee_on_drugs_use/2024-09-26/debate/main,https://data.oireachtas.ie/akn/ie/debateRecord/joint_committee_on_drugs_use/2024-09-26/debate/mul@/main.xml
2024-09-26,dail,debate,https://data.oireachtas.ie/akn/ie/debateRecord/joint_committee_on_social_protection_community_and_rural_development_and_the_islands/2024-09-26/debate/main,https://data.oireachtas.ie/akn/ie/debateRecord/joint_committee_on_social_protection_community_and_rural_development_and_the_islands/2024-09-26/debate/mul@/main.xml
2024-09-25,dail,debate,https://data.oireachtas.ie/akn/ie/debateRecord/joint_committee_on_finance_public_expenditure_and_reform_and_taoiseach/2024-09-25/debate/main,https://data.oireachtas.ie/akn/ie/debateRecord/joint_committee_on_finance_public_expenditure_and_reform_and_taoiseach/2024-09-25/debate/mul@/main.xml
2024-09-25,dail,debate,https://data.oireachtas.ie/akn/ie/debateRecord/dail/2024-09-25/debate/main,https://data.oireachtas.ie/akn/ie/debateRecord/dail/2024-09-25/debate/mul@/main.xml
2024-09-25,seanad,debate,https://data.oireachtas.ie/akn/ie/debateRecord/seanad/2024-09-25/debate/main,https://data.oireachtas.ie/akn/ie/debateRecord/seanad/2024-09-25/debate/mul@/main.xml
2024-09-25,dail,debate,https://data.oireachtas.ie/akn/ie/debateRecord/joint_committee_on_health/2024-09-25/debate/main,https://data.oireachtas.ie/akn/ie/debateRecord/joint_committee_on_health/2024-09-25/debate/mul@/main.xml
2024-09-25,dail,debate,https://data.oireachtas.ie/akn/ie/debateRecord/joint_committee_on_environment_and_climate_action/2024-09-25/debate/main,https://data.oireachtas.ie/akn/ie/debateRecord/joint_committee_on_environment_and_climate_action/2024-09-25/debate/mul@/main.xml
2024-09-25,dail,debate,https://data.oireachtas.ie/akn/ie/debateRecord/comhchoiste_na_gaeilge_na_gaeltachta_agus_phobal_labhartha_na_gaeilge/2024-09-25/debate/main,https://data.oireachtas.ie/akn/ie/debateRecord/comhchoiste_na_gaeilge_na_gaeltachta_agus_phobal_labhartha_na_gaeilge/2024-09-25/debate/mul@/main.xml
2024-09-25,dail,debate,https://data.oireachtas.ie/akn/ie/debateRecord/select_committee_on_agriculture_food_and_the_marine/2024-09-25/debate/main,https://data.oireachtas.ie/akn/ie/debateRecord/select_committee_on_agriculture_food_and_the_marine/2024-09-25/debate/mul@/main.xml
2024-09-25,dail,debate,https://data.oireachtas.ie/akn/ie/debateRecord/joint_committee_on_enterprise_trade_and_employment/2024-09-25/debate/main,https://data.oireachtas.ie/akn/ie/debateRecord/joint_committee_on_enterprise_trade_and_employment/2024-09-25/debate/mul@/main.xml
2024-09-25,dail,debate,https://data.oireachtas.ie/akn/ie/debateRecord/joint_committee_on_transport_and_communications/2024-09-25/debate/main,https://data.oireachtas.ie/akn/ie/debateRecord/joint_committee_on_transport_and_communications/2024-09-25/debate/mul@/main.xml
2024-09-25,dail,debate,https://data.oireachtas.ie/akn/ie/debateRecord/joint_committee_on_european_union_affairs/2024-09-25/debate/main,https://data.oireachtas.ie/akn/ie/debateRecord/joint_committee_on_european_union_affairs/2024-09-25/debate/mul@/main.xml
2024-09-25,dail,debate,https://data.oireachtas.ie/akn/ie/debateRecord/joint_committee_on_disability_matters/2024-09-25/debate/main,https://data.oireachtas.ie/akn/ie/debateRecord/joint_committee_on_disability_matters/2024-09-25/debate/mul@/main.xml
2024-09-24,dail,debate,https://data.oireachtas.ie/akn/ie/debateRecord/dail/2024-09-24/debate/main,https://data.oireachtas.ie/akn/ie/debateRecord/dail/2024-09-24/debate/mul@/main.xml
2024-09-24,seanad,debate,https://data.oireachtas.ie/akn/ie/debateRecord/seanad/2024-09-24/debate/main,https://data.oireachtas.ie/akn/ie/debateRecord/seanad/2024-09-24/debate/mul@/main.xml
2024-09-24,dail,debate,https://data.oireachtas.ie/akn/ie/debateRecord/joint_committee_on_housing_local_government_and_heritage/2024-09-24/debate/main,https://data.oireachtas.ie/akn/ie/debateRecord/joint_committee_on_housing_local_government_and_heritage/2024-09-24/debate/mul@/main.xml
2024-09-24,dail,debate,https://data.oireachtas.ie/akn/ie/debateRecord/joint_committee_on_children_equality_disability_integration_and_youth/2024-09-24/debate/main,https://data.oireachtas.ie/akn/ie/debateRecord/joint_committee_on_children_equality_disability_integration_and_youth/2024-09-24/debate/mul@/main.xml
2024-09-19,dail,debate,https://data.oireachtas.ie/akn/ie/debateRecord/dail/2024-09-19/debate/main,https://data.oireachtas.ie/akn/ie/debateRecord/dail/2024-09-19/debate/mul@/main.xml
2024-09-19,dail,debate,https://data.oireachtas.ie/akn/ie/debateRecord/joint_committee_on_drugs_use/2024-09-19/debate/main,https://data.oireachtas.ie/akn/ie/debateRecord/joint_committee_on_drugs_use/2024-09-19/debate/mul@/main.xml
2024-09-19,dail,debate,https://data.oireachtas.ie/akn/ie/debateRecord/committee_of_public_accounts/2024-09-19/debate/main,https://data.oireachtas.ie/akn/ie/debateRecord/committee_of_public_accounts/2024-09-19/debate/mul@/main.xml
2024-09-19,dail,debate,https://data.oireachtas.ie/akn/ie/debateRecord/joint_committee_on_environment_and_climate_action/2024-09-19/debate/main,https://data.oireachtas.ie/akn/ie/debateRecord/joint_committee_on_environment_and_climate_action/2024-09-19/debate/mul@/main.xml
2024-09-19,dail,debate,https://data.oireachtas.ie/akn/ie/debateRecord/joint_committee_on_public_petitions_and_the_ombudsmen/2024-09-19/debate/main,https://data.oireachtas.ie/akn/ie/debateRecord/joint_committee_on_public_petitions_and_the_ombudsmen/2024-09-19/debate/mul@/main.xml
2024-09-19,dail,debate,https://data.oireachtas.ie/akn/ie/debateRecord/joint_committee_on_the_implementation_of_the_good_friday_agreement/2024-09-19/debate/main,https://data.oireachtas.ie/akn/ie/debateRecord/joint_committee_on_the_implementation_of_the_good_friday_agreement/2024-09-19/debate/mul@/main.xml
2024-09-18,dail,debate,https://data.oireachtas.ie/akn/ie/debateRecord/dail/2024-09-18/debate/main,https://data.oireachtas.ie/akn/ie/debateRecord/dail/2024-09-18/debate/mul@/main.xml
2024-09-18,dail,debate,https://data.oireachtas.ie/akn/ie/debateRecord/joint_committee_on_enterprise_trade_and_employment/2024-09-18/debate/main,https://data.oireachtas.ie/akn/ie/debateRecord/joint_committee_on_enterprise_trade_and_employment/2024-09-18/debate/mul@/main.xml
2024-09-18,dail,debate,https://data.oireachtas.ie/akn/ie/debateRecord/joint_committee_on_finance_public_expenditure_and_reform_and_taoiseach/2024-09-18/debate/main,https://data.oireachtas.ie/akn/ie/debateRecord/joint_committee_on_finance_public_expenditure_and_reform_and_taoiseach/2024-09-18/debate/mul@/main.xml
2024-09-18,dail,debate,https://data.oireachtas.ie/akn/ie/debateRecord/joint_committee_on_health/2024-09-18/debate/main,https://data.oireachtas.ie/akn/ie/debateRecord/joint_committee_on_health/2024-09-18/debate/mul@/main.xml
2024-09-18,dail,debate,https://data.oireachtas.ie/akn/ie/debateRecord/joint_committee_on_transport_and_communications/2024-09-18/debate/main,https://data.oireachtas.ie/akn/ie/debateRecord/joint_committee_on_transport_and_communications/2024-09-18/debate/mul@/main.xml
2024-09-18,dail,debate,https://data.oireachtas.ie/akn/ie/debateRecord/joint_committee_on_disability_matters/2024-09-18/debate/main,https://data.oireachtas.ie/akn/ie/debateRecord/joint_committee_on_disability_matters/2024-09-18/debate/mul@/main.xml
2024-09-18,dail,debate,https://data.oireachtas.ie/akn/ie/debateRecord/committee_on_budgetary_oversight/2024-09-18/debate/main,https://data.oireachtas.ie/akn/ie/debateRecord/committee_on_budgetary_oversight/2024-09-18/debate/mul@/main.xml
2024-09-09,dail,debate,https://data.oireachtas.ie/akn/ie/debateRecord/dail/2024-09-09/debate/main,https://data.oireachtas.ie/akn/ie/debateRecord/dail/2024-09-09/debate/mul@/main.xml
2024-07-23,dail,debate,https://data.oireachtas.ie/akn/ie/debateRecord/dail/2024-07-23/debate/main,https://data.oireachtas.ie/akn/ie/debateRecord/dail/2024-07-23/debate/mul@/main.xml
2024-07-17,seanad,debate,https://data.oireachtas.ie/akn/ie/debateRecord/seanad/2024-07-17/debate/main,https://data.oireachtas.ie/akn/ie/debateRecord/seanad/2024-07-17/debate/mul@/main.xml
2024-07-17,dail,debate,https://data.oireachtas.ie/akn/ie/debateRecord/seanad_select_committee_on_scrutiny_of_draft_eu_related_statutory_instruments/2024-07-17/debate/main,https://data.oireachtas.ie/akn/ie/debateRecord/seanad_select_committee_on_scrutiny_of_draft_eu_related_statutory_instruments/2024-07-17/debate/mul@/main.xml
2024-07-16,seanad,debate,https://data.oireachtas.ie/akn/ie/debateRecord/seanad/2024-07-16/debate/main,https://data.oireachtas.ie/akn/ie/debateRecord/seanad/2024-07-16/debate/mul@/main.xml
2024-07-15,seanad,debate,https://data.oireachtas.ie/akn/ie/debateRecord/seanad/2024-07-15/debate/main,https://data.oireachtas.ie/akn/ie/debateRecord/seanad/2024-07-15/debate/mul@/main.xml
2024-07-11,seanad,debate,https://data.oireachtas.ie/akn/ie/debateRecord/seanad/2024-07-11/debate/main,https://data.oireachtas.ie/akn/ie/debateRecord/seanad/2024-07-11/debate/mul@/main.xml
2024-07-11,dail,debate,https://data.oireachtas.ie/akn/ie/debateRecord/joint_committee_on_key_issues_affecting_the_traveller_community_2023/2024-07-11/debate/main,https://data.oireachtas.ie/akn/ie/debateRecord/joint_committee_on_key_issues_affecting_the_traveller_community_2023/2024-07-11/debate/mul@/main.xml
2024-07-11,dail,debate,https://data.oireachtas.ie/akn/ie/debateRecord/joint_committee_on_public_petitions_and_the_ombudsmen/2024-07-11/debate/main,https://data.oireachtas.ie/akn/ie/debateRecord/joint_committee_on_public_petitions_and_the_ombudsmen/2024-07-11/debate/mul@/main.xml
2024-07-11,dail,debate,https://data.oireachtas.ie/akn/ie/debateRecord/joint_committee_on_housing_local_government_and_heritage/2024-07-11/debate/main,https://data.oireachtas.ie/akn/ie/debateRecord/joint_committee_on_housing_local_government_and_heritage/2024-07-11/debate/mul@/main.xml
2024-07-11,dail,debate,https://data.oireachtas.ie/akn/ie/debateRecord/joint_committee_on_drugs_use/2024-07-11/debate/main,https://data.oireachtas.ie/akn/ie/debateRecord/joint_committee_on_drugs_use/2024-07-11/debate/mul@/main.xml
2024-07-11,dail,debate,https://data.oireachtas.ie/akn/ie/debateRecord/committee_of_public_accounts/2024-07-11/debate/main,https://data.oireachtas.ie/akn/ie/debateRecord/committee_of_public_accounts/2024-07-11/debate/mul@/main.xml
2024-07-11,dail,debate,https://data.oireachtas.ie/akn/ie/debateRecord/dail/2024-07-11/debate/main,https://data.oireachtas.ie/akn/ie/debateRecord/dail/2024-07-11/debate/mul@/main.xml
2024-07-10,dail,debate,https://data.oireachtas.ie/akn/ie/debateRecord/dail/2024-07-10/debate/main,https://data.oireachtas.ie/akn/ie/debateRecord/dail/2024-07-10/debate/mul@/main.xml
2024-07-10,dail,debate,https://data.oireachtas.ie/akn/ie/debateRecord/joint_committee_on_enterprise_trade_and_employment/2024-07-10/debate/main,https://data.oireachtas.ie/akn/ie/debateRecord/joint_committee_on_enterprise_trade_and_employment/2024-07-10/debate/mul@/main.xml
2024-07-10,dail,debate,https://data.oireachtas.ie/akn/ie/debateRecord/joint_committee_on_health/2024-07-10/debate/main,https://data.oireachtas.ie/akn/ie/debateRecord/joint_committee_on_health/2024-07-10/debate/mul@/main.xml
2024-07-10,dail,debate,https://data.oireachtas.ie/akn/ie/debateRecord/joint_committee_on_tourism_culture_arts_sport_and_media/2024-07-10/debate/main,https://data.oireachtas.ie/akn/ie/debateRecord/joint_committee_on_tourism_culture_arts_sport_and_media/2024-07-10/debate/mul@/main.xml
2024-07-10,seanad,debate,https://data.oireachtas.ie/akn/ie/debateRecord/seanad/2024-07-10/debate/main,https://data.oireachtas.ie/akn/ie/debateRecord/seanad/2024-07-10/debate/mul@/main.xml
2024-07-10,dail,debate,https://data.oireachtas.ie/akn/ie/debateRecord/joint_committee_on_agriculture_food_and_the_marine/2024-07-10/debate/main,https://data.oireachtas.ie/akn/ie/debateRecord/joint_committee_on_agriculture_food_and_the_marine/2024-07-10/debate/mul@/main.xml
2024-07-10,dail,debate,https://data.oireachtas.ie/akn/ie/debateRecord/committee_on_budgetary_oversight/2024-07-10/debate/main,https://data.oireachtas.ie/akn/ie/debateRecord/committee_on_budgetary_oversight/2024-07-10/debate/mul@/main.xml
2024-07-10,dail,debate,https://data.oireachtas.ie/akn/ie/debateRecord/joint_committee_on_disability_matters/2024-07-10/debate/main,https://data.oireachtas.ie/akn/ie/debateRecord/joint_committee_on_disability_matters/2024-07-10/debate/mul@/main.xml
2024-07-10,dail,debate,https://data.oireachtas.ie/akn/ie/debateRecord/joint_committee_on_transport_and_communications/2024-07-10/debate/main,https://data.oireachtas.ie/akn/ie/debateRecord/joint_committee_on_transport_and_communications/2024-07-10/debate/mul@/main.xml
2024-07-10,dail,debate,https://data.oireachtas.ie/akn/ie/debateRecord/comhchoiste_na_gaeilge_na_gaeltachta_agus_phobal_labhartha_na_gaeilge/2024-07-10/debate/main,https://data.oireachtas.ie/akn/ie/debateRecord/comhchoiste_na_gaeilge_na_gaeltachta_agus_phobal_labhartha_na_gaeilge/2024-07-10/debate/mul@/main.xml
2024-07-09,dail,debate,https://data.oireachtas.ie/akn/ie/debateRecord/dail/2024-07-09/debate/main,https://data.oireachtas.ie/akn/ie/debateRecord/dail/2024-07-09/debate/mul@/main.xml
2024-07-09,dail,debate,https://data.oireachtas.ie/akn/ie/debateRecord/joint_committee_on_drugs_use/2024-07-09/debate/main,https://data.oireachtas.ie/akn/ie/debateRecord/joint_committee_on_drugs_use/2024-07-09/debate/mul@/main.xml
2024-07-09,seanad,debate,https://data.oireachtas.ie/akn/ie/debateRecord/seanad/2024-07-09/debate/main,https://data.oireachtas.ie/akn/ie/debateRecord/seanad/2024-07-09/debate/mul@/main.xml
2024-07-09,dail,debate,https://data.oireachtas.ie/akn/ie/debateRecord/joint_committee_on_environment_and_climate_action/2024-07-09/debate/main,https://data.oireachtas.ie/akn/ie/debateRecord/joint_committee_on_environment_and_climate_action/2024-07-09/debate/mul@/main.xml
2024-07-09,dail,debate,https://data.oireachtas.ie/akn/ie/debateRecord/joint_committee_on_education_further_and_higher_education_research_innovation_and_science/2024-07-09/debate/main,https://data.oireachtas.ie/akn/ie/debateRecord/joint_committee_on_education_further_and_higher_education_research_innovation_and_science/2024-07-09/debate/mul@/main.xml
2024-07-09,dail,debate,https://data.oireachtas.ie/akn/ie/debateRecord/joint_committee_on_housing_local_government_and_heritage/2024-07-09/debate/main,https://data.oireachtas.ie/akn/ie/debateRecord/joint_committee_on_housing_local_government_and_heritage/2024-07-09/debate/mul@/main.xml
2024-07-09,dail,debate,https://data.oireachtas.ie/akn/ie/debateRecord/seanad_public_consultation_committee/2024-07-09/debate/main,https://data.oireachtas.ie/akn/ie/debateRecord/seanad_public_consultation_committee/2024-07-09/debate/mul@/main.xml
2024-07-04,dail,debate,https://data.oireachtas.ie/akn/ie/debateRecord/committee_of_public_accounts/2024-07-04/debate/main,https://data.oireachtas.ie/akn/ie/debateRecord/committee_of_public_accounts/2024-07-04/debate/mul@/main.xml
2024-07-04,seanad,debate,https://data.oireachtas.ie/akn/ie/debateRecord/seanad/2024-07-04/debate/main,https://data.oireachtas.ie/akn/ie/debateRecord/seanad/2024-07-04/debate/mul@/main.xml
2024-07-04,dail,debate,https://data.oireachtas.ie/akn/ie/debateRecord/dail/2024-07-04/debate/main,https://data.oireachtas.ie/akn/ie/debateRecord/dail/2024-07-04/debate/mul@/main.xml
2024-07-04,dail,debate,https://data.oireachtas.ie/akn/ie/debateRecord/joint_committee_on_public_petitions_and_the_ombudsmen/2024-07-04/debate/main,https://data.oireachtas.ie/akn/ie/debateRecord/joint_committee_on_public_petitions_and_the_ombudsmen/2024-07-04/debate/mul@/main.xml
2024-07-04,dail,debate,https://data.oireachtas.ie/akn/ie/debateRecord/joint_committee_on_drugs_use/2024-07-04/debate/main,https://data.oireachtas.ie/akn/ie/debateRecord/joint_committee_on_drugs_use/2024-07-04/debate/mul@/main.xml
2024-07-03,dail,debate,https://data.oireachtas.ie/akn/ie/debateRecord/joint_committee_on_education_further_and_higher_education_research_innovation_and_science/2024-07-03/debate/main,https://data.oireachtas.ie/akn/ie/debateRecord/joint_committee_on_education_further_and_higher_education_research_innovation_and_science/2024-07-03/debate/mul@/main.xml
2024-07-03,dail,debate,https://data.oireachtas.ie/akn/ie/debateRecord/dail/2024-07-03/debate/main,https://data.oireachtas.ie/akn/ie/debateRecord/dail/2024-07-03/debate/mul@/main.xml
2024-07-03,dail,debate,https://data.oireachtas.ie/akn/ie/debateRecord/joint_committee_on_enterprise_trade_and_employment/2024-07-03/debate/main,https://data.oireachtas.ie/akn/ie/debateRecord/joint_committee_on_enterprise_trade_and_employment/2024-07-03/debate/mul@/main.xml
2024-07-03,dail,debate,https://data.oireachtas.ie/akn/ie/debateRecord/joint_committee_on_disability_matters/2024-07-03/debate/main,https://data.oireachtas.ie/akn/ie/debateRecord/joint_committee_on_disability_matters/2024-07-03/debate/mul@/main.xml
2024-07-03,dail,debate,https://data.oireachtas.ie/akn/ie/debateRecord/joint_committee_on_european_union_affairs/2024-07-03/debate/main,https://data.oireachtas.ie/akn/ie/debateRecord/joint_committee_on_european_union_affairs/2024-07-03/debate/mul@/main.xml
2024-07-03,dail,debate,https://data.oireachtas.ie/akn/ie/debateRecord/select_committee_on_finance_public_expenditure_and_reform_and_taoiseach/2024-07-03/debate/main,https://data.oireachtas.ie/akn/ie/debateRecord/select_committee_on_finance_public_expenditure_and_reform_and_taoiseach/2024-07-03/debate/mul@/main.xml
2024-07-03,dail,debate,https://data.oireachtas.ie/akn/ie/debateRecord/joint_committee_on_health/2024-07-03/debate/main,https://data.oireachtas.ie/akn/ie/debateRecord/joint_committee_on_health/2024-07-03/debate/mul@/main.xml
2024-07-03,dail,debate,https://data.oireachtas.ie/akn/ie/debateRecord/comhchoiste_na_gaeilge_na_gaeltachta_agus_phobal_labhartha_na_gaeilge/2024-07-03/debate/main,https://data.oireachtas.ie/akn/ie/debateRecord/comhchoiste_na_gaeilge_na_gaeltachta_agus_phobal_labhartha_na_gaeilge/2024-07-03/debate/mul@/main.xml
2024-07-03,dail,debate,https://data.oireachtas.ie/akn/ie/debateRecord/joint_committee_on_transport_and_communications/2024-07-03/debate/main,https://data.oireachtas.ie/akn/ie/debateRecord/joint_committee_on_transport_and_communications/2024-07-03/debate/mul@/main.xml
2024-07-03,dail,debate,https://data.oireachtas.ie/akn/ie/debateRecord/joint_committee_on_agriculture_food_and_the_marine/2024-07-03/debate/main,https://data.oireachtas.ie/akn/ie/debateRecord/joint_committee_on_agriculture_food_and_the_marine/2024-07-03/debate/mul@/main.xml
2024-07-03,seanad,debate,https://data.oireachtas.ie/akn/ie/debateRecord/seanad/2024-07-03/debate/main,https://data.oireachtas.ie/akn/ie/debateRecord/seanad/2024-07-03/debate/mul@/main.xml
2024-07-02,dail,debate,https://data.oireachtas.ie/akn/ie/debateRecord/joint_committee_on_justice/2024-07-02/debate/main,https://data.oireachtas.ie/akn/ie/debateRecord/joint_committee_on_justice/2024-07-02/debate/mul@/main.xml
2024-07-02,dail,debate,https://data.oireachtas.ie/akn/ie/debateRecord/joint_committee_on_social_protection_community_and_rural_development_and_the_islands/2024-07-02/debate/main,https://data.oireachtas.ie/akn/ie/debateRecord/joint_committee_on_social_protection_community_and_rural_development_and_the_islands/2024-07-02/debate/mul@/main.xml
2024-07-02,dail,debate,https://data.oireachtas.ie/akn/ie/debateRecord/joint_committee_on_tourism_culture_arts_sport_and_media/2024-07-02/debate/main,https://data.oireachtas.ie/akn/ie/debateRecord/joint_committee_on_tourism_culture_arts_sport_and_media/2024-07-02/debate/mul@/main.xml
2024-07-02,dail,debate,https://data.oireachtas.ie/akn/ie/debateRecord/joint_committee_on_environment_and_climate_action/2024-07-02/debate/main,https://data.oireachtas.ie/akn/ie/debateRecord/joint_committee_on_environment_and_climate_action/2024-07-02/debate/mul@/main.xml
2024-07-02,dail,debate,https://data.oireachtas.ie/akn/ie/debateRecord/joint_committee_on_children_equality_disability_integration_and_youth/2024-07-02/debate/main,https://data.oireachtas.ie/akn/ie/debateRecord/joint_committee_on_children_equality_disability_integration_and_youth/2024-07-02/debate/mul@/main.xml
2024-07-02,dail,debate,https://data.oireachtas.ie/akn/ie/debateRecord/select_committee_on_foreign_affairs_and_defence/2024-07-02/debate/main,https://data.oireachtas.ie/akn/ie/debateRecord/select_committee_on_foreign_affairs_and_defence/2024-07-02/debate/mul@/main.xml
2024-07-02,dail,debate,https://data.oireachtas.ie/akn/ie/debateRecord/joint_committee_on_housing_local_government_and_heritage/2024-07-02/debate/main,https://data.oireachtas.ie/akn/ie/debateRecord/joint_committee_on_housing_local_government_and_heritage/2024-07-02/debate/mul@/main.xml
2024-07-02,dail,debate,https://data.oireachtas.ie/akn/ie/debateRecord/dail/2024-07-02/debate/main,https://data.oireachtas.ie/akn/ie/debateRecord/dail/2024-07-02/debate/mul@/main.xml
2024-07-02,seanad,debate,https://data.oireachtas.ie/akn/ie/debateRecord/seanad/2024-07-02/debate/main,https://data.oireachtas.ie/akn/ie/debateRecord/seanad/2024-07-02/debate/mul@/main.xml
2024-06-27,dail,debate,https://data.oireachtas.ie/akn/ie/debateRecord/joint_committee_on_public_petitions_and_the_ombudsmen/2024-06-27/debate/main,https://data.oireachtas.ie/akn/ie/debateRecord/joint_committee_on_public_petitions_and_the_ombudsmen/2024-06-27/debate/mul@/main.xml
2024-06-27,dail,debate,https://data.oireachtas.ie/akn/ie/debateRecord/joint_committee_on_the_implementation_of_the_good_friday_agreement/2024-06-27/debate/main,https://data.oireachtas.ie/akn/ie/debateRecord/joint_committee_on_the_implementation_of_the_good_friday_agreement/2024-06-27/debate/mul@/main.xml
2024-06-27,dail,debate,https://data.oireachtas.ie/akn/ie/debateRecord/seanad_public_consultation_committee/2024-06-27/debate/main,https://data.oireachtas.ie/akn/ie/debateRecord/seanad_public_consultation_committee/2024-06-27/debate/mul@/main.xml
2024-06-27,seanad,debate,https://data.oireachtas.ie/akn/ie/debateRecord/seanad/2024-06-27/debate/main,https://data.oireachtas.ie/akn/ie/debateRecord/seanad/2024-06-27/debate/mul@/main.xml
2024-06-27,dail,debate,https://data.oireachtas.ie/akn/ie/debateRecord/joint_committee_on_drugs_use/2024-06-27/debate/main,https://data.oireachtas.ie/akn/ie/debateRecord/joint_committee_on_drugs_use/2024-06-27/debate/mul@/main.xml
2024-06-27,dail,debate,https://data.oireachtas.ie/akn/ie/debateRecord/committee_of_public_accounts/2024-06-27/debate/main,https://data.oireachtas.ie/akn/ie/debateRecord/committee_of_public_accounts/2024-06-27/debate/mul@/main.xml
2024-06-27,dail,debate,https://data.oireachtas.ie/akn/ie/debateRecord/dail/2024-06-27/debate/main,https://data.oireachtas.ie/akn/ie/debateRecord/dail/2024-06-27/debate/mul@/main.xml
2024-06-26,dail,debate,https://data.oireachtas.ie/akn/ie/debateRecord/dail/2024-06-26/debate/main,https://data.oireachtas.ie/akn/ie/debateRecord/dail/2024-06-26/debate/mul@/main.xml
2024-06-26,dail,debate,https://data.oireachtas.ie/akn/ie/debateRecord/joint_committee_on_enterprise_trade_and_employment/2024-06-26/debate/main,https://data.oireachtas.ie/akn/ie/debateRecord/joint_committee_on_enterprise_trade_and_employment/2024-06-26/debate/mul@/main.xml
2024-06-26,dail,debate,https://data.oireachtas.ie/akn/ie/debateRecord/joint_committee_on_european_union_affairs/2024-06-26/debate/main,https://data.oireachtas.ie/akn/ie/debateRecord/joint_committee_on_european_union_affairs/2024-06-26/debate/mul@/main.xml
2024-06-26,dail,debate,https://data.oireachtas.ie/akn/ie/debateRecord/joint_committee_on_health/2024-06-26/debate/main,https://data.oireachtas.ie/akn/ie/debateRecord/joint_committee_on_health/2024-06-26/debate/mul@/main.xml
2024-06-26,dail,debate,https://data.oireachtas.ie/akn/ie/debateRecord/joint_committee_on_social_protection_community_and_rural_development_and_the_islands/2024-06-26/debate/main,https://data.oireachtas.ie/akn/ie/debateRecord/joint_committee_on_social_protection_community_and_rural_development_and_the_islands/2024-06-26/debate/mul@/main.xml
2024-06-26,dail,debate,https://data.oireachtas.ie/akn/ie/debateRecord/select_committee_on_transport_and_communications/2024-06-26/debate/main,https://data.oireachtas.ie/akn/ie/debateRecord/select_committee_on_transport_and_communications/2024-06-26/debate/mul@/main.xml
2024-06-26,dail,debate,https://data.oireachtas.ie/akn/ie/debateRecord/joint_committee_on_agriculture_food_and_the_marine/2024-06-26/debate/main,https://data.oireachtas.ie/akn/ie/debateRecord/joint_committee_on_agriculture_food_and_the_marine/2024-06-26/debate/mul@/main.xml
2024-06-26,dail,debate,https://data.oireachtas.ie/akn/ie/debateRecord/comhchoiste_na_gaeilge_na_gaeltachta_agus_phobal_labhartha_na_gaeilge/2024-06-26/debate/main,https://data.oireachtas.ie/akn/ie/debateRecord/comhchoiste_na_gaeilge_na_gaeltachta_agus_phobal_labhartha_na_gaeilge/2024-06-26/debate/mul@/main.xml
2024-06-26,dail,debate,https://data.oireachtas.ie/akn/ie/debateRecord/joint_committee_on_tourism_culture_arts_sport_and_media/2024-06-26/debate/main,https://data.oireachtas.ie/akn/ie/debateRecord/joint_committee_on_tourism_culture_arts_sport_and_media/2024-06-26/debate/mul@/main.xml
2024-06-26,seanad,debate,https://data.oireachtas.ie/akn/ie/debateRecord/seanad/2024-06-26/debate/main,https://data.oireachtas.ie/akn/ie/debateRecord/seanad/2024-06-26/debate/mul@/main.xml
2024-06-25,dail,debate,https://data.oireachtas.ie/akn/ie/debateRecord/joint_committee_on_environment_and_climate_action/2024-06-25/debate/main,https://data.oireachtas.ie/akn/ie/debateRecord/joint_committee_on_environment_and_climate_action/2024-06-25/debate/mul@/main.xml
2024-06-25,seanad,debate,https://data.oireachtas.ie/akn/ie/debateRecord/seanad/2024-06-25/debate/main,https://data.oireachtas.ie/akn/ie/debateRecord/seanad/2024-06-25/debate/mul@/main.xml
2024-06-25,dail,debate,https://data.oireachtas.ie/akn/ie/debateRecord/dail/2024-06-25/debate/main,https://data.oireachtas.ie/akn/ie/debateRecord/dail/2024-06-25/debate/mul@/main.xml
2024-06-25,dail,debate,https://data.oireachtas.ie/akn/ie/debateRecord/select_committee_on_environment_and_climate_action/2024-06-25/debate/main,https://data.oireachtas.ie/akn/ie/debateRecord/select_committee_on_environment_and_climate_action/2024-06-25/debate/mul@/main.xml
2024-06-25,dail,debate,https://data.oireachtas.ie/akn/ie/debateRecord/joint_committee_on_children_equality_disability_integration_and_youth/2024-06-25/debate/main,https://data.oireachtas.ie/akn/ie/debateRecord/joint_committee_on_children_equality_disability_integration_and_youth/2024-06-25/debate/mul@/main.xml
2024-06-25,dail,debate,https://data.oireachtas.ie/akn/ie/debateRecord/joint_committee_on_disability_matters/2024-06-25/debate/main,https://data.oireachtas.ie/akn/ie/debateRecord/joint_committee_on_disability_matters/2024-06-25/debate/mul@/main.xml
2024-06-25,dail,debate,https://data.oireachtas.ie/akn/ie/debateRecord/joint_committee_on_foreign_affairs_and_defence/2024-06-25/debate/main,https://data.oireachtas.ie/akn/ie/debateRecord/joint_committee_on_foreign_affairs_and_defence/2024-06-25/debate/mul@/main.xml
2024-06-25,dail,debate,https://data.oireachtas.ie/akn/ie/debateRecord/joint_committee_on_housing_local_government_and_heritage/2024-06-25/debate/main,https://data.oireachtas.ie/akn/ie/debateRecord/joint_committee_on_housing_local_government_and_heritage/2024-06-25/debate/mul@/main.xml
2024-06-20,dail,debate,https://data.oireachtas.ie/akn/ie/debateRecord/dail/2024-06-20/debate/main,https://data.oireachtas.ie/akn/ie/debateRecord/dail/2024-06-20/debate/mul@/main.xml
2024-06-20,dail,debate,https://data.oireachtas.ie/akn/ie/debateRecord/committee_of_public_accounts/2024-06-20/debate/main,https://data.oireachtas.ie/akn/ie/debateRecord/committee_of_public_accounts/2024-06-20/debate/mul@/main.xml
2024-06-20,dail,debate,https://data.oireachtas.ie/akn/ie/debateRecord/joint_committee_on_public_petitions_and_the_ombudsmen/2024-06-20/debate/main,https://data.oireachtas.ie/akn/ie/debateRecord/joint_committee_on_public_petitions_and_the_ombudsmen/2024-06-20/debate/mul@/main.xml
2024-06-20,seanad,debate,https://data.oireachtas.ie/akn/ie/debateRecord/seanad/2024-06-20/debate/main,https://data.oireachtas.ie/akn/ie/debateRecord/seanad/2024-06-20/debate/mul@/main.xml
2024-06-20,dail,debate,https://data.oireachtas.ie/akn/ie/debateRecord/joint_committee_on_drugs_use/2024-06-20/debate/main,https://data.oireachtas.ie/akn/ie/debateRecord/joint_committee_on_drugs_use/2024-06-20/debate/mul@/main.xml
2024-06-19,dail,debate,https://data.oireachtas.ie/akn/ie/debateRecord/dail/2024-06-19/debate/main,https://data.oireachtas.ie/akn/ie/debateRecord/dail/2024-06-19/debate/mul@/main.xml
2024-06-19,seanad,debate,https://data.oireachtas.ie/akn/ie/debateRecord/seanad/2024-06-19/debate/main,https://data.oireachtas.ie/akn/ie/debateRecord/seanad/2024-06-19/debate/mul@/main.xml
2024-06-19,dail,debate,https://data.oireachtas.ie/akn/ie/debateRecord/joint_committee_on_agriculture_food_and_the_marine/2024-06-19/debate/main,https://data.oireachtas.ie/akn/ie/debateRecord/joint_committee_on_agriculture_food_and_the_marine/2024-06-19/debate/mul@/main.xml
2024-06-19,dail,debate,https://data.oireachtas.ie/akn/ie/debateRecord/joint_committee_on_finance_public_expenditure_and_reform_and_taoiseach/2024-06-19/debate/main,https://data.oireachtas.ie/akn/ie/debateRecord/joint_committee_on_finance_public_expenditure_and_reform_and_taoiseach/2024-06-19/debate/mul@/main.xml
2024-06-19,dail,debate,https://data.oireachtas.ie/akn/ie/debateRecord/joint_committee_on_transport_and_communications/2024-06-19/debate/main,https://data.oireachtas.ie/akn/ie/debateRecord/joint_committee_on_transport_and_communications/2024-06-19/debate/mul@/main.xml
2024-06-19,dail,debate,https://data.oireachtas.ie/akn/ie/debateRecord/joint_committee_on_disability_matters/2024-06-19/debate/main,https://data.oireachtas.ie/akn/ie/debateRecord/joint_committee_on_disability_matters/2024-06-19/debate/mul@/main.xml
2024-06-19,dail,debate,https://data.oireachtas.ie/akn/ie/debateRecord/joint_committee_on_enterprise_trade_and_employment/2024-06-19/debate/main,https://data.oireachtas.ie/akn/ie/debateRecord/joint_committee_on_enterprise_trade_and_employment/2024-06-19/debate/mul@/main.xml
2024-06-19,dail,debate,https://data.oireachtas.ie/akn/ie/debateRecord/committee_on_budgetary_oversight/2024-06-19/debate/main,https://data.oireachtas.ie/akn/ie/debateRecord/committee_on_budgetary_oversight/2024-06-19/debate/mul@/main.xml
2024-06-19,dail,debate,https://data.oireachtas.ie/akn/ie/debateRecord/joint_committee_on_health/2024-06-19/debate/main,https://data.oireachtas.ie/akn/ie/debateRecord/joint_committee_on_health/2024-06-19/debate/mul@/main.xml
2024-06-19,dail,debate,https://data.oireachtas.ie/akn/ie/debateRecord/select_committee_on_education_further_and_higher_education_research_innovation_and_science/2024-06-19/debate/main,https://data.oireachtas.ie/akn/ie/debateRecord/select_committee_on_education_further_and_higher_education_research_innovation_and_science/2024-06-19/debate/mul@/main.xml
2024-06-18,seanad,debate,https://data.oireachtas.ie/akn/ie/debateRecord/seanad/2024-06-18/debate/main,https://data.oireachtas.ie/akn/ie/debateRecord/seanad/2024-06-18/debate/mul@/main.xml
2024-06-18,dail,debate,https://data.oireachtas.ie/akn/ie/debateRecord/joint_committee_on_environment_and_climate_action/2024-06-18/debate/main,https://data.oireachtas.ie/akn/ie/debateRecord/joint_committee_on_environment_and_climate_action/2024-06-18/debate/mul@/main.xml
2024-06-18,dail,debate,https://data.oireachtas.ie/akn/ie/debateRecord/joint_committee_on_foreign_affairs_and_defence/2024-06-18/debate/main,https://data.oireachtas.ie/akn/ie/debateRecord/joint_committee_on_foreign_affairs_and_defence/2024-06-18/debate/mul@/main.xml
2024-06-18,dail,debate,https://data.oireachtas.ie/akn/ie/debateRecord/joint_committee_on_justice/2024-06-18/debate/main,https://data.oireachtas.ie/akn/ie/debateRecord/joint_committee_on_justice/2024-06-18/debate/mul@/main.xml
2024-06-18,dail,debate,https://data.oireachtas.ie/akn/ie/debateRecord/seanad_select_committee_on_scrutiny_of_draft_eu_related_statutory_instruments/2024-06-18/debate/main,https://data.oireachtas.ie/akn/ie/debateRecord/seanad_select_committee_on_scrutiny_of_draft_eu_related_statutory_instruments/2024-06-18/debate/mul@/main.xml
2024-06-18,dail,debate,https://data.oireachtas.ie/akn/ie/debateRecord/joint_committee_on_children_equality_disability_integration_and_youth/2024-06-18/debate/main,https://data.oireachtas.ie/akn/ie/debateRecord/joint_committee_on_children_equality_disability_integration_and_youth/2024-06-18/debate/mul@/main.xml
2024-06-18,dail,debate,https://data.oireachtas.ie/akn/ie/debateRecord/select_committee_on_social_protection_community_and_rural_development_and_the_islands/2024-06-18/debate/main,https://data.oireachtas.ie/akn/ie/debateRecord/select_committee_on_social_protection_community_and_rural_development_and_the_islands/2024-06-18/debate/mul@/main.xml
2024-06-18,dail,debate,https://data.oireachtas.ie/akn/ie/debateRecord/joint_committee_on_housing_local_government_and_heritage/2024-06-18/debate/main,https://data.oireachtas.ie/akn/ie/debateRecord/joint_committee_on_housing_local_government_and_heritage/2024-06-18/debate/mul@/main.xml
2024-06-18,dail,debate,https://data.oireachtas.ie/akn/ie/debateRecord/dail/2024-06-18/debate/main,https://data.oireachtas.ie/akn/ie/debateRecord/dail/2024-06-18/debate/mul@/main.xml
2024-06-13,dail,debate,https://data.oireachtas.ie/akn/ie/debateRecord/committee_of_public_accounts/2024-06-13/debate/main,https://data.oireachtas.ie/akn/ie/debateRecord/committee_of_public_accounts/2024-06-13/debate/mul@/main.xml
2024-06-13,dail,debate,https://data.oireachtas.ie/akn/ie/debateRecord/joint_committee_on_drugs_use/2024-06-13/debate/main,https://data.oireachtas.ie/akn/ie/debateRecord/joint_committee_on_drugs_use/2024-06-13/debate/mul@/main.xml
2024-06-13,seanad,debate,https://data.oireachtas.ie/akn/ie/debateRecord/seanad/2024-06-13/debate/main,https://data.oireachtas.ie/akn/ie/debateRecord/seanad/2024-06-13/debate/mul@/main.xml
2024-06-13,dail,debate,https://data.oireachtas.ie/akn/ie/debateRecord/joint_committee_on_key_issues_affecting_the_traveller_community_2023/2024-06-13/debate/main,https://data.oireachtas.ie/akn/ie/debateRecord/joint_committee_on_key_issues_affecting_the_traveller_community_2023/2024-06-13/debate/mul@/main.xml
2024-06-13,dail,debate,https://data.oireachtas.ie/akn/ie/debateRecord/joint_committee_on_the_implementation_of_the_good_friday_agreement/2024-06-13/debate/main,https://data.oireachtas.ie/akn/ie/debateRecord/joint_committee_on_the_implementation_of_the_good_friday_agreement/2024-06-13/debate/mul@/main.xml
2024-06-13,dail,debate,https://data.oireachtas.ie/akn/ie/debateRecord/dail/2024-06-13/debate/main,https://data.oireachtas.ie/akn/ie/debateRecord/dail/2024-06-13/debate/mul@/main.xml
2024-06-13,dail,debate,https://data.oireachtas.ie/akn/ie/debateRecord/joint_committee_on_public_petitions_and_the_ombudsmen/2024-06-13/debate/main,https://data.oireachtas.ie/akn/ie/debateRecord/joint_committee_on_public_petitions_and_the_ombudsmen/2024-06-13/debate/mul@/main.xml
2024-06-13,dail,debate,https://data.oireachtas.ie/akn/ie/debateRecord/joint_committee_on_housing_local_government_and_heritage/2024-06-13/debate/main,https://data.oireachtas.ie/akn/ie/debateRecord/joint_committee_on_housing_local_government_and_heritage/2024-06-13/debate/mul@/main.xml
2024-06-13,dail,debate,https://data.oireachtas.ie/akn/ie/debateRecord/select_committee_on_housing_local_government_and_heritage/2024-06-13/debate/main,https://data.oireachtas.ie/akn/ie/debateRecord/select_committee_on_housing_local_government_and_heritage/2024-06-13/debate/mul@/main.xml
2024-06-12,dail,debate,https://data.oireachtas.ie/akn/ie/debateRecord/joint_committee_on_agriculture_food_and_the_marine/2024-06-12/debate/main,https://data.oireachtas.ie/akn/ie/debateRecord/joint_committee_on_agriculture_food_and_the_marine/2024-06-12/debate/mul@/main.xml
2024-06-12,dail,debate,https://data.oireachtas.ie/akn/ie/debateRecord/committee_on_budgetary_oversight/2024-06-12/debate/main,https://data.oireachtas.ie/akn/ie/debateRecord/committee_on_budgetary_oversight/2024-06-12/debate/mul@/main.xml
2024-06-12,dail,debate,https://data.oireachtas.ie/akn/ie/debateRecord/joint_committee_on_transport_and_communications/2024-06-12/debate/main,https://data.oireachtas.ie/akn/ie/debateRecord/joint_committee_on_transport_and_communications/2024-06-12/debate/mul@/main.xml
2024-06-12,dail,debate,https://data.oireachtas.ie/akn/ie/debateRecord/dail/2024-06-12/debate/main,https://data.oireachtas.ie/akn/ie/debateRecord/dail/2024-06-12/debate/mul@/main.xml
2024-06-12,seanad,debate,https://data.oireachtas.ie/akn/ie/debateRecord/seanad/2024-06-12/debate/main,https://data.oireachtas.ie/akn/ie/debateRecord/seanad/2024-06-12/debate/mul@/main.xml
2024-06-12,dail,debate,https://data.oireachtas.ie/akn/ie/debateRecord/joint_committee_on_social_protection_community_and_rural_development_and_the_islands/2024-06-12/debate/main,https://data.oireachtas.ie/akn/ie/debateRecord/joint_committee_on_social_protection_community_and_rural_development_and_the_islands/2024-06-12/debate/mul@/main.xml
2024-06-12,dail,debate,https://data.oireachtas.ie/akn/ie/debateRecord/joint_committee_on_tourism_culture_arts_sport_and_media/2024-06-12/debate/main,https://data.oireachtas.ie/akn/ie/debateRecord/joint_committee_on_tourism_culture_arts_sport_and_media/2024-06-12/debate/mul@/main.xml
2024-06-12,dail,debate,https://data.oireachtas.ie/akn/ie/debateRecord/select_committee_on_health/2024-06-12/debate/main,https://data.oireachtas.ie/akn/ie/debateRecord/select_committee_on_health/2024-06-12/debate/mul@/main.xml
2024-06-11,dail,debate,https://data.oireachtas.ie/akn/ie/debateRecord/joint_committee_on_education_further_and_higher_education_research_innovation_and_science/2024-06-11/debate/main,https://data.oireachtas.ie/akn/ie/debateRecord/joint_committee_on_education_further_and_higher_education_research_innovation_and_science/2024-06-11/debate/mul@/main.xml
2024-06-11,seanad,debate,https://data.oireachtas.ie/akn/ie/debateRecord/seanad/2024-06-11/debate/main,https://data.oireachtas.ie/akn/ie/debateRecord/seanad/2024-06-11/debate/mul@/main.xml
2024-06-11,dail,debate,https://data.oireachtas.ie/akn/ie/debateRecord/joint_committee_on_foreign_affairs_and_defence/2024-06-11/debate/main,https://data.oireachtas.ie/akn/ie/debateRecord/joint_committee_on_foreign_affairs_and_defence/2024-06-11/debate/mul@/main.xml
2024-06-11,dail,debate,https://data.oireachtas.ie/akn/ie/debateRecord/dail/2024-06-11/debate/main,https://data.oireachtas.ie/akn/ie/debateRecord/dail/2024-06-11/debate/mul@/main.xml
2024-05-30,dail,debate,https://data.oireachtas.ie/akn/ie/debateRecord/joint_committee_on_the_implementation_of_the_good_friday_agreement/2024-05-30/debate/main,https://data.oireachtas.ie/akn/ie/debateRecord/joint_committee_on_the_implementation_of_the_good_friday_agreement/2024-05-30/debate/mul@/main.xml
2024-05-30,dail,debate,https://data.oireachtas.ie/akn/ie/debateRecord/joint_committee_on_public_petitions_and_the_ombudsmen/2024-05-30/debate/main,https://data.oireachtas.ie/akn/ie/debateRecord/joint_committee_on_public_petitions_and_the_ombudsmen/2024-05-30/debate/mul@/main.xml
2024-05-30,dail,debate,https://data.oireachtas.ie/akn/ie/debateRecord/committee_of_public_accounts/2024-05-30/debate/main,https://data.oireachtas.ie/akn/ie/debateRecord/committee_of_public_accounts/2024-05-30/debate/mul@/main.xml
2024-05-30,dail,debate,https://data.oireachtas.ie/akn/ie/debateRecord/dail/2024-05-30/debate/main,https://data.oireachtas.ie/akn/ie/debateRecord/dail/2024-05-30/debate/mul@/main.xml
2024-05-30,seanad,debate,https://data.oireachtas.ie/akn/ie/debateRecord/seanad/2024-05-30/debate/main,https://data.oireachtas.ie/akn/ie/debateRecord/seanad/2024-05-30/debate/mul@/main.xml
2024-05-29,dail,debate,https://data.oireachtas.ie/akn/ie/debateRecord/joint_committee_on_health/2024-05-29/debate/main,https://data.oireachtas.ie/akn/ie/debateRecord/joint_committee_on_health/2024-05-29/debate/mul@/main.xml
2024-05-29,dail,debate,https://data.oireachtas.ie/akn/ie/debateRecord/joint_committee_on_agriculture_food_and_the_marine/2024-05-29/debate/main,https://data.oireachtas.ie/akn/ie/debateRecord/joint_committee_on_agriculture_food_and_the_marine/2024-05-29/debate/mul@/main.xml
2024-05-29,dail,debate,https://data.oireachtas.ie/akn/ie/debateRecord/joint_committee_on_enterprise_trade_and_employment/2024-05-29/debate/main,https://data.oireachtas.ie/akn/ie/debateRecord/joint_committee_on_enterprise_trade_and_employment/2024-05-29/debate/mul@/main.xml
2024-05-29,dail,debate,https://data.oireachtas.ie/akn/ie/debateRecord/joint_committee_on_disability_matters/2024-05-29/debate/main,https://data.oireachtas.ie/akn/ie/debateRecord/joint_committee_on_disability_matters/2024-05-29/debate/mul@/main.xml
2024-05-29,dail,debate,https://data.oireachtas.ie/akn/ie/debateRecord/joint_committee_on_european_union_affairs/2024-05-29/debate/main,https://data.oireachtas.ie/akn/ie/debateRecord/joint_committee_on_european_union_affairs/2024-05-29/debate/mul@/main.xml
2024-05-29,dail,debate,https://data.oireachtas.ie/akn/ie/debateRecord/joint_committee_on_social_protection_community_and_rural_development_and_the_islands/2024-05-29/debate/main,https://data.oireachtas.ie/akn/ie/debateRecord/joint_committee_on_social_protection_community_and_rural_development_and_the_islands/2024-05-29/debate/mul@/main.xml
2024-05-29,dail,debate,https://data.oireachtas.ie/akn/ie/debateRecord/joint_committee_on_transport_and_communications/2024-05-29/debate/main,https://data.oireachtas.ie/akn/ie/debateRecord/joint_committee_on_transport_and_communications/2024-05-29/debate/mul@/main.xml
2024-05-29,seanad,debate,https://data.oireachtas.ie/akn/ie/debateRecord/seanad/2024-05-29/debate/main,https://data.oireachtas.ie/akn/ie/debateRecord/seanad/2024-05-29/debate/mul@/main.xml
2024-05-29,dail,debate,https://data.oireachtas.ie/akn/ie/debateRecord/dail/2024-05-29/debate/main,https://data.oireachtas.ie/akn/ie/debateRecord/dail/2024-05-29/debate/mul@/main.xml
2024-05-28,seanad,debate,https://data.oireachtas.ie/akn/ie/debateRecord/seanad/2024-05-28/debate/main,https://data.oireachtas.ie/akn/ie/debateRecord/seanad/2024-05-28/debate/mul@/main.xml
2024-05-28,dail,debate,https://data.oireachtas.ie/akn/ie/debateRecord/joint_committee_on_education_further_and_higher_education_research_innovation_and_science/2024-05-28/debate/main,https://data.oireachtas.ie/akn/ie/debateRecord/joint_committee_on_education_further_and_higher_education_research_innovation_and_science/2024-05-28/debate/mul@/main.xml
2024-05-28,dail,debate,https://data.oireachtas.ie/akn/ie/debateRecord/joint_committee_on_environment_and_climate_action/2024-05-28/debate/main,https://data.oireachtas.ie/akn/ie/debateRecord/joint_committee_on_environment_and_climate_action/2024-05-28/debate/mul@/main.xml
2024-05-28,dail,debate,https://data.oireachtas.ie/akn/ie/debateRecord/joint_committee_on_justice/2024-05-28/debate/main,https://data.oireachtas.ie/akn/ie/debateRecord/joint_committee_on_justice/2024-05-28/debate/mul@/main.xml
2024-05-28,dail,debate,https://data.oireachtas.ie/akn/ie/debateRecord/dail/2024-05-28/debate/main,https://data.oireachtas.ie/akn/ie/debateRecord/dail/2024-05-28/debate/mul@/main.xml
2024-05-23,seanad,debate,https://data.oireachtas.ie/akn/ie/debateRecord/seanad/2024-05-23/debate/main,https://data.oireachtas.ie/akn/ie/debateRecord/seanad/2024-05-23/debate/mul@/main.xml
2024-05-23,dail,debate,https://data.oireachtas.ie/akn/ie/debateRecord/dail/2024-05-23/debate/main,https://data.oireachtas.ie/akn/ie/debateRecord/dail/2024-05-23/debate/mul@/main.xml
2024-05-23,dail,debate,https://data.oireachtas.ie/akn/ie/debateRecord/seanad_select_committee_on_scrutiny_of_draft_eu_related_statutory_instruments/2024-05-23/debate/main,https://data.oireachtas.ie/akn/ie/debateRecord/seanad_select_committee_on_scrutiny_of_draft_eu_related_statutory_instruments/2024-05-23/debate/mul@/main.xml
2024-05-23,dail,debate,https://data.oireachtas.ie/akn/ie/debateRecord/committee_of_public_accounts/2024-05-23/debate/main,https://data.oireachtas.ie/akn/ie/debateRecord/committee_of_public_accounts/2024-05-23/debate/mul@/main.xml
2024-05-23,dail,debate,https://data.oireachtas.ie/akn/ie/debateRecord/joint_committee_on_public_petitions_and_the_ombudsmen/2024-05-23/debate/main,https://data.oireachtas.ie/akn/ie/debateRecord/joint_committee_on_public_petitions_and_the_ombudsmen/2024-05-23/debate/mul@/main.xml
2024-05-23,dail,debate,https://data.oireachtas.ie/akn/ie/debateRecord/select_committee_on_foreign_affairs_and_defence/2024-05-23/debate/main,https://data.oireachtas.ie/akn/ie/debateRecord/select_committee_on_foreign_affairs_and_defence/2024-05-23/debate/mul@/main.xml
2024-05-23,dail,debate,https://data.oireachtas.ie/akn/ie/debateRecord/joint_committee_on_the_implementation_of_the_good_friday_agreement/2024-05-23/debate/main,https://data.oireachtas.ie/akn/ie/debateRecord/joint_committee_on_the_implementation_of_the_good_friday_agreement/2024-05-23/debate/mul@/main.xml
2024-05-22,seanad,debate,https://data.oireachtas.ie/akn/ie/debateRecord/seanad/2024-05-22/debate/main,https://data.oireachtas.ie/akn/ie/debateRecord/seanad/2024-05-22/debate/mul@/main.xml
2024-05-22,dail,debate,https://data.oireachtas.ie/akn/ie/debateRecord/dail/2024-05-22/debate/main,https://data.oireachtas.ie/akn/ie/debateRecord/dail/2024-05-22/debate/mul@/main.xml
2024-05-22,dail,debate,https://data.oireachtas.ie/akn/ie/debateRecord/joint_committee_on_agriculture_food_and_the_marine/2024-05-22/debate/main,https://data.oireachtas.ie/akn/ie/debateRecord/joint_committee_on_agriculture_food_and_the_marine/2024-05-22/debate/mul@/main.xml
2024-05-22,dail,debate,https://data.oireachtas.ie/akn/ie/debateRecord/select_committee_on_enterprise_trade_and_employment/2024-05-22/debate/main,https://data.oireachtas.ie/akn/ie/debateRecord/select_committee_on_enterprise_trade_and_employment/2024-05-22/debate/mul@/main.xml
2024-05-22,dail,debate,https://data.oireachtas.ie/akn/ie/debateRecord/joint_committee_on_disability_matters/2024-05-22/debate/main,https://data.oireachtas.ie/akn/ie/debateRecord/joint_committee_on_disability_matters/2024-05-22/debate/mul@/main.xml
2024-05-22,dail,debate,https://data.oireachtas.ie/akn/ie/debateRecord/joint_committee_on_finance_public_expenditure_and_reform_and_taoiseach/2024-05-22/debate/main,https://data.oireachtas.ie/akn/ie/debateRecord/joint_committee_on_finance_public_expenditure_and_reform_and_taoiseach/2024-05-22/debate/mul@/main.xml
2024-05-22,dail,debate,https://data.oireachtas.ie/akn/ie/debateRecord/joint_committee_on_health/2024-05-22/debate/main,https://data.oireachtas.ie/akn/ie/debateRecord/joint_committee_on_health/2024-05-22/debate/mul@/main.xml
2024-05-22,dail,debate,https://data.oireachtas.ie/akn/ie/debateRecord/select_committee_on_social_protection_community_and_rural_development_and_the_islands/2024-05-22/debate/main,https://data.oireachtas.ie/akn/ie/debateRecord/select_committee_on_social_protection_community_and_rural_development_and_the_islands/2024-05-22/debate/mul@/main.xml
2024-05-22,dail,debate,https://data.oireachtas.ie/akn/ie/debateRecord/joint_committee_on_tourism_culture_arts_sport_and_media/2024-05-22/debate/main,https://data.oireachtas.ie/akn/ie/debateRecord/joint_committee_on_tourism_culture_arts_sport_and_media/2024-05-22/debate/mul@/main.xml
2024-05-22,dail,debate,https://data.oireachtas.ie/akn/ie/debateRecord/joint_committee_on_transport_and_communications/2024-05-22/debate/main,https://data.oireachtas.ie/akn/ie/debateRecord/joint_committee_on_transport_and_communications/2024-05-22/debate/mul@/main.xml
2024-05-22,dail,debate,https://data.oireachtas.ie/akn/ie/debateRecord/comhchoiste_na_gaeilge_na_gaeltachta_agus_phobal_labhartha_na_gaeilge/2024-05-22/debate/main,https://data.oireachtas.ie/akn/ie/debateRecord/comhchoiste_na_gaeilge_na_gaeltachta_agus_phobal_labhartha_na_gaeilge/2024-05-22/debate/mul@/main.xml
2024-05-21,seanad,debate,https://data.oireachtas.ie/akn/ie/debateRecord/seanad/2024-05-21/debate/main,https://data.oireachtas.ie/akn/ie/debateRecord/seanad/2024-05-21/debate/mul@/main.xml
2024-05-21,dail,debate,https://data.oireachtas.ie/akn/ie/debateRecord/dail/2024-05-21/debate/main,https://data.oireachtas.ie/akn/ie/debateRecord/dail/2024-05-21/debate/mul@/main.xml
2024-05-21,dail,debate,https://data.oireachtas.ie/akn/ie/debateRecord/joint_committee_on_environment_and_climate_action/2024-05-21/debate/main,https://data.oireachtas.ie/akn/ie/debateRecord/joint_committee_on_environment_and_climate_action/2024-05-21/debate/mul@/main.xml
2024-05-21,dail,debate,https://data.oireachtas.ie/akn/ie/debateRecord/joint_committee_on_children_equality_disability_integration_and_youth/2024-05-21/debate/main,https://data.oireachtas.ie/akn/ie/debateRecord/joint_committee_on_children_equality_disability_integration_and_youth/2024-05-21/debate/mul@/main.xml
2024-05-21,dail,debate,https://data.oireachtas.ie/akn/ie/debateRecord/joint_committee_on_education_further_and_higher_education_research_innovation_and_science/2024-05-21/debate/main,https://data.oireachtas.ie/akn/ie/debateRecord/joint_committee_on_education_further_and_higher_education_research_innovation_and_science/2024-05-21/debate/mul@/main.xml
2024-05-21,dail,debate,https://data.oireachtas.ie/akn/ie/debateRecord/joint_committee_on_foreign_affairs_and_defence/2024-05-21/debate/main,https://data.oireachtas.ie/akn/ie/debateRecord/joint_committee_on_foreign_affairs_and_defence/2024-05-21/debate/mul@/main.xml
2024-05-21,dail,debate,https://data.oireachtas.ie/akn/ie/debateRecord/joint_committee_on_housing_local_government_and_heritage/2024-05-21/debate/main,https://data.oireachtas.ie/akn/ie/debateRecord/joint_committee_on_housing_local_government_and_heritage/2024-05-21/debate/mul@/main.xml
2024-05-21,dail,debate,https://data.oireachtas.ie/akn/ie/debateRecord/joint_committee_on_justice/2024-05-21/debate/main,https://data.oireachtas.ie/akn/ie/debateRecord/joint_committee_on_justice/2024-05-21/debate/mul@/main.xml
2024-05-16,seanad,debate,https://data.oireachtas.ie/akn/ie/debateRecord/seanad/2024-05-16/debate/main,https://data.oireachtas.ie/akn/ie/debateRecord/seanad/2024-05-16/debate/mul@/main.xml
2024-05-16,dail,debate,https://data.oireachtas.ie/akn/ie/debateRecord/dail/2024-05-16/debate/main,https://data.oireachtas.ie/akn/ie/debateRecord/dail/2024-05-16/debate/mul@/main.xml
2024-05-16,dail,debate,https://data.oireachtas.ie/akn/ie/debateRecord/joint_committee_on_public_petitions_and_the_ombudsmen/2024-05-16/debate/main,https://data.oireachtas.ie/akn/ie/debateRecord/joint_committee_on_public_petitions_and_the_ombudsmen/2024-05-16/debate/mul@/main.xml
2024-05-16,dail,debate,https://data.oireachtas.ie/akn/ie/debateRecord/committee_of_public_accounts/2024-05-16/debate/main,https://data.oireachtas.ie/akn/ie/debateRecord/committee_of_public_accounts/2024-05-16/debate/mul@/main.xml
2024-05-15,seanad,debate,https://data.oireachtas.ie/akn/ie/debateRecord/seanad/2024-05-15/debate/main,https://data.oireachtas.ie/akn/ie/debateRecord/seanad/2024-05-15/debate/mul@/main.xml
2024-05-15,dail,debate,https://data.oireachtas.ie/akn/ie/debateRecord/committee_on_budgetary_oversight/2024-05-15/debate/main,https://data.oireachtas.ie/akn/ie/debateRecord/committee_on_budgetary_oversight/2024-05-15/debate/mul@/main.xml
2024-05-15,dail,debate,https://data.oireachtas.ie/akn/ie/debateRecord/joint_committee_on_european_union_affairs/2024-05-15/debate/main,https://data.oireachtas.ie/akn/ie/debateRecord/joint_committee_on_european_union_affairs/2024-05-15/debate/mul@/main.xml
2024-05-15,dail,debate,https://data.oireachtas.ie/akn/ie/debateRecord/joint_committee_on_finance_public_expenditure_and_reform_and_taoiseach/2024-05-15/debate/main,https://data.oireachtas.ie/akn/ie/debateRecord/joint_committee_on_finance_public_expenditure_and_reform_and_taoiseach/2024-05-15/debate/mul@/main.xml
2024-05-15,dail,debate,https://data.oireachtas.ie/akn/ie/debateRecord/joint_committee_on_health/2024-05-15/debate/main,https://data.oireachtas.ie/akn/ie/debateRecord/joint_committee_on_health/2024-05-15/debate/mul@/main.xml
2024-05-15,dail,debate,https://data.oireachtas.ie/akn/ie/debateRecord/joint_committee_on_tourism_culture_arts_sport_and_media/2024-05-15/debate/main,https://data.oireachtas.ie/akn/ie/debateRecord/joint_committee_on_tourism_culture_arts_sport_and_media/2024-05-15/debate/mul@/main.xml
2024-05-15,dail,debate,https://data.oireachtas.ie/akn/ie/debateRecord/joint_committee_on_transport_and_communications/2024-05-15/debate/main,https://data.oireachtas.ie/akn/ie/debateRecord/joint_committee_on_transport_and_communications/2024-05-15/debate/mul@/main.xml
2024-05-15,dail,debate,https://data.oireachtas.ie/akn/ie/debateRecord/joint_committee_on_agriculture_food_and_the_marine/2024-05-15/debate/main,https://data.oireachtas.ie/akn/ie/debateRecord/joint_committee_on_agriculture_food_and_the_marine/2024-05-15/debate/mul@/main.xml
2024-05-15,dail,debate,https://data.oireachtas.ie/akn/ie/debateRecord/joint_committee_on_enterprise_trade_and_employment/2024-05-15/debate/main,https://data.oireachtas.ie/akn/ie/debateRecord/joint_committee_on_enterprise_trade_and_employment/2024-05-15/debate/mul@/main.xml
2024-05-15,dail,debate,https://data.oireachtas.ie/akn/ie/debateRecord/dail/2024-05-15/debate/main,https://data.oireachtas.ie/akn/ie/debateRecord/dail/2024-05-15/debate/mul@/main.xml
2024-05-15,dail,debate,https://data.oireachtas.ie/akn/ie/debateRecord/comhchoiste_na_gaeilge_na_gaeltachta_agus_phobal_labhartha_na_gaeilge/2024-05-15/debate/main,https://data.oireachtas.ie/akn/ie/debateRecord/comhchoiste_na_gaeilge_na_gaeltachta_agus_phobal_labhartha_na_gaeilge/2024-05-15/debate/mul@/main.xml
2024-05-14,seanad,debate,https://data.oireachtas.ie/akn/ie/debateRecord/seanad/2024-05-14/debate/main,https://data.oireachtas.ie/akn/ie/debateRecord/seanad/2024-05-14/debate/mul@/main.xml
2024-05-14,dail,debate,https://data.oireachtas.ie/akn/ie/debateRecord/joint_committee_on_environment_and_climate_action/2024-05-14/debate/main,https://data.oireachtas.ie/akn/ie/debateRecord/joint_committee_on_environment_and_climate_action/2024-05-14/debate/mul@/main.xml
2024-05-14,dail,debate,https://data.oireachtas.ie/akn/ie/debateRecord/joint_committee_on_children_equality_disability_integration_and_youth/2024-05-14/debate/main,https://data.oireachtas.ie/akn/ie/debateRecord/joint_committee_on_children_equality_disability_integration_and_youth/2024-05-14/debate/mul@/main.xml
2024-05-14,dail,debate,https://data.oireachtas.ie/akn/ie/debateRecord/joint_committee_on_education_further_and_higher_education_research_innovation_and_science/2024-05-14/debate/main,https://data.oireachtas.ie/akn/ie/debateRecord/joint_committee_on_education_further_and_higher_education_research_innovation_and_science/2024-05-14/debate/mul@/main.xml
2024-05-14,dail,debate,https://data.oireachtas.ie/akn/ie/debateRecord/joint_committee_on_foreign_affairs_and_defence/2024-05-14/debate/main,https://data.oireachtas.ie/akn/ie/debateRecord/joint_committee_on_foreign_affairs_and_defence/2024-05-14/debate/mul@/main.xml
2024-05-14,dail,debate,https://data.oireachtas.ie/akn/ie/debateRecord/joint_committee_on_housing_local_government_and_heritage/2024-05-14/debate/main,https://data.oireachtas.ie/akn/ie/debateRecord/joint_committee_on_housing_local_government_and_heritage/2024-05-14/debate/mul@/main.xml
2024-05-14,dail,debate,https://data.oireachtas.ie/akn/ie/debateRecord/dail/2024-05-14/debate/main,https://data.oireachtas.ie/akn/ie/debateRecord/dail/2024-05-14/debate/mul@/main.xml
2024-05-09,seanad,debate,https://data.oireachtas.ie/akn/ie/debateRecord/seanad/2024-05-09/debate/main,https://data.oireachtas.ie/akn/ie/debateRecord/seanad/2024-05-09/debate/mul@/main.xml
2024-05-09,dail,debate,https://data.oireachtas.ie/akn/ie/debateRecord/committee_of_public_accounts/2024-05-09/debate/main,https://data.oireachtas.ie/akn/ie/debateRecord/committee_of_public_accounts/2024-05-09/debate/mul@/main.xml
2024-05-09,dail,debate,https://data.oireachtas.ie/akn/ie/debateRecord/joint_committee_on_public_petitions_and_the_ombudsmen/2024-05-09/debate/main,https://data.oireachtas.ie/akn/ie/debateRecord/joint_committee_on_public_petitions_and_the_ombudsmen/2024-05-09/debate/mul@/main.xml
2024-05-09,dail,debate,https://data.oireachtas.ie/akn/ie/debateRecord/dail/2024-05-09/debate/main,https://data.oireachtas.ie/akn/ie/debateRecord/dail/2024-05-09/debate/mul@/main.xml
2024-05-08,seanad,debate,https://data.oireachtas.ie/akn/ie/debateRecord/seanad/2024-05-08/debate/main,https://data.oireachtas.ie/akn/ie/debateRecord/seanad/2024-05-08/debate/mul@/main.xml
2024-05-08,dail,debate,https://data.oireachtas.ie/akn/ie/debateRecord/joint_committee_on_agriculture_food_and_the_marine/2024-05-08/debate/main,https://data.oireachtas.ie/akn/ie/debateRecord/joint_committee_on_agriculture_food_and_the_marine/2024-05-08/debate/mul@/main.xml
2024-05-08,dail,debate,https://data.oireachtas.ie/akn/ie/debateRecord/joint_committee_on_enterprise_trade_and_employment/2024-05-08/debate/main,https://data.oireachtas.ie/akn/ie/debateRecord/joint_committee_on_enterprise_trade_and_employment/2024-05-08/debate/mul@/main.xml
2024-05-08,dail,debate,https://data.oireachtas.ie/akn/ie/debateRecord/committee_on_budgetary_oversight/2024-05-08/debate/main,https://data.oireachtas.ie/akn/ie/debateRecord/committee_on_budgetary_oversight/2024-05-08/debate/mul@/main.xml
2024-05-08,dail,debate,https://data.oireachtas.ie/akn/ie/debateRecord/joint_committee_on_disability_matters/2024-05-08/debate/main,https://data.oireachtas.ie/akn/ie/debateRecord/joint_committee_on_disability_matters/2024-05-08/debate/mul@/main.xml
2024-05-08,dail,debate,https://data.oireachtas.ie/akn/ie/debateRecord/joint_committee_on_european_union_affairs/2024-05-08/debate/main,https://data.oireachtas.ie/akn/ie/debateRecord/joint_committee_on_european_union_affairs/2024-05-08/debate/mul@/main.xml
2024-05-08,dail,debate,https://data.oireachtas.ie/akn/ie/debateRecord/joint_committee_on_finance_public_expenditure_and_reform_and_taoiseach/2024-05-08/debate/main,https://data.oireachtas.ie/akn/ie/debateRecord/joint_committee_on_finance_public_expenditure_and_reform_and_taoiseach/2024-05-08/debate/mul@/main.xml
2024-05-08,dail,debate,https://data.oireachtas.ie/akn/ie/debateRecord/select_committee_on_finance_public_expenditure_and_reform_and_taoiseach/2024-05-08/debate/main,https://data.oireachtas.ie/akn/ie/debateRecord/select_committee_on_finance_public_expenditure_and_reform_and_taoiseach/2024-05-08/debate/mul@/main.xml
2024-05-08,dail,debate,https://data.oireachtas.ie/akn/ie/debateRecord/joint_committee_on_health/2024-05-08/debate/main,https://data.oireachtas.ie/akn/ie/debateRecord/joint_committee_on_health/2024-05-08/debate/mul@/main.xml
2024-05-08,dail,debate,https://data.oireachtas.ie/akn/ie/debateRecord/select_committee_on_social_protection_community_and_rural_development_and_the_islands/2024-05-08/debate/main,https://data.oireachtas.ie/akn/ie/debateRecord/select_committee_on_social_protection_community_and_rural_development_and_the_islands/2024-05-08/debate/mul@/main.xml
2024-05-08,dail,debate,https://data.oireachtas.ie/akn/ie/debateRecord/joint_committee_on_transport_and_communications/2024-05-08/debate/main,https://data.oireachtas.ie/akn/ie/debateRecord/joint_committee_on_transport_and_communications/2024-05-08/debate/mul@/main.xml
2024-05-08,dail,debate,https://data.oireachtas.ie/akn/ie/debateRecord/dail/2024-05-08/debate/main,https://data.oireachtas.ie/akn/ie/debateRecord/dail/2024-05-08/debate/mul@/main.xml
2024-05-08,dail,debate,https://data.oireachtas.ie/akn/ie/debateRecord/comhchoiste_na_gaeilge_na_gaeltachta_agus_phobal_labhartha_na_gaeilge/2024-05-08/debate/main,https://data.oireachtas.ie/akn/ie/debateRecord/comhchoiste_na_gaeilge_na_gaeltachta_agus_phobal_labhartha_na_gaeilge/2024-05-08/debate/mul@/main.xml
2024-05-02,seanad,debate,https://data.oireachtas.ie/akn/ie/debateRecord/seanad/2024-05-02/debate/main,https://data.oireachtas.ie/akn/ie/debateRecord/seanad/2024-05-02/debate/mul@/main.xml
2024-05-02,dail,debate,https://data.oireachtas.ie/akn/ie/debateRecord/dail/2024-05-02/debate/main,https://data.oireachtas.ie/akn/ie/debateRecord/dail/2024-05-02/debate/mul@/main.xml
2024-05-02,dail,debate,https://data.oireachtas.ie/akn/ie/debateRecord/committee_of_public_accounts/2024-05-02/debate/main,https://data.oireachtas.ie/akn/ie/debateRecord/committee_of_public_accounts/2024-05-02/debate/mul@/main.xml
2024-05-02,dail,debate,https://data.oireachtas.ie/akn/ie/debateRecord/joint_committee_on_the_implementation_of_the_good_friday_agreement/2024-05-02/debate/main,https://data.oireachtas.ie/akn/ie/debateRecord/joint_committee_on_the_implementation_of_the_good_friday_agreement/2024-05-02/debate/mul@/main.xml
2024-05-01,seanad,debate,https://data.oireachtas.ie/akn/ie/debateRecord/seanad/2024-05-01/debate/main,https://data.oireachtas.ie/akn/ie/debateRecord/seanad/2024-05-01/debate/mul@/main.xml
2024-05-01,dail,debate,https://data.oireachtas.ie/akn/ie/debateRecord/joint_committee_on_agriculture_food_and_the_marine/2024-05-01/debate/main,https://data.oireachtas.ie/akn/ie/debateRecord/joint_committee_on_agriculture_food_and_the_marine/2024-05-01/debate/mul@/main.xml
2024-05-01,dail,debate,https://data.oireachtas.ie/akn/ie/debateRecord/joint_committee_on_enterprise_trade_and_employment/2024-05-01/debate/main,https://data.oireachtas.ie/akn/ie/debateRecord/joint_committee_on_enterprise_trade_and_employment/2024-05-01/debate/mul@/main.xml
2024-05-01,dail,debate,https://data.oireachtas.ie/akn/ie/debateRecord/joint_committee_on_disability_matters/2024-05-01/debate/main,https://data.oireachtas.ie/akn/ie/debateRecord/joint_committee_on_disability_matters/2024-05-01/debate/mul@/main.xml
2024-05-01,dail,debate,https://data.oireachtas.ie/akn/ie/debateRecord/joint_committee_on_finance_public_expenditure_and_reform_and_taoiseach/2024-05-01/debate/main,https://data.oireachtas.ie/akn/ie/debateRecord/joint_committee_on_finance_public_expenditure_and_reform_and_taoiseach/2024-05-01/debate/mul@/main.xml
2024-05-01,dail,debate,https://data.oireachtas.ie/akn/ie/debateRecord/select_committee_on_finance_public_expenditure_and_reform_and_taoiseach/2024-05-01/debate/main,https://data.oireachtas.ie/akn/ie/debateRecord/select_committee_on_finance_public_expenditure_and_reform_and_taoiseach/2024-05-01/debate/mul@/main.xml
2024-05-01,dail,debate,https://data.oireachtas.ie/akn/ie/debateRecord/joint_committee_on_health/2024-05-01/debate/main,https://data.oireachtas.ie/akn/ie/debateRecord/joint_committee_on_health/2024-05-01/debate/mul@/main.xml
2024-05-01,dail,debate,https://data.oireachtas.ie/akn/ie/debateRecord/dail/2024-05-01/debate/main,https://data.oireachtas.ie/akn/ie/debateRecord/dail/2024-05-01/debate/mul@/main.xml
2024-05-01,dail,debate,https://data.oireachtas.ie/akn/ie/debateRecord/comhchoiste_na_gaeilge_na_gaeltachta_agus_phobal_labhartha_na_gaeilge/2024-05-01/debate/main,https://data.oireachtas.ie/akn/ie/debateRecord/comhchoiste_na_gaeilge_na_gaeltachta_agus_phobal_labhartha_na_gaeilge/2024-05-01/debate/mul@/main.xml
2024-05-01,dail,debate,https://data.oireachtas.ie/akn/ie/debateRecord/joint_committee_on_european_union_affairs/2024-05-01/debate/main,https://data.oireachtas.ie/akn/ie/debateRecord/joint_committee_on_european_union_affairs/2024-05-01/debate/mul@/main.xml
2024-05-01,dail,debate,https://data.oireachtas.ie/akn/ie/debateRecord/joint_committee_on_social_protection_community_and_rural_development_and_the_islands/2024-05-01/debate/main,https://data.oireachtas.ie/akn/ie/debateRecord/joint_committee_on_social_protection_community_and_rural_development_and_the_islands/2024-05-01/debate/mul@/main.xml
2024-04-30,seanad,debate,https://data.oireachtas.ie/akn/ie/debateRecord/seanad/2024-04-30/debate/main,https://data.oireachtas.ie/akn/ie/debateRecord/seanad/2024-04-30/debate/mul@/main.xml
2024-04-30,dail,debate,https://data.oireachtas.ie/akn/ie/debateRecord/dail/2024-04-30/debate/main,https://data.oireachtas.ie/akn/ie/debateRecord/dail/2024-04-30/debate/mul@/main.xml
2024-04-30,dail,debate,https://data.oireachtas.ie/akn/ie/debateRecord/joint_committee_on_environment_and_climate_action/2024-04-30/debate/main,https://data.oireachtas.ie/akn/ie/debateRecord/joint_committee_on_environment_and_climate_action/2024-04-30/debate/mul@/main.xml
2024-04-30,dail,debate,https://data.oireachtas.ie/akn/ie/debateRecord/joint_committee_on_education_further_and_higher_education_research_innovation_and_science/2024-04-30/debate/main,https://data.oireachtas.ie/akn/ie/debateRecord/joint_committee_on_education_further_and_higher_education_research_innovation_and_science/2024-04-30/debate/mul@/main.xml
2024-04-30,dail,debate,https://data.oireachtas.ie/akn/ie/debateRecord/joint_committee_on_housing_local_government_and_heritage/2024-04-30/debate/main,https://data.oireachtas.ie/akn/ie/debateRecord/joint_committee_on_housing_local_government_and_heritage/2024-04-30/debate/mul@/main.xml
2024-04-30,dail,debate,https://data.oireachtas.ie/akn/ie/debateRecord/joint_committee_on_justice/2024-04-30/debate/main,https://data.oireachtas.ie/akn/ie/debateRecord/joint_committee_on_justice/2024-04-30/debate/mul@/main.xml
2024-04-25,dail,debate,https://data.oireachtas.ie/akn/ie/debateRecord/joint_committee_on_public_petitions_and_the_ombudsmen/2024-04-25/debate/main,https://data.oireachtas.ie/akn/ie/debateRecord/joint_committee_on_public_petitions_and_the_ombudsmen/2024-04-25/debate/mul@/main.xml
2024-04-25,dail,debate,https://data.oireachtas.ie/akn/ie/debateRecord/seanad_public_consultation_committee/2024-04-25/debate/main,https://data.oireachtas.ie/akn/ie/debateRecord/seanad_public_consultation_committee/2024-04-25/debate/mul@/main.xml
2024-04-25,dail,debate,https://data.oireachtas.ie/akn/ie/debateRecord/committee_of_public_accounts/2024-04-25/debate/main,https://data.oireachtas.ie/akn/ie/debateRecord/committee_of_public_accounts/2024-04-25/debate/mul@/main.xml
2024-04-25,dail,debate,https://data.oireachtas.ie/akn/ie/debateRecord/dail/2024-04-25/debate/main,https://data.oireachtas.ie/akn/ie/debateRecord/dail/2024-04-25/debate/mul@/main.xml
2024-04-24,dail,debate,https://data.oireachtas.ie/akn/ie/debateRecord/joint_committee_on_enterprise_trade_and_employment/2024-04-24/debate/main,https://data.oireachtas.ie/akn/ie/debateRecord/joint_committee_on_enterprise_trade_and_employment/2024-04-24/debate/mul@/main.xml
2024-04-24,seanad,debate,https://data.oireachtas.ie/akn/ie/debateRecord/seanad/2024-04-24/debate/main,https://data.oireachtas.ie/akn/ie/debateRecord/seanad/2024-04-24/debate/mul@/main.xml
2024-04-24,dail,debate,https://data.oireachtas.ie/akn/ie/debateRecord/dail/2024-04-24/debate/main,https://data.oireachtas.ie/akn/ie/debateRecord/dail/2024-04-24/debate/mul@/main.xml
2024-04-24,dail,debate,https://data.oireachtas.ie/akn/ie/debateRecord/comhchoiste_na_gaeilge_na_gaeltachta_agus_phobal_labhartha_na_gaeilge/2024-04-24/debate/main,https://data.oireachtas.ie/akn/ie/debateRecord/comhchoiste_na_gaeilge_na_gaeltachta_agus_phobal_labhartha_na_gaeilge/2024-04-24/debate/mul@/main.xml
2024-04-24,dail,debate,https://data.oireachtas.ie/akn/ie/debateRecord/joint_committee_on_agriculture_food_and_the_marine/2024-04-24/debate/main,https://data.oireachtas.ie/akn/ie/debateRecord/joint_committee_on_agriculture_food_and_the_marine/2024-04-24/debate/mul@/main.xml
2024-04-24,dail,debate,https://data.oireachtas.ie/akn/ie/debateRecord/joint_committee_on_disability_matters/2024-04-24/debate/main,https://data.oireachtas.ie/akn/ie/debateRecord/joint_committee_on_disability_matters/2024-04-24/debate/mul@/main.xml
2024-04-24,dail,debate,https://data.oireachtas.ie/akn/ie/debateRecord/joint_committee_on_tourism_culture_arts_sport_and_media/2024-04-24/debate/main,https://data.oireachtas.ie/akn/ie/debateRecord/joint_committee_on_tourism_culture_arts_sport_and_media/2024-04-24/debate/mul@/main.xml
2024-04-24,dail,debate,https://data.oireachtas.ie/akn/ie/debateRecord/joint_committee_on_transport_and_communications/2024-04-24/debate/main,https://data.oireachtas.ie/akn/ie/debateRecord/joint_committee_on_transport_and_communications/2024-04-24/debate/mul@/main.xml
2024-04-24,dail,debate,https://data.oireachtas.ie/akn/ie/debateRecord/select_committee_on_finance_public_expenditure_and_reform_and_taoiseach/2024-04-24/debate/main,https://data.oireachtas.ie/akn/ie/debateRecord/select_committee_on_finance_public_expenditure_and_reform_and_taoiseach/2024-04-24/debate/mul@/main.xml
2024-04-24,dail,debate,https://data.oireachtas.ie/akn/ie/debateRecord/joint_committee_on_health/2024-04-24/debate/main,https://data.oireachtas.ie/akn/ie/debateRecord/joint_committee_on_health/2024-04-24/debate/mul@/main.xml
2024-04-24,dail,debate,https://data.oireachtas.ie/akn/ie/debateRecord/joint_committee_on_social_protection_community_and_rural_development_and_the_islands/2024-04-24/debate/main,https://data.oireachtas.ie/akn/ie/debateRecord/joint_committee_on_social_protection_community_and_rural_development_and_the_islands/2024-04-24/debate/mul@/main.xml
2024-04-23,seanad,debate,https://data.oireachtas.ie/akn/ie/debateRecord/seanad/2024-04-23/debate/main,https://data.oireachtas.ie/akn/ie/debateRecord/seanad/2024-04-23/debate/mul@/main.xml
2024-04-23,dail,debate,https://data.oireachtas.ie/akn/ie/debateRecord/dail/2024-04-23/debate/main,https://data.oireachtas.ie/akn/ie/debateRecord/dail/2024-04-23/debate/mul@/main.xml
2024-04-23,dail,debate,https://data.oireachtas.ie/akn/ie/debateRecord/joint_committee_on_education_further_and_higher_education_research_innovation_and_science/2024-04-23/debate/main,https://data.oireachtas.ie/akn/ie/debateRecord/joint_committee_on_education_further_and_higher_education_research_innovation_and_science/2024-04-23/debate/mul@/main.xml
2024-04-23,dail,debate,https://data.oireachtas.ie/akn/ie/debateRecord/joint_committee_on_housing_local_government_and_heritage/2024-04-23/debate/main,https://data.oireachtas.ie/akn/ie/debateRecord/joint_committee_on_housing_local_government_and_heritage/2024-04-23/debate/mul@/main.xml
2024-04-23,dail,debate,https://data.oireachtas.ie/akn/ie/debateRecord/joint_committee_on_environment_and_climate_action/2024-04-23/debate/main,https://data.oireachtas.ie/akn/ie/debateRecord/joint_committee_on_environment_and_climate_action/2024-04-23/debate/mul@/main.xml
2024-04-23,dail,debate,https://data.oireachtas.ie/akn/ie/debateRecord/joint_committee_on_children_equality_disability_integration_and_youth/2024-04-23/debate/main,https://data.oireachtas.ie/akn/ie/debateRecord/joint_committee_on_children_equality_disability_integration_and_youth/2024-04-23/debate/mul@/main.xml
2024-04-23,dail,debate,https://data.oireachtas.ie/akn/ie/debateRecord/joint_committee_on_foreign_affairs_and_defence/2024-04-23/debate/main,https://data.oireachtas.ie/akn/ie/debateRecord/joint_committee_on_foreign_affairs_and_defence/2024-04-23/debate/mul@/main.xml
2024-04-23,dail,debate,https://data.oireachtas.ie/akn/ie/debateRecord/joint_committee_on_justice/2024-04-23/debate/main,https://data.oireachtas.ie/akn/ie/debateRecord/joint_committee_on_justice/2024-04-23/debate/mul@/main.xml
2024-04-18,dail,debate,https://data.oireachtas.ie/akn/ie/debateRecord/dail/2024-04-18/debate/main,https://data.oireachtas.ie/akn/ie/debateRecord/dail/2024-04-18/debate/mul@/main.xml
2024-04-18,dail,debate,https://data.oireachtas.ie/akn/ie/debateRecord/joint_committee_on_key_issues_affecting_the_traveller_community_2023/2024-04-18/debate/main,https://data.oireachtas.ie/akn/ie/debateRecord/joint_committee_on_key_issues_affecting_the_traveller_community_2023/2024-04-18/debate/mul@/main.xml
2024-04-18,dail,debate,https://data.oireachtas.ie/akn/ie/debateRecord/joint_committee_on_public_petitions_and_the_ombudsmen/2024-04-18/debate/main,https://data.oireachtas.ie/akn/ie/debateRecord/joint_committee_on_public_petitions_and_the_ombudsmen/2024-04-18/debate/mul@/main.xml
2024-04-18,dail,debate,https://data.oireachtas.ie/akn/ie/debateRecord/joint_committee_on_the_implementation_of_the_good_friday_agreement/2024-04-18/debate/main,https://data.oireachtas.ie/akn/ie/debateRecord/joint_committee_on_the_implementation_of_the_good_friday_agreement/2024-04-18/debate/mul@/main.xml
2024-04-18,dail,debate,https://data.oireachtas.ie/akn/ie/debateRecord/committee_of_public_accounts/2024-04-18/debate/main,https://data.oireachtas.ie/akn/ie/debateRecord/committee_of_public_accounts/2024-04-18/debate/mul@/main.xml
2024-04-18,dail,debate,https://data.oireachtas.ie/akn/ie/debateRecord/select_committee_on_housing_local_government_and_heritage/2024-04-18/debate/main,https://data.oireachtas.ie/akn/ie/debateRecord/select_committee_on_housing_local_government_and_heritage/2024-04-18/debate/mul@/main.xml
2024-04-17,dail,debate,https://data.oireachtas.ie/akn/ie/debateRecord/committee_on_budgetary_oversight/2024-04-17/debate/main,https://data.oireachtas.ie/akn/ie/debateRecord/committee_on_budgetary_oversight/2024-04-17/debate/mul@/main.xml
2024-04-17,dail,debate,https://data.oireachtas.ie/akn/ie/debateRecord/select_committee_on_housing_local_government_and_heritage/2024-04-17/debate/main,https://data.oireachtas.ie/akn/ie/debateRecord/select_committee_on_housing_local_government_and_heritage/2024-04-17/debate/mul@/main.xml
2024-04-17,seanad,debate,https://data.oireachtas.ie/akn/ie/debateRecord/seanad/2024-04-17/debate/main,https://data.oireachtas.ie/akn/ie/debateRecord/seanad/2024-04-17/debate/mul@/main.xml
2024-04-17,dail,debate,https://data.oireachtas.ie/akn/ie/debateRecord/dail/2024-04-17/debate/main,https://data.oireachtas.ie/akn/ie/debateRecord/dail/2024-04-17/debate/mul@/main.xml
2024-04-17,dail,debate,https://data.oireachtas.ie/akn/ie/debateRecord/comhchoiste_na_gaeilge_na_gaeltachta_agus_phobal_labhartha_na_gaeilge/2024-04-17/debate/main,https://data.oireachtas.ie/akn/ie/debateRecord/comhchoiste_na_gaeilge_na_gaeltachta_agus_phobal_labhartha_na_gaeilge/2024-04-17/debate/mul@/main.xml
2024-04-17,dail,debate,https://data.oireachtas.ie/akn/ie/debateRecord/joint_committee_on_agriculture_food_and_the_marine/2024-04-17/debate/main,https://data.oireachtas.ie/akn/ie/debateRecord/joint_committee_on_agriculture_food_and_the_marine/2024-04-17/debate/mul@/main.xml
2024-04-17,dail,debate,https://data.oireachtas.ie/akn/ie/debateRecord/joint_committee_on_enterprise_trade_and_employment/2024-04-17/debate/main,https://data.oireachtas.ie/akn/ie/debateRecord/joint_committee_on_enterprise_trade_and_employment/2024-04-17/debate/mul@/main.xml
2024-04-17,dail,debate,https://data.oireachtas.ie/akn/ie/debateRecord/joint_committee_on_social_protection_community_and_rural_development_and_the_islands/2024-04-17/debate/main,https://data.oireachtas.ie/akn/ie/debateRecord/joint_committee_on_social_protection_community_and_rural_development_and_the_islands/2024-04-17/debate/mul@/main.xml
2024-04-17,dail,debate,https://data.oireachtas.ie/akn/ie/debateRecord/joint_committee_on_disability_matters/2024-04-17/debate/main,https://data.oireachtas.ie/akn/ie/debateRecord/joint_committee_on_disability_matters/2024-04-17/debate/mul@/main.xml
2024-04-17,dail,debate,https://data.oireachtas.ie/akn/ie/debateRecord/joint_committee_on_health/2024-04-17/debate/main,https://data.oireachtas.ie/akn/ie/debateRecord/joint_committee_on_health/2024-04-17/debate/mul@/main.xml
2024-04-17,dail,debate,https://data.oireachtas.ie/akn/ie/debateRecord/joint_committee_on_transport_and_communications/2024-04-17/debate/main,https://data.oireachtas.ie/akn/ie/debateRecord/joint_committee_on_transport_and_communications/2024-04-17/debate/mul@/main.xml
2024-04-16,seanad,debate,https://data.oireachtas.ie/akn/ie/debateRecord/seanad/2024-04-16/debate/main,https://data.oireachtas.ie/akn/ie/debateRecord/seanad/2024-04-16/debate/mul@/main.xml
2024-04-16,dail,debate,https://data.oireachtas.ie/akn/ie/debateRecord/dail/2024-04-16/debate/main,https://data.oireachtas.ie/akn/ie/debateRecord/dail/2024-04-16/debate/mul@/main.xml
2024-04-16,dail,debate,https://data.oireachtas.ie/akn/ie/debateRecord/select_committee_on_housing_local_government_and_heritage/2024-04-16/debate/main,https://data.oireachtas.ie/akn/ie/debateRecord/select_committee_on_housing_local_government_and_heritage/2024-04-16/debate/mul@/main.xml
2024-04-16,dail,debate,https://data.oireachtas.ie/akn/ie/debateRecord/joint_committee_on_children_equality_disability_integration_and_youth/2024-04-16/debate/main,https://data.oireachtas.ie/akn/ie/debateRecord/joint_committee_on_children_equality_disability_integration_and_youth/2024-04-16/debate/mul@/main.xml
2024-04-16,dail,debate,https://data.oireachtas.ie/akn/ie/debateRecord/joint_committee_on_justice/2024-04-16/debate/main,https://data.oireachtas.ie/akn/ie/debateRecord/joint_committee_on_justice/2024-04-16/debate/mul@/main.xml
2024-04-11,dail,debate,https://data.oireachtas.ie/akn/ie/debateRecord/committee_of_public_accounts/2024-04-11/debate/main,https://data.oireachtas.ie/akn/ie/debateRecord/committee_of_public_accounts/2024-04-11/debate/mul@/main.xml
2024-04-11,seanad,debate,https://data.oireachtas.ie/akn/ie/debateRecord/seanad/2024-04-11/debate/main,https://data.oireachtas.ie/akn/ie/debateRecord/seanad/2024-04-11/debate/mul@/main.xml
2024-04-11,dail,debate,https://data.oireachtas.ie/akn/ie/debateRecord/dail/2024-04-11/debate/main,https://data.oireachtas.ie/akn/ie/debateRecord/dail/2024-04-11/debate/mul@/main.xml
2024-04-11,dail,debate,https://data.oireachtas.ie/akn/ie/debateRecord/joint_committee_on_key_issues_affecting_the_traveller_community_2023/2024-04-11/debate/main,https://data.oireachtas.ie/akn/ie/debateRecord/joint_committee_on_key_issues_affecting_the_traveller_community_2023/2024-04-11/debate/mul@/main.xml
2024-04-11,dail,debate,https://data.oireachtas.ie/akn/ie/debateRecord/joint_committee_on_public_petitions_and_the_ombudsmen/2024-04-11/debate/main,https://data.oireachtas.ie/akn/ie/debateRecord/joint_committee_on_public_petitions_and_the_ombudsmen/2024-04-11/debate/mul@/main.xml
2024-04-11,dail,debate,https://data.oireachtas.ie/akn/ie/debateRecord/joint_committee_on_the_implementation_of_the_good_friday_agreement/2024-04-11/debate/main,https://data.oireachtas.ie/akn/ie/debateRecord/joint_committee_on_the_implementation_of_the_good_friday_agreement/2024-04-11/debate/mul@/main.xml
2024-04-11,dail,debate,https://data.oireachtas.ie/akn/ie/debateRecord/select_committee_on_housing_local_government_and_heritage/2024-04-11/debate/main,https://data.oireachtas.ie/akn/ie/debateRecord/select_committee_on_housing_local_government_and_heritage/2024-04-11/debate/mul@/main.xml
2024-04-10,dail,debate,https://data.oireachtas.ie/akn/ie/debateRecord/joint_committee_on_education_further_and_higher_education_research_innovation_and_science/2024-04-10/debate/main,https://data.oireachtas.ie/akn/ie/debateRecord/joint_committee_on_education_further_and_higher_education_research_innovation_and_science/2024-04-10/debate/mul@/main.xml
2024-04-10,dail,debate,https://data.oireachtas.ie/akn/ie/debateRecord/dail/2024-04-10/debate/main,https://data.oireachtas.ie/akn/ie/debateRecord/dail/2024-04-10/debate/mul@/main.xml
2024-04-10,dail,debate,https://data.oireachtas.ie/akn/ie/debateRecord/comhchoiste_na_gaeilge_na_gaeltachta_agus_phobal_labhartha_na_gaeilge/2024-04-10/debate/main,https://data.oireachtas.ie/akn/ie/debateRecord/comhchoiste_na_gaeilge_na_gaeltachta_agus_phobal_labhartha_na_gaeilge/2024-04-10/debate/mul@/main.xml
2024-04-10,dail,debate,https://data.oireachtas.ie/akn/ie/debateRecord/joint_committee_on_enterprise_trade_and_employment/2024-04-10/debate/main,https://data.oireachtas.ie/akn/ie/debateRecord/joint_committee_on_enterprise_trade_and_employment/2024-04-10/debate/mul@/main.xml
2024-04-10,dail,debate,https://data.oireachtas.ie/akn/ie/debateRecord/joint_committee_on_health/2024-04-10/debate/main,https://data.oireachtas.ie/akn/ie/debateRecord/joint_committee_on_health/2024-04-10/debate/mul@/main.xml
2024-04-10,dail,debate,https://data.oireachtas.ie/akn/ie/debateRecord/select_committee_on_housing_local_government_and_heritage/2024-04-10/debate/main,https://data.oireachtas.ie/akn/ie/debateRecord/select_committee_on_housing_local_government_and_heritage/2024-04-10/debate/mul@/main.xml
2024-04-10,dail,debate,https://data.oireachtas.ie/akn/ie/debateRecord/joint_committee_on_social_protection_community_and_rural_development_and_the_islands/2024-04-10/debate/main,https://data.oireachtas.ie/akn/ie/debateRecord/joint_committee_on_social_protection_community_and_rural_development_and_the_islands/2024-04-10/debate/mul@/main.xml
2024-04-10,dail,debate,https://data.oireachtas.ie/akn/ie/debateRecord/joint_committee_on_agriculture_food_and_the_marine/2024-04-10/debate/main,https://data.oireachtas.ie/akn/ie/debateRecord/joint_committee_on_agriculture_food_and_the_marine/2024-04-10/debate/mul@/main.xml
2024-04-10,dail,debate,https://data.oireachtas.ie/akn/ie/debateRecord/joint_committee_on_disability_matters/2024-04-10/debate/main,https://data.oireachtas.ie/akn/ie/debateRecord/joint_committee_on_disability_matters/2024-04-10/debate/mul@/main.xml
2024-04-10,dail,debate,https://data.oireachtas.ie/akn/ie/debateRecord/joint_committee_on_finance_public_expenditure_and_reform_and_taoiseach/2024-04-10/debate/main,https://data.oireachtas.ie/akn/ie/debateRecord/joint_committee_on_finance_public_expenditure_and_reform_and_taoiseach/2024-04-10/debate/mul@/main.xml
2024-04-10,dail,debate,https://data.oireachtas.ie/akn/ie/debateRecord/joint_committee_on_tourism_culture_arts_sport_and_media/2024-04-10/debate/main,https://data.oireachtas.ie/akn/ie/debateRecord/joint_committee_on_tourism_culture_arts_sport_and_media/2024-04-10/debate/mul@/main.xml
2024-04-09,dail,debate,https://data.oireachtas.ie/akn/ie/debateRecord/dail/2024-04-09/debate/main,https://data.oireachtas.ie/akn/ie/debateRecord/dail/2024-04-09/debate/mul@/main.xml
2024-04-08,dail,debate,https://data.oireachtas.ie/akn/ie/debateRecord/joint_committee_on_disability_matters/2024-04-08/debate/main,https://data.oireachtas.ie/akn/ie/debateRecord/joint_committee_on_disability_matters/2024-04-08/debate/mul@/main.xml
2024-03-27,dail,debate,https://data.oireachtas.ie/akn/ie/debateRecord/select_committee_on_housing_local_government_and_heritage/2024-03-27/debate/main,https://data.oireachtas.ie/akn/ie/debateRecord/select_committee_on_housing_local_government_and_heritage/2024-03-27/debate/mul@/main.xml
2024-03-26,dail,debate,https://data.oireachtas.ie/akn/ie/debateRecord/select_committee_on_housing_local_government_and_heritage/2024-03-26/debate/main,https://data.oireachtas.ie/akn/ie/debateRecord/select_committee_on_housing_local_government_and_heritage/2024-03-26/debate/mul@/main.xml
2024-03-21,dail,debate,https://data.oireachtas.ie/akn/ie/debateRecord/joint_committee_on_key_issues_affecting_the_traveller_community_2023/2024-03-21/debate/main,https://data.oireachtas.ie/akn/ie/debateRecord/joint_committee_on_key_issues_affecting_the_traveller_community_2023/2024-03-21/debate/mul@/main.xml
2024-03-21,dail,debate,https://data.oireachtas.ie/akn/ie/debateRecord/committee_of_public_accounts/2024-03-21/debate/main,https://data.oireachtas.ie/akn/ie/debateRecord/committee_of_public_accounts/2024-03-21/debate/mul@/main.xml
2024-03-21,dail,debate,https://data.oireachtas.ie/akn/ie/debateRecord/joint_committee_on_public_petitions_and_the_ombudsmen/2024-03-21/debate/main,https://data.oireachtas.ie/akn/ie/debateRecord/joint_committee_on_public_petitions_and_the_ombudsmen/2024-03-21/debate/mul@/main.xml
2024-03-21,dail,debate,https://data.oireachtas.ie/akn/ie/debateRecord/select_committee_on_health/2024-03-21/debate/main,https://data.oireachtas.ie/akn/ie/debateRecord/select_committee_on_health/2024-03-21/debate/mul@/main.xml
2024-03-21,dail,debate,https://data.oireachtas.ie/akn/ie/debateRecord/select_committee_on_housing_local_government_and_heritage/2024-03-21/debate/main,https://data.oireachtas.ie/akn/ie/debateRecord/select_committee_on_housing_local_government_and_heritage/2024-03-21/debate/mul@/main.xml
2024-03-21,seanad,debate,https://data.oireachtas.ie/akn/ie/debateRecord/seanad/2024-03-21/debate/main,https://data.oireachtas.ie/akn/ie/debateRecord/seanad/2024-03-21/debate/mul@/main.xml
2024-03-21,dail,debate,https://data.oireachtas.ie/akn/ie/debateRecord/dail/2024-03-21/debate/main,https://data.oireachtas.ie/akn/ie/debateRecord/dail/2024-03-21/debate/mul@/main.xml
2024-03-20,dail,debate,https://data.oireachtas.ie/akn/ie/debateRecord/joint_committee_on_european_union_affairs/2024-03-20/debate/main,https://data.oireachtas.ie/akn/ie/debateRecord/joint_committee_on_european_union_affairs/2024-03-20/debate/mul@/main.xml
2024-03-20,dail,debate,https://data.oireachtas.ie/akn/ie/debateRecord/joint_committee_on_agriculture_food_and_the_marine/2024-03-20/debate/main,https://data.oireachtas.ie/akn/ie/debateRecord/joint_committee_on_agriculture_food_and_the_marine/2024-03-20/debate/mul@/main.xml
2024-03-20,dail,debate,https://data.oireachtas.ie/akn/ie/debateRecord/joint_committee_on_disability_matters/2024-03-20/debate/main,https://data.oireachtas.ie/akn/ie/debateRecord/joint_committee_on_disability_matters/2024-03-20/debate/mul@/main.xml
2024-03-20,seanad,debate,https://data.oireachtas.ie/akn/ie/debateRecord/seanad/2024-03-20/debate/main,https://data.oireachtas.ie/akn/ie/debateRecord/seanad/2024-03-20/debate/mul@/main.xml
2024-03-20,dail,debate,https://data.oireachtas.ie/akn/ie/debateRecord/joint_committee_on_enterprise_trade_and_employment/2024-03-20/debate/main,https://data.oireachtas.ie/akn/ie/debateRecord/joint_committee_on_enterprise_trade_and_employment/2024-03-20/debate/mul@/main.xml
2024-03-20,dail,debate,https://data.oireachtas.ie/akn/ie/debateRecord/joint_committee_on_health/2024-03-20/debate/main,https://data.oireachtas.ie/akn/ie/debateRecord/joint_committee_on_health/2024-03-20/debate/mul@/main.xml
2024-03-20,dail,debate,https://data.oireachtas.ie/akn/ie/debateRecord/joint_committee_on_social_protection_community_and_rural_development_and_the_islands/2024-03-20/debate/main,https://data.oireachtas.ie/akn/ie/debateRecord/joint_committee_on_social_protection_community_and_rural_development_and_the_islands/2024-03-20/debate/mul@/main.xml
2024-03-20,dail,debate,https://data.oireachtas.ie/akn/ie/debateRecord/joint_committee_on_tourism_culture_arts_sport_and_media/2024-03-20/debate/main,https://data.oireachtas.ie/akn/ie/debateRecord/joint_committee_on_tourism_culture_arts_sport_and_media/2024-03-20/debate/mul@/main.xml
2024-03-20,dail,debate,https://data.oireachtas.ie/akn/ie/debateRecord/dail/2024-03-20/debate/main,https://data.oireachtas.ie/akn/ie/debateRecord/dail/2024-03-20/debate/mul@/main.xml
2024-03-20,dail,debate,https://data.oireachtas.ie/akn/ie/debateRecord/joint_committee_on_finance_public_expenditure_and_reform_and_taoiseach/2024-03-20/debate/main,https://data.oireachtas.ie/akn/ie/debateRecord/joint_committee_on_finance_public_expenditure_and_reform_and_taoiseach/2024-03-20/debate/mul@/main.xml
2024-03-20,dail,debate,https://data.oireachtas.ie/akn/ie/debateRecord/select_committee_on_housing_local_government_and_heritage/2024-03-20/debate/main,https://data.oireachtas.ie/akn/ie/debateRecord/select_committee_on_housing_local_government_and_heritage/2024-03-20/debate/mul@/main.xml
2024-03-20,dail,debate,https://data.oireachtas.ie/akn/ie/debateRecord/committee_on_budgetary_oversight/2024-03-20/debate/main,https://data.oireachtas.ie/akn/ie/debateRecord/committee_on_budgetary_oversight/2024-03-20/debate/mul@/main.xml
2024-03-19,dail,debate,https://data.oireachtas.ie/akn/ie/debateRecord/select_committee_on_housing_local_government_and_heritage/2024-03-19/debate/main,https://data.oireachtas.ie/akn/ie/debateRecord/select_committee_on_housing_local_government_and_heritage/2024-03-19/debate/mul@/main.xml
2024-03-08,dail,debate,https://data.oireachtas.ie/akn/ie/debateRecord/comhchoiste_na_gaeilge_na_gaeltachta_agus_phobal_labhartha_na_gaeilge/2024-03-08/debate/main,https://data.oireachtas.ie/akn/ie/debateRecord/comhchoiste_na_gaeilge_na_gaeltachta_agus_phobal_labhartha_na_gaeilge/2024-03-08/debate/mul@/main.xml
2024-03-07,seanad,debate,https://data.oireachtas.ie/akn/ie/debateRecord/seanad/2024-03-07/debate/main,https://data.oireachtas.ie/akn/ie/debateRecord/seanad/2024-03-07/debate/mul@/main.xml
2024-03-07,dail,debate,https://data.oireachtas.ie/akn/ie/debateRecord/select_committee_on_housing_local_government_and_heritage/2024-03-07/debate/main,https://data.oireachtas.ie/akn/ie/debateRecord/select_committee_on_housing_local_government_and_heritage/2024-03-07/debate/mul@/main.xml
2024-03-07,dail,debate,https://data.oireachtas.ie/akn/ie/debateRecord/committee_of_public_accounts/2024-03-07/debate/main,https://data.oireachtas.ie/akn/ie/debateRecord/committee_of_public_accounts/2024-03-07/debate/mul@/main.xml
2024-03-07,dail,debate,https://data.oireachtas.ie/akn/ie/debateRecord/joint_committee_on_the_implementation_of_the_good_friday_agreement/2024-03-07/debate/main,https://data.oireachtas.ie/akn/ie/debateRecord/joint_committee_on_the_implementation_of_the_good_friday_agreement/2024-03-07/debate/mul@/main.xml
2024-03-07,dail,debate,https://data.oireachtas.ie/akn/ie/debateRecord/dail/2024-03-07/debate/main,https://data.oireachtas.ie/akn/ie/debateRecord/dail/2024-03-07/debate/mul@/main.xml
2024-03-06,dail,debate,https://data.oireachtas.ie/akn/ie/debateRecord/joint_committee_on_disability_matters/2024-03-06/debate/main,https://data.oireachtas.ie/akn/ie/debateRecord/joint_committee_on_disability_matters/2024-03-06/debate/mul@/main.xml
2024-03-06,seanad,debate,https://data.oireachtas.ie/akn/ie/debateRecord/seanad/2024-03-06/debate/main,https://data.oireachtas.ie/akn/ie/debateRecord/seanad/2024-03-06/debate/mul@/main.xml
2024-03-06,dail,debate,https://data.oireachtas.ie/akn/ie/debateRecord/select_committee_on_housing_local_government_and_heritage/2024-03-06/debate/main,https://data.oireachtas.ie/akn/ie/debateRecord/select_committee_on_housing_local_government_and_heritage/2024-03-06/debate/mul@/main.xml
2024-03-06,dail,debate,https://data.oireachtas.ie/akn/ie/debateRecord/joint_committee_on_enterprise_trade_and_employment/2024-03-06/debate/main,https://data.oireachtas.ie/akn/ie/debateRecord/joint_committee_on_enterprise_trade_and_employment/2024-03-06/debate/mul@/main.xml
2024-03-06,dail,debate,https://data.oireachtas.ie/akn/ie/debateRecord/joint_committee_on_finance_public_expenditure_and_reform_and_taoiseach/2024-03-06/debate/main,https://data.oireachtas.ie/akn/ie/debateRecord/joint_committee_on_finance_public_expenditure_and_reform_and_taoiseach/2024-03-06/debate/mul@/main.xml
2024-03-06,dail,debate,https://data.oireachtas.ie/akn/ie/debateRecord/select_committee_on_health/2024-03-06/debate/main,https://data.oireachtas.ie/akn/ie/debateRecord/select_committee_on_health/2024-03-06/debate/mul@/main.xml
2024-03-06,dail,debate,https://data.oireachtas.ie/akn/ie/debateRecord/joint_committee_on_transport_and_communications/2024-03-06/debate/main,https://data.oireachtas.ie/akn/ie/debateRecord/joint_committee_on_transport_and_communications/2024-03-06/debate/mul@/main.xml
2024-03-06,dail,debate,https://data.oireachtas.ie/akn/ie/debateRecord/dail/2024-03-06/debate/main,https://data.oireachtas.ie/akn/ie/debateRecord/dail/2024-03-06/debate/mul@/main.xml
2024-03-06,dail,debate,https://data.oireachtas.ie/akn/ie/debateRecord/comhchoiste_na_gaeilge_na_gaeltachta_agus_phobal_labhartha_na_gaeilge/2024-03-06/debate/main,https://data.oireachtas.ie/akn/ie/debateRecord/comhchoiste_na_gaeilge_na_gaeltachta_agus_phobal_labhartha_na_gaeilge/2024-03-06/debate/mul@/main.xml
2024-03-06,dail,debate,https://data.oireachtas.ie/akn/ie/debateRecord/joint_committee_on_agriculture_food_and_the_marine/2024-03-06/debate/main,https://data.oireachtas.ie/akn/ie/debateRecord/joint_committee_on_agriculture_food_and_the_marine/2024-03-06/debate/mul@/main.xml
2024-03-06,dail,debate,https://data.oireachtas.ie/akn/ie/debateRecord/committee_on_budgetary_oversight/2024-03-06/debate/main,https://data.oireachtas.ie/akn/ie/debateRecord/committee_on_budgetary_oversight/2024-03-06/debate/mul@/main.xml
2024-03-06,dail,debate,https://data.oireachtas.ie/akn/ie/debateRecord/joint_committee_on_european_union_affairs/2024-03-06/debate/main,https://data.oireachtas.ie/akn/ie/debateRecord/joint_committee_on_european_union_affairs/2024-03-06/debate/mul@/main.xml
2024-03-05,seanad,debate,https://data.oireachtas.ie/akn/ie/debateRecord/seanad/2024-03-05/debate/main,https://data.oireachtas.ie/akn/ie/debateRecord/seanad/2024-03-05/debate/mul@/main.xml
2024-03-05,dail,debate,https://data.oireachtas.ie/akn/ie/debateRecord/joint_committee_on_environment_and_climate_action/2024-03-05/debate/main,https://data.oireachtas.ie/akn/ie/debateRecord/joint_committee_on_environment_and_climate_action/2024-03-05/debate/mul@/main.xml
2024-03-05,dail,debate,https://data.oireachtas.ie/akn/ie/debateRecord/joint_committee_on_education_further_and_higher_education_research_innovation_and_science/2024-03-05/debate/main,https://data.oireachtas.ie/akn/ie/debateRecord/joint_committee_on_education_further_and_higher_education_research_innovation_and_science/2024-03-05/debate/mul@/main.xml
2024-03-05,dail,debate,https://data.oireachtas.ie/akn/ie/debateRecord/joint_committee_on_housing_local_government_and_heritage/2024-03-05/debate/main,https://data.oireachtas.ie/akn/ie/debateRecord/joint_committee_on_housing_local_government_and_heritage/2024-03-05/debate/mul@/main.xml
2024-03-05,dail,debate,https://data.oireachtas.ie/akn/ie/debateRecord/dail/2024-03-05/debate/main,https://data.oireachtas.ie/akn/ie/debateRecord/dail/2024-03-05/debate/mul@/main.xml
2024-03-05,dail,debate,https://data.oireachtas.ie/akn/ie/debateRecord/select_committee_on_housing_local_government_and_heritage/2024-03-05/debate/main,https://data.oireachtas.ie/akn/ie/debateRecord/select_committee_on_housing_local_government_and_heritage/2024-03-05/debate/mul@/main.xml
2024-03-05,dail,debate,https://data.oireachtas.ie/akn/ie/debateRecord/joint_committee_on_justice/2024-03-05/debate/main,https://data.oireachtas.ie/akn/ie/debateRecord/joint_committee_on_justice/2024-03-05/debate/mul@/main.xml
2024-02-29,dail,debate,https://data.oireachtas.ie/akn/ie/debateRecord/committee_of_public_accounts/2024-02-29/debate/main,https://data.oireachtas.ie/akn/ie/debateRecord/committee_of_public_accounts/2024-02-29/debate/mul@/main.xml
2024-02-29,dail,debate,https://data.oireachtas.ie/akn/ie/debateRecord/joint_committee_on_agriculture_food_and_the_marine/2024-02-29/debate/main,https://data.oireachtas.ie/akn/ie/debateRecord/joint_committee_on_agriculture_food_and_the_marine/2024-02-29/debate/mul@/main.xml
2024-02-29,dail,debate,https://data.oireachtas.ie/akn/ie/debateRecord/joint_committee_on_the_implementation_of_the_good_friday_agreement/2024-02-29/debate/main,https://data.oireachtas.ie/akn/ie/debateRecord/joint_committee_on_the_implementation_of_the_good_friday_agreement/2024-02-29/debate/mul@/main.xml
2024-02-29,dail,debate,https://data.oireachtas.ie/akn/ie/debateRecord/dail/2024-02-29/debate/main,https://data.oireachtas.ie/akn/ie/debateRecord/dail/2024-02-29/debate/mul@/main.xml
2024-02-29,dail,debate,https://data.oireachtas.ie/akn/ie/debateRecord/select_committee_on_housing_local_government_and_heritage/2024-02-29/debate/main,https://data.oireachtas.ie/akn/ie/debateRecord/select_committee_on_housing_local_government_and_heritage/2024-02-29/debate/mul@/main.xml
2024-02-29,dail,debate,https://data.oireachtas.ie/akn/ie/debateRecord/seanad_public_consultation_committee/2024-02-29/debate/main,https://data.oireachtas.ie/akn/ie/debateRecord/seanad_public_consultation_committee/2024-02-29/debate/mul@/main.xml
2024-02-28,dail,debate,https://data.oireachtas.ie/akn/ie/debateRecord/dail/2024-02-28/debate/main,https://data.oireachtas.ie/akn/ie/debateRecord/dail/2024-02-28/debate/mul@/main.xml
2024-02-28,dail,debate,https://data.oireachtas.ie/akn/ie/debateRecord/joint_committee_on_agriculture_food_and_the_marine/2024-02-28/debate/main,https://data.oireachtas.ie/akn/ie/debateRecord/joint_committee_on_agriculture_food_and_the_marine/2024-02-28/debate/mul@/main.xml
2024-02-28,dail,debate,https://data.oireachtas.ie/akn/ie/debateRecord/joint_committee_on_enterprise_trade_and_employment/2024-02-28/debate/main,https://data.oireachtas.ie/akn/ie/debateRecord/joint_committee_on_enterprise_trade_and_employment/2024-02-28/debate/mul@/main.xml
2024-02-28,dail,debate,https://data.oireachtas.ie/akn/ie/debateRecord/committee_on_budgetary_oversight/2024-02-28/debate/main,https://data.oireachtas.ie/akn/ie/debateRecord/committee_on_budgetary_oversight/2024-02-28/debate/mul@/main.xml
2024-02-28,dail,debate,https://data.oireachtas.ie/akn/ie/debateRecord/joint_committee_on_disability_matters/2024-02-28/debate/main,https://data.oireachtas.ie/akn/ie/debateRecord/joint_committee_on_disability_matters/2024-02-28/debate/mul@/main.xml
2024-02-28,dail,debate,https://data.oireachtas.ie/akn/ie/debateRecord/select_committee_on_finance_public_expenditure_and_reform_and_taoiseach/2024-02-28/debate/main,https://data.oireachtas.ie/akn/ie/debateRecord/select_committee_on_finance_public_expenditure_and_reform_and_taoiseach/2024-02-28/debate/mul@/main.xml
2024-02-28,dail,debate,https://data.oireachtas.ie/akn/ie/debateRecord/joint_committee_on_health/2024-02-28/debate/main,https://data.oireachtas.ie/akn/ie/debateRecord/joint_committee_on_health/2024-02-28/debate/mul@/main.xml
2024-02-28,dail,debate,https://data.oireachtas.ie/akn/ie/debateRecord/select_committee_on_housing_local_government_and_heritage/2024-02-28/debate/main,https://data.oireachtas.ie/akn/ie/debateRecord/select_committee_on_housing_local_government_and_heritage/2024-02-28/debate/mul@/main.xml
2024-02-28,dail,debate,https://data.oireachtas.ie/akn/ie/debateRecord/joint_committee_on_social_protection_community_and_rural_development_and_the_islands/2024-02-28/debate/main,https://data.oireachtas.ie/akn/ie/debateRecord/joint_committee_on_social_protection_community_and_rural_development_and_the_islands/2024-02-28/debate/mul@/main.xml
2024-02-28,dail,debate,https://data.oireachtas.ie/akn/ie/debateRecord/select_committee_on_transport_and_communications/2024-02-28/debate/main,https://data.oireachtas.ie/akn/ie/debateRecord/select_committee_on_transport_and_communications/2024-02-28/debate/mul@/main.xml
2024-02-28,seanad,debate,https://data.oireachtas.ie/akn/ie/debateRecord/seanad/2024-02-28/debate/main,https://data.oireachtas.ie/akn/ie/debateRecord/seanad/2024-02-28/debate/mul@/main.xml
2024-02-28,dail,debate,https://data.oireachtas.ie/akn/ie/debateRecord/joint_committee_on_european_union_affairs/2024-02-28/debate/main,https://data.oireachtas.ie/akn/ie/debateRecord/joint_committee_on_european_union_affairs/2024-02-28/debate/mul@/main.xml
2024-02-28,dail,debate,https://data.oireachtas.ie/akn/ie/debateRecord/select_committee_on_education_further_and_higher_education_research_innovation_and_science/2024-02-28/debate/main,https://data.oireachtas.ie/akn/ie/debateRecord/select_committee_on_education_further_and_higher_education_research_innovation_and_science/2024-02-28/debate/mul@/main.xml
2024-02-27,dail,debate,https://data.oireachtas.ie/akn/ie/debateRecord/joint_committee_on_environment_and_climate_action/2024-02-27/debate/main,https://data.oireachtas.ie/akn/ie/debateRecord/joint_committee_on_environment_and_climate_action/2024-02-27/debate/mul@/main.xml
2024-02-27,dail,debate,https://data.oireachtas.ie/akn/ie/debateRecord/joint_committee_on_education_further_and_higher_education_research_innovation_and_science/2024-02-27/debate/main,https://data.oireachtas.ie/akn/ie/debateRecord/joint_committee_on_education_further_and_higher_education_research_innovation_and_science/2024-02-27/debate/mul@/main.xml
2024-02-27,dail,debate,https://data.oireachtas.ie/akn/ie/debateRecord/joint_committee_on_finance_public_expenditure_and_reform_and_taoiseach/2024-02-27/debate/main,https://data.oireachtas.ie/akn/ie/debateRecord/joint_committee_on_finance_public_expenditure_and_reform_and_taoiseach/2024-02-27/debate/mul@/main.xml
2024-02-27,dail,debate,https://data.oireachtas.ie/akn/ie/debateRecord/joint_committee_on_housing_local_government_and_heritage/2024-02-27/debate/main,https://data.oireachtas.ie/akn/ie/debateRecord/joint_committee_on_housing_local_government_and_heritage/2024-02-27/debate/mul@/main.xml
2024-02-27,dail,debate,https://data.oireachtas.ie/akn/ie/debateRecord/select_committee_on_housing_local_government_and_heritage/2024-02-27/debate/main,https://data.oireachtas.ie/akn/ie/debateRecord/select_committee_on_housing_local_government_and_heritage/2024-02-27/debate/mul@/main.xml
2024-02-27,seanad,debate,https://data.oireachtas.ie/akn/ie/debateRecord/seanad/2024-02-27/debate/main,https://data.oireachtas.ie/akn/ie/debateRecord/seanad/2024-02-27/debate/mul@/main.xml
2024-02-27,dail,debate,https://data.oireachtas.ie/akn/ie/debateRecord/joint_committee_on_foreign_affairs_and_defence/2024-02-27/debate/main,https://data.oireachtas.ie/akn/ie/debateRecord/joint_committee_on_foreign_affairs_and_defence/2024-02-27/debate/mul@/main.xml
2024-02-27,dail,debate,https://data.oireachtas.ie/akn/ie/debateRecord/joint_committee_on_tourism_culture_arts_sport_and_media/2024-02-27/debate/main,https://data.oireachtas.ie/akn/ie/debateRecord/joint_committee_on_tourism_culture_arts_sport_and_media/2024-02-27/debate/mul@/main.xml
2024-02-27,dail,debate,https://data.oireachtas.ie/akn/ie/debateRecord/dail/2024-02-27/debate/main,https://data.oireachtas.ie/akn/ie/debateRecord/dail/2024-02-27/debate/mul@/main.xml
2024-02-22,dail,debate,https://data.oireachtas.ie/akn/ie/debateRecord/joint_committee_on_environment_and_climate_action/2024-02-22/debate/main,https://data.oireachtas.ie/akn/ie/debateRecord/joint_committee_on_environment_and_climate_action/2024-02-22/debate/mul@/main.xml
2024-02-22,dail,debate,https://data.oireachtas.ie/akn/ie/debateRecord/joint_committee_on_public_petitions_and_the_ombudsmen/2024-02-22/debate/main,https://data.oireachtas.ie/akn/ie/debateRecord/joint_committee_on_public_petitions_and_the_ombudsmen/2024-02-22/debate/mul@/main.xml
2024-02-22,seanad,debate,https://data.oireachtas.ie/akn/ie/debateRecord/seanad/2024-02-22/debate/main,https://data.oireachtas.ie/akn/ie/debateRecord/seanad/2024-02-22/debate/mul@/main.xml
2024-02-22,dail,debate,https://data.oireachtas.ie/akn/ie/debateRecord/committee_of_public_accounts/2024-02-22/debate/main,https://data.oireachtas.ie/akn/ie/debateRecord/committee_of_public_accounts/2024-02-22/debate/mul@/main.xml
2024-02-22,dail,debate,https://data.oireachtas.ie/akn/ie/debateRecord/joint_committee_on_agriculture_food_and_the_marine/2024-02-22/debate/main,https://data.oireachtas.ie/akn/ie/debateRecord/joint_committee_on_agriculture_food_and_the_marine/2024-02-22/debate/mul@/main.xml
2024-02-22,dail,debate,https://data.oireachtas.ie/akn/ie/debateRecord/select_committee_on_housing_local_government_and_heritage/2024-02-22/debate/main,https://data.oireachtas.ie/akn/ie/debateRecord/select_committee_on_housing_local_government_and_heritage/2024-02-22/debate/mul@/main.xml
2024-02-22,dail,debate,https://data.oireachtas.ie/akn/ie/debateRecord/dail/2024-02-22/debate/main,https://data.oireachtas.ie/akn/ie/debateRecord/dail/2024-02-22/debate/mul@/main.xml
2024-02-22,dail,debate,https://data.oireachtas.ie/akn/ie/debateRecord/joint_committee_on_key_issues_affecting_the_traveller_community_2023/2024-02-22/debate/main,https://data.oireachtas.ie/akn/ie/debateRecord/joint_committee_on_key_issues_affecting_the_traveller_community_2023/2024-02-22/debate/mul@/main.xml
2024-02-21,dail,debate,https://data.oireachtas.ie/akn/ie/debateRecord/select_committee_on_housing_local_government_and_heritage/2024-02-21/debate/main,https://data.oireachtas.ie/akn/ie/debateRecord/select_committee_on_housing_local_government_and_heritage/2024-02-21/debate/mul@/main.xml
2024-02-21,seanad,debate,https://data.oireachtas.ie/akn/ie/debateRecord/seanad/2024-02-21/debate/main,https://data.oireachtas.ie/akn/ie/debateRecord/seanad/2024-02-21/debate/mul@/main.xml
2024-02-21,dail,debate,https://data.oireachtas.ie/akn/ie/debateRecord/joint_committee_on_agriculture_food_and_the_marine/2024-02-21/debate/main,https://data.oireachtas.ie/akn/ie/debateRecord/joint_committee_on_agriculture_food_and_the_marine/2024-02-21/debate/mul@/main.xml
2024-02-21,dail,debate,https://data.oireachtas.ie/akn/ie/debateRecord/joint_committee_on_disability_matters/2024-02-21/debate/main,https://data.oireachtas.ie/akn/ie/debateRecord/joint_committee_on_disability_matters/2024-02-21/debate/mul@/main.xml
2024-02-21,dail,debate,https://data.oireachtas.ie/akn/ie/debateRecord/select_committee_on_health/2024-02-21/debate/main,https://data.oireachtas.ie/akn/ie/debateRecord/select_committee_on_health/2024-02-21/debate/mul@/main.xml
2024-02-21,dail,debate,https://data.oireachtas.ie/akn/ie/debateRecord/joint_committee_on_enterprise_trade_and_employment/2024-02-21/debate/main,https://data.oireachtas.ie/akn/ie/debateRecord/joint_committee_on_enterprise_trade_and_employment/2024-02-21/debate/mul@/main.xml
2024-02-21,dail,debate,https://data.oireachtas.ie/akn/ie/debateRecord/joint_committee_on_social_protection_community_and_rural_development_and_the_islands/2024-02-21/debate/main,https://data.oireachtas.ie/akn/ie/debateRecord/joint_committee_on_social_protection_community_and_rural_development_and_the_islands/2024-02-21/debate/mul@/main.xml
2024-02-21,dail,debate,https://data.oireachtas.ie/akn/ie/debateRecord/joint_committee_on_european_union_affairs/2024-02-21/debate/main,https://data.oireachtas.ie/akn/ie/debateRecord/joint_committee_on_european_union_affairs/2024-02-21/debate/mul@/main.xml
2024-02-21,dail,debate,https://data.oireachtas.ie/akn/ie/debateRecord/comhchoiste_na_gaeilge_na_gaeltachta_agus_phobal_labhartha_na_gaeilge/2024-02-21/debate/main,https://data.oireachtas.ie/akn/ie/debateRecord/comhchoiste_na_gaeilge_na_gaeltachta_agus_phobal_labhartha_na_gaeilge/2024-02-21/debate/mul@/main.xml
2024-02-21,dail,debate,https://data.oireachtas.ie/akn/ie/debateRecord/dail/2024-02-21/debate/main,https://data.oireachtas.ie/akn/ie/debateRecord/dail/2024-02-21/debate/mul@/main.xml
2024-02-20,dail,debate,https://data.oireachtas.ie/akn/ie/debateRecord/joint_committee_on_environment_and_climate_action/2024-02-20/debate/main,https://data.oireachtas.ie/akn/ie/debateRecord/joint_committee_on_environment_and_climate_action/2024-02-20/debate/mul@/main.xml
2024-02-20,dail,debate,https://data.oireachtas.ie/akn/ie/debateRecord/joint_committee_on_children_equality_disability_integration_and_youth/2024-02-20/debate/main,https://data.oireachtas.ie/akn/ie/debateRecord/joint_committee_on_children_equality_disability_integration_and_youth/2024-02-20/debate/mul@/main.xml
2024-02-20,dail,debate,https://data.oireachtas.ie/akn/ie/debateRecord/joint_committee_on_foreign_affairs_and_defence/2024-02-20/debate/main,https://data.oireachtas.ie/akn/ie/debateRecord/joint_committee_on_foreign_affairs_and_defence/2024-02-20/debate/mul@/main.xml
2024-02-20,dail,debate,https://data.oireachtas.ie/akn/ie/debateRecord/select_committee_on_housing_local_government_and_heritage/2024-02-20/debate/main,https://data.oireachtas.ie/akn/ie/debateRecord/select_committee_on_housing_local_government_and_heritage/2024-02-20/debate/mul@/main.xml
2024-02-20,seanad,debate,https://data.oireachtas.ie/akn/ie/debateRecord/seanad/2024-02-20/debate/main,https://data.oireachtas.ie/akn/ie/debateRecord/seanad/2024-02-20/debate/mul@/main.xml
2024-02-20,dail,debate,https://data.oireachtas.ie/akn/ie/debateRecord/dail/2024-02-20/debate/main,https://data.oireachtas.ie/akn/ie/debateRecord/dail/2024-02-20/debate/mul@/main.xml
2024-02-15,dail,debate,https://data.oireachtas.ie/akn/ie/debateRecord/joint_committee_on_environment_and_climate_action/2024-02-15/debate/main,https://data.oireachtas.ie/akn/ie/debateRecord/joint_committee_on_environment_and_climate_action/2024-02-15/debate/mul@/main.xml
2024-02-15,seanad,debate,https://data.oireachtas.ie/akn/ie/debateRecord/seanad/2024-02-15/debate/main,https://data.oireachtas.ie/akn/ie/debateRecord/seanad/2024-02-15/debate/mul@/main.xml
2024-02-15,dail,debate,https://data.oireachtas.ie/akn/ie/debateRecord/dail/2024-02-15/debate/main,https://data.oireachtas.ie/akn/ie/debateRecord/dail/2024-02-15/debate/mul@/main.xml
2024-02-15,dail,debate,https://data.oireachtas.ie/akn/ie/debateRecord/committee_of_public_accounts/2024-02-15/debate/main,https://data.oireachtas.ie/akn/ie/debateRecord/committee_of_public_accounts/2024-02-15/debate/mul@/main.xml
2024-02-15,dail,debate,https://data.oireachtas.ie/akn/ie/debateRecord/joint_committee_on_the_implementation_of_the_good_friday_agreement/2024-02-15/debate/main,https://data.oireachtas.ie/akn/ie/debateRecord/joint_committee_on_the_implementation_of_the_good_friday_agreement/2024-02-15/debate/mul@/main.xml
2024-02-15,dail,debate,https://data.oireachtas.ie/akn/ie/debateRecord/select_committee_on_housing_local_government_and_heritage/2024-02-15/debate/main,https://data.oireachtas.ie/akn/ie/debateRecord/select_committee_on_housing_local_government_and_heritage/2024-02-15/debate/mul@/main.xml
2024-02-14,dail,debate,https://data.oireachtas.ie/akn/ie/debateRecord/select_committee_on_housing_local_government_and_heritage/2024-02-14/debate/main,https://data.oireachtas.ie/akn/ie/debateRecord/select_committee_on_housing_local_government_and_heritage/2024-02-14/debate/mul@/main.xml
2024-02-14,dail,debate,https://data.oireachtas.ie/akn/ie/debateRecord/joint_committee_on_agriculture_food_and_the_marine/2024-02-14/debate/main,https://data.oireachtas.ie/akn/ie/debateRecord/joint_committee_on_agriculture_food_and_the_marine/2024-02-14/debate/mul@/main.xml
2024-02-14,dail,debate,https://data.oireachtas.ie/akn/ie/debateRecord/select_committee_on_enterprise_trade_and_employment/2024-02-14/debate/main,https://data.oireachtas.ie/akn/ie/debateRecord/select_committee_on_enterprise_trade_and_employment/2024-02-14/debate/mul@/main.xml
2024-02-14,dail,debate,https://data.oireachtas.ie/akn/ie/debateRecord/committee_on_budgetary_oversight/2024-02-14/debate/main,https://data.oireachtas.ie/akn/ie/debateRecord/committee_on_budgetary_oversight/2024-02-14/debate/mul@/main.xml
2024-02-14,dail,debate,https://data.oireachtas.ie/akn/ie/debateRecord/joint_committee_on_health/2024-02-14/debate/main,https://data.oireachtas.ie/akn/ie/debateRecord/joint_committee_on_health/2024-02-14/debate/mul@/main.xml
2024-02-14,dail,debate,https://data.oireachtas.ie/akn/ie/debateRecord/joint_committee_on_social_protection_community_and_rural_development_and_the_islands/2024-02-14/debate/main,https://data.oireachtas.ie/akn/ie/debateRecord/joint_committee_on_social_protection_community_and_rural_development_and_the_islands/2024-02-14/debate/mul@/main.xml
2024-02-14,dail,debate,https://data.oireachtas.ie/akn/ie/debateRecord/joint_committee_on_transport_and_communications/2024-02-14/debate/main,https://data.oireachtas.ie/akn/ie/debateRecord/joint_committee_on_transport_and_communications/2024-02-14/debate/mul@/main.xml
2024-02-14,seanad,debate,https://data.oireachtas.ie/akn/ie/debateRecord/seanad/2024-02-14/debate/main,https://data.oireachtas.ie/akn/ie/debateRecord/seanad/2024-02-14/debate/mul@/main.xml
2024-02-14,dail,debate,https://data.oireachtas.ie/akn/ie/debateRecord/dail/2024-02-14/debate/main,https://data.oireachtas.ie/akn/ie/debateRecord/dail/2024-02-14/debate/mul@/main.xml
2024-02-14,dail,debate,https://data.oireachtas.ie/akn/ie/debateRecord/joint_committee_on_finance_public_expenditure_and_reform_and_taoiseach/2024-02-14/debate/main,https://data.oireachtas.ie/akn/ie/debateRecord/joint_committee_on_finance_public_expenditure_and_reform_and_taoiseach/2024-02-14/debate/mul@/main.xml
2024-02-14,dail,debate,https://data.oireachtas.ie/akn/ie/debateRecord/joint_committee_on_tourism_culture_arts_sport_and_media/2024-02-14/debate/main,https://data.oireachtas.ie/akn/ie/debateRecord/joint_committee_on_tourism_culture_arts_sport_and_media/2024-02-14/debate/mul@/main.xml
2024-02-13,dail,debate,https://data.oireachtas.ie/akn/ie/debateRecord/select_committee_on_housing_local_government_and_heritage/2024-02-13/debate/main,https://data.oireachtas.ie/akn/ie/debateRecord/select_committee_on_housing_local_government_and_heritage/2024-02-13/debate/mul@/main.xml
2024-02-13,dail,debate,https://data.oireachtas.ie/akn/ie/debateRecord/joint_committee_on_environment_and_climate_action/2024-02-13/debate/main,https://data.oireachtas.ie/akn/ie/debateRecord/joint_committee_on_environment_and_climate_action/2024-02-13/debate/mul@/main.xml
2024-02-13,dail,debate,https://data.oireachtas.ie/akn/ie/debateRecord/joint_committee_on_children_equality_disability_integration_and_youth/2024-02-13/debate/main,https://data.oireachtas.ie/akn/ie/debateRecord/joint_committee_on_children_equality_disability_integration_and_youth/2024-02-13/debate/mul@/main.xml
2024-02-13,dail,debate,https://data.oireachtas.ie/akn/ie/debateRecord/joint_committee_on_justice/2024-02-13/debate/main,https://data.oireachtas.ie/akn/ie/debateRecord/joint_committee_on_justice/2024-02-13/debate/mul@/main.xml
2024-02-13,dail,debate,https://data.oireachtas.ie/akn/ie/debateRecord/joint_committee_on_assisted_dying/2024-02-13/debate/main,https://data.oireachtas.ie/akn/ie/debateRecord/joint_committee_on_assisted_dying/2024-02-13/debate/mul@/main.xml
2024-02-13,dail,debate,https://data.oireachtas.ie/akn/ie/debateRecord/joint_committee_on_education_further_and_higher_education_research_innovation_and_science/2024-02-13/debate/main,https://data.oireachtas.ie/akn/ie/debateRecord/joint_committee_on_education_further_and_higher_education_research_innovation_and_science/2024-02-13/debate/mul@/main.xml
2024-02-13,seanad,debate,https://data.oireachtas.ie/akn/ie/debateRecord/seanad/2024-02-13/debate/main,https://data.oireachtas.ie/akn/ie/debateRecord/seanad/2024-02-13/debate/mul@/main.xml
2024-02-13,dail,debate,https://data.oireachtas.ie/akn/ie/debateRecord/dail/2024-02-13/debate/main,https://data.oireachtas.ie/akn/ie/debateRecord/dail/2024-02-13/debate/mul@/main.xml
2024-02-08,dail,debate,https://data.oireachtas.ie/akn/ie/debateRecord/committee_of_public_accounts/2024-02-08/debate/main,https://data.oireachtas.ie/akn/ie/debateRecord/committee_of_public_accounts/2024-02-08/debate/mul@/main.xml
2024-02-08,dail,debate,https://data.oireachtas.ie/akn/ie/debateRecord/joint_committee_on_public_petitions_and_the_ombudsmen/2024-02-08/debate/main,https://data.oireachtas.ie/akn/ie/debateRecord/joint_committee_on_public_petitions_and_the_ombudsmen/2024-02-08/debate/mul@/main.xml
2024-02-08,dail,debate,https://data.oireachtas.ie/akn/ie/debateRecord/select_committee_on_tourism_culture_arts_sport_and_media/2024-02-08/debate/main,https://data.oireachtas.ie/akn/ie/debateRecord/select_committee_on_tourism_culture_arts_sport_and_media/2024-02-08/debate/mul@/main.xml
2024-02-08,dail,debate,https://data.oireachtas.ie/akn/ie/debateRecord/roghchoiste_na_gaeilge_na_gaeltachta_agus_phobal_labhartha_na_gaeilge/2024-02-08/debate/main,https://data.oireachtas.ie/akn/ie/debateRecord/roghchoiste_na_gaeilge_na_gaeltachta_agus_phobal_labhartha_na_gaeilge/2024-02-08/debate/mul@/main.xml
2024-02-08,seanad,debate,https://data.oireachtas.ie/akn/ie/debateRecord/seanad/2024-02-08/debate/main,https://data.oireachtas.ie/akn/ie/debateRecord/seanad/2024-02-08/debate/mul@/main.xml
2024-02-08,dail,debate,https://data.oireachtas.ie/akn/ie/debateRecord/dail/2024-02-08/debate/main,https://data.oireachtas.ie/akn/ie/debateRecord/dail/2024-02-08/debate/mul@/main.xml
2024-02-07,dail,debate,https://data.oireachtas.ie/akn/ie/debateRecord/joint_committee_on_european_union_affairs/2024-02-07/debate/main,https://data.oireachtas.ie/akn/ie/debateRecord/joint_committee_on_european_union_affairs/2024-02-07/debate/mul@/main.xml
2024-02-07,dail,debate,https://data.oireachtas.ie/akn/ie/debateRecord/joint_committee_on_health/2024-02-07/debate/main,https://data.oireachtas.ie/akn/ie/debateRecord/joint_committee_on_health/2024-02-07/debate/mul@/main.xml
2024-02-07,dail,debate,https://data.oireachtas.ie/akn/ie/debateRecord/select_committee_on_social_protection_community_and_rural_development_and_the_islands/2024-02-07/debate/main,https://data.oireachtas.ie/akn/ie/debateRecord/select_committee_on_social_protection_community_and_rural_development_and_the_islands/2024-02-07/debate/mul@/main.xml
2024-02-07,dail,debate,https://data.oireachtas.ie/akn/ie/debateRecord/select_committee_on_transport_and_communications/2024-02-07/debate/main,https://data.oireachtas.ie/akn/ie/debateRecord/select_committee_on_transport_and_communications/2024-02-07/debate/mul@/main.xml
2024-02-07,dail,debate,https://data.oireachtas.ie/akn/ie/debateRecord/comhchoiste_na_gaeilge_na_gaeltachta_agus_phobal_labhartha_na_gaeilge/2024-02-07/debate/main,https://data.oireachtas.ie/akn/ie/debateRecord/comhchoiste_na_gaeilge_na_gaeltachta_agus_phobal_labhartha_na_gaeilge/2024-02-07/debate/mul@/main.xml
2024-02-07,seanad,debate,https://data.oireachtas.ie/akn/ie/debateRecord/seanad/2024-02-07/debate/main,https://data.oireachtas.ie/akn/ie/debateRecord/seanad/2024-02-07/debate/mul@/main.xml
2024-02-07,dail,debate,https://data.oireachtas.ie/akn/ie/debateRecord/dail/2024-02-07/debate/main,https://data.oireachtas.ie/akn/ie/debateRecord/dail/2024-02-07/debate/mul@/main.xml
2024-02-06,dail,debate,https://data.oireachtas.ie/akn/ie/debateRecord/joint_committee_on_environment_and_climate_action/2024-02-06/debate/main,https://data.oireachtas.ie/akn/ie/debateRecord/joint_committee_on_environment_and_climate_action/2024-02-06/debate/mul@/main.xml
2024-02-01,dail,debate,https://data.oireachtas.ie/akn/ie/debateRecord/committee_of_public_accounts/2024-02-01/debate/main,https://data.oireachtas.ie/akn/ie/debateRecord/committee_of_public_accounts/2024-02-01/debate/mul@/main.xml
2024-02-01,dail,debate,https://data.oireachtas.ie/akn/ie/debateRecord/comhchoiste_na_gaeilge_na_gaeltachta_agus_phobal_labhartha_na_gaeilge/2024-02-01/debate/main,https://data.oireachtas.ie/akn/ie/debateRecord/comhchoiste_na_gaeilge_na_gaeltachta_agus_phobal_labhartha_na_gaeilge/2024-02-01/debate/mul@/main.xml
2024-02-01,dail,debate,https://data.oireachtas.ie/akn/ie/debateRecord/select_committee_on_foreign_affairs_and_defence/2024-02-01/debate/main,https://data.oireachtas.ie/akn/ie/debateRecord/select_committee_on_foreign_affairs_and_defence/2024-02-01/debate/mul@/main.xml
2024-02-01,seanad,debate,https://data.oireachtas.ie/akn/ie/debateRecord/seanad/2024-02-01/debate/main,https://data.oireachtas.ie/akn/ie/debateRecord/seanad/2024-02-01/debate/mul@/main.xml
2024-02-01,dail,debate,https://data.oireachtas.ie/akn/ie/debateRecord/joint_committee_on_key_issues_affecting_the_traveller_community_2023/2024-02-01/debate/main,https://data.oireachtas.ie/akn/ie/debateRecord/joint_committee_on_key_issues_affecting_the_traveller_community_2023/2024-02-01/debate/mul@/main.xml
2024-02-01,dail,debate,https://data.oireachtas.ie/akn/ie/debateRecord/joint_committee_on_the_implementation_of_the_good_friday_agreement/2024-02-01/debate/main,https://data.oireachtas.ie/akn/ie/debateRecord/joint_committee_on_the_implementation_of_the_good_friday_agreement/2024-02-01/debate/mul@/main.xml
2024-02-01,dail,debate,https://data.oireachtas.ie/akn/ie/debateRecord/dail/2024-02-01/debate/main,https://data.oireachtas.ie/akn/ie/debateRecord/dail/2024-02-01/debate/mul@/main.xml
2024-01-31,dail,debate,https://data.oireachtas.ie/akn/ie/debateRecord/select_committee_on_agriculture_food_and_the_marine/2024-01-31/debate/main,https://data.oireachtas.ie/akn/ie/debateRecord/select_committee_on_agriculture_food_and_the_marine/2024-01-31/debate/mul@/main.xml
2024-01-31,dail,debate,https://data.oireachtas.ie/akn/ie/debateRecord/select_committee_on_enterprise_trade_and_employment/2024-01-31/debate/main,https://data.oireachtas.ie/akn/ie/debateRecord/select_committee_on_enterprise_trade_and_employment/2024-01-31/debate/mul@/main.xml
2024-01-31,dail,debate,https://data.oireachtas.ie/akn/ie/debateRecord/committee_on_budgetary_oversight/2024-01-31/debate/main,https://data.oireachtas.ie/akn/ie/debateRecord/committee_on_budgetary_oversight/2024-01-31/debate/mul@/main.xml
2024-01-31,dail,debate,https://data.oireachtas.ie/akn/ie/debateRecord/select_committee_on_education_further_and_higher_education_research_innovation_and_science/2024-01-31/debate/main,https://data.oireachtas.ie/akn/ie/debateRecord/select_committee_on_education_further_and_higher_education_research_innovation_and_science/2024-01-31/debate/mul@/main.xml
2024-01-31,dail,debate,https://data.oireachtas.ie/akn/ie/debateRecord/select_committee_on_finance_public_expenditure_and_reform_and_taoiseach/2024-01-31/debate/main,https://data.oireachtas.ie/akn/ie/debateRecord/select_committee_on_finance_public_expenditure_and_reform_and_taoiseach/2024-01-31/debate/mul@/main.xml
2024-01-31,dail,debate,https://data.oireachtas.ie/akn/ie/debateRecord/select_committee_on_health/2024-01-31/debate/main,https://data.oireachtas.ie/akn/ie/debateRecord/select_committee_on_health/2024-01-31/debate/mul@/main.xml
2024-01-31,seanad,debate,https://data.oireachtas.ie/akn/ie/debateRecord/seanad/2024-01-31/debate/main,https://data.oireachtas.ie/akn/ie/debateRecord/seanad/2024-01-31/debate/mul@/main.xml
2024-01-31,dail,debate,https://data.oireachtas.ie/akn/ie/debateRecord/joint_committee_on_social_protection_community_and_rural_development_and_the_islands/2024-01-31/debate/main,https://data.oireachtas.ie/akn/ie/debateRecord/joint_committee_on_social_protection_community_and_rural_development_and_the_islands/2024-01-31/debate/mul@/main.xml
2024-01-31,dail,debate,https://data.oireachtas.ie/akn/ie/debateRecord/dail/2024-01-31/debate/main,https://data.oireachtas.ie/akn/ie/debateRecord/dail/2024-01-31/debate/mul@/main.xml
2024-01-30,dail,debate,https://data.oireachtas.ie/akn/ie/debateRecord/joint_committee_on_assisted_dying/2024-01-30/debate/main,https://data.oireachtas.ie/akn/ie/debateRecord/joint_committee_on_assisted_dying/2024-01-30/debate/mul@/main.xml
2024-01-30,dail,debate,https://data.oireachtas.ie/akn/ie/debateRecord/joint_committee_on_environment_and_climate_action/2024-01-30/debate/main,https://data.oireachtas.ie/akn/ie/debateRecord/joint_committee_on_environment_and_climate_action/2024-01-30/debate/mul@/main.xml
2024-01-30,dail,debate,https://data.oireachtas.ie/akn/ie/debateRecord/select_committee_on_children_equality_disability_integration_and_youth/2024-01-30/debate/main,https://data.oireachtas.ie/akn/ie/debateRecord/select_committee_on_children_equality_disability_integration_and_youth/2024-01-30/debate/mul@/main.xml
2024-01-30,dail,debate,https://data.oireachtas.ie/akn/ie/debateRecord/joint_committee_on_foreign_affairs_and_defence/2024-01-30/debate/main,https://data.oireachtas.ie/akn/ie/debateRecord/joint_committee_on_foreign_affairs_and_defence/2024-01-30/debate/mul@/main.xml
2024-01-30,dail,debate,https://data.oireachtas.ie/akn/ie/debateRecord/joint_committee_on_housing_local_government_and_heritage/2024-01-30/debate/main,https://data.oireachtas.ie/akn/ie/debateRecord/joint_committee_on_housing_local_government_and_heritage/2024-01-30/debate/mul@/main.xml
2024-01-30,dail,debate,https://data.oireachtas.ie/akn/ie/debateRecord/select_committee_on_justice/2024-01-30/debate/main,https://data.oireachtas.ie/akn/ie/debateRecord/select_committee_on_justice/2024-01-30/debate/mul@/main.xml
2024-01-30,dail,debate,https://data.oireachtas.ie/akn/ie/debateRecord/joint_committee_on_agriculture_food_and_the_marine/2024-01-30/debate/main,https://data.oireachtas.ie/akn/ie/debateRecord/joint_committee_on_agriculture_food_and_the_marine/2024-01-30/debate/mul@/main.xml
2024-01-30,seanad,debate,https://data.oireachtas.ie/akn/ie/debateRecord/seanad/2024-01-30/debate/main,https://data.oireachtas.ie/akn/ie/debateRecord/seanad/2024-01-30/debate/mul@/main.xml
2024-01-30,dail,debate,https://data.oireachtas.ie/akn/ie/debateRecord/dail/2024-01-30/debate/main,https://data.oireachtas.ie/akn/ie/debateRecord/dail/2024-01-30/debate/mul@/main.xml
2024-01-25,dail,debate,https://data.oireachtas.ie/akn/ie/debateRecord/committee_of_public_accounts/2024-01-25/debate/main,https://data.oireachtas.ie/akn/ie/debateRecord/committee_of_public_accounts/2024-01-25/debate/mul@/main.xml
2024-01-25,dail,debate,https://data.oireachtas.ie/akn/ie/debateRecord/joint_committee_on_public_petitions_and_the_ombudsmen/2024-01-25/debate/main,https://data.oireachtas.ie/akn/ie/debateRecord/joint_committee_on_public_petitions_and_the_ombudsmen/2024-01-25/debate/mul@/main.xml
2024-01-25,dail,debate,https://data.oireachtas.ie/akn/ie/debateRecord/dail/2024-01-25/debate/main,https://data.oireachtas.ie/akn/ie/debateRecord/dail/2024-01-25/debate/mul@/main.xml
2024-01-24,dail,debate,https://data.oireachtas.ie/akn/ie/debateRecord/joint_committee_on_agriculture_food_and_the_marine/2024-01-24/debate/main,https://data.oireachtas.ie/akn/ie/debateRecord/joint_committee_on_agriculture_food_and_the_marine/2024-01-24/debate/mul@/main.xml
2024-01-24,dail,debate,https://data.oireachtas.ie/akn/ie/debateRecord/joint_committee_on_enterprise_trade_and_employment/2024-01-24/debate/main,https://data.oireachtas.ie/akn/ie/debateRecord/joint_committee_on_enterprise_trade_and_employment/2024-01-24/debate/mul@/main.xml
2024-01-24,dail,debate,https://data.oireachtas.ie/akn/ie/debateRecord/committee_on_budgetary_oversight/2024-01-24/debate/main,https://data.oireachtas.ie/akn/ie/debateRecord/committee_on_budgetary_oversight/2024-01-24/debate/mul@/main.xml
2024-01-24,dail,debate,https://data.oireachtas.ie/akn/ie/debateRecord/joint_committee_on_education_further_and_higher_education_research_innovation_and_science/2024-01-24/debate/main,https://data.oireachtas.ie/akn/ie/debateRecord/joint_committee_on_education_further_and_higher_education_research_innovation_and_science/2024-01-24/debate/mul@/main.xml
2024-01-24,dail,debate,https://data.oireachtas.ie/akn/ie/debateRecord/select_committee_on_finance_public_expenditure_and_reform_and_taoiseach/2024-01-24/debate/main,https://data.oireachtas.ie/akn/ie/debateRecord/select_committee_on_finance_public_expenditure_and_reform_and_taoiseach/2024-01-24/debate/mul@/main.xml
2024-01-24,dail,debate,https://data.oireachtas.ie/akn/ie/debateRecord/select_committee_on_health/2024-01-24/debate/main,https://data.oireachtas.ie/akn/ie/debateRecord/select_committee_on_health/2024-01-24/debate/mul@/main.xml
2024-01-24,dail,debate,https://data.oireachtas.ie/akn/ie/debateRecord/select_committee_on_social_protection_community_and_rural_development_and_the_islands/2024-01-24/debate/main,https://data.oireachtas.ie/akn/ie/debateRecord/select_committee_on_social_protection_community_and_rural_development_and_the_islands/2024-01-24/debate/mul@/main.xml
2024-01-24,dail,debate,https://data.oireachtas.ie/akn/ie/debateRecord/joint_committee_on_transport_and_communications/2024-01-24/debate/main,https://data.oireachtas.ie/akn/ie/debateRecord/joint_committee_on_transport_and_communications/2024-01-24/debate/mul@/main.xml
2024-01-24,dail,debate,https://data.oireachtas.ie/akn/ie/debateRecord/comhchoiste_na_gaeilge_na_gaeltachta_agus_phobal_labhartha_na_gaeilge/2024-01-24/debate/main,https://data.oireachtas.ie/akn/ie/debateRecord/comhchoiste_na_gaeilge_na_gaeltachta_agus_phobal_labhartha_na_gaeilge/2024-01-24/debate/mul@/main.xml
2024-01-24,seanad,debate,https://data.oireachtas.ie/akn/ie/debateRecord/seanad/2024-01-24/debate/main,https://data.oireachtas.ie/akn/ie/debateRecord/seanad/2024-01-24/debate/mul@/main.xml
2024-01-24,dail,debate,https://data.oireachtas.ie/akn/ie/debateRecord/dail/2024-01-24/debate/main,https://data.oireachtas.ie/akn/ie/debateRecord/dail/2024-01-24/debate/mul@/main.xml
2024-01-23,dail,debate,https://data.oireachtas.ie/akn/ie/debateRecord/joint_committee_on_foreign_affairs_and_defence/2024-01-23/debate/main,https://data.oireachtas.ie/akn/ie/debateRecord/joint_committee_on_foreign_affairs_and_defence/2024-01-23/debate/mul@/main.xml
2024-01-23,dail,debate,https://data.oireachtas.ie/akn/ie/debateRecord/joint_committee_on_assisted_dying/2024-01-23/debate/main,https://data.oireachtas.ie/akn/ie/debateRecord/joint_committee_on_assisted_dying/2024-01-23/debate/mul@/main.xml
2024-01-23,dail,debate,https://data.oireachtas.ie/akn/ie/debateRecord/joint_committee_on_environment_and_climate_action/2024-01-23/debate/main,https://data.oireachtas.ie/akn/ie/debateRecord/joint_committee_on_environment_and_climate_action/2024-01-23/debate/mul@/main.xml
2024-01-23,dail,debate,https://data.oireachtas.ie/akn/ie/debateRecord/joint_committee_on_housing_local_government_and_heritage/2024-01-23/debate/main,https://data.oireachtas.ie/akn/ie/debateRecord/joint_committee_on_housing_local_government_and_heritage/2024-01-23/debate/mul@/main.xml
2024-01-23,seanad,debate,https://data.oireachtas.ie/akn/ie/debateRecord/seanad/2024-01-23/debate/main,https://data.oireachtas.ie/akn/ie/debateRecord/seanad/2024-01-23/debate/mul@/main.xml
2024-01-23,dail,debate,https://data.oireachtas.ie/akn/ie/debateRecord/dail/2024-01-23/debate/main,https://data.oireachtas.ie/akn/ie/debateRecord/dail/2024-01-23/debate/mul@/main.xml
2024-01-22,seanad,debate,https://data.oireachtas.ie/akn/ie/debateRecord/seanad/2024-01-22/debate/main,https://data.oireachtas.ie/akn/ie/debateRecord/seanad/2024-01-22/debate/mul@/main.xml
2024-01-18,dail,debate,https://data.oireachtas.ie/akn/ie/debateRecord/committee_of_public_accounts/2024-01-18/debate/main,https://data.oireachtas.ie/akn/ie/debateRecord/committee_of_public_accounts/2024-01-18/debate/mul@/main.xml
2024-01-18,dail,debate,https://data.oireachtas.ie/akn/ie/debateRecord/joint_committee_on_the_implementation_of_the_good_friday_agreement/2024-01-18/debate/main,https://data.oireachtas.ie/akn/ie/debateRecord/joint_committee_on_the_implementation_of_the_good_friday_agreement/2024-01-18/debate/mul@/main.xml
2024-01-18,dail,debate,https://data.oireachtas.ie/akn/ie/debateRecord/dail/2024-01-18/debate/main,https://data.oireachtas.ie/akn/ie/debateRecord/dail/2024-01-18/debate/mul@/main.xml
2024-01-17,dail,debate,https://data.oireachtas.ie/akn/ie/debateRecord/joint_committee_on_agriculture_food_and_the_marine/2024-01-17/debate/main,https://data.oireachtas.ie/akn/ie/debateRecord/joint_committee_on_agriculture_food_and_the_marine/2024-01-17/debate/mul@/main.xml
2024-01-17,dail,debate,https://data.oireachtas.ie/akn/ie/debateRecord/select_committee_on_enterprise_trade_and_employment/2024-01-17/debate/main,https://data.oireachtas.ie/akn/ie/debateRecord/select_committee_on_enterprise_trade_and_employment/2024-01-17/debate/mul@/main.xml
2024-01-17,dail,debate,https://data.oireachtas.ie/akn/ie/debateRecord/committee_on_budgetary_oversight/2024-01-17/debate/main,https://data.oireachtas.ie/akn/ie/debateRecord/committee_on_budgetary_oversight/2024-01-17/debate/mul@/main.xml
2024-01-17,dail,debate,https://data.oireachtas.ie/akn/ie/debateRecord/joint_committee_on_disability_matters/2024-01-17/debate/main,https://data.oireachtas.ie/akn/ie/debateRecord/joint_committee_on_disability_matters/2024-01-17/debate/mul@/main.xml
2024-01-17,dail,debate,https://data.oireachtas.ie/akn/ie/debateRecord/joint_committee_on_european_union_affairs/2024-01-17/debate/main,https://data.oireachtas.ie/akn/ie/debateRecord/joint_committee_on_european_union_affairs/2024-01-17/debate/mul@/main.xml
2024-01-17,dail,debate,https://data.oireachtas.ie/akn/ie/debateRecord/joint_committee_on_finance_public_expenditure_and_reform_and_taoiseach/2024-01-17/debate/main,https://data.oireachtas.ie/akn/ie/debateRecord/joint_committee_on_finance_public_expenditure_and_reform_and_taoiseach/2024-01-17/debate/mul@/main.xml
2024-01-17,dail,debate,https://data.oireachtas.ie/akn/ie/debateRecord/joint_committee_on_health/2024-01-17/debate/main,https://data.oireachtas.ie/akn/ie/debateRecord/joint_committee_on_health/2024-01-17/debate/mul@/main.xml
2024-01-17,dail,debate,https://data.oireachtas.ie/akn/ie/debateRecord/joint_committee_on_social_protection_community_and_rural_development_and_the_islands/2024-01-17/debate/main,https://data.oireachtas.ie/akn/ie/debateRecord/joint_committee_on_social_protection_community_and_rural_development_and_the_islands/2024-01-17/debate/mul@/main.xml
2024-01-17,dail,debate,https://data.oireachtas.ie/akn/ie/debateRecord/joint_committee_on_tourism_culture_arts_sport_and_media/2024-01-17/debate/main,https://data.oireachtas.ie/akn/ie/debateRecord/joint_committee_on_tourism_culture_arts_sport_and_media/2024-01-17/debate/mul@/main.xml
2024-01-17,dail,debate,https://data.oireachtas.ie/akn/ie/debateRecord/dail/2024-01-17/debate/main,https://data.oireachtas.ie/akn/ie/debateRecord/dail/2024-01-17/debate/mul@/main.xml
2024-01-16,dail,debate,https://data.oireachtas.ie/akn/ie/debateRecord/joint_committee_on_assisted_dying/2024-01-16/debate/main,https://data.oireachtas.ie/akn/ie/debateRecord/joint_committee_on_assisted_dying/2024-01-16/debate/mul@/main.xml
